"session_id","latitude","longitude","time","pm2_5","pm10","pm1","rh","f","pm2_5_airquality"
1968077,"6.5751753","3.3954792","2026-07-07 14:36:56","11","12","10","86","84","Good"
1968077,"6.5751753","3.395479","2026-07-07 14:36:57","12","12","11","86","84","Good"
1968077,"6.5751753","3.395479","2026-07-07 14:36:58","12","12","11","86","84","Good"
1968077,"6.5751753","3.395479","2026-07-07 14:36:59","10","11","10","86","85","Good"
1968077,"6.575176","3.3954787","2026-07-07 14:37:00","10","11","10","86","85","Good"
1968077,"6.575175","3.395471","2026-07-07 14:37:01","10","11","10","86","85","Good"
1968077,"6.575175","3.3954697","2026-07-07 14:37:02","10","11","10","86","85","Good"
1968077,"6.575175","3.3954694","2026-07-07 14:37:03","10","11","10","86","85","Good"
1968077,"6.5751753","3.3954697","2026-07-07 14:37:04","10","11","10","86","85","Good"
1968077,"6.5751753","3.3954697","2026-07-07 14:37:05","10","11","10","86","85","Good"
1968077,"6.5751724","3.3954651","2026-07-07 14:37:06","10","11","10","86","85","Good"
1968077,"6.575172","3.395464","2026-07-07 14:37:07","10","11","10","86","85","Good"
1968077,"6.5751724","3.395464","2026-07-07 14:37:08","12","12","11","86","85","Good"
1968077,"6.5751724","3.395464","2026-07-07 14:37:09","12","12","11","86","85","Good"
1968077,"6.575173","3.3954642","2026-07-07 14:37:10","12","12","11","85","85","Good"
1968077,"6.575173","3.3954644","2026-07-07 14:37:11","12","12","11","85","85","Good"
1968077,"6.575173","3.3954623","2026-07-07 14:37:12","12","12","11","85","85","Good"
1968077,"6.5751724","3.3954625","2026-07-07 14:37:13","12","12","11","85","85","Good"
1968077,"6.5751724","3.3954632","2026-07-07 14:37:14","10","11","10","85","85","Good"
1968077,"6.575174","3.395467","2026-07-07 14:37:15","9","10","8","85","85","Good"
1968077,"6.575175","3.3954704","2026-07-07 14:37:16","9","10","8","85","85","Good"
1968077,"6.5751762","3.3954742","2026-07-07 14:37:17","9","10","8","85","85","Good"
1968077,"6.5751777","3.395476","2026-07-07 14:37:18","9","10","8","85","85","Good"
1968077,"6.575178","3.3954778","2026-07-07 14:37:19","9","10","8","85","85","Good"
1968077,"6.575179","3.3954792","2026-07-07 14:37:20","10","11","10","85","85","Good"
1968077,"6.5751796","3.3954804","2026-07-07 14:37:21","10","11","10","85","85","Good"
1968077,"6.5751805","3.3954818","2026-07-07 14:37:22","10","11","10","85","85","Good"
1968077,"6.575181","3.3954833","2026-07-07 14:37:23","10","11","10","85","85","Good"
1968077,"6.5751815","3.3954844","2026-07-07 14:37:24","10","11","10","85","85","Good"
1968077,"6.5751824","3.3954854","2026-07-07 14:37:25","10","11","10","85","85","Good"
1968077,"6.575185","3.395491","2026-07-07 14:37:26","10","11","10","85","85","Good"
1968077,"6.5751867","3.3954947","2026-07-07 14:37:27","10","11","10","85","85","Good"
1968077,"6.575185","3.395491","2026-07-07 14:37:28","10","11","10","85","85","Good"
1968077,"6.575185","3.395491","2026-07-07 14:37:29","12","12","11","85","85","Good"
1968077,"6.5751853","3.3954914","2026-07-07 14:37:30","12","12","11","85","85","Good"
1968077,"6.575186","3.3954918","2026-07-07 14:37:31","12","12","11","85","85","Good"
1968077,"6.575186","3.3954923","2026-07-07 14:37:32","12","12","11","85","85","Good"
1968077,"6.5751834","3.3954854","2026-07-07 14:37:33","12","12","11","85","85","Good"
1968077,"6.5751834","3.3954847","2026-07-07 14:37:34","12","12","11","85","85","Good"
1968077,"6.5751834","3.3954854","2026-07-07 14:37:35","12","12","11","85","85","Good"
1968077,"6.575184","3.3954859","2026-07-07 14:37:36","13","13","12","85","85","Moderate"
1968077,"6.575184","3.3954866","2026-07-07 14:37:37","13","13","12","84","85","Moderate"
1968077,"6.5751843","3.395487","2026-07-07 14:37:38","13","13","12","84","85","Moderate"
1968077,"6.575184","3.3954835","2026-07-07 14:37:39","13","13","12","84","85","Moderate"
1968077,"6.575184","3.3954835","2026-07-07 14:37:40","13","13","12","84","85","Moderate"
1968077,"6.5751843","3.3954837","2026-07-07 14:37:41","12","12","11","84","85","Good"
1968077,"6.5751843","3.3954842","2026-07-07 14:37:42","12","12","11","84","85","Good"
1968077,"6.575185","3.395485","2026-07-07 14:37:43","12","12","11","84","85","Good"
1968077,"6.575185","3.3954854","2026-07-07 14:37:44","10","11","10","84","85","Good"
1968077,"6.575185","3.395486","2026-07-07 14:37:45","10","11","10","84","85","Good"
1968077,"6.575185","3.3954866","2026-07-07 14:37:46","10","11","10","84","85","Good"
1968077,"6.575185","3.395487","2026-07-07 14:37:47","10","11","10","84","85","Good"
1968077,"6.5751853","3.3954875","2026-07-07 14:37:48","10","11","10","84","85","Good"
1968077,"6.575185","3.395488","2026-07-07 14:37:49","10","11","10","84","85","Good"
1968077,"6.5751853","3.3954885","2026-07-07 14:37:50","9","10","8","84","85","Good"
1968077,"6.5751853","3.3954892","2026-07-07 14:37:51","9","10","8","85","85","Good"
1968077,"6.5751853","3.3954895","2026-07-07 14:37:52","11","11","10","85","85","Good"
1968077,"6.575186","3.395492","2026-07-07 14:37:53","12","12","11","85","85","Good"
1968077,"6.5751863","3.3954937","2026-07-07 14:37:54","12","12","11","84","85","Good"
1968077,"6.5751867","3.3954952","2026-07-07 14:37:55","9","10","8","84","85","Good"
1968077,"6.5751867","3.395496","2026-07-07 14:37:56","9","10","8","84","85","Good"
1968077,"6.5751867","3.3954966","2026-07-07 14:37:57","10","11","10","84","85","Good"
1968077,"6.5751867","3.395497","2026-07-07 14:37:58","10","11","10","84","85","Good"
1968077,"6.5751867","3.3954973","2026-07-07 14:37:59","12","12","11","84","85","Good"
1968077,"6.5751867","3.3954978","2026-07-07 14:38:00","13","13","12","84","85","Moderate"
1968077,"6.5751867","3.3954978","2026-07-07 14:38:01","13","13","12","84","86","Moderate"
1968077,"6.5751867","3.395498","2026-07-07 14:38:02","13","13","12","84","86","Moderate"
1968077,"6.5751863","3.3954985","2026-07-07 14:38:03","13","13","12","84","86","Moderate"
1968077,"6.5751863","3.3954988","2026-07-07 14:38:04","12","12","11","84","86","Good"
1968077,"6.5751863","3.395499","2026-07-07 14:38:05","12","12","11","84","86","Good"
1968077,"6.5751853","3.3954973","2026-07-07 14:38:06","12","12","11","84","86","Good"
1968077,"6.5751853","3.395497","2026-07-07 14:38:07","12","13","11","84","86","Good"
1968077,"6.5751853","3.395497","2026-07-07 14:38:08","13","13","12","84","86","Moderate"
1968077,"6.5751853","3.3954973","2026-07-07 14:38:09","13","13","12","84","86","Moderate"
1968077,"6.5751853","3.3954973","2026-07-07 14:38:10","12","12","11","84","86","Good"
1968077,"6.5751853","3.3954976","2026-07-07 14:38:11","12","12","11","84","86","Good"
1968077,"6.5751853","3.3954978","2026-07-07 14:38:12","12","12","11","84","86","Good"
1968077,"6.5751853","3.3954978","2026-07-07 14:38:13","12","12","11","84","86","Good"
1968077,"6.5751853","3.395498","2026-07-07 14:38:14","11","11","10","84","86","Good"
1968077,"6.5751853","3.395498","2026-07-07 14:38:15","10","11","10","84","86","Good"
1968077,"6.575186","3.3954983","2026-07-07 14:38:16","12","12","11","84","86","Good"
1968077,"6.575186","3.3954985","2026-07-07 14:38:17","12","12","11","84","86","Good"
1968077,"6.575186","3.3954985","2026-07-07 14:38:18","12","12","11","84","86","Good"
1968077,"6.575186","3.3954985","2026-07-07 14:38:19","10","11","10","84","86","Good"
1968077,"6.575186","3.395499","2026-07-07 14:38:20","10","11","10","84","86","Good"
1968077,"6.5751853","3.3954992","2026-07-07 14:38:21","10","11","10","84","86","Good"
1968077,"6.5751853","3.3954997","2026-07-07 14:38:22","11","11","10","84","86","Good"
1968077,"6.5751853","3.3955002","2026-07-07 14:38:23","12","12","11","84","86","Good"
1968077,"6.5751853","3.3955002","2026-07-07 14:38:24","12","12","11","84","86","Good"
1968077,"6.5751853","3.3955002","2026-07-07 14:38:25","9","10","8","84","86","Good"
1968077,"6.575185","3.3955002","2026-07-07 14:38:26","9","10","8","84","86","Good"
1968077,"6.575185","3.3955002","2026-07-07 14:38:27","9","10","8","84","86","Good"
1968077,"6.5751824","3.3954966","2026-07-07 14:38:28","9","10","8","84","86","Good"
1968077,"6.575182","3.3954957","2026-07-07 14:38:29","9","10","8","84","86","Good"
1968077,"6.575182","3.3954954","2026-07-07 14:38:30","10","11","10","84","86","Good"
1968077,"6.575182","3.3954957","2026-07-07 14:38:31","12","12","11","84","86","Good"
1968077,"6.5751824","3.395496","2026-07-07 14:38:32","10","11","10","84","86","Good"
1968077,"6.5751824","3.3954961","2026-07-07 14:38:33","10","11","10","84","86","Good"
1968077,"6.575183","3.3954966","2026-07-07 14:38:34","9","10","8","84","86","Good"
1968077,"6.575183","3.3954966","2026-07-07 14:38:35","9","10","8","83","86","Good"
1968077,"6.575183","3.3954968","2026-07-07 14:38:36","9","10","8","83","86","Good"
1968077,"6.575183","3.395497","2026-07-07 14:38:37","9","10","8","83","86","Good"
1968077,"6.575183","3.3954976","2026-07-07 14:38:38","9","10","8","83","86","Good"
1968077,"6.575183","3.3954978","2026-07-07 14:38:39","9","10","8","83","86","Good"
1968077,"6.575183","3.3954978","2026-07-07 14:38:40","8","8","7","83","86","Good"
1968077,"6.575183","3.3954983","2026-07-07 14:38:41","9","10","8","83","86","Good"
1968077,"6.575183","3.3954985","2026-07-07 14:38:42","9","10","8","83","86","Good"
1968077,"6.575183","3.3954988","2026-07-07 14:38:43","10","11","10","83","86","Good"
1968077,"6.5751834","3.395499","2026-07-07 14:38:44","12","12","11","83","86","Good"
1968077,"6.5751834","3.3954992","2026-07-07 14:38:45","12","12","11","83","86","Good"
1968077,"6.575185","3.3955002","2026-07-07 14:38:51","12","12","11","83","86","Good"
1968077,"6.5751853","3.3955023","2026-07-07 14:38:52","12","12","11","83","86","Good"
1968077,"6.575186","3.3955023","2026-07-07 14:38:53","12","12","11","83","86","Good"
1968077,"6.575186","3.3955023","2026-07-07 14:38:54","12","12","11","83","86","Good"
1968077,"6.5751853","3.395502","2026-07-07 14:38:55","12","12","11","83","86","Good"
1968077,"6.5751853","3.395502","2026-07-07 14:38:56","12","12","11","83","86","Good"
1968077,"6.5751853","3.395502","2026-07-07 14:38:57","12","12","11","83","86","Good"
1968077,"6.5751853","3.395502","2026-07-07 14:38:58","10","11","10","83","86","Good"
1968077,"6.5751853","3.395503","2026-07-07 14:38:59","9","10","8","83","86","Good"
1968077,"6.5751853","3.3955033","2026-07-07 14:39:00","9","10","8","83","86","Good"
1968077,"6.5751853","3.3955033","2026-07-07 14:39:01","10","11","10","83","86","Good"
1968077,"6.5751853","3.3955033","2026-07-07 14:39:02","12","12","11","83","86","Good"
1968077,"6.5751853","3.3955033","2026-07-07 14:39:03","12","12","11","83","86","Good"
1968077,"6.5751853","3.3955033","2026-07-07 14:39:04","10","11","10","83","87","Good"
1968077,"6.5751853","3.3955033","2026-07-07 14:39:05","10","11","10","83","86","Good"
1968077,"6.5751853","3.3955033","2026-07-07 14:39:06","10","11","10","83","87","Good"
1968077,"6.575185","3.3955028","2026-07-07 14:39:07","12","12","11","83","87","Good"
1968077,"6.575185","3.3955028","2026-07-07 14:39:08","12","12","11","83","87","Good"
1968077,"6.575185","3.3955028","2026-07-07 14:39:09","11","11","10","83","87","Good"
1968077,"6.575185","3.3955028","2026-07-07 14:39:10","10","11","10","83","87","Good"
1968077,"6.575185","3.3955028","2026-07-07 14:39:11","9","10","8","83","87","Good"
1968077,"6.5751843","3.3955026","2026-07-07 14:39:12","9","10","8","83","87","Good"
1968077,"6.5751843","3.3955026","2026-07-07 14:39:13","10","11","10","82","87","Good"
1968077,"6.5751843","3.3955026","2026-07-07 14:39:14","10","11","10","82","87","Good"
1968077,"6.5751843","3.3955026","2026-07-07 14:39:15","10","11","10","82","87","Good"
1968077,"6.5751843","3.3955028","2026-07-07 14:39:16","11","11","10","82","87","Good"
1968077,"6.5751843","3.3955028","2026-07-07 14:39:17","12","12","11","82","87","Good"
1968077,"6.575184","3.395502","2026-07-07 14:39:18","12","12","11","82","87","Good"
1968077,"6.575184","3.395502","2026-07-07 14:39:19","10","11","10","82","87","Good"
1968077,"6.575184","3.395502","2026-07-07 14:39:20","9","10","8","82","87","Good"
1968077,"6.575184","3.395502","2026-07-07 14:39:21","9","10","8","82","87","Good"
1968077,"6.575184","3.395502","2026-07-07 14:39:22","12","12","11","82","87","Good"
1968077,"6.575184","3.3955023","2026-07-07 14:39:23","12","12","11","82","87","Good"
1968077,"6.5751843","3.3955026","2026-07-07 14:39:24","11","11","10","82","87","Good"
1968077,"6.5751843","3.3955026","2026-07-07 14:39:25","10","11","10","82","87","Good"
1968077,"6.5751843","3.3955026","2026-07-07 14:39:26","10","11","10","82","87","Good"
1968077,"6.5751843","3.3955026","2026-07-07 14:39:27","10","11","10","82","87","Good"
1968077,"6.5751843","3.3955028","2026-07-07 14:39:28","10","11","10","82","87","Good"
1968077,"6.575185","3.395503","2026-07-07 14:39:29","10","11","10","82","87","Good"
1968077,"6.575185","3.3955033","2026-07-07 14:39:30","10","11","10","82","87","Good"
1968077,"6.575185","3.3955033","2026-07-07 14:39:31","9","10","8","82","87","Good"
1968077,"6.575185","3.3955033","2026-07-07 14:39:32","9","10","8","82","87","Good"
1968077,"6.575185","3.3955033","2026-07-07 14:39:33","8","8","7","82","87","Good"
1968077,"6.575185","3.395503","2026-07-07 14:39:34","9","10","8","82","87","Good"
1968077,"6.575185","3.3955028","2026-07-07 14:39:35","9","10","8","82","87","Good"
1968077,"6.575185","3.3955028","2026-07-07 14:39:36","9","10","8","82","87","Good"
1968077,"6.575185","3.3955028","2026-07-07 14:39:37","8","8","7","82","87","Good"
1968077,"6.575185","3.3955028","2026-07-07 14:39:38","8","8","7","82","87","Good"
1968077,"6.575185","3.3955028","2026-07-07 14:39:39","8","8","7","82","87","Good"
1968077,"6.5751843","3.3955023","2026-07-07 14:39:40","10","11","10","82","87","Good"
1968077,"6.5751843","3.395502","2026-07-07 14:39:41","11","11","10","82","87","Good"
1968077,"6.5751843","3.395502","2026-07-07 14:39:42","12","12","11","82","87","Good"
1968077,"6.5751843","3.395502","2026-07-07 14:39:43","10","11","10","82","87","Good"
1968077,"6.5751843","3.395502","2026-07-07 14:39:44","10","11","10","82","87","Good"
1968077,"6.5751843","3.395502","2026-07-07 14:39:45","10","11","10","82","87","Good"
1968077,"6.5751843","3.395502","2026-07-07 14:39:46","9","10","8","82","87","Good"
1968077,"6.5751843","3.3955023","2026-07-07 14:39:47","10","11","10","82","87","Good"
1968077,"6.5751843","3.3955023","2026-07-07 14:39:48","10","11","10","82","87","Good"
1968077,"6.5751843","3.3955023","2026-07-07 14:39:49","10","11","10","82","87","Good"
1968077,"6.5751843","3.3955023","2026-07-07 14:39:50","12","12","11","82","87","Good"
1968077,"6.5751843","3.3955023","2026-07-07 14:39:51","12","12","11","82","87","Good"
1968077,"6.5751843","3.3955023","2026-07-07 14:39:52","13","13","12","82","87","Moderate"
1968077,"6.5751843","3.3955023","2026-07-07 14:39:53","13","13","12","82","87","Moderate"
1968077,"6.5751843","3.3955026","2026-07-07 14:39:54","13","13","12","82","87","Moderate"
1968077,"6.575185","3.3955026","2026-07-07 14:39:55","14","14","13","82","87","Moderate"
1968077,"6.575185","3.3955026","2026-07-07 14:39:56","14","14","13","82","87","Moderate"
1968077,"6.575185","3.3955026","2026-07-07 14:39:57","12","12","11","82","87","Good"
1968077,"6.575185","3.3955026","2026-07-07 14:39:58","12","12","11","82","87","Good"
1968077,"6.575185","3.3955028","2026-07-07 14:39:59","12","12","11","81","87","Good"
1968077,"6.575185","3.3955028","2026-07-07 14:40:00","12","12","11","81","87","Good"
1968077,"6.575185","3.3955028","2026-07-07 14:40:01","12","12","11","81","87","Good"
1968077,"6.575185","3.3955028","2026-07-07 14:40:02","12","12","11","81","87","Good"
1968077,"6.575185","3.3955028","2026-07-07 14:40:03","12","13","11","81","87","Good"
1968077,"6.575185","3.3955028","2026-07-07 14:40:04","10","11","10","81","87","Good"
1968077,"6.575185","3.3955028","2026-07-07 14:40:05","10","11","10","81","87","Good"
1968077,"6.575185","3.3955028","2026-07-07 14:40:06","10","11","10","81","87","Good"
1968077,"6.575185","3.3955028","2026-07-07 14:40:07","10","11","10","81","87","Good"
1968077,"6.575185","3.3955028","2026-07-07 14:40:08","9","10","8","81","87","Good"
1968077,"6.575185","3.3955028","2026-07-07 14:40:09","9","10","8","81","87","Good"
1968077,"6.575185","3.3955028","2026-07-07 14:40:10","10","11","10","81","87","Good"
1968077,"6.575185","3.3955028","2026-07-07 14:40:11","10","11","10","81","87","Good"
1968077,"6.575185","3.3955028","2026-07-07 14:40:12","9","10","8","81","87","Good"
1968077,"6.575185","3.3955028","2026-07-07 14:40:13","9","10","8","81","87","Good"
1968077,"6.575185","3.3955028","2026-07-07 14:40:14","9","10","8","81","87","Good"
1968077,"6.575185","3.395503","2026-07-07 14:40:15","9","10","8","81","87","Good"
1968077,"6.575185","3.395503","2026-07-07 14:40:16","10","11","10","81","87","Good"
1968077,"6.575185","3.395503","2026-07-07 14:40:17","10","11","10","81","88","Good"
1968077,"6.575185","3.395503","2026-07-07 14:40:18","10","10","9","81","87","Good"
1968077,"6.575185","3.3955026","2026-07-07 14:40:19","9","10","8","81","88","Good"
1968077,"6.575185","3.3955023","2026-07-07 14:40:20","9","10","8","81","88","Good"
1968077,"6.575185","3.3955023","2026-07-07 14:40:21","9","10","8","81","88","Good"
1968077,"6.575185","3.3955023","2026-07-07 14:40:22","9","10","8","81","88","Good"
1968077,"6.575185","3.3955023","2026-07-07 14:40:23","9","10","8","81","88","Good"
1968077,"6.575185","3.3955023","2026-07-07 14:40:24","9","10","8","81","88","Good"
1968077,"6.575185","3.395502","2026-07-07 14:40:25","9","10","8","81","88","Good"
1968077,"6.575185","3.395502","2026-07-07 14:40:26","9","10","8","81","88","Good"
1968077,"6.575185","3.395502","2026-07-07 14:40:27","10","11","10","81","88","Good"
1968077,"6.575185","3.395502","2026-07-07 14:40:28","10","11","10","82","88","Good"
1968077,"6.575185","3.395502","2026-07-07 14:40:29","10","11","10","82","88","Good"
1968077,"6.5751843","3.395502","2026-07-07 14:40:30","10","11","10","82","88","Good"
1968077,"6.5751843","3.395502","2026-07-07 14:40:31","12","12","11","82","88","Good"
1968077,"6.5751843","3.395502","2026-07-07 14:40:32","12","12","11","82","88","Good"
1968077,"6.5751843","3.395502","2026-07-07 14:40:33","10","11","10","82","88","Good"
1968077,"6.5751843","3.395502","2026-07-07 14:40:34","10","11","10","82","88","Good"
1968077,"6.5751843","3.395502","2026-07-07 14:40:35","10","11","10","82","88","Good"
1968077,"6.575184","3.3955016","2026-07-07 14:40:36","10","11","10","82","88","Good"
1968077,"6.575184","3.3955016","2026-07-07 14:40:37","10","11","10","83","88","Good"
1968077,"6.575184","3.3955016","2026-07-07 14:40:38","13","13","12","83","88","Moderate"
1968077,"6.575184","3.3955016","2026-07-07 14:40:39","12","13","11","83","88","Good"
1968077,"6.575184","3.3955016","2026-07-07 14:40:40","12","12","11","83","88","Good"
1968077,"6.575184","3.3955014","2026-07-07 14:40:41","12","12","11","83","88","Good"
1968077,"6.575184","3.3955011","2026-07-07 14:40:42","12","12","11","83","88","Good"
1968077,"6.575184","3.3955011","2026-07-07 14:40:43","12","12","11","83","88","Good"
1968077,"6.575184","3.3955011","2026-07-07 14:40:44","12","12","11","83","88","Good"
1968077,"6.575184","3.3955011","2026-07-07 14:40:45","12","12","11","83","88","Good"
1968077,"6.575184","3.3955011","2026-07-07 14:40:46","12","12","11","83","88","Good"
1968077,"6.5751834","3.395501","2026-07-07 14:40:47","12","12","11","83","88","Good"
1968077,"6.5751834","3.3955007","2026-07-07 14:40:48","12","12","11","83","88","Good"
1968077,"6.5751834","3.3955007","2026-07-07 14:40:49","12","12","11","83","88","Good"
1968077,"6.5751834","3.3955007","2026-07-07 14:40:50","12","12","11","82","88","Good"
1968077,"6.5751834","3.3955007","2026-07-07 14:40:51","12","12","11","82","88","Good"
1968077,"6.5751834","3.3955007","2026-07-07 14:40:52","12","12","11","82","88","Good"
1968077,"6.575183","3.3954983","2026-07-07 14:40:53","12","12","11","82","88","Good"
1968077,"6.5751853","3.3954997","2026-07-07 14:40:54","12","12","11","82","88","Good"
1968077,"6.5751877","3.395501","2026-07-07 14:40:55","10","11","10","81","88","Good"
1968077,"6.575187","3.3955007","2026-07-07 14:40:56","10","11","10","81","88","Good"
1968077,"6.5751896","3.3955007","2026-07-07 14:40:57","12","12","11","81","88","Good"
1968077,"6.575194","3.3954985","2026-07-07 14:40:58","12","12","11","81","88","Good"
1968077,"6.575195","3.395499","2026-07-07 14:40:59","12","12","11","81","88","Good"
1968077,"6.575197","3.3954997","2026-07-07 14:41:00","10","11","10","81","88","Good"
1968077,"6.575198","3.395501","2026-07-07 14:41:01","10","11","10","81","88","Good"
1968077,"6.5752006","3.3955002","2026-07-07 14:41:02","10","11","10","81","88","Good"
1968077,"6.5752","3.3955004","2026-07-07 14:41:03","10","11","10","81","88","Good"
1968077,"6.5752006","3.3955011","2026-07-07 14:41:04","10","11","10","80","88","Good"
1968077,"6.5752","3.3955014","2026-07-07 14:41:05","10","11","10","80","88","Good"
1968077,"6.5752","3.3955016","2026-07-07 14:41:06","12","12","11","80","88","Good"
1968077,"6.5752006","3.3955016","2026-07-07 14:41:07","12","12","11","80","88","Good"
1968077,"6.5752006","3.3955016","2026-07-07 14:41:08","12","12","11","80","88","Good"
1968077,"6.5752","3.3955011","2026-07-07 14:41:09","11","11","10","80","88","Good"
1968077,"6.5752","3.3955011","2026-07-07 14:41:10","10","11","10","80","88","Good"
1968077,"6.5752","3.3955011","2026-07-07 14:41:11","10","11","10","80","88","Good"
1968077,"6.5752","3.3955011","2026-07-07 14:41:12","12","12","11","80","88","Good"
1968077,"6.5752","3.3955011","2026-07-07 14:41:13","12","12","11","80","88","Good"
1968077,"6.5752","3.395501","2026-07-07 14:41:14","12","12","11","80","88","Good"
1968077,"6.5752","3.395501","2026-07-07 14:41:15","12","12","11","80","88","Good"
1968077,"6.5752","3.395501","2026-07-07 14:41:16","11","11","10","80","88","Good"
1968077,"6.5752","3.395501","2026-07-07 14:41:17","10","11","10","80","88","Good"
1968077,"6.5752","3.395501","2026-07-07 14:41:18","12","12","11","80","88","Good"
1968077,"6.5751996","3.3955004","2026-07-07 14:41:19","12","12","11","80","88","Good"
1968077,"6.5751996","3.3955004","2026-07-07 14:41:20","12","12","11","80","88","Good"
1968077,"6.5751996","3.3955004","2026-07-07 14:41:21","12","12","11","80","88","Good"
1968077,"6.5751996","3.3955004","2026-07-07 14:41:22","12","12","11","79","88","Good"
1968077,"6.5751996","3.3955004","2026-07-07 14:41:23","12","12","11","79","88","Good"
1968077,"6.5751996","3.3955004","2026-07-07 14:41:24","12","12","11","79","88","Good"
1968077,"6.575199","3.3955002","2026-07-07 14:41:25","12","12","11","79","88","Good"
1968077,"6.575199","3.3955002","2026-07-07 14:41:26","12","12","11","79","88","Good"
1968077,"6.575199","3.3955","2026-07-07 14:41:27","10","11","10","79","88","Good"
1968077,"6.575199","3.3955","2026-07-07 14:41:28","10","11","10","79","88","Good"
1968077,"6.575199","3.3955","2026-07-07 14:41:29","10","11","10","79","88","Good"
1968077,"6.575199","3.3955","2026-07-07 14:41:30","10","11","10","79","88","Good"
1968077,"6.5751987","3.3954997","2026-07-07 14:41:31","10","11","10","79","88","Good"
1968077,"6.575198","3.3954997","2026-07-07 14:41:32","10","11","10","79","88","Good"
1968077,"6.575198","3.3954997","2026-07-07 14:41:33","12","12","11","79","88","Good"
1968077,"6.575198","3.3954997","2026-07-07 14:41:34","12","12","11","79","88","Good"
1968077,"6.575198","3.3954997","2026-07-07 14:41:35","12","12","11","79","88","Good"
1968077,"6.575198","3.3954995","2026-07-07 14:41:36","10","11","10","79","89","Good"
1968077,"6.575198","3.3954995","2026-07-07 14:41:37","10","11","10","79","89","Good"
1968077,"6.5751977","3.3954995","2026-07-07 14:41:38","10","10","9","79","89","Good"
1968077,"6.5751977","3.3954995","2026-07-07 14:41:39","8","8","7","79","89","Good"
1968077,"6.575197","3.3954997","2026-07-07 14:41:40","8","8","7","79","89","Good"
1968077,"6.575197","3.3954997","2026-07-07 14:41:41","8","8","7","79","89","Good"
1968077,"6.575197","3.3954992","2026-07-07 14:41:42","8","8","7","79","89","Good"
1968077,"6.575197","3.395499","2026-07-07 14:41:43","9","10","8","79","89","Good"
1968077,"6.575197","3.395499","2026-07-07 14:41:44","9","10","8","79","89","Good"
1968077,"6.575197","3.395499","2026-07-07 14:41:45","9","10","8","79","89","Good"
1968077,"6.575197","3.395499","2026-07-07 14:41:46","9","10","8","79","89","Good"
1968077,"6.575197","3.395499","2026-07-07 14:41:47","9","10","8","79","89","Good"
1968077,"6.575197","3.395499","2026-07-07 14:41:48","9","10","8","79","89","Good"
1968077,"6.575197","3.395499","2026-07-07 14:41:49","9","10","8","79","89","Good"
1968077,"6.575197","3.3954988","2026-07-07 14:41:50","9","10","8","79","89","Good"
1968077,"6.575197","3.3954988","2026-07-07 14:41:51","9","10","8","79","89","Good"
1968077,"6.575197","3.3954988","2026-07-07 14:41:52","10","11","10","79","89","Good"
1968077,"6.575197","3.3954985","2026-07-07 14:41:53","12","12","11","80","89","Good"
1968077,"6.5751967","3.395498","2026-07-07 14:41:54","12","12","11","80","89","Good"
1968077,"6.5751967","3.395498","2026-07-07 14:41:55","12","12","11","80","89","Good"
1968077,"6.5751967","3.3954978","2026-07-07 14:41:56","12","12","11","80","89","Good"
1968077,"6.5751967","3.3954976","2026-07-07 14:41:57","12","12","11","80","89","Good"
1968077,"6.575197","3.3954976","2026-07-07 14:41:58","12","12","11","80","89","Good"
1968077,"6.5751967","3.3954973","2026-07-07 14:41:59","11","11","10","79","89","Good"
1968077,"6.5751967","3.3954973","2026-07-07 14:42:00","10","11","10","79","89","Good"
1968077,"6.5751967","3.3954973","2026-07-07 14:42:01","10","11","10","79","89","Good"
1968077,"6.575197","3.3954973","2026-07-07 14:42:02","9","10","8","79","89","Good"
1968077,"6.575197","3.3954973","2026-07-07 14:42:03","10","11","10","79","89","Good"
1968077,"6.575197","3.395497","2026-07-07 14:42:04","10","11","10","79","89","Good"
1968077,"6.575197","3.3954968","2026-07-07 14:42:05","10","11","10","79","89","Good"
1968077,"6.575197","3.3954968","2026-07-07 14:42:06","10","11","10","79","89","Good"
1968077,"6.575197","3.3954968","2026-07-07 14:42:07","10","11","10","79","89","Good"
1968077,"6.575197","3.3954968","2026-07-07 14:42:08","10","11","10","79","89","Good"
1968077,"6.575197","3.3954968","2026-07-07 14:42:09","9","10","8","79","89","Good"
1968077,"6.575197","3.3954966","2026-07-07 14:42:10","9","10","8","78","89","Good"
1968077,"6.575197","3.3954964","2026-07-07 14:42:11","9","10","8","78","89","Good"
1968077,"6.5751967","3.3954964","2026-07-07 14:42:12","9","10","8","78","89","Good"
1968077,"6.5751967","3.3954964","2026-07-07 14:42:13","9","10","8","78","89","Good"
1968077,"6.5751967","3.3954964","2026-07-07 14:42:14","10","10","9","78","89","Good"
1968077,"6.5751967","3.3954961","2026-07-07 14:42:15","10","11","10","78","89","Good"
1968077,"6.5751967","3.395496","2026-07-07 14:42:16","10","11","10","78","89","Good"
1968077,"6.5751967","3.395496","2026-07-07 14:42:17","10","11","10","78","89","Good"
1968077,"6.575197","3.395496","2026-07-07 14:42:18","10","11","10","78","89","Good"
1968077,"6.575197","3.395496","2026-07-07 14:42:19","10","11","10","79","89","Good"
1968077,"6.575197","3.395496","2026-07-07 14:42:20","9","10","8","79","89","Good"
1968077,"6.575197","3.395496","2026-07-07 14:42:21","10","10","9","79","89","Good"
1968077,"6.575197","3.395496","2026-07-07 14:42:22","10","11","10","79","89","Good"
1968077,"6.575197","3.395496","2026-07-07 14:42:23","10","11","10","79","89","Good"
1968077,"6.575197","3.395496","2026-07-07 14:42:24","10","11","10","79","89","Good"
1968077,"6.575197","3.395496","2026-07-07 14:42:25","10","11","10","79","89","Good"
1968077,"6.575197","3.3954957","2026-07-07 14:42:26","10","11","10","79","89","Good"
1968077,"6.575197","3.3954954","2026-07-07 14:42:27","10","11","10","79","89","Good"
1968077,"6.575197","3.3954954","2026-07-07 14:42:28","10","11","10","79","89","Good"
1968077,"6.575197","3.3954954","2026-07-07 14:42:29","10","10","9","79","89","Good"
1968077,"6.5752","3.3955014","2026-07-07 14:42:30","10","11","10","79","89","Good"
1968077,"6.575202","3.3955047","2026-07-07 14:42:31","9","10","8","79","89","Good"
1968077,"6.5752034","3.3955061","2026-07-07 14:42:32","10","11","10","79","89","Good"
1968077,"6.575205","3.3955057","2026-07-07 14:42:33","10","11","10","79","89","Good"
1968077,"6.5752068","3.395505","2026-07-07 14:42:34","10","11","10","79","89","Good"
1968077,"6.5752087","3.3955045","2026-07-07 14:42:35","10","11","10","79","89","Good"
1968077,"6.57521","3.3955054","2026-07-07 14:42:36","10","11","10","79","89","Good"
1968077,"6.57521","3.3955061","2026-07-07 14:42:37","9","10","8","79","89","Good"
1968077,"6.57521","3.3955052","2026-07-07 14:42:38","9","10","8","79","89","Good"
1968077,"6.57521","3.395506","2026-07-07 14:42:39","12","12","11","79","89","Good"
1968077,"6.57521","3.3955054","2026-07-07 14:42:40","12","12","11","79","89","Good"
1968077,"6.575209","3.3955064","2026-07-07 14:42:41","10","11","10","79","89","Good"
1968077,"6.575209","3.3955066","2026-07-07 14:42:42","10","11","10","79","89","Good"
1968077,"6.5752096","3.3955057","2026-07-07 14:42:43","12","12","11","79","89","Good"
1968077,"6.5752096","3.3955052","2026-07-07 14:42:44","12","12","11","79","89","Good"
1968077,"6.5752096","3.3955052","2026-07-07 14:42:45","10","11","10","79","89","Good"
1968077,"6.5752096","3.3955052","2026-07-07 14:42:46","10","10","9","79","89","Good"
1968077,"6.5752096","3.3955052","2026-07-07 14:42:47","9","10","8","79","89","Good"
1968077,"6.5752096","3.3955052","2026-07-07 14:42:48","10","11","10","79","89","Good"
1968077,"6.575211","3.3955085","2026-07-07 14:42:49","10","11","10","79","89","Good"
1968077,"6.5752125","3.395509","2026-07-07 14:42:50","12","12","11","79","89","Good"
1968077,"6.575214","3.3955085","2026-07-07 14:42:51","12","12","11","79","89","Good"
1968077,"6.575214","3.395507","2026-07-07 14:42:52","12","12","11","79","90","Good"
1968077,"6.5752134","3.3955069","2026-07-07 14:42:53","12","12","11","79","90","Good"
1968077,"6.575214","3.395506","2026-07-07 14:42:54","9","10","8","79","90","Good"
1968077,"6.5752134","3.3955047","2026-07-07 14:42:55","9","10","8","79","90","Good"
1968077,"6.5752134","3.3955054","2026-07-07 14:42:56","9","10","8","79","90","Good"
1968077,"6.5752153","3.395506","2026-07-07 14:42:57","9","10","8","79","90","Good"
1968077,"6.5752153","3.3955057","2026-07-07 14:42:58","9","10","8","79","90","Good"
1968077,"6.5752163","3.3955061","2026-07-07 14:42:59","12","12","11","79","90","Good"
1968077,"6.575216","3.3955066","2026-07-07 14:43:00","12","12","11","79","90","Good"
1968077,"6.575216","3.395507","2026-07-07 14:43:01","12","12","11","79","90","Good"
1968077,"6.5752163","3.3955061","2026-07-07 14:43:02","10","11","10","78","90","Good"
1968077,"6.5752172","3.3955052","2026-07-07 14:43:03","10","11","10","78","90","Good"
1968077,"6.575218","3.3955042","2026-07-07 14:43:04","10","11","10","78","90","Good"
1968077,"6.575219","3.3955035","2026-07-07 14:43:05","12","12","11","78","90","Good"
1968077,"6.5752196","3.3955028","2026-07-07 14:43:06","12","12","11","78","90","Good"
1968077,"6.575219","3.3955026","2026-07-07 14:43:07","12","12","11","78","90","Good"
1968077,"6.575219","3.3955023","2026-07-07 14:43:08","12","12","11","78","90","Good"
1968077,"6.575219","3.3955019","2026-07-07 14:43:09","12","12","11","78","90","Good"
1968077,"6.5752187","3.3955019","2026-07-07 14:43:10","12","12","11","78","90","Good"
1968077,"6.5752187","3.3955016","2026-07-07 14:43:11","12","12","11","78","90","Good"
1968077,"6.5752187","3.3955016","2026-07-07 14:43:12","12","12","11","78","90","Good"
1968077,"6.5752187","3.3955014","2026-07-07 14:43:13","12","12","11","78","90","Good"
1968077,"6.5752187","3.3955014","2026-07-07 14:43:14","12","12","11","78","90","Good"
1968077,"6.5752187","3.3955011","2026-07-07 14:43:15","12","12","11","78","90","Good"
1968077,"6.5752187","3.3955011","2026-07-07 14:43:16","12","12","11","78","90","Good"
1968077,"6.5752187","3.395501","2026-07-07 14:43:17","10","11","10","78","90","Good"
1968077,"6.5752187","3.395501","2026-07-07 14:43:18","9","10","8","78","90","Good"
1968077,"6.5752187","3.395501","2026-07-07 14:43:19","9","10","8","78","90","Good"
1968077,"6.5752187","3.395501","2026-07-07 14:43:20","10","11","10","78","90","Good"
1968077,"6.5752187","3.395501","2026-07-07 14:43:21","10","11","10","78","90","Good"
1968077,"6.5752187","3.3955007","2026-07-07 14:43:22","10","11","10","77","90","Good"
1968077,"6.575219","3.3955007","2026-07-07 14:43:23","11","11","10","77","90","Good"
1968077,"6.575219","3.3955004","2026-07-07 14:43:24","12","12","11","77","90","Good"
1968077,"6.575219","3.3955007","2026-07-07 14:43:25","10","11","10","77","90","Good"
1968077,"6.5752187","3.3955004","2026-07-07 14:43:26","10","11","10","77","90","Good"
1968077,"6.575218","3.3955002","2026-07-07 14:43:27","10","11","10","77","90","Good"
1968077,"6.575218","3.3955002","2026-07-07 14:43:28","10","11","10","77","90","Good"
1968077,"6.575218","3.3955002","2026-07-07 14:43:29","10","11","10","77","90","Good"
1968077,"6.575218","3.3955002","2026-07-07 14:43:30","10","10","9","77","90","Good"
1968077,"6.575218","3.3955002","2026-07-07 14:43:31","9","10","8","77","90","Good"
1968077,"6.575218","3.3955002","2026-07-07 14:43:32","9","10","8","77","90","Good"
1968077,"6.575218","3.3955","2026-07-07 14:43:33","9","10","8","77","90","Good"
1968077,"6.575218","3.3954997","2026-07-07 14:43:34","10","11","10","77","90","Good"
1968077,"6.5752177","3.3955","2026-07-07 14:43:35","9","10","8","77","90","Good"
1968077,"6.5752177","3.3955","2026-07-07 14:43:36","10","11","10","76","90","Good"
1968077,"6.5752177","3.3955","2026-07-07 14:43:37","10","11","10","76","90","Good"
1968077,"6.575218","3.3954997","2026-07-07 14:43:38","10","11","10","76","90","Good"
1968077,"6.575218","3.3954997","2026-07-07 14:43:39","10","11","10","76","90","Good"
1968077,"6.575218","3.3954997","2026-07-07 14:43:40","10","11","10","76","90","Good"
1968077,"6.5752187","3.3954997","2026-07-07 14:43:41","10","11","10","76","90","Good"
1968077,"6.5752187","3.3954997","2026-07-07 14:43:42","10","11","10","75","90","Good"
1968077,"6.5752187","3.3954997","2026-07-07 14:43:43","12","12","11","75","90","Good"
1968077,"6.5752172","3.3955004","2026-07-07 14:43:44","12","12","11","75","90","Good"
1968077,"6.575221","3.3955002","2026-07-07 14:43:45","13","13","12","75","90","Moderate"
1968077,"6.575224","3.395497","2026-07-07 14:43:46","13","13","12","75","90","Moderate"
1968077,"6.575217","3.3954904","2026-07-07 14:43:47","12","12","11","75","90","Good"
1968077,"6.575217","3.3954911","2026-07-07 14:43:48","13","13","12","75","90","Moderate"
1968077,"6.5752177","3.3954916","2026-07-07 14:43:49","13","13","12","75","90","Moderate"
1968077,"6.5752187","3.395492","2026-07-07 14:43:50","13","13","12","75","90","Moderate"
1968077,"6.5752196","3.3954937","2026-07-07 14:43:51","13","13","12","75","90","Moderate"
1968077,"6.57522","3.3954942","2026-07-07 14:43:52","13","13","12","75","90","Moderate"
1968077,"6.575221","3.3954942","2026-07-07 14:43:53","13","13","12","75","90","Moderate"
1968077,"6.5752215","3.3954945","2026-07-07 14:43:54","13","13","12","75","90","Moderate"
1968077,"6.5752225","3.3954947","2026-07-07 14:43:55","13","13","12","75","90","Moderate"
1968077,"6.5752225","3.3954947","2026-07-07 14:43:56","13","13","12","75","90","Moderate"
1968077,"6.575223","3.3954947","2026-07-07 14:43:57","13","13","12","75","90","Moderate"
1968077,"6.5752244","3.3954945","2026-07-07 14:43:58","13","13","12","75","90","Moderate"
1968077,"6.5752254","3.3954942","2026-07-07 14:43:59","16","17","15","75","90","Moderate"
1968077,"6.5752234","3.3954892","2026-07-07 14:44:00","15","16","14","75","90","Moderate"
1968077,"6.5752225","3.3954887","2026-07-07 14:44:01","15","16","14","75","90","Moderate"
1968077,"6.575222","3.3954885","2026-07-07 14:44:02","14","14","13","75","90","Moderate"
1968077,"6.575223","3.3954892","2026-07-07 14:44:03","14","14","13","75","90","Moderate"
1968077,"6.575222","3.3954892","2026-07-07 14:44:04","14","14","13","75","90","Moderate"
1968077,"6.575221","3.3954895","2026-07-07 14:44:05","13","13","12","75","90","Moderate"
1968077,"6.57522","3.39549","2026-07-07 14:44:06","12","12","11","75","90","Good"
1968077,"6.5752196","3.3954911","2026-07-07 14:44:07","11","11","10","75","90","Good"
1968077,"6.5752206","3.3954918","2026-07-07 14:44:08","10","11","10","75","90","Good"
1968077,"6.57522","3.3954918","2026-07-07 14:44:09","9","10","8","75","90","Good"
1968077,"6.575221","3.395493","2026-07-07 14:44:10","9","10","8","75","90","Good"
1968077,"6.575218","3.395486","2026-07-07 14:44:11","8","8","7","75","90","Good"
1968077,"6.5752177","3.3954835","2026-07-07 14:44:12","8","8","7","75","90","Good"
1968077,"6.5752177","3.3954833","2026-07-07 14:44:13","9","10","8","75","90","Good"
1968077,"6.5752172","3.3954825","2026-07-07 14:44:14","9","10","8","75","90","Good"
1968077,"6.5752172","3.395483","2026-07-07 14:44:15","9","10","8","75","90","Good"
1968077,"6.5752177","3.3954835","2026-07-07 14:44:16","9","10","8","75","90","Good"
1968077,"6.575217","3.3954792","2026-07-07 14:44:17","9","10","8","75","90","Good"
1968077,"6.575217","3.3954785","2026-07-07 14:44:18","9","10","8","76","90","Good"
1968077,"6.575217","3.395478","2026-07-07 14:44:19","9","10","8","76","90","Good"
1968077,"6.575217","3.395478","2026-07-07 14:44:20","10","11","10","76","90","Good"
1968077,"6.575217","3.395478","2026-07-07 14:44:21","10","11","10","77","90","Good"
1968077,"6.575215","3.3954744","2026-07-07 14:44:22","10","11","10","77","90","Good"
1968077,"6.575215","3.395474","2026-07-07 14:44:23","9","10","8","78","90","Good"
1968077,"6.575215","3.395474","2026-07-07 14:44:24","9","10","8","78","90","Good"
1968077,"6.575215","3.3954742","2026-07-07 14:44:25","9","10","8","78","90","Good"
1968077,"6.575215","3.3954744","2026-07-07 14:44:26","9","10","8","79","90","Good"
1968077,"6.575215","3.395475","2026-07-07 14:44:27","9","10","8","79","90","Good"
1968077,"6.5752106","3.3954656","2026-07-07 14:44:28","9","10","8","79","90","Good"
1968077,"6.5752096","3.395464","2026-07-07 14:44:29","10","11","10","79","90","Good"
1968077,"6.5752096","3.3954637","2026-07-07 14:44:30","8","8","7","79","90","Good"
1968077,"6.5752096","3.395464","2026-07-07 14:44:31","8","8","7","80","90","Good"
1968077,"6.5752096","3.3954642","2026-07-07 14:44:32","7","7","6","80","90","Good"
1968077,"6.57521","3.3954642","2026-07-07 14:44:33","7","7","6","80","90","Good"
1968077,"6.57521","3.3954647","2026-07-07 14:44:34","7","7","6","80","90","Good"
1968077,"6.57521","3.395465","2026-07-07 14:44:35","7","7","6","80","90","Good"
1968077,"6.57521","3.395465","2026-07-07 14:44:36","6","6","5","80","91","Good"
1968077,"6.5752106","3.395465","2026-07-07 14:44:37","3","4","3","80","91","Good"
1968077,"6.5752106","3.3954651","2026-07-07 14:44:38","3","4","3","80","91","Good"
1968077,"6.5752115","3.3954606","2026-07-07 14:44:39","3","4","3","80","91","Good"
1968077,"6.575212","3.395459","2026-07-07 14:44:40","3","4","3","81","91","Good"
1968077,"6.5752125","3.3954585","2026-07-07 14:44:41","3","4","3","81","91","Good"
1968077,"6.5752125","3.3954587","2026-07-07 14:44:42","3","4","3","81","91","Good"
1968077,"6.575213","3.395459","2026-07-07 14:44:43","4","4","4","81","91","Good"
1968077,"6.5752096","3.395454","2026-07-07 14:44:44","5","5","4","81","91","Good"
1968077,"6.575207","3.3954504","2026-07-07 14:44:45","5","5","4","81","91","Good"
1968077,"6.5752068","3.3954508","2026-07-07 14:44:46","5","5","4","81","91","Good"
1968077,"6.5752077","3.3954525","2026-07-07 14:44:47","5","5","4","81","91","Good"
1968077,"6.575208","3.3954537","2026-07-07 14:44:48","5","5","4","81","91","Good"
1968077,"6.5752087","3.3954546","2026-07-07 14:44:49","5","5","4","81","91","Good"
1968077,"6.5752063","3.3954499","2026-07-07 14:44:50","5","5","4","81","91","Good"
1968077,"6.5752063","3.3954494","2026-07-07 14:44:51","6","6","5","81","91","Good"
1968077,"6.5752063","3.3954506","2026-07-07 14:44:52","7","7","6","81","91","Good"
1968077,"6.575206","3.3954518","2026-07-07 14:44:53","7","7","6","81","91","Good"
1968077,"6.575207","3.395452","2026-07-07 14:44:54","7","7","6","81","91","Good"
1968077,"6.575208","3.3954527","2026-07-07 14:44:55","7","7","6","81","91","Good"
1968077,"6.5752077","3.39545","2026-07-07 14:44:56","7","7","6","81","91","Good"
1968077,"6.5752087","3.3954506","2026-07-07 14:44:57","7","7","6","81","91","Good"
1968077,"6.57521","3.3954518","2026-07-07 14:44:58","7","7","6","81","91","Good"
1968077,"6.5752106","3.3954527","2026-07-07 14:44:59","7","7","6","81","91","Good"
1968077,"6.575211","3.3954542","2026-07-07 14:45:00","7","7","6","81","91","Good"
1968077,"6.5752106","3.3954558","2026-07-07 14:45:01","6","6","5","81","91","Good"
1968077,"6.575211","3.3954563","2026-07-07 14:45:02","5","5","4","81","91","Good"
1968077,"6.5752106","3.3954575","2026-07-07 14:45:03","5","5","4","80","91","Good"
1968077,"6.575211","3.3954587","2026-07-07 14:45:04","5","5","4","80","91","Good"
1968077,"6.5752125","3.3954613","2026-07-07 14:45:05","5","5","4","80","91","Good"
1968077,"6.5752125","3.3954635","2026-07-07 14:45:06","5","5","4","80","91","Good"
1968077,"6.5752125","3.3954647","2026-07-07 14:45:07","7","7","6","80","91","Good"
1968077,"6.575213","3.3954651","2026-07-07 14:45:08","7","7","6","80","91","Good"
1968077,"6.5752134","3.3954659","2026-07-07 14:45:09","7","7","6","80","91","Good"
1968077,"6.5752144","3.3954685","2026-07-07 14:45:10","7","7","6","80","91","Good"
1968077,"6.575216","3.395471","2026-07-07 14:45:11","6","6","5","80","91","Good"
1968077,"6.5752163","3.3954716","2026-07-07 14:45:12","6","6","5","80","91","Good"
1968077,"6.5752153","3.3954625","2026-07-07 14:45:13","7","7","6","80","91","Good"
1968077,"6.5752153","3.3954628","2026-07-07 14:45:14","7","7","6","80","91","Good"
1968077,"6.575216","3.395463","2026-07-07 14:45:15","7","7","6","80","91","Good"
1968077,"6.575216","3.3954632","2026-07-07 14:45:16","6","6","5","80","91","Good"
1968077,"6.575216","3.3954637","2026-07-07 14:45:17","6","6","5","80","91","Good"
1968077,"6.5752163","3.3954642","2026-07-07 14:45:18","6","6","5","80","91","Good"
1968077,"6.5752163","3.395465","2026-07-07 14:45:19","6","6","5","80","91","Good"
1968077,"6.5752163","3.3954654","2026-07-07 14:45:20","6","6","5","80","91","Good"
1968077,"6.575217","3.3954656","2026-07-07 14:45:21","6","6","5","80","91","Good"
1968077,"6.575217","3.395466","2026-07-07 14:45:22","7","7","6","80","91","Good"
1968077,"6.5752172","3.3954666","2026-07-07 14:45:23","7","7","6","80","91","Good"
1968077,"6.5752172","3.3954673","2026-07-07 14:45:24","7","7","6","80","91","Good"
1968077,"6.5752177","3.3954675","2026-07-07 14:45:25","6","6","5","80","91","Good"
1968077,"6.5752177","3.395468","2026-07-07 14:45:26","6","6","5","80","91","Good"
1968077,"6.575219","3.3954709","2026-07-07 14:45:27","5","5","4","80","91","Good"
1968077,"6.5752206","3.3954737","2026-07-07 14:45:28","6","6","5","80","91","Good"
1968077,"6.57522","3.3954701","2026-07-07 14:45:29","6","6","5","80","91","Good"
1968077,"6.57522","3.3954697","2026-07-07 14:45:30","6","6","5","80","91","Good"
1968077,"6.5752206","3.39547","2026-07-07 14:45:31","6","6","5","80","91","Good"
1968077,"6.5752206","3.3954701","2026-07-07 14:45:32","6","6","5","80","91","Good"
1968077,"6.5752206","3.3954706","2026-07-07 14:45:33","6","6","5","80","91","Good"
1968077,"6.575221","3.395471","2026-07-07 14:45:34","6","6","5","80","91","Good"
1968077,"6.5752163","3.3954625","2026-07-07 14:45:35","4","4","4","80","91","Good"
1968077,"6.575216","3.395461","2026-07-07 14:45:36","3","4","3","80","91","Good"
1968077,"6.575216","3.395461","2026-07-07 14:45:37","5","5","4","80","91","Good"
1968077,"6.575216","3.395462","2026-07-07 14:45:38","5","5","4","80","91","Good"
1968077,"6.575216","3.3954628","2026-07-07 14:45:39","6","6","5","80","91","Good"
1968077,"6.5752134","3.3954546","2026-07-07 14:45:40","5","5","4","80","91","Good"
1968077,"6.5752125","3.3954515","2026-07-07 14:45:41","5","5","4","80","91","Good"
1968077,"6.5752125","3.3954518","2026-07-07 14:45:42","5","5","4","80","91","Good"
1968077,"6.575213","3.395452","2026-07-07 14:45:43","5","5","4","80","91","Good"
1968077,"6.575213","3.3954525","2026-07-07 14:45:44","5","5","4","80","91","Good"
1968077,"6.5752134","3.395453","2026-07-07 14:45:45","5","5","4","80","91","Good"
1968077,"6.575216","3.3954535","2026-07-07 14:45:46","6","6","5","80","91","Good"
1968077,"6.5752163","3.395454","2026-07-07 14:45:47","6","6","5","81","91","Good"
1968077,"6.575217","3.3954551","2026-07-07 14:45:48","6","6","5","81","91","Good"
1968077,"6.575217","3.3954558","2026-07-07 14:45:49","5","5","4","81","91","Good"
1968077,"6.5752172","3.3954566","2026-07-07 14:45:50","6","6","5","81","91","Good"
1968077,"6.5752177","3.3954573","2026-07-07 14:45:51","6","6","5","81","91","Good"
1968077,"6.575217","3.395453","2026-07-07 14:45:52","6","7","6","80","91","Good"
1968077,"6.575217","3.3954508","2026-07-07 14:45:53","6","6","5","80","92","Good"
1968077,"6.5752172","3.3954506","2026-07-07 14:45:54","6","6","5","80","91","Good"
1968077,"6.5752172","3.3954518","2026-07-07 14:45:55","7","7","6","80","91","Good"
1968077,"6.5752177","3.3954525","2026-07-07 14:45:56","7","7","6","80","92","Good"
1968077,"6.5752177","3.3954535","2026-07-07 14:45:57","7","7","6","80","92","Good"
1968077,"6.5752177","3.3954542","2026-07-07 14:45:58","6","6","5","80","92","Good"
1968077,"6.575218","3.395455","2026-07-07 14:45:59","5","5","4","80","92","Good"
1968077,"6.5752187","3.3954556","2026-07-07 14:46:00","5","5","4","80","92","Good"
1968077,"6.5752187","3.3954566","2026-07-07 14:46:01","6","6","5","80","92","Good"
1968077,"6.575219","3.3954573","2026-07-07 14:46:02","7","7","6","80","92","Good"
1968077,"6.575219","3.3954582","2026-07-07 14:46:03","7","7","6","80","92","Good"
1968077,"6.5752196","3.3954587","2026-07-07 14:46:04","6","6","5","80","92","Good"
1968077,"6.57522","3.3954594","2026-07-07 14:46:05","6","6","5","80","92","Good"
1968077,"6.5752215","3.3954637","2026-07-07 14:46:06","6","6","5","80","92","Good"
1968077,"6.5752234","3.3954675","2026-07-07 14:46:07","6","6","5","79","92","Good"
1968077,"6.5752244","3.395471","2026-07-07 14:46:08","6","6","5","79","92","Good"
1968077,"6.5752254","3.3954737","2026-07-07 14:46:09","6","6","5","78","92","Good"
1968077,"6.575226","3.3954759","2026-07-07 14:46:10","6","6","5","78","92","Good"
1968077,"6.5752263","3.395478","2026-07-07 14:46:11","6","6","5","78","92","Good"
1968077,"6.575227","3.39548","2026-07-07 14:46:12","6","6","5","77","92","Good"
1968077,"6.575227","3.3954816","2026-07-07 14:46:13","7","7","6","77","92","Good"
1968077,"6.5752277","3.395485","2026-07-07 14:46:14","7","7","6","77","92","Good"
1968077,"6.575228","3.3954859","2026-07-07 14:46:15","7","7","6","76","92","Good"
1968077,"6.575228","3.3954864","2026-07-07 14:46:16","7","7","6","76","92","Good"
1968077,"6.575228","3.3954868","2026-07-07 14:46:17","7","7","6","76","92","Good"
1968077,"6.575228","3.3954873","2026-07-07 14:46:18","8","8","7","76","92","Good"
1968077,"6.575228","3.3954878","2026-07-07 14:46:19","9","10","8","76","92","Good"
1968077,"6.575228","3.3954883","2026-07-07 14:46:20","9","10","8","76","92","Good"
1968077,"6.575228","3.3954887","2026-07-07 14:46:21","9","9","8","75","92","Good"
1968077,"6.5752287","3.3954895","2026-07-07 14:46:22","8","8","7","75","92","Good"
1968077,"6.5752287","3.39549","2026-07-07 14:46:23","8","8","7","74","92","Good"
1968077,"6.5752287","3.3954902","2026-07-07 14:46:24","8","8","7","74","92","Good"
1968077,"6.5752263","3.3954813","2026-07-07 14:46:25","8","8","7","74","92","Good"
1968077,"6.575226","3.3954797","2026-07-07 14:46:26","8","8","7","73","92","Good"
1968077,"6.575226","3.3954792","2026-07-07 14:46:27","8","8","7","73","92","Good"
1968077,"6.575226","3.3954794","2026-07-07 14:46:28","8","8","7","73","92","Good"
1968077,"6.575226","3.3954797","2026-07-07 14:46:29","8","8","7","73","92","Good"
1968077,"6.5752254","3.39548","2026-07-07 14:46:30","7","7","6","73","92","Good"
1968077,"6.575225","3.3954723","2026-07-07 14:46:31","7","7","6","73","92","Good"
1968077,"6.5752244","3.3954713","2026-07-07 14:46:32","8","8","7","73","92","Good"
1968077,"6.5752244","3.395471","2026-07-07 14:46:33","8","8","7","73","92","Good"
1968077,"6.5752244","3.3954713","2026-07-07 14:46:34","8","8","7","73","92","Good"
1968077,"6.5752244","3.3954716","2026-07-07 14:46:35","8","8","7","73","92","Good"
1968077,"6.575232","3.3954554","2026-07-07 14:46:36","7","8","7","73","92","Good"
1968077,"6.575234","3.3954513","2026-07-07 14:46:37","7","7","6","73","92","Good"
1968077,"6.5752344","3.3954506","2026-07-07 14:46:38","7","7","6","73","92","Good"
1968077,"6.5752344","3.3954508","2026-07-07 14:46:39","8","8","7","73","92","Good"
1968077,"6.5752344","3.3954513","2026-07-07 14:46:40","8","8","7","73","92","Good"
1968077,"6.5752344","3.395452","2026-07-07 14:46:41","9","10","8","73","92","Good"
1968077,"6.5752344","3.395453","2026-07-07 14:46:42","9","10","8","73","92","Good"
1968077,"6.5752344","3.3954537","2026-07-07 14:46:43","10","11","10","73","92","Good"
1968077,"6.5752344","3.3954544","2026-07-07 14:46:44","12","12","11","73","92","Good"
1968077,"6.5752344","3.3954551","2026-07-07 14:46:45","12","12","11","73","92","Good"
1968077,"6.5752344","3.395456","2026-07-07 14:46:46","12","12","11","73","92","Good"
1968077,"6.5752325","3.395454","2026-07-07 14:46:47","12","12","11","73","92","Good"
1968077,"6.575232","3.3954537","2026-07-07 14:46:48","12","12","11","73","92","Good"
1968077,"6.5752316","3.3954542","2026-07-07 14:46:49","10","11","10","73","92","Good"
1968077,"6.575231","3.3954551","2026-07-07 14:46:50","10","11","10","73","92","Good"
1968077,"6.575231","3.3954558","2026-07-07 14:46:51","10","11","10","73","92","Good"
1968077,"6.575231","3.3954568","2026-07-07 14:46:52","10","11","10","73","92","Good"
1968077,"6.5752244","3.3954513","2026-07-07 14:46:53","10","11","10","73","92","Good"
1968077,"6.5752225","3.3954504","2026-07-07 14:46:54","10","11","10","73","92","Good"
1968077,"6.575222","3.3954506","2026-07-07 14:46:55","12","12","11","73","92","Good"
1968077,"6.575222","3.3954513","2026-07-07 14:46:56","12","12","11","73","92","Good"
1968077,"6.575222","3.395452","2026-07-07 14:46:57","13","13","12","73","92","Moderate"
1968077,"6.575222","3.395453","2026-07-07 14:46:58","12","12","11","73","92","Good"
1968077,"6.575222","3.3954537","2026-07-07 14:46:59","12","12","11","73","92","Good"
1968077,"6.575222","3.3954544","2026-07-07 14:47:00","12","12","11","73","92","Good"
1968077,"6.5752225","3.3954551","2026-07-07 14:47:01","12","12","11","73","92","Good"
1968077,"6.5752225","3.395456","2026-07-07 14:47:02","10","11","10","73","92","Good"
1968077,"6.5752225","3.3954568","2026-07-07 14:47:03","10","11","10","73","92","Good"
1968077,"6.5752206","3.395452","2026-07-07 14:47:04","10","11","10","73","92","Good"
1968077,"6.57522","3.3954506","2026-07-07 14:47:05","11","11","10","73","92","Good"
1968077,"6.57522","3.395451","2026-07-07 14:47:06","12","12","11","73","92","Good"
1968077,"6.57522","3.3954515","2026-07-07 14:47:07","10","11","10","73","92","Good"
1968077,"6.57522","3.3954525","2026-07-07 14:47:08","10","11","10","73","92","Good"
1968077,"6.5752206","3.3954532","2026-07-07 14:47:09","10","11","10","73","92","Good"
1968077,"6.57522","3.395446","2026-07-07 14:47:10","9","10","8","73","92","Good"
1968077,"6.5752196","3.3954444","2026-07-07 14:47:11","9","10","8","73","92","Good"
1968077,"6.5752196","3.3954444","2026-07-07 14:47:12","10","10","9","73","92","Good"
1968077,"6.57522","3.395445","2026-07-07 14:47:13","10","11","10","73","92","Good"
1968077,"6.57522","3.395446","2026-07-07 14:47:14","9","10","8","73","92","Good"
1968077,"6.5752187","3.3954415","2026-07-07 14:47:15","9","10","8","73","92","Good"
1968077,"6.575218","3.3954408","2026-07-07 14:47:16","9","10","8","73","92","Good"
1968077,"6.575218","3.395441","2026-07-07 14:47:17","9","10","8","73","92","Good"
1968077,"6.5752187","3.395442","2026-07-07 14:47:18","9","10","8","73","92","Good"
1968077,"6.5752187","3.3954427","2026-07-07 14:47:19","10","11","10","73","92","Good"
1968077,"6.5752196","3.3954437","2026-07-07 14:47:20","12","12","11","73","92","Good"
1968077,"6.5752215","3.3954473","2026-07-07 14:47:21","12","12","11","73","92","Good"
1968077,"6.575222","3.3954492","2026-07-07 14:47:22","12","12","11","73","92","Good"
1968077,"6.5752225","3.3954504","2026-07-07 14:47:23","12","12","11","73","92","Good"
1968077,"6.575223","3.3954513","2026-07-07 14:47:24","12","12","11","73","92","Good"
1968077,"6.575223","3.3954523","2026-07-07 14:47:25","12","12","11","73","92","Good"
1968077,"6.575223","3.3954523","2026-07-07 14:47:26","12","12","11","73","92","Good"
1968077,"6.5752172","3.395443","2026-07-07 14:47:27","12","12","11","73","92","Good"
1968077,"6.575217","3.395443","2026-07-07 14:47:28","10","11","10","73","92","Good"
1968077,"6.5752172","3.3954437","2026-07-07 14:47:29","10","11","10","73","92","Good"
1968077,"6.5752172","3.3954444","2026-07-07 14:47:30","9","10","8","73","92","Good"
1968077,"6.5752172","3.3954453","2026-07-07 14:47:31","9","10","8","73","92","Good"
1968077,"6.575218","3.3954484","2026-07-07 14:47:32","9","10","8","73","92","Good"
1968077,"6.5752187","3.3954504","2026-07-07 14:47:33","9","10","8","73","92","Good"
1968077,"6.575219","3.3954515","2026-07-07 14:47:34","9","10","8","73","92","Good"
1968077,"6.57522","3.3954525","2026-07-07 14:47:35","10","11","10","73","92","Good"
1968077,"6.5752206","3.3954532","2026-07-07 14:47:36","9","10","8","73","92","Good"
1968077,"6.575221","3.3954542","2026-07-07 14:47:37","9","10","8","73","92","Good"
1968077,"6.57522","3.395447","2026-07-07 14:47:38","9","10","8","73","92","Good"
1968077,"6.5752196","3.3954453","2026-07-07 14:47:39","9","10","8","73","92","Good"
1968077,"6.5752196","3.3954456","2026-07-07 14:47:40","9","10","8","73","92","Good"
1968077,"6.5752196","3.3954468","2026-07-07 14:47:41","9","10","8","73","92","Good"
1968077,"6.57522","3.3954477","2026-07-07 14:47:42","10","11","10","72","92","Good"
1968077,"6.5752206","3.3954463","2026-07-07 14:47:43","10","11","10","72","92","Good"
1968077,"6.5752206","3.3954465","2026-07-07 14:47:44","10","11","10","72","92","Good"
1968077,"6.575221","3.3954475","2026-07-07 14:47:45","10","11","10","72","92","Good"
1968077,"6.575221","3.3954482","2026-07-07 14:47:46","10","11","10","72","92","Good"
1968077,"6.5752215","3.3954492","2026-07-07 14:47:47","10","11","10","72","92","Good"
1968077,"6.575222","3.39545","2026-07-07 14:47:48","12","12","11","72","92","Good"
1968077,"6.575221","3.395445","2026-07-07 14:47:49","12","12","11","72","92","Good"
1968077,"6.575221","3.395444","2026-07-07 14:47:50","12","12","11","72","92","Good"
1968077,"6.575221","3.3954449","2026-07-07 14:47:51","12","12","11","72","92","Good"
1968077,"6.575221","3.3954458","2026-07-07 14:47:52","12","12","11","72","92","Good"
1968077,"6.5752215","3.3954468","2026-07-07 14:47:53","10","11","10","72","92","Good"
1968077,"6.5752187","3.39544","2026-07-07 14:47:54","10","11","10","72","92","Good"
1968077,"6.575218","3.3954377","2026-07-07 14:47:55","10","11","10","72","92","Good"
1968077,"6.575218","3.3954377","2026-07-07 14:47:56","10","11","10","72","92","Good"
1968077,"6.5752187","3.3954384","2026-07-07 14:47:57","9","10","8","72","92","Good"
1968077,"6.5752187","3.3954394","2026-07-07 14:47:58","9","10","8","72","92","Good"
1968077,"6.575219","3.3954406","2026-07-07 14:47:59","9","10","8","72","92","Good"
1968077,"6.5752172","3.395431","2026-07-07 14:48:00","9","10","8","72","92","Good"
1968077,"6.5752172","3.3954287","2026-07-07 14:48:01","9","10","8","72","92","Good"
1968077,"6.5752172","3.395429","2026-07-07 14:48:02","9","10","8","72","92","Good"
1968077,"6.5752177","3.3954298","2026-07-07 14:48:03","9","10","8","72","92","Good"
1968077,"6.575218","3.3954308","2026-07-07 14:48:04","9","10","8","72","92","Good"
1968077,"6.5752187","3.395432","2026-07-07 14:48:05","9","10","8","72","92","Good"
1968077,"6.575219","3.3954332","2026-07-07 14:48:06","9","10","8","73","92","Good"
1968077,"6.5752196","3.3954341","2026-07-07 14:48:07","9","10","8","73","92","Good"
1968077,"6.57522","3.395435","2026-07-07 14:48:08","9","10","8","72","92","Good"
1968077,"6.5752206","3.395436","2026-07-07 14:48:09","9","10","8","72","92","Good"
1968077,"6.575221","3.395437","2026-07-07 14:48:10","9","10","8","72","92","Good"
1968077,"6.575219","3.3954308","2026-07-07 14:48:11","9","10","8","72","92","Good"
1968077,"6.575218","3.395428","2026-07-07 14:48:12","12","12","11","72","92","Good"
1968077,"6.575218","3.3954272","2026-07-07 14:48:13","12","12","11","72","92","Good"
1968077,"6.575218","3.3954275","2026-07-07 14:48:14","10","11","10","72","92","Good"
1968077,"6.5752187","3.3954282","2026-07-07 14:48:15","10","11","10","72","92","Good"
1968077,"6.575219","3.3954291","2026-07-07 14:48:16","12","12","11","72","92","Good"
1968077,"6.5752187","3.3954282","2026-07-07 14:48:17","12","12","11","72","92","Good"
1968077,"6.575219","3.3954282","2026-07-07 14:48:18","12","12","11","72","92","Good"
1968077,"6.575219","3.3954294","2026-07-07 14:48:19","12","12","11","72","92","Good"
1968077,"6.5752196","3.3954306","2026-07-07 14:48:20","12","12","11","72","93","Good"
1968077,"6.57522","3.395432","2026-07-07 14:48:21","12","12","11","72","92","Good"
1968077,"6.57522","3.3954258","2026-07-07 14:48:22","12","12","11","72","92","Good"
1968077,"6.5752206","3.3954244","2026-07-07 14:48:23","12","12","11","72","92","Good"
1968077,"6.5752206","3.395425","2026-07-07 14:48:24","12","12","11","72","92","Good"
1968077,"6.575221","3.395426","2026-07-07 14:48:25","12","12","11","72","93","Good"
1968077,"6.5752215","3.3954275","2026-07-07 14:48:26","12","12","11","72","92","Good"
1968077,"6.575222","3.395429","2026-07-07 14:48:27","12","12","11","72","93","Good"
1968077,"6.575219","3.3954217","2026-07-07 14:48:28","10","11","10","72","93","Good"
1968077,"6.5752187","3.39542","2026-07-07 14:48:29","10","11","10","72","93","Good"
1968077,"6.5752187","3.3954206","2026-07-07 14:48:30","10","11","10","72","93","Good"
1968077,"6.575219","3.395422","2026-07-07 14:48:31","10","11","10","72","93","Good"
1968077,"6.5752196","3.3954232","2026-07-07 14:48:32","10","11","10","71","93","Good"
1968077,"6.57522","3.3954246","2026-07-07 14:48:33","10","11","10","71","93","Good"
1968077,"6.5752163","3.3954208","2026-07-07 14:48:34","10","11","10","71","93","Good"
1968077,"6.575216","3.3954206","2026-07-07 14:48:35","10","11","10","71","93","Good"
1968077,"6.575216","3.3954215","2026-07-07 14:48:36","10","11","10","71","93","Good"
1968077,"6.575216","3.3954232","2026-07-07 14:48:37","10","11","10","71","93","Good"
1968077,"6.5752163","3.3954246","2026-07-07 14:48:38","10","11","10","71","93","Good"
1968077,"6.575216","3.3954203","2026-07-07 14:48:39","10","11","10","71","93","Good"
1968077,"6.575216","3.3954191","2026-07-07 14:48:40","10","11","10","71","93","Good"
1968077,"6.575216","3.3954198","2026-07-07 14:48:41","10","11","10","71","93","Good"
1968077,"6.5752163","3.3954208","2026-07-07 14:48:42","9","10","8","71","93","Good"
1968077,"6.5752163","3.3954222","2026-07-07 14:48:43","9","10","8","71","93","Good"
1968077,"6.575217","3.3954234","2026-07-07 14:48:44","10","11","10","71","93","Good"
1968077,"6.5752134","3.3954186","2026-07-07 14:48:45","9","10","8","72","93","Good"
1968077,"6.575213","3.3954184","2026-07-07 14:48:46","9","10","8","72","93","Good"
1968077,"6.575213","3.3954191","2026-07-07 14:48:47","9","10","8","72","93","Good"
1968077,"6.575213","3.3954203","2026-07-07 14:48:48","9","10","8","72","93","Good"
1968077,"6.5752134","3.3954222","2026-07-07 14:48:49","10","11","10","72","93","Good"
1968077,"6.5752068","3.3954184","2026-07-07 14:48:50","10","11","10","72","93","Good"
1968077,"6.5752063","3.3954222","2026-07-07 14:48:51","10","11","10","72","93","Good"
1968077,"6.575208","3.3954291","2026-07-07 14:48:52","10","11","10","72","93","Good"
1968077,"6.575211","3.3954363","2026-07-07 14:48:53","10","11","10","72","93","Good"
1968077,"6.5752134","3.3954418","2026-07-07 14:48:54","10","11","10","72","93","Good"
1968077,"6.5752153","3.395446","2026-07-07 14:48:55","10","11","10","72","93","Good"
1968077,"6.575218","3.3954513","2026-07-07 14:48:56","9","10","8","72","93","Good"
1968077,"6.5752206","3.3954551","2026-07-07 14:48:57","9","10","8","72","93","Good"
1968077,"6.575222","3.3954577","2026-07-07 14:48:58","9","10","8","72","93","Good"
1968077,"6.575223","3.3954604","2026-07-07 14:48:59","9","10","8","72","93","Good"
1968077,"6.5752244","3.3954625","2026-07-07 14:49:00","9","10","8","72","93","Good"
1968077,"6.57522","3.3954556","2026-07-07 14:49:01","9","9","8","72","93","Good"
1968077,"6.5752196","3.3954546","2026-07-07 14:49:02","8","8","7","72","93","Good"
1968077,"6.57522","3.395456","2026-07-07 14:49:03","9","10","8","72","93","Good"
1968077,"6.575221","3.3954577","2026-07-07 14:49:04","9","10","8","72","93","Good"
1968077,"6.575222","3.3954597","2026-07-07 14:49:05","9","10","8","72","93","Good"
1968077,"6.5752225","3.3954613","2026-07-07 14:49:06","10","11","10","72","93","Good"
1968077,"6.575221","3.395457","2026-07-07 14:49:07","9","10","8","72","93","Good"
1968077,"6.5752215","3.395457","2026-07-07 14:49:08","9","10","8","72","93","Good"
1968077,"6.575222","3.395458","2026-07-07 14:49:09","8","8","7","72","93","Good"
1968077,"6.5752225","3.3954594","2026-07-07 14:49:10","8","8","7","72","93","Good"
1968077,"6.575223","3.3954608","2026-07-07 14:49:11","8","8","7","72","93","Good"
1968077,"6.5752234","3.3954623","2026-07-07 14:49:12","8","8","7","72","93","Good"
1968077,"6.5752177","3.3954585","2026-07-07 14:49:13","8","8","7","72","93","Good"
1968077,"6.575217","3.3954585","2026-07-07 14:49:14","8","8","7","72","93","Good"
1968077,"6.5752172","3.3954594","2026-07-07 14:49:15","8","8","7","72","93","Good"
1968077,"6.5752177","3.3954606","2026-07-07 14:49:16","9","10","8","72","93","Good"
1968077,"6.5752134","3.395457","2026-07-07 14:49:17","10","11","10","72","93","Good"
1968077,"6.5752134","3.3954575","2026-07-07 14:49:18","10","11","10","72","93","Good"
1968077,"6.575214","3.395459","2026-07-07 14:49:19","10","11","10","72","93","Good"
1968077,"6.575215","3.39546","2026-07-07 14:49:20","10","11","10","72","93","Good"
1968077,"6.5752153","3.3954608","2026-07-07 14:49:21","10","11","10","72","93","Good"
1968077,"6.575216","3.3954618","2026-07-07 14:49:22","10","11","10","72","93","Good"
1968077,"6.5752153","3.3954582","2026-07-07 14:49:23","10","11","10","72","93","Good"
1968077,"6.575216","3.3954587","2026-07-07 14:49:24","10","11","10","72","93","Good"
1968077,"6.5752163","3.3954597","2026-07-07 14:49:25","10","11","10","72","93","Good"
1968077,"6.575217","3.3954606","2026-07-07 14:49:26","12","12","11","72","93","Good"
1968077,"6.5752172","3.3954618","2026-07-07 14:49:27","10","11","10","72","93","Good"
1968077,"6.575218","3.3954628","2026-07-07 14:49:28","10","11","10","72","93","Good"
1968077,"6.5752177","3.3954587","2026-07-07 14:49:29","10","11","10","72","93","Good"
1968077,"6.575218","3.395459","2026-07-07 14:49:30","12","12","11","72","93","Good"
1968077,"6.5752187","3.39546","2026-07-07 14:49:31","12","12","11","72","93","Good"
1968077,"6.575219","3.3954606","2026-07-07 14:49:32","12","12","11","72","93","Good"
1968077,"6.5752196","3.3954616","2026-07-07 14:49:33","12","12","11","72","93","Good"
1968077,"6.5752177","3.3954577","2026-07-07 14:49:34","12","12","11","72","93","Good"
1968077,"6.5752177","3.395458","2026-07-07 14:49:35","10","11","10","72","93","Good"
1968077,"6.575218","3.3954587","2026-07-07 14:49:36","10","11","10","72","93","Good"
1968077,"6.5752187","3.39546","2026-07-07 14:49:37","10","11","10","71","93","Good"
1968077,"6.5752187","3.3954606","2026-07-07 14:49:38","10","11","10","71","93","Good"
1968077,"6.5752196","3.3954616","2026-07-07 14:49:39","10","11","10","71","93","Good"
1968077,"6.5752187","3.3954594","2026-07-07 14:49:40","10","11","10","71","93","Good"
1968077,"6.5752187","3.39546","2026-07-07 14:49:41","9","10","8","71","93","Good"
1968077,"6.575219","3.3954606","2026-07-07 14:49:42","9","10","8","71","93","Good"
1968077,"6.575219","3.3954618","2026-07-07 14:49:43","9","10","8","71","93","Good"
1968077,"6.5752196","3.3954628","2026-07-07 14:49:44","9","10","8","71","93","Good"
1968077,"6.5752163","3.3954587","2026-07-07 14:49:45","10","10","9","71","93","Good"
1968077,"6.575216","3.395459","2026-07-07 14:49:46","9","10","8","71","93","Good"
1968077,"6.5752163","3.39546","2026-07-07 14:49:47","10","11","10","71","93","Good"
1968077,"6.575217","3.3954608","2026-07-07 14:49:48","10","11","10","71","93","Good"
1968077,"6.5752177","3.3954625","2026-07-07 14:49:50","10","11","10","71","93","Good"
1968077,"6.5752196","3.3954685","2026-07-07 14:49:53","9","10","8","71","93","Good"
1968077,"6.5752206","3.3954704","2026-07-07 14:49:54","10","11","10","71","93","Good"
1968077,"6.5752215","3.3954713","2026-07-07 14:49:55","10","11","10","71","93","Good"
1968077,"6.575222","3.3954723","2026-07-07 14:49:56","9","10","8","71","93","Good"
1968077,"6.5752215","3.395473","2026-07-07 14:49:57","9","10","8","71","93","Good"
1968077,"6.575222","3.3954735","2026-07-07 14:49:58","8","8","7","71","93","Good"
1968077,"6.575222","3.3954747","2026-07-07 14:49:59","9","9","8","71","93","Good"
1968077,"6.575222","3.3954754","2026-07-07 14:50:00","9","10","8","71","93","Good"
1968077,"6.575222","3.395476","2026-07-07 14:50:01","9","10","8","71","93","Good"
1968077,"6.5752215","3.3954723","2026-07-07 14:50:02","9","10","8","71","93","Good"
1968077,"6.575222","3.3954737","2026-07-07 14:50:03","10","11","10","71","93","Good"
1968077,"6.575223","3.395474","2026-07-07 14:50:04","10","11","10","71","93","Good"
1968077,"6.5752234","3.3954742","2026-07-07 14:50:05","10","11","10","71","93","Good"
1968077,"6.5752234","3.3954744","2026-07-07 14:50:06","9","10","8","71","93","Good"
1968077,"6.5752234","3.3954747","2026-07-07 14:50:07","9","10","8","71","93","Good"
1968077,"6.5752225","3.395471","2026-07-07 14:50:08","9","10","8","71","93","Good"
1968077,"6.5752225","3.3954709","2026-07-07 14:50:09","9","10","8","71","93","Good"
1968077,"6.5752225","3.395471","2026-07-07 14:50:10","10","11","10","71","93","Good"
1968077,"6.575223","3.3954716","2026-07-07 14:50:11","10","11","10","71","93","Good"
1968077,"6.575223","3.3954718","2026-07-07 14:50:12","10","11","10","71","93","Good"
1968077,"6.5752225","3.395467","2026-07-07 14:50:13","10","11","10","70","93","Good"
1968077,"6.5752225","3.3954666","2026-07-07 14:50:14","11","11","10","70","93","Good"
1968077,"6.5752225","3.3954668","2026-07-07 14:50:15","12","12","11","70","93","Good"
1968077,"6.5752225","3.3954673","2026-07-07 14:50:16","12","12","11","70","93","Good"
1968077,"6.5752225","3.3954678","2026-07-07 14:50:17","10","11","10","70","93","Good"
1968077,"6.575223","3.3954682","2026-07-07 14:50:18","10","11","10","70","93","Good"
1968077,"6.575222","3.3954642","2026-07-07 14:50:19","10","11","10","70","93","Good"
1968077,"6.575222","3.3954642","2026-07-07 14:50:20","10","11","10","70","93","Good"
1968077,"6.5752225","3.3954647","2026-07-07 14:50:21","10","11","10","70","93","Good"
1968077,"6.5752225","3.3954651","2026-07-07 14:50:22","12","12","11","70","93","Good"
1968077,"6.5752225","3.3954659","2026-07-07 14:50:23","12","12","11","71","93","Good"
1968077,"6.575222","3.395464","2026-07-07 14:50:24","10","11","10","71","93","Good"
1968077,"6.575222","3.3954637","2026-07-07 14:50:25","10","11","10","71","93","Good"
1968077,"6.575222","3.3954642","2026-07-07 14:50:26","10","11","10","71","93","Good"
1968077,"6.575222","3.395465","2026-07-07 14:50:27","10","11","10","70","93","Good"
1968077,"6.5752225","3.3954656","2026-07-07 14:50:28","9","10","8","70","93","Good"
1968077,"6.5752225","3.3954663","2026-07-07 14:50:29","9","10","8","70","93","Good"
1968077,"6.5752206","3.3954625","2026-07-07 14:50:30","9","10","8","70","93","Good"
1968077,"6.57522","3.3954623","2026-07-07 14:50:31","9","10","8","70","93","Good"
1968077,"6.5752206","3.3954628","2026-07-07 14:50:32","9","10","8","70","93","Good"
1968077,"6.5752206","3.3954635","2026-07-07 14:50:33","8","8","7","70","93","Good"
1968077,"6.575221","3.395464","2026-07-07 14:50:34","8","8","7","70","93","Good"
1968077,"6.575221","3.395465","2026-07-07 14:50:35","8","8","7","70","93","Good"
1968077,"6.5752215","3.3954656","2026-07-07 14:50:36","8","8","7","70","93","Good"
1968077,"6.5752215","3.395466","2026-07-07 14:50:37","8","8","7","70","93","Good"
1968077,"6.575222","3.3954668","2026-07-07 14:50:38","9","10","8","70","93","Good"
1968077,"6.575222","3.3954673","2026-07-07 14:50:39","9","10","8","70","93","Good"
1968077,"6.575222","3.3954678","2026-07-07 14:50:40","8","8","7","70","93","Good"
1968077,"6.5752206","3.3954666","2026-07-07 14:50:41","8","8","7","70","93","Good"
1968077,"6.57522","3.3954666","2026-07-07 14:50:42","8","8","7","70","93","Good"
1968077,"6.5752206","3.395467","2026-07-07 14:50:43","8","8","7","70","93","Good"
1968077,"6.5752206","3.3954675","2026-07-07 14:50:44","8","8","7","70","93","Good"
1968077,"6.575221","3.395468","2026-07-07 14:50:45","9","10","8","70","93","Good"
1968077,"6.5752172","3.395465","2026-07-07 14:50:46","9","10","8","70","93","Good"
1968077,"6.5752163","3.3954644","2026-07-07 14:50:47","9","10","8","70","93","Good"
1968077,"6.575217","3.395465","2026-07-07 14:50:48","9","10","8","70","93","Good"
1968077,"6.575217","3.3954654","2026-07-07 14:50:49","10","11","10","70","93","Good"
1968077,"6.5752172","3.3954659","2026-07-07 14:50:50","9","10","8","70","93","Good"
1968077,"6.5752177","3.3954663","2026-07-07 14:50:51","9","10","8","70","93","Good"
1968077,"6.5752163","3.3954628","2026-07-07 14:50:52","9","10","8","70","93","Good"
1968077,"6.5752163","3.3954625","2026-07-07 14:50:53","9","10","8","70","93","Good"
1968077,"6.575217","3.395463","2026-07-07 14:50:54","9","10","8","70","93","Good"
1968077,"6.5752172","3.395464","2026-07-07 14:50:55","9","10","8","70","93","Good"
1968077,"6.5752177","3.3954647","2026-07-07 14:50:56","9","10","8","70","93","Good"
1968077,"6.575218","3.3954651","2026-07-07 14:50:57","9","10","8","69","93","Good"
1968077,"6.5752163","3.395461","2026-07-07 14:50:58","8","8","7","69","93","Good"
1968077,"6.5752163","3.3954608","2026-07-07 14:50:59","8","8","7","69","93","Good"
1968077,"6.575217","3.3954616","2026-07-07 14:51:00","8","8","7","69","93","Good"
1968077,"6.575217","3.395462","2026-07-07 14:51:01","8","8","7","69","93","Good"
1968077,"6.5752172","3.3954625","2026-07-07 14:51:02","9","10","8","69","93","Good"
1968077,"6.5752163","3.39546","2026-07-07 14:51:03","9","10","8","69","93","Good"
1968077,"6.5752163","3.39546","2026-07-07 14:51:04","9","10","8","69","93","Good"
1968077,"6.5752163","3.3954604","2026-07-07 14:51:05","8","8","7","69","93","Good"
1968077,"6.575217","3.395461","2026-07-07 14:51:06","8","8","7","69","93","Good"
1968077,"6.5752172","3.3954618","2026-07-07 14:51:07","8","8","7","69","93","Good"
1968077,"6.5752177","3.3954623","2026-07-07 14:51:08","7","7","6","69","93","Good"
1968077,"6.5752172","3.395461","2026-07-07 14:51:09","7","7","6","69","93","Good"
1968077,"6.5752177","3.3954618","2026-07-07 14:51:10","8","8","7","70","93","Good"
1968077,"6.575218","3.3954625","2026-07-07 14:51:11","8","8","7","70","93","Good"
1968077,"6.5752187","3.3954632","2026-07-07 14:51:12","8","8","7","70","93","Good"
1968077,"6.575219","3.395464","2026-07-07 14:51:13","8","8","7","70","93","Good"
1968077,"6.5752163","3.3954597","2026-07-07 14:51:14","7","7","6","69","93","Good"
1968077,"6.575216","3.3954594","2026-07-07 14:51:15","9","10","8","69","93","Good"
1968077,"6.5752163","3.39546","2026-07-07 14:51:16","9","10","8","69","93","Good"
1968077,"6.5752163","3.3954601","2026-07-07 14:51:17","10","11","10","69","93","Good"
1968077,"6.575217","3.3954613","2026-07-07 14:51:18","10","11","10","70","93","Good"
1968077,"6.5752172","3.3954623","2026-07-07 14:51:19","11","11","10","70","93","Good"
1968077,"6.5752177","3.395463","2026-07-07 14:51:20","10","11","10","70","93","Good"
1968077,"6.5752177","3.3954635","2026-07-07 14:51:21","10","11","10","70","93","Good"
1968077,"6.575218","3.3954642","2026-07-07 14:51:22","12","12","11","70","93","Good"
1968077,"6.5752187","3.3954647","2026-07-07 14:51:23","12","12","11","70","93","Good"
1968077,"6.575219","3.3954654","2026-07-07 14:51:24","12","12","11","70","93","Good"
1968077,"6.575215","3.3954623","2026-07-07 14:51:25","12","12","11","69","93","Good"
1968077,"6.5752134","3.395461","2026-07-07 14:51:26","12","12","11","69","93","Good"
1968077,"6.5752134","3.3954613","2026-07-07 14:51:27","12","12","11","69","93","Good"
1968077,"6.575214","3.3954623","2026-07-07 14:51:28","12","12","11","69","93","Good"
1968077,"6.5752144","3.395463","2026-07-07 14:51:29","13","13","12","69","93","Moderate"
1968077,"6.575215","3.3954637","2026-07-07 14:51:30","13","13","12","69","93","Moderate"
1968077,"6.575215","3.3954642","2026-07-07 14:51:31","12","12","11","69","93","Good"
1968077,"6.5752153","3.395465","2026-07-07 14:51:32","12","12","11","69","93","Good"
1968077,"6.575216","3.3954654","2026-07-07 14:51:33","12","12","11","69","93","Good"
1968077,"6.5752163","3.395466","2026-07-07 14:51:34","11","11","10","69","93","Good"
1968077,"6.575217","3.3954666","2026-07-07 14:51:35","10","11","10","69","93","Good"
1968077,"6.5752144","3.3954642","2026-07-07 14:51:36","12","12","11","69","93","Good"
1968077,"6.5752144","3.3954642","2026-07-07 14:51:37","12","12","11","69","93","Good"
1968077,"6.5752144","3.3954647","2026-07-07 14:51:38","12","12","11","69","93","Good"
1968077,"6.575215","3.3954651","2026-07-07 14:51:39","12","12","11","69","93","Good"
1968077,"6.5752153","3.3954659","2026-07-07 14:51:40","12","12","11","69","93","Good"
1968077,"6.575216","3.3954663","2026-07-07 14:51:41","12","12","11","69","93","Good"
1968077,"6.575213","3.3954642","2026-07-07 14:51:42","12","12","11","69","93","Good"
1968077,"6.5752134","3.3954642","2026-07-07 14:51:43","12","12","11","69","93","Good"
1968077,"6.5752134","3.395465","2026-07-07 14:51:44","12","12","11","69","93","Good"
1968077,"6.575214","3.3954654","2026-07-07 14:51:45","10","11","10","69","93","Good"
1968077,"6.5752144","3.3954659","2026-07-07 14:51:46","10","11","10","69","93","Good"
1968077,"6.575211","3.3954608","2026-07-07 14:51:47","12","12","11","69","93","Good"
1968077,"6.5752106","3.3954601","2026-07-07 14:51:48","12","12","11","69","93","Good"
1968077,"6.5752106","3.3954606","2026-07-07 14:51:49","11","11","10","69","93","Good"
1968077,"6.575211","3.395461","2026-07-07 14:51:50","10","11","10","69","93","Good"
1968077,"6.5752115","3.3954616","2026-07-07 14:51:51","10","11","10","69","93","Good"
1968077,"6.575212","3.3954625","2026-07-07 14:51:52","12","12","11","69","93","Good"
1968077,"6.5752125","3.3954628","2026-07-07 14:51:53","12","12","11","69","93","Good"
1968077,"6.575213","3.3954632","2026-07-07 14:51:54","10","11","10","69","93","Good"
1968077,"6.575213","3.3954637","2026-07-07 14:51:55","10","11","10","69","93","Good"
1968077,"6.5752134","3.3954642","2026-07-07 14:51:56","10","11","10","69","93","Good"
1968077,"6.5752134","3.3954644","2026-07-07 14:51:57","10","11","10","69","93","Good"
1968077,"6.5752115","3.395461","2026-07-07 14:51:58","12","12","11","69","93","Good"
1968077,"6.5752115","3.3954618","2026-07-07 14:51:59","12","12","11","69","93","Good"
1968077,"6.575212","3.3954625","2026-07-07 14:52:00","12","12","11","69","93","Good"
1968077,"6.5752125","3.3954632","2026-07-07 14:52:01","12","12","11","69","93","Good"
1968077,"6.5752125","3.3954637","2026-07-07 14:52:02","12","12","11","69","93","Good"
1968077,"6.575213","3.3954642","2026-07-07 14:52:03","14","14","13","69","93","Moderate"
1968077,"6.575209","3.3954585","2026-07-07 14:52:04","14","14","13","69","93","Moderate"
1968077,"6.5752087","3.395458","2026-07-07 14:52:05","14","14","13","69","93","Moderate"
1968077,"6.575209","3.395459","2026-07-07 14:52:06","15","16","14","69","93","Moderate"
1968077,"6.5752096","3.39546","2026-07-07 14:52:07","15","16","14","69","93","Moderate"
1968077,"6.57521","3.3954608","2026-07-07 14:52:08","15","16","14","69","93","Moderate"
1968077,"6.5752068","3.395457","2026-07-07 14:52:09","15","16","14","69","93","Moderate"
1968077,"6.5752068","3.3954568","2026-07-07 14:52:10","15","16","14","70","93","Moderate"
1968077,"6.575207","3.3954575","2026-07-07 14:52:11","15","16","14","70","93","Moderate"
1968077,"6.5752077","3.3954587","2026-07-07 14:52:12","15","16","14","70","93","Moderate"
1968077,"6.5752077","3.3954594","2026-07-07 14:52:13","16","17","15","70","93","Moderate"
1968077,"6.5752087","3.3954604","2026-07-07 14:52:14","16","17","15","70","93","Moderate"
1968077,"6.575209","3.395461","2026-07-07 14:52:15","15","16","14","69","93","Moderate"
1968077,"6.5752096","3.395462","2026-07-07 14:52:16","15","16","14","69","93","Moderate"
1968077,"6.57521","3.3954628","2026-07-07 14:52:17","15","16","14","69","93","Moderate"
1968077,"6.5752106","3.3954637","2026-07-07 14:52:18","15","16","14","69","93","Moderate"
1968077,"6.5752115","3.3954642","2026-07-07 14:52:19","15","16","14","69","93","Moderate"
1968077,"6.575212","3.395465","2026-07-07 14:52:20","14","14","13","69","93","Moderate"
1968077,"6.57521","3.3954616","2026-07-07 14:52:21","14","14","13","69","93","Moderate"
1968077,"6.5752106","3.3954618","2026-07-07 14:52:22","13","13","12","69","93","Moderate"
1968077,"6.575211","3.3954625","2026-07-07 14:52:23","13","13","12","69","93","Moderate"
1968077,"6.5752115","3.395463","2026-07-07 14:52:24","12","12","11","69","93","Good"
1968077,"6.575212","3.395464","2026-07-07 14:52:25","12","12","11","69","93","Good"
1968077,"6.5752096","3.3954616","2026-07-07 14:52:26","12","12","11","69","93","Good"
1968077,"6.5752096","3.3954618","2026-07-07 14:52:27","13","13","12","69","93","Moderate"
1968077,"6.57521","3.3954623","2026-07-07 14:52:28","13","13","12","69","93","Moderate"
1968077,"6.575211","3.3954635","2026-07-07 14:52:30","13","13","12","69","93","Moderate"
1968077,"6.5752115","3.395464","2026-07-07 14:52:31","13","13","12","69","93","Moderate"
1968077,"6.575208","3.3954606","2026-07-07 14:52:32","13","13","12","69","93","Moderate"
1968077,"6.5752077","3.3954604","2026-07-07 14:52:33","13","13","12","69","93","Moderate"
1968077,"6.5752077","3.3954608","2026-07-07 14:52:34","13","13","12","69","93","Moderate"
1968077,"6.575208","3.3954616","2026-07-07 14:52:35","13","13","12","69","93","Moderate"
1968077,"6.5752087","3.395462","2026-07-07 14:52:36","13","13","12","69","93","Moderate"
1968077,"6.5752053","3.395458","2026-07-07 14:52:37","13","13","12","69","93","Moderate"
1968077,"6.5752044","3.3954566","2026-07-07 14:52:38","13","13","12","69","93","Moderate"
1968077,"6.5752044","3.3954568","2026-07-07 14:52:39","13","13","12","69","93","Moderate"
1968077,"6.575205","3.3954575","2026-07-07 14:52:40","14","14","13","69","93","Moderate"
1968077,"6.5752063","3.395459","2026-07-07 14:52:45","14","14","13","69","93","Moderate"
1968077,"6.5752068","3.3954594","2026-07-07 14:52:46","14","14","13","69","93","Moderate"
1968077,"6.5752068","3.3954613","2026-07-07 14:52:47","14","14","13","69","93","Moderate"
1968077,"6.5752068","3.3954623","2026-07-07 14:52:48","14","14","13","69","93","Moderate"
1968077,"6.5751987","3.3954551","2026-07-07 14:52:49","13","13","12","69","93","Moderate"
1968077,"6.575196","3.3954506","2026-07-07 14:52:50","13","13","12","69","93","Moderate"
1968077,"6.5751953","3.3954518","2026-07-07 14:52:51","13","13","12","69","93","Moderate"
1968077,"6.5751963","3.3954527","2026-07-07 14:52:52","14","14","13","69","93","Moderate"
1968077,"6.575198","3.3954542","2026-07-07 14:52:53","14","14","13","69","93","Moderate"
1968077,"6.5751896","3.395446","2026-07-07 14:52:54","15","16","14","69","93","Moderate"
1968077,"6.5751877","3.3954432","2026-07-07 14:52:55","15","16","14","69","93","Moderate"
1968077,"6.5751886","3.3954444","2026-07-07 14:52:56","15","16","14","69","93","Moderate"
1968077,"6.5751896","3.3954463","2026-07-07 14:52:57","13","13","12","69","93","Moderate"
1968077,"6.575191","3.3954484","2026-07-07 14:52:58","14","14","13","69","93","Moderate"
1968077,"6.5751925","3.3954506","2026-07-07 14:52:59","16","17","15","69","93","Moderate"
1968077,"6.575194","3.3954525","2026-07-07 14:53:00","16","17","15","69","93","Moderate"
1968077,"6.575195","3.3954537","2026-07-07 14:53:01","15","16","14","69","93","Moderate"
1968077,"6.5751953","3.3954546","2026-07-07 14:53:02","15","16","14","69","93","Moderate"
1968077,"6.5751963","3.3954556","2026-07-07 14:53:03","15","16","14","69","93","Moderate"
1968077,"6.5751967","3.3954566","2026-07-07 14:53:04","15","16","14","69","93","Moderate"
1968077,"6.575195","3.3954542","2026-07-07 14:53:05","15","16","14","69","93","Moderate"
1968077,"6.575195","3.395454","2026-07-07 14:53:06","15","16","14","69","93","Moderate"
1968077,"6.5751953","3.3954546","2026-07-07 14:53:07","15","16","14","69","93","Moderate"
1968077,"6.5751953","3.3954556","2026-07-07 14:53:08","16","17","15","69","93","Moderate"
1968077,"6.575196","3.3954563","2026-07-07 14:53:09","16","16","14","69","93","Moderate"
1968077,"6.5751967","3.395457","2026-07-07 14:53:10","15","16","14","69","93","Moderate"
1968077,"6.575196","3.3954542","2026-07-07 14:53:11","15","16","14","69","93","Moderate"
1968077,"6.575196","3.3954542","2026-07-07 14:53:12","15","16","14","69","93","Moderate"
1968077,"6.5751963","3.3954544","2026-07-07 14:53:13","15","16","14","69","93","Moderate"
1968077,"6.575197","3.3954551","2026-07-07 14:53:14","15","16","14","69","93","Moderate"
1968077,"6.5751977","3.3954556","2026-07-07 14:53:15","15","16","14","69","93","Moderate"
1968077,"6.575198","3.3954563","2026-07-07 14:53:16","15","16","14","69","93","Moderate"
1968077,"6.5751987","3.3954568","2026-07-07 14:53:17","15","16","14","69","93","Moderate"
1968077,"6.575199","3.3954573","2026-07-07 14:53:18","15","16","14","69","93","Moderate"
1968077,"6.5751996","3.3954577","2026-07-07 14:53:19","15","16","14","69","93","Moderate"
1968077,"6.5752","3.395458","2026-07-07 14:53:20","15","16","14","69","93","Moderate"
1968077,"6.5752006","3.3954587","2026-07-07 14:53:21","15","16","14","69","93","Moderate"
1968077,"6.5752","3.3954568","2026-07-07 14:53:22","14","14","13","69","93","Moderate"
1968077,"6.5752","3.395457","2026-07-07 14:53:23","14","14","13","69","93","Moderate"
1968077,"6.575201","3.3954575","2026-07-07 14:53:24","15","16","14","69","93","Moderate"
1968077,"6.575201","3.395458","2026-07-07 14:53:25","14","14","13","69","93","Moderate"
1968077,"6.5752015","3.3954585","2026-07-07 14:53:26","14","14","13","69","93","Moderate"
1968077,"6.575202","3.395459","2026-07-07 14:53:27","14","14","13","69","93","Moderate"
1968077,"6.5751996","3.395457","2026-07-07 14:53:28","14","14","13","69","93","Moderate"
1968077,"6.5752","3.3954573","2026-07-07 14:53:29","14","14","13","69","93","Moderate"
1968077,"6.5752006","3.3954575","2026-07-07 14:53:30","14","14","13","69","93","Moderate"
1968077,"6.575201","3.395458","2026-07-07 14:53:31","13","13","12","69","93","Moderate"
1968077,"6.575201","3.3954587","2026-07-07 14:53:32","13","13","12","69","93","Moderate"
1968077,"6.575197","3.3954556","2026-07-07 14:53:33","13","13","12","69","93","Moderate"
1968077,"6.575197","3.3954556","2026-07-07 14:53:34","14","14","13","69","93","Moderate"
1968077,"6.5751977","3.3954558","2026-07-07 14:53:35","14","14","13","69","93","Moderate"
1968077,"6.575198","3.3954566","2026-07-07 14:53:36","14","14","13","69","93","Moderate"
1968077,"6.5751987","3.395457","2026-07-07 14:53:37","13","13","12","69","93","Moderate"
1968077,"6.575199","3.3954575","2026-07-07 14:53:38","12","12","11","69","93","Good"
1968077,"6.575198","3.3954554","2026-07-07 14:53:39","13","13","12","69","93","Moderate"
1968077,"6.5751987","3.3954554","2026-07-07 14:53:40","13","13","12","69","93","Moderate"
1968077,"6.575199","3.3954558","2026-07-07 14:53:41","13","13","12","69","93","Moderate"
1968077,"6.5751996","3.3954563","2026-07-07 14:53:42","13","13","12","69","93","Moderate"
1968077,"6.5752","3.3954566","2026-07-07 14:53:43","14","14","13","69","93","Moderate"
1968077,"6.575198","3.395453","2026-07-07 14:53:44","14","14","13","69","93","Moderate"
1968077,"6.575198","3.3954525","2026-07-07 14:53:45","12","13","11","69","93","Good"
1968077,"6.5751987","3.395453","2026-07-07 14:53:46","12","12","11","69","93","Good"
1968077,"6.575199","3.3954535","2026-07-07 14:53:47","12","12","11","68","93","Good"
1968077,"6.5751996","3.395454","2026-07-07 14:53:48","13","13","12","68","93","Moderate"
1968077,"6.5752","3.395455","2026-07-07 14:53:49","13","13","12","68","93","Moderate"
1968077,"6.575196","3.3954513","2026-07-07 14:53:50","13","13","12","68","93","Moderate"
1968077,"6.575196","3.395451","2026-07-07 14:53:51","13","13","12","68","93","Moderate"
1968077,"6.5751963","3.3954518","2026-07-07 14:53:52","13","13","12","68","93","Moderate"
1968077,"6.5751967","3.3954523","2026-07-07 14:53:53","13","13","12","68","93","Moderate"
1968077,"6.575197","3.3954527","2026-07-07 14:53:54","13","13","12","68","93","Moderate"
1968077,"6.5751963","3.3954515","2026-07-07 14:53:55","13","13","12","68","93","Moderate"
1968077,"6.5751963","3.3954518","2026-07-07 14:53:56","13","13","12","68","93","Moderate"
1968077,"6.575197","3.3954523","2026-07-07 14:53:57","14","14","13","68","93","Moderate"
1968077,"6.575197","3.3954527","2026-07-07 14:53:58","14","14","13","68","93","Moderate"
1968077,"6.5751977","3.3954532","2026-07-07 14:53:59","14","14","13","68","93","Moderate"
1968077,"6.575198","3.3954542","2026-07-07 14:54:00","14","14","13","68","93","Moderate"
1968077,"6.5751963","3.395453","2026-07-07 14:54:01","14","14","13","68","93","Moderate"
1968077,"6.5751967","3.3954532","2026-07-07 14:54:02","14","14","13","68","93","Moderate"
1968077,"6.575197","3.3954537","2026-07-07 14:54:03","14","14","13","68","93","Moderate"
1968077,"6.5751977","3.3954544","2026-07-07 14:54:04","13","13","12","68","93","Moderate"
1968077,"6.575198","3.395455","2026-07-07 14:54:05","13","13","12","68","93","Moderate"
1968077,"6.5751963","3.3954535","2026-07-07 14:54:06","12","12","11","68","93","Good"
1968077,"6.5751967","3.3954537","2026-07-07 14:54:07","12","12","11","68","93","Good"
1968077,"6.5751967","3.3954535","2026-07-07 14:54:08","12","12","11","68","93","Good"
1968077,"6.575197","3.3954542","2026-07-07 14:54:09","10","11","10","68","93","Good"
1968077,"6.5751977","3.3954546","2026-07-07 14:54:10","10","11","10","68","93","Good"
1968077,"6.575198","3.3954554","2026-07-07 14:54:11","10","11","10","68","93","Good"
1968077,"6.5751967","3.3954546","2026-07-07 14:54:12","10","11","10","68","93","Good"
1968077,"6.5751967","3.395455","2026-07-07 14:54:13","13","13","12","68","93","Moderate"
1968077,"6.575197","3.3954554","2026-07-07 14:54:14","13","13","12","69","93","Moderate"
1968077,"6.5751977","3.3954558","2026-07-07 14:54:15","12","12","11","69","93","Good"
1968077,"6.5751977","3.3954563","2026-07-07 14:54:16","10","11","10","69","93","Good"
1968077,"6.575196","3.395453","2026-07-07 14:54:17","10","11","10","69","93","Good"
1968077,"6.5751953","3.395452","2026-07-07 14:54:18","10","11","10","69","93","Good"
1968077,"6.575196","3.3954523","2026-07-07 14:54:19","10","11","10","69","93","Good"
1968077,"6.5751963","3.3954527","2026-07-07 14:54:20","10","11","10","69","93","Good"
1968077,"6.5751967","3.3954532","2026-07-07 14:54:21","10","11","10","69","93","Good"
1968077,"6.575197","3.3954537","2026-07-07 14:54:22","12","12","11","69","93","Good"
1968077,"6.575193","3.3954513","2026-07-07 14:54:23","12","12","11","69","93","Good"
1968077,"6.575192","3.3954506","2026-07-07 14:54:24","12","12","11","69","93","Good"
1968077,"6.575192","3.395451","2026-07-07 14:54:25","12","12","11","69","93","Good"
1968077,"6.5751925","3.3954518","2026-07-07 14:54:26","12","12","11","69","93","Good"
1968077,"6.575193","3.3954525","2026-07-07 14:54:27","12","12","11","69","93","Good"
1968077,"6.5751925","3.3954523","2026-07-07 14:54:28","12","12","11","69","93","Good"
1968077,"6.575193","3.3954527","2026-07-07 14:54:29","12","12","11","69","93","Good"
1968077,"6.5751934","3.3954535","2026-07-07 14:54:30","10","11","10","69","93","Good"
1968077,"6.575194","3.3954542","2026-07-07 14:54:31","10","11","10","69","93","Good"
1968077,"6.5751944","3.395455","2026-07-07 14:54:32","10","11","10","69","93","Good"
1968077,"6.575192","3.3954518","2026-07-07 14:54:33","10","11","10","69","93","Good"
1968077,"6.5751915","3.3954518","2026-07-07 14:54:34","10","11","10","69","93","Good"
1968077,"6.575192","3.3954523","2026-07-07 14:54:35","10","11","10","69","94","Good"
1968077,"6.575193","3.395453","2026-07-07 14:54:36","10","11","10","69","93","Good"
1968077,"6.575193","3.3954532","2026-07-07 14:54:37","10","11","10","69","93","Good"
1968077,"6.575191","3.39545","2026-07-07 14:54:38","10","11","10","69","93","Good"
1968077,"6.575191","3.3954506","2026-07-07 14:54:39","13","13","12","69","93","Moderate"
1968077,"6.575192","3.3954513","2026-07-07 14:54:40","13","13","12","69","93","Moderate"
1968077,"6.5751925","3.395452","2026-07-07 14:54:41","13","13","12","69","94","Moderate"
1968077,"6.575193","3.3954525","2026-07-07 14:54:42","13","13","12","69","94","Moderate"
1968077,"6.5751934","3.3954532","2026-07-07 14:54:43","13","13","12","69","93","Moderate"
1968077,"6.575194","3.3954537","2026-07-07 14:54:44","14","14","13","69","93","Moderate"
1968077,"6.5751944","3.3954544","2026-07-07 14:54:45","14","14","13","69","93","Moderate"
1968077,"6.575195","3.395455","2026-07-07 14:54:46","13","13","12","69","94","Moderate"
1968077,"6.5751953","3.3954554","2026-07-07 14:54:47","13","13","12","69","93","Moderate"
1968077,"6.575196","3.3954558","2026-07-07 14:54:48","14","14","13","69","94","Moderate"
1968077,"6.575196","3.395456","2026-07-07 14:54:49","14","14","13","69","94","Moderate"
1968077,"6.575193","3.3954515","2026-07-07 14:54:50","13","13","12","69","93","Moderate"
1968077,"6.5751934","3.3954518","2026-07-07 14:54:51","14","14","13","69","94","Moderate"
1968077,"6.575194","3.3954523","2026-07-07 14:54:52","14","14","13","69","93","Moderate"
1968077,"6.5751944","3.3954527","2026-07-07 14:54:53","13","13","12","69","94","Moderate"
1968077,"6.575195","3.3954532","2026-07-07 14:54:54","12","12","11","69","94","Good"
1968077,"6.5751915","3.3954484","2026-07-07 14:54:55","12","12","11","69","94","Good"
1968077,"6.5751915","3.395448","2026-07-07 14:54:56","12","12","11","69","94","Good"
1968077,"6.575192","3.3954484","2026-07-07 14:54:57","12","12","11","69","94","Good"
1968077,"6.5751925","3.3954492","2026-07-07 14:54:58","12","13","11","69","94","Good"
1968077,"6.575193","3.3954496","2026-07-07 14:54:59","13","13","12","69","94","Moderate"
1968077,"6.5751934","3.39545","2026-07-07 14:55:00","13","13","12","69","94","Moderate"
1968077,"6.5751934","3.3954506","2026-07-07 14:55:01","13","13","12","69","94","Moderate"
1968077,"6.575194","3.3954513","2026-07-07 14:55:02","13","13","12","69","94","Moderate"
1968077,"6.5751944","3.3954518","2026-07-07 14:55:03","13","13","12","69","94","Moderate"
1968077,"6.575195","3.3954523","2026-07-07 14:55:04","13","13","12","69","94","Moderate"
1968077,"6.5751953","3.3954527","2026-07-07 14:55:05","13","13","12","69","94","Moderate"
1968077,"6.575192","3.3954506","2026-07-07 14:55:06","13","13","12","69","94","Moderate"
1968077,"6.575192","3.3954508","2026-07-07 14:55:07","13","13","12","69","94","Moderate"
1968077,"6.5751925","3.3954513","2026-07-07 14:55:08","13","13","12","69","94","Moderate"
1968077,"6.5751925","3.3954518","2026-07-07 14:55:09","13","13","12","69","94","Moderate"
1968077,"6.5751934","3.3954525","2026-07-07 14:55:10","13","13","12","69","94","Moderate"
1968077,"6.575193","3.3954518","2026-07-07 14:55:11","12","12","11","69","94","Good"
1968077,"6.5751934","3.395452","2026-07-07 14:55:12","12","12","11","69","94","Good"
1968077,"6.5751934","3.3954525","2026-07-07 14:55:13","13","13","12","69","94","Moderate"
1968077,"6.575194","3.395453","2026-07-07 14:55:14","12","12","11","69","94","Good"
1968077,"6.5751944","3.3954535","2026-07-07 14:55:15","12","12","11","69","94","Good"
1968077,"6.575195","3.3954537","2026-07-07 14:55:16","12","12","11","69","94","Good"
1968077,"6.5751934","3.3954525","2026-07-07 14:55:17","12","12","11","69","94","Good"
1968077,"6.5751934","3.3954525","2026-07-07 14:55:18","12","12","11","69","94","Good"
1968077,"6.5751934","3.3954525","2026-07-07 14:55:19","12","12","11","69","94","Good"
1968077,"6.5751934","3.3954525","2026-07-07 14:55:20","12","12","11","69","94","Good"
1968077,"6.5751934","3.3954527","2026-07-07 14:55:21","13","13","12","69","94","Moderate"
1968077,"6.5751934","3.3954527","2026-07-07 14:55:22","13","13","12","69","94","Moderate"
1968077,"6.575188","3.395447","2026-07-07 14:55:23","13","13","12","69","94","Moderate"
1968077,"6.575187","3.3954458","2026-07-07 14:55:24","13","13","12","69","94","Moderate"
1968077,"6.5751867","3.3954456","2026-07-07 14:55:25","13","13","12","69","94","Moderate"
1968077,"6.5751877","3.3954468","2026-07-07 14:55:26","13","13","12","69","94","Moderate"
1968077,"6.575188","3.3954477","2026-07-07 14:55:27","12","13","11","69","94","Good"
1968077,"6.575189","3.395449","2026-07-07 14:55:28","12","12","11","69","94","Good"
1968077,"6.5751896","3.3954499","2026-07-07 14:55:29","12","12","11","69","94","Good"
1968077,"6.5751905","3.3954506","2026-07-07 14:55:30","12","12","11","69","94","Good"
1968077,"6.575191","3.3954513","2026-07-07 14:55:31","12","12","11","69","94","Good"
1968077,"6.5751915","3.395452","2026-07-07 14:55:32","12","12","11","69","94","Good"
1968077,"6.57519","3.3954508","2026-07-07 14:55:33","12","12","11","69","94","Good"
1968077,"6.57519","3.3954513","2026-07-07 14:55:34","12","12","11","69","94","Good"
1968077,"6.5751905","3.395452","2026-07-07 14:55:35","12","12","11","69","94","Good"
1968077,"6.575191","3.3954527","2026-07-07 14:55:36","13","13","12","69","94","Moderate"
1968077,"6.575192","3.3954535","2026-07-07 14:55:37","12","12","11","68","94","Good"
1968077,"6.5751925","3.3954542","2026-07-07 14:55:38","12","12","11","68","94","Good"
1968077,"6.5751915","3.3954535","2026-07-07 14:55:39","12","12","11","68","94","Good"
1968077,"6.5751915","3.3954537","2026-07-07 14:55:40","12","12","11","68","94","Good"
1968077,"6.575192","3.3954544","2026-07-07 14:55:41","12","12","11","68","94","Good"
1968077,"6.5751925","3.395455","2026-07-07 14:55:42","9","10","8","68","94","Good"
1968077,"6.575193","3.3954556","2026-07-07 14:55:43","9","10","8","68","94","Good"
1968077,"6.5751934","3.3954563","2026-07-07 14:55:44","9","10","8","68","94","Good"
1968077,"6.575194","3.3954568","2026-07-07 14:55:45","10","11","10","68","94","Good"
1968077,"6.5751944","3.3954573","2026-07-07 14:55:46","9","10","8","68","94","Good"
1968077,"6.575195","3.3954577","2026-07-07 14:55:47","9","10","8","68","94","Good"
1968077,"6.5751953","3.3954585","2026-07-07 14:55:48","8","8","7","68","94","Good"
1968077,"6.575194","3.3954551","2026-07-07 14:55:49","8","8","7","68","94","Good"
1968077,"6.575194","3.3954551","2026-07-07 14:55:50","8","8","7","68","94","Good"
1968077,"6.5751944","3.3954558","2026-07-07 14:55:51","9","10","8","68","94","Good"
1968077,"6.575195","3.3954566","2026-07-07 14:55:52","9","10","8","68","94","Good"
1968077,"6.5751953","3.3954573","2026-07-07 14:55:53","8","8","7","68","94","Good"
1968077,"6.575196","3.395458","2026-07-07 14:55:54","9","10","8","68","94","Good"
1968077,"6.575191","3.3954506","2026-07-07 14:55:55","9","10","8","68","94","Good"
1968077,"6.575191","3.3954499","2026-07-07 14:55:56","9","9","8","68","94","Good"
1968077,"6.5751915","3.3954504","2026-07-07 14:55:57","8","8","7","68","94","Good"
1968077,"6.575192","3.3954513","2026-07-07 14:55:58","8","8","7","68","94","Good"
1968077,"6.5751915","3.3954449","2026-07-07 14:56:03","9","10","8","68","94","Good"
1968077,"6.5751925","3.3954465","2026-07-07 14:56:04","9","10","8","68","94","Good"
1968077,"6.5751934","3.3954475","2026-07-07 14:56:05","10","11","10","68","94","Good"
1968077,"6.5751934","3.395448","2026-07-07 14:56:06","12","12","11","68","94","Good"
1968077,"6.5751934","3.3954487","2026-07-07 14:56:07","12","12","11","68","94","Good"
1968077,"6.575194","3.3954494","2026-07-07 14:56:08","12","12","11","68","94","Good"
1968077,"6.575194","3.39545","2026-07-07 14:56:09","12","12","11","68","94","Good"
1968077,"6.575194","3.3954506","2026-07-07 14:56:10","12","12","11","68","94","Good"
1968077,"6.5751944","3.3954513","2026-07-07 14:56:11","12","12","11","68","94","Good"
1968077,"6.575191","3.3954468","2026-07-07 14:56:12","12","12","11","68","94","Good"
1968077,"6.5751905","3.395447","2026-07-07 14:56:13","10","11","10","68","94","Good"
1968077,"6.575191","3.3954475","2026-07-07 14:56:14","11","11","10","68","94","Good"
1968077,"6.5751915","3.395448","2026-07-07 14:56:15","12","12","11","68","94","Good"
1968077,"6.5751915","3.3954484","2026-07-07 14:56:16","12","12","11","68","94","Good"
1968077,"6.5751915","3.3954487","2026-07-07 14:56:17","12","12","11","68","94","Good"
1968077,"6.5751886","3.3954446","2026-07-07 14:56:18","12","12","11","68","94","Good"
1968077,"6.575189","3.395445","2026-07-07 14:56:19","12","12","11","68","94","Good"
1968077,"6.575189","3.3954456","2026-07-07 14:56:20","10","11","10","68","94","Good"
1968077,"6.5751896","3.3954463","2026-07-07 14:56:21","10","11","10","68","94","Good"
1968077,"6.57519","3.3954473","2026-07-07 14:56:22","9","10","8","68","94","Good"
1968077,"6.5751905","3.3954482","2026-07-07 14:56:23","9","10","8","68","94","Good"
1968077,"6.575191","3.3954487","2026-07-07 14:56:24","9","10","8","68","94","Good"
1968077,"6.5751915","3.3954494","2026-07-07 14:56:25","9","10","8","68","94","Good"
1968077,"6.5751915","3.39545","2026-07-07 14:56:26","9","10","8","68","94","Good"
1968077,"6.575192","3.3954506","2026-07-07 14:56:27","9","10","8","68","94","Good"
1968077,"6.575192","3.3954506","2026-07-07 14:56:28","9","10","8","68","94","Good"
1968077,"6.5751886","3.3954458","2026-07-07 14:56:29","8","8","7","68","94","Good"
1968077,"6.5751886","3.3954458","2026-07-07 14:56:30","10","11","10","68","94","Good"
1968077,"6.5751886","3.3954463","2026-07-07 14:56:31","10","11","10","68","94","Good"
1968077,"6.575189","3.395447","2026-07-07 14:56:32","10","11","10","68","94","Good"
1968077,"6.5751896","3.3954477","2026-07-07 14:56:33","9","10","8","68","94","Good"
1968077,"6.5751886","3.3954463","2026-07-07 14:56:34","9","10","8","68","94","Good"
1968077,"6.575188","3.3954458","2026-07-07 14:56:35","9","10","8","68","94","Good"
1968077,"6.575188","3.395446","2026-07-07 14:56:36","10","11","10","68","94","Good"
1968077,"6.5751886","3.3954468","2026-07-07 14:56:37","10","11","10","68","94","Good"
1968077,"6.575189","3.3954475","2026-07-07 14:56:38","12","12","11","68","94","Good"
1968077,"6.5751896","3.395448","2026-07-07 14:56:39","12","12","11","68","94","Good"
1968077,"6.575188","3.3954458","2026-07-07 14:56:40","12","12","11","68","94","Good"
1968077,"6.575188","3.3954458","2026-07-07 14:56:41","12","12","11","68","94","Good"
1968077,"6.5751886","3.3954465","2026-07-07 14:56:42","12","12","11","68","94","Good"
1968077,"6.575189","3.3954473","2026-07-07 14:56:43","12","12","11","68","94","Good"
1968077,"6.575189","3.395448","2026-07-07 14:56:44","12","12","11","68","94","Good"
1968077,"6.5751896","3.3954487","2026-07-07 14:56:45","12","12","11","68","94","Good"
1968077,"6.57519","3.3954492","2026-07-07 14:56:46","10","11","10","68","94","Good"
1968077,"6.57519","3.3954499","2026-07-07 14:56:47","10","11","10","68","94","Good"
1968077,"6.5751905","3.3954504","2026-07-07 14:56:48","10","11","10","68","94","Good"
1968077,"6.575191","3.3954508","2026-07-07 14:56:49","10","11","10","68","94","Good"
1968077,"6.575191","3.3954513","2026-07-07 14:56:50","10","11","10","68","94","Good"
1968077,"6.5751915","3.3954518","2026-07-07 14:56:51","10","11","10","67","94","Good"
1968077,"6.575192","3.3954525","2026-07-07 14:56:52","10","11","10","67","94","Good"
1968077,"6.5751925","3.395453","2026-07-07 14:56:53","10","11","10","67","94","Good"
1968077,"6.575195","3.3954558","2026-07-07 14:56:54","10","11","10","67","94","Good"
1968077,"6.5751967","3.395458","2026-07-07 14:56:55","10","11","10","67","94","Good"
1968077,"6.575198","3.3954597","2026-07-07 14:56:56","10","11","10","67","94","Good"
1968077,"6.575197","3.3954573","2026-07-07 14:56:57","12","12","11","67","94","Good"
1968077,"6.575197","3.3954573","2026-07-07 14:56:58","11","11","10","67","94","Good"
1968077,"6.575197","3.3954575","2026-07-07 14:56:59","10","11","10","67","94","Good"
1968077,"6.5751977","3.3954577","2026-07-07 14:57:00","12","12","11","67","94","Good"
1968077,"6.5751977","3.3954582","2026-07-07 14:57:01","12","12","11","67","94","Good"
1968077,"6.575198","3.3954585","2026-07-07 14:57:02","13","13","12","67","94","Moderate"
1968077,"6.575198","3.3954587","2026-07-07 14:57:03","13","13","12","67","94","Moderate"
1968077,"6.5751987","3.3954592","2026-07-07 14:57:04","13","13","12","67","94","Moderate"
1968077,"6.5751987","3.3954594","2026-07-07 14:57:05","13","13","12","67","94","Moderate"
1968077,"6.575199","3.3954597","2026-07-07 14:57:06","13","13","12","67","94","Moderate"
1968077,"6.575199","3.39546","2026-07-07 14:57:07","12","12","11","67","94","Good"
1968077,"6.5751967","3.395456","2026-07-07 14:57:08","12","12","11","68","94","Good"
1968077,"6.5751967","3.395456","2026-07-07 14:57:09","12","12","11","68","94","Good"
1968077,"6.575197","3.3954566","2026-07-07 14:57:10","12","12","11","68","94","Good"
1968077,"6.575197","3.395457","2026-07-07 14:57:11","12","12","11","68","94","Good"
1968077,"6.575198","3.3954575","2026-07-07 14:57:12","12","12","11","68","94","Good"
1968077,"6.5751953","3.3954527","2026-07-07 14:57:13","12","12","11","68","94","Good"
1968077,"6.575195","3.3954525","2026-07-07 14:57:14","10","11","10","68","94","Good"
1968077,"6.5751953","3.3954532","2026-07-07 14:57:15","10","11","10","68","94","Good"
1968077,"6.575196","3.395454","2026-07-07 14:57:16","10","11","10","68","94","Good"
1968077,"6.575196","3.395455","2026-07-07 14:57:17","10","11","10","68","94","Good"
1968077,"6.575192","3.3954458","2026-07-07 14:57:18","10","11","10","68","94","Good"
1968077,"6.575192","3.3954458","2026-07-07 14:57:19","10","11","10","68","94","Good"
1968077,"6.5751925","3.3954465","2026-07-07 14:57:20","10","10","9","68","94","Good"
1968077,"6.575193","3.3954473","2026-07-07 14:57:21","8","8","7","68","94","Good"
1968077,"6.575194","3.3954484","2026-07-07 14:57:22","8","8","7","68","94","Good"
1968077,"6.575194","3.3954494","2026-07-07 14:57:23","8","8","7","68","94","Good"
1968077,"6.5751886","3.3954425","2026-07-07 14:57:24","8","8","7","68","94","Good"
1968077,"6.575188","3.3954422","2026-07-07 14:57:26","8","8","7","68","94","Good"
1968077,"6.5751886","3.3954432","2026-07-07 14:57:27","8","8","7","67","94","Good"
1968077,"6.575189","3.3954444","2026-07-07 14:57:28","9","10","8","67","94","Good"
1968077,"6.575185","3.3954375","2026-07-07 14:57:29","9","10","8","67","94","Good"
1968077,"6.5751843","3.395437","2026-07-07 14:57:30","8","8","7","67","94","Good"
1968077,"6.575185","3.395438","2026-07-07 14:57:31","8","8","7","67","94","Good"
1968077,"6.5751853","3.3954391","2026-07-07 14:57:32","9","10","8","67","94","Good"
1968077,"6.575186","3.39544","2026-07-07 14:57:33","9","10","8","67","94","Good"
1968077,"6.5751863","3.3954413","2026-07-07 14:57:34","9","10","8","67","94","Good"
1968077,"6.5751843","3.3954399","2026-07-07 14:57:35","10","11","10","67","94","Good"
1968077,"6.575185","3.3954406","2026-07-07 14:57:36","10","11","10","67","94","Good"
1968077,"6.5751853","3.3954415","2026-07-07 14:57:37","10","11","10","67","94","Good"
1968077,"6.575186","3.3954427","2026-07-07 14:57:38","9","10","8","67","94","Good"
1968077,"6.5751867","3.3954444","2026-07-07 14:57:39","9","10","8","67","94","Good"
1968077,"6.5751863","3.3954444","2026-07-07 14:57:40","9","10","8","67","94","Good"
1968077,"6.575186","3.395445","2026-07-07 14:57:41","9","10","8","67","94","Good"
1968077,"6.575187","3.3954465","2026-07-07 14:57:42","9","10","8","67","94","Good"
1968077,"6.5751886","3.3954477","2026-07-07 14:57:43","9","10","8","67","94","Good"
1968077,"6.575189","3.3954492","2026-07-07 14:57:44","9","10","8","67","94","Good"
1968077,"6.57519","3.3954506","2026-07-07 14:57:45","9","10","8","68","94","Good"
1968077,"6.5751896","3.3954506","2026-07-07 14:57:46","9","10","8","68","94","Good"
1968077,"6.57519","3.3954518","2026-07-07 14:57:47","10","11","10","68","94","Good"
1968077,"6.575191","3.395453","2026-07-07 14:57:48","12","12","11","68","94","Good"
1968077,"6.5751915","3.3954542","2026-07-07 14:57:49","12","12","11","68","94","Good"
1968077,"6.5751925","3.3954551","2026-07-07 14:57:50","12","12","11","68","94","Good"
1968077,"6.5751905","3.395451","2026-07-07 14:57:51","10","11","10","68","94","Good"
1968077,"6.57519","3.3954506","2026-07-07 14:57:52","10","11","10","68","94","Good"
1968077,"6.5751905","3.3954515","2026-07-07 14:57:53","10","11","10","68","94","Good"
1968077,"6.575191","3.3954525","2026-07-07 14:57:54","10","11","10","68","94","Good"
1968077,"6.575192","3.3954537","2026-07-07 14:57:55","10","11","10","68","94","Good"
1968077,"6.5751925","3.3954546","2026-07-07 14:57:56","10","11","10","68","94","Good"
1968077,"6.5751915","3.3954532","2026-07-07 14:57:57","10","11","10","68","94","Good"
1968077,"6.5751915","3.3954537","2026-07-07 14:57:58","10","11","10","68","94","Good"
1968077,"6.575192","3.395455","2026-07-07 14:57:59","10","11","10","68","94","Good"
1968077,"6.575193","3.395456","2026-07-07 14:58:00","10","11","10","68","94","Good"
1968077,"6.5751934","3.395457","2026-07-07 14:58:01","10","11","10","68","94","Good"
1968077,"6.575191","3.3954554","2026-07-07 14:58:02","10","11","10","68","94","Good"
1968077,"6.575191","3.3954558","2026-07-07 14:58:03","10","11","10","68","94","Good"
1968077,"6.5751915","3.3954568","2026-07-07 14:58:04","12","12","11","68","94","Good"
1968077,"6.575192","3.395458","2026-07-07 14:58:05","12","12","11","67","94","Good"
1968077,"6.5751925","3.395459","2026-07-07 14:58:06","12","13","11","67","94","Good"
1968077,"6.575193","3.39546","2026-07-07 14:58:07","13","13","12","67","94","Moderate"
1968077,"6.5751896","3.3954546","2026-07-07 14:58:08","13","13","12","67","94","Moderate"
1968077,"6.5751896","3.395455","2026-07-07 14:58:09","13","13","12","67","94","Moderate"
1968077,"6.57519","3.395456","2026-07-07 14:58:10","13","13","12","67","94","Moderate"
1968077,"6.575191","3.3954573","2026-07-07 14:58:11","14","14","13","67","94","Moderate"
1968077,"6.5751915","3.3954585","2026-07-07 14:58:12","14","14","13","67","94","Moderate"
1968077,"6.575192","3.39546","2026-07-07 14:58:13","13","13","12","67","94","Moderate"
1968077,"6.5751925","3.395461","2026-07-07 14:58:14","13","13","12","67","94","Moderate"
1968077,"6.575193","3.395462","2026-07-07 14:58:15","13","13","12","67","94","Moderate"
1968077,"6.5751934","3.3954628","2026-07-07 14:58:16","13","13","12","67","94","Moderate"
1968077,"6.575194","3.3954637","2026-07-07 14:58:17","13","13","12","67","94","Moderate"
1968077,"6.5751944","3.3954644","2026-07-07 14:58:18","13","13","12","67","94","Moderate"
1968077,"6.575191","3.3954606","2026-07-07 14:58:19","13","13","12","67","94","Moderate"
1968077,"6.575191","3.3954608","2026-07-07 14:58:20","13","13","12","67","94","Moderate"
1968077,"6.575191","3.3954616","2026-07-07 14:58:21","13","13","12","67","94","Moderate"
1968077,"6.5751915","3.3954623","2026-07-07 14:58:22","13","13","12","67","94","Moderate"
1968077,"6.575192","3.395463","2026-07-07 14:58:23","13","13","12","67","94","Moderate"
1968077,"6.5751925","3.395464","2026-07-07 14:58:24","13","13","12","67","94","Moderate"
1968077,"6.575193","3.3954647","2026-07-07 14:58:25","12","12","11","67","94","Good"
1968077,"6.5751934","3.3954654","2026-07-07 14:58:26","12","12","11","67","94","Good"
1968077,"6.575194","3.3954659","2026-07-07 14:58:27","12","12","11","67","94","Good"
1968077,"6.575194","3.3954666","2026-07-07 14:58:28","12","12","11","67","94","Good"
1968077,"6.5751944","3.3954673","2026-07-07 14:58:29","12","12","11","67","94","Good"
1968077,"6.575195","3.3954678","2026-07-07 14:58:30","12","12","11","67","94","Good"
1968077,"6.5751953","3.3954682","2026-07-07 14:58:31","12","12","11","67","94","Good"
1968077,"6.5751953","3.3954687","2026-07-07 14:58:32","10","11","10","67","94","Good"
1968077,"6.575197","3.3954716","2026-07-07 14:58:33","10","11","10","67","94","Good"
1968077,"6.5751977","3.395474","2026-07-07 14:58:34","10","11","10","67","94","Good"
1968077,"6.5751987","3.3954754","2026-07-07 14:58:35","9","10","8","67","94","Good"
1968077,"6.575197","3.3954732","2026-07-07 14:58:36","9","10","8","67","94","Good"
1968077,"6.575197","3.3954735","2026-07-07 14:58:37","9","10","8","67","94","Good"
1968077,"6.575197","3.3954737","2026-07-07 14:58:38","9","10","8","67","94","Good"
1968077,"6.575197","3.3954742","2026-07-07 14:58:39","9","10","8","67","94","Good"
1968077,"6.5751977","3.3954744","2026-07-07 14:58:40","9","10","8","67","94","Good"
1968077,"6.575194","3.3954723","2026-07-07 14:58:41","10","11","10","67","94","Good"
1968077,"6.5751934","3.3954723","2026-07-07 14:58:42","10","11","10","67","94","Good"
1968077,"6.575194","3.3954725","2026-07-07 14:58:43","10","11","10","67","94","Good"
1968077,"6.575194","3.3954728","2026-07-07 14:58:44","10","11","10","67","94","Good"
1968077,"6.575194","3.3954732","2026-07-07 14:58:45","10","11","10","67","94","Good"
1968077,"6.5751944","3.3954735","2026-07-07 14:58:46","10","11","10","67","94","Good"
1968077,"6.575192","3.3954701","2026-07-07 14:58:47","10","11","10","67","94","Good"
1968077,"6.575192","3.3954697","2026-07-07 14:58:48","10","11","10","67","94","Good"
1968077,"6.575192","3.39547","2026-07-07 14:58:49","10","11","10","67","94","Good"
1968077,"6.5751925","3.3954701","2026-07-07 14:58:50","10","11","10","67","94","Good"
1968077,"6.5751925","3.3954706","2026-07-07 14:58:51","10","11","10","67","94","Good"
1968077,"6.575188","3.3954675","2026-07-07 14:58:52","10","11","10","67","94","Good"
1968077,"6.575187","3.3954666","2026-07-07 14:58:53","9","10","8","67","94","Good"
1968077,"6.575187","3.3954666","2026-07-07 14:58:54","9","10","8","67","94","Good"
1968077,"6.5751877","3.3954668","2026-07-07 14:58:55","8","8","7","67","94","Good"
1968077,"6.575188","3.3954673","2026-07-07 14:58:56","9","10","8","67","94","Good"
1968077,"6.5751886","3.3954678","2026-07-07 14:58:57","9","10","8","67","94","Good"
1968077,"6.5751843","3.3954642","2026-07-07 14:58:58","9","10","8","67","94","Good"
1968077,"6.575184","3.3954637","2026-07-07 14:58:59","9","10","8","67","94","Good"
1968077,"6.575184","3.395464","2026-07-07 14:59:00","9","10","8","67","94","Good"
1968077,"6.5751843","3.3954642","2026-07-07 14:59:01","9","10","8","67","94","Good"
1968077,"6.575185","3.3954647","2026-07-07 14:59:02","9","10","8","67","94","Good"
1968077,"6.575185","3.3954647","2026-07-07 14:59:03","9","10","8","67","94","Good"
1968077,"6.5751834","3.3954625","2026-07-07 14:59:04","9","10","8","67","94","Good"
1968077,"6.575184","3.395463","2026-07-07 14:59:05","9","10","8","67","94","Good"
1968077,"6.575185","3.395464","2026-07-07 14:59:06","9","10","8","67","94","Good"
1968077,"6.5751853","3.3954644","2026-07-07 14:59:07","9","10","8","67","94","Good"
1968077,"6.575186","3.3954651","2026-07-07 14:59:08","9","10","8","67","94","Good"
1968077,"6.5751834","3.395461","2026-07-07 14:59:09","9","10","8","67","94","Good"
1968077,"6.5751834","3.3954616","2026-07-07 14:59:10","9","10","8","67","94","Good"
1968077,"6.5751843","3.3954623","2026-07-07 14:59:11","9","10","8","67","94","Good"
1968077,"6.575185","3.3954632","2026-07-07 14:59:12","9","10","8","67","94","Good"
1968077,"6.575186","3.3954642","2026-07-07 14:59:13","9","10","8","67","94","Good"
1968077,"6.575186","3.3954651","2026-07-07 14:59:14","9","10","8","67","94","Good"
1968077,"6.575184","3.3954637","2026-07-07 14:59:15","9","10","8","67","94","Good"
1968077,"6.5751843","3.3954644","2026-07-07 14:59:16","10","11","10","67","94","Good"
1968077,"6.5751853","3.3954654","2026-07-07 14:59:17","10","11","10","67","94","Good"
1968077,"6.575186","3.395466","2026-07-07 14:59:18","9","10","8","67","94","Good"
1968077,"6.5751867","3.395467","2026-07-07 14:59:19","9","10","8","67","95","Good"
1968077,"6.5751805","3.395459","2026-07-07 14:59:20","9","10","8","67","94","Good"
1968077,"6.5751805","3.3954582","2026-07-07 14:59:21","8","8","7","67","94","Good"
1968077,"6.575181","3.3954592","2026-07-07 14:59:22","8","8","7","67","95","Good"
1968077,"6.575182","3.3954601","2026-07-07 14:59:23","8","8","7","67","94","Good"
1968077,"6.575183","3.395461","2026-07-07 14:59:24","8","8","7","67","94","Good"
1968077,"6.5751834","3.395462","2026-07-07 14:59:25","8","8","7","67","94","Good"
1968077,"6.575177","3.395455","2026-07-07 14:59:26","8","8","7","67","94","Good"
1968077,"6.575177","3.395455","2026-07-07 14:59:27","8","8","7","67","95","Good"
1968077,"6.5751777","3.3954554","2026-07-07 14:59:28","7","7","6","67","94","Good"
1968077,"6.5751786","3.3954563","2026-07-07 14:59:29","7","7","6","67","95","Good"
1968077,"6.5751786","3.3954563","2026-07-07 14:59:30","7","7","6","67","95","Good"
1968077,"6.5751777","3.3954537","2026-07-07 14:59:31","7","7","6","67","95","Good"
1968077,"6.5751786","3.3954535","2026-07-07 14:59:32","8","8","7","67","95","Good"
1968077,"6.5751796","3.3954544","2026-07-07 14:59:33","8","8","7","67","94","Good"
1968077,"6.5751796","3.395455","2026-07-07 14:59:34","8","8","7","67","95","Good"
1968077,"6.5751815","3.395457","2026-07-07 14:59:35","8","8","7","67","95","Good"
1968077,"6.575183","3.3954592","2026-07-07 14:59:36","8","8","7","67","95","Good"
1968077,"6.575184","3.395461","2026-07-07 14:59:37","9","10","8","67","95","Good"
1968077,"6.5751834","3.3954613","2026-07-07 14:59:38","9","10","8","67","95","Good"
1968077,"6.575186","3.3954651","2026-07-07 14:59:39","10","11","10","67","95","Good"
1968077,"6.575187","3.395467","2026-07-07 14:59:40","10","11","10","67","95","Good"
1968077,"6.575188","3.3954687","2026-07-07 14:59:41","10","11","10","67","95","Good"
1968077,"6.575185","3.3954654","2026-07-07 14:59:42","10","11","10","67","95","Good"
1968077,"6.5751853","3.395466","2026-07-07 14:59:43","10","11","10","67","95","Good"
1968077,"6.5751867","3.395468","2026-07-07 14:59:44","10","11","10","67","95","Good"
1968077,"6.575189","3.3954697","2026-07-07 14:59:45","10","11","10","67","95","Good"
1968077,"6.5751896","3.395471","2026-07-07 14:59:46","10","11","10","67","95","Good"
1968077,"6.575191","3.3954718","2026-07-07 14:59:47","10","11","10","67","95","Good"
1968077,"6.575189","3.3954694","2026-07-07 14:59:48","10","11","10","67","95","Good"
1968077,"6.5751886","3.3954694","2026-07-07 14:59:49","12","12","11","67","95","Good"
1968077,"6.57519","3.3954706","2026-07-07 14:59:50","12","12","11","67","95","Good"
1968077,"6.5751915","3.3954728","2026-07-07 14:59:51","12","12","11","67","95","Good"
1968077,"6.575193","3.395474","2026-07-07 14:59:52","12","12","11","67","95","Good"
1968077,"6.575194","3.395475","2026-07-07 14:59:53","12","12","11","67","95","Good"
1968077,"6.575196","3.3954766","2026-07-07 14:59:54","12","12","11","67","95","Good"
1968077,"6.5751967","3.3954785","2026-07-07 14:59:55","12","12","11","67","95","Good"
1968077,"6.575197","3.395479","2026-07-07 14:59:56","12","12","11","67","95","Good"
1968077,"6.5751987","3.39548","2026-07-07 14:59:57","12","12","11","67","95","Good"
1968077,"6.5751953","3.3954725","2026-07-07 14:59:58","10","11","10","67","95","Good"
1968077,"6.5751953","3.3954728","2026-07-07 14:59:59","10","11","10","67","95","Good"
1968077,"6.5751977","3.3954747","2026-07-07 15:00:00","12","12","11","67","95","Good"
1968077,"6.575201","3.3954766","2026-07-07 15:00:01","12","12","11","67","95","Good"
1968077,"6.5752034","3.3954785","2026-07-07 15:00:02","10","11","10","67","95","Good"
1968077,"6.575206","3.3954806","2026-07-07 15:00:03","10","11","10","67","95","Good"
1968077,"6.5752034","3.3954775","2026-07-07 15:00:04","9","10","8","67","95","Good"
1968077,"6.575203","3.3954768","2026-07-07 15:00:05","10","11","10","67","95","Good"
1968077,"6.575204","3.3954782","2026-07-07 15:00:06","10","11","10","67","95","Good"
1968077,"6.575206","3.3954797","2026-07-07 15:00:07","10","11","10","67","95","Good"
1968077,"6.5752063","3.3954804","2026-07-07 15:00:08","10","11","10","67","95","Good"
1968077,"6.5752096","3.395483","2026-07-07 15:00:09","9","10","8","67","95","Good"
1968077,"6.5752096","3.3954797","2026-07-07 15:00:10","9","10","8","67","95","Good"
1968077,"6.5752106","3.395479","2026-07-07 15:00:11","12","12","11","68","95","Good"
1968077,"6.575212","3.395479","2026-07-07 15:00:12","12","12","11","68","95","Good"
1968077,"6.5752125","3.3954792","2026-07-07 15:00:13","12","12","11","68","95","Good"
1968077,"6.575213","3.3954797","2026-07-07 15:00:14","12","12","11","68","95","Good"
1968077,"6.5752134","3.3954802","2026-07-07 15:00:15","12","12","11","68","95","Good"
1968077,"6.5752144","3.395481","2026-07-07 15:00:16","13","13","12","69","95","Moderate"
1968077,"6.575217","3.3954823","2026-07-07 15:00:17","13","13","12","69","95","Moderate"
1968077,"6.5752172","3.3954833","2026-07-07 15:00:18","12","12","11","69","95","Good"
1968077,"6.5752187","3.3954837","2026-07-07 15:00:19","13","13","12","69","95","Moderate"
1968077,"6.575219","3.3954835","2026-07-07 15:00:20","13","13","12","69","95","Moderate"
1968077,"6.575218","3.3954823","2026-07-07 15:00:21","13","13","12","69","95","Moderate"
1968077,"6.575218","3.395482","2026-07-07 15:00:22","13","13","12","69","95","Moderate"
1968077,"6.5752187","3.3954823","2026-07-07 15:00:23","13","13","12","69","95","Moderate"
1968077,"6.57522","3.3954825","2026-07-07 15:00:24","13","13","12","69","95","Moderate"
1968077,"6.5752196","3.3954835","2026-07-07 15:00:25","10","11","10","69","95","Good"
1968077,"6.5752196","3.3954844","2026-07-07 15:00:26","12","12","11","69","95","Good"
1968077,"6.5752206","3.3954847","2026-07-07 15:00:27","12","12","11","69","95","Good"
1968077,"6.575221","3.3954847","2026-07-07 15:00:28","13","13","12","69","95","Moderate"
1968077,"6.5752215","3.395485","2026-07-07 15:00:29","13","13","12","69","95","Moderate"
1968077,"6.5752215","3.3954852","2026-07-07 15:00:30","13","13","12","69","95","Moderate"
1968077,"6.575222","3.3954854","2026-07-07 15:00:31","12","12","11","69","95","Good"
1968077,"6.5752215","3.3954825","2026-07-07 15:00:32","12","12","11","69","95","Good"
1968077,"6.575222","3.395482","2026-07-07 15:00:33","10","11","10","69","95","Good"
1968077,"6.575222","3.3954823","2026-07-07 15:00:34","12","12","11","69","95","Good"
1968077,"6.5752225","3.3954825","2026-07-07 15:00:35","12","12","11","69","95","Good"
1968077,"6.5752225","3.3954828","2026-07-07 15:00:36","12","12","11","68","95","Good"
1968077,"6.575223","3.395483","2026-07-07 15:00:37","10","11","10","68","95","Good"
1968077,"6.575221","3.395481","2026-07-07 15:00:38","10","11","10","68","95","Good"
1968077,"6.575221","3.395481","2026-07-07 15:00:39","11","11","10","68","95","Good"
1968077,"6.5752215","3.3954816","2026-07-07 15:00:40","13","13","12","68","95","Moderate"
1968077,"6.575222","3.3954818","2026-07-07 15:00:41","13","13","12","68","95","Moderate"
1968077,"6.575222","3.395483","2026-07-07 15:00:42","13","13","12","68","95","Moderate"
1968077,"6.5752206","3.3954813","2026-07-07 15:00:43","12","12","11","68","95","Good"
1968077,"6.5752225","3.395483","2026-07-07 15:00:44","10","11","10","68","95","Good"
1968077,"6.575225","3.3954844","2026-07-07 15:00:45","10","11","10","68","95","Good"
1968077,"6.575226","3.3954856","2026-07-07 15:00:46","12","12","11","68","95","Good"
1968077,"6.575227","3.3954868","2026-07-07 15:00:47","11","11","10","68","95","Good"
1968077,"6.575228","3.3954878","2026-07-07 15:00:48","10","11","10","68","95","Good"
1968077,"6.575227","3.395487","2026-07-07 15:00:49","12","12","11","68","95","Good"
1968077,"6.5752273","3.3954878","2026-07-07 15:00:50","12","12","11","68","95","Good"
1968077,"6.5752287","3.395489","2026-07-07 15:00:51","12","12","11","67","95","Good"
1968077,"6.57523","3.3954892","2026-07-07 15:00:52","10","11","10","67","95","Good"
1968077,"6.5752316","3.395489","2026-07-07 15:00:53","10","11","10","67","95","Good"
1968077,"6.5752325","3.3954887","2026-07-07 15:00:54","11","11","10","67","95","Good"
1968077,"6.5752335","3.3954897","2026-07-07 15:00:55","12","12","11","67","95","Good"
1968077,"6.5752344","3.3954904","2026-07-07 15:00:56","12","12","11","67","95","Good"
1968077,"6.5752354","3.3954906","2026-07-07 15:00:57","12","12","11","67","95","Good"
1968077,"6.5752363","3.395491","2026-07-07 15:00:58","12","12","11","67","95","Good"
1968077,"6.575237","3.3954911","2026-07-07 15:00:59","12","12","11","67","95","Good"
1968077,"6.575237","3.3954918","2026-07-07 15:01:00","12","12","11","67","95","Good"
1968077,"6.575237","3.395493","2026-07-07 15:01:01","12","12","11","67","95","Good"
1968077,"6.5752378","3.3954947","2026-07-07 15:01:02","13","13","12","67","95","Moderate"
1968077,"6.5752378","3.3954957","2026-07-07 15:01:03","13","13","12","67","95","Moderate"
1968077,"6.5752378","3.3954966","2026-07-07 15:01:04","13","13","12","67","95","Moderate"
1968077,"6.575236","3.395492","2026-07-07 15:01:05","13","13","12","67","95","Moderate"
1968077,"6.5752354","3.395491","2026-07-07 15:01:06","13","13","12","67","95","Moderate"
1968077,"6.575236","3.3954918","2026-07-07 15:01:07","12","12","11","67","95","Good"
1968077,"6.575236","3.395493","2026-07-07 15:01:08","12","12","11","67","95","Good"
1968077,"6.5752363","3.3954933","2026-07-07 15:01:09","11","11","10","67","95","Good"
1968077,"6.575237","3.3954935","2026-07-07 15:01:10","10","11","10","67","95","Good"
1968077,"6.575236","3.395491","2026-07-07 15:01:11","10","11","10","67","95","Good"
1968077,"6.5752363","3.3954911","2026-07-07 15:01:12","10","11","10","67","95","Good"
1968077,"6.5752363","3.3954914","2026-07-07 15:01:13","12","12","11","66","95","Good"
1968077,"6.5752373","3.3954926","2026-07-07 15:01:14","12","12","11","66","95","Good"
1968077,"6.5752373","3.3954933","2026-07-07 15:01:15","12","12","11","67","95","Good"
1968077,"6.5752378","3.3954935","2026-07-07 15:01:16","9","10","8","67","95","Good"
1968077,"6.575238","3.3954937","2026-07-07 15:01:17","8","8","7","67","95","Good"
1968077,"6.575238","3.3954937","2026-07-07 15:01:18","9","10","8","67","95","Good"
1968077,"6.575238","3.395494","2026-07-07 15:01:19","10","11","10","67","95","Good"
1968077,"6.5752387","3.3954937","2026-07-07 15:01:20","10","11","10","67","95","Good"
1968077,"6.5752387","3.3954937","2026-07-07 15:01:21","10","11","10","67","95","Good"
1968077,"6.5752387","3.3954935","2026-07-07 15:01:22","12","12","11","67","95","Good"
1968077,"6.5752387","3.3954937","2026-07-07 15:01:23","12","12","11","67","95","Good"
1968077,"6.5752387","3.3954937","2026-07-07 15:01:24","12","12","11","67","95","Good"
1968077,"6.5752387","3.3954937","2026-07-07 15:01:25","13","13","12","67","95","Moderate"
1968077,"6.5752387","3.395494","2026-07-07 15:01:26","12","12","11","67","95","Good"
1968077,"6.5752363","3.3954928","2026-07-07 15:01:27","12","12","11","67","95","Good"
1968077,"6.5752363","3.3954923","2026-07-07 15:01:28","10","11","10","67","95","Good"
1968077,"6.575237","3.3954926","2026-07-07 15:01:29","10","11","10","67","95","Good"
1968077,"6.5752363","3.3954928","2026-07-07 15:01:30","10","11","10","67","95","Good"
1968077,"6.5752363","3.3954935","2026-07-07 15:01:31","10","11","10","67","95","Good"
1968077,"6.575237","3.3954942","2026-07-07 15:01:32","9","10","8","66","95","Good"
1968077,"6.575237","3.3954954","2026-07-07 15:01:33","9","10","8","66","95","Good"
1968077,"6.575237","3.3954961","2026-07-07 15:01:34","9","10","8","66","95","Good"
1968077,"6.5752363","3.3954964","2026-07-07 15:01:35","9","10","8","66","95","Good"
1968077,"6.5752363","3.3954961","2026-07-07 15:01:36","9","10","8","66","95","Good"
1968077,"6.5752363","3.3954968","2026-07-07 15:01:37","9","10","8","66","95","Good"
1968077,"6.5752363","3.3954973","2026-07-07 15:01:38","9","10","8","66","95","Good"
1968077,"6.5752373","3.3954985","2026-07-07 15:01:39","9","10","8","66","95","Good"
1968077,"6.5752363","3.3955","2026-07-07 15:01:40","9","10","8","66","95","Good"
1968077,"6.575236","3.3955","2026-07-07 15:01:41","9","10","8","66","95","Good"
1968077,"6.5752344","3.395499","2026-07-07 15:01:42","8","8","7","66","95","Good"
1968077,"6.5752316","3.3954942","2026-07-07 15:01:43","8","8","7","66","95","Good"
1968077,"6.575221","3.3954785","2026-07-07 15:01:44","9","10","8","66","95","Good"
1968077,"6.575216","3.395468","2026-07-07 15:01:45","10","11","10","66","95","Good"
1968077,"6.5752096","3.3954563","2026-07-07 15:01:46","9","10","8","66","95","Good"
1968077,"6.5752044","3.3954477","2026-07-07 15:01:47","9","10","8","66","95","Good"
1968077,"6.5752","3.3954406","2026-07-07 15:01:48","9","10","8","66","95","Good"
1968077,"6.5751915","3.3954291","2026-07-07 15:01:49","9","10","8","66","95","Good"
1968077,"6.575188","3.395423","2026-07-07 15:01:50","9","10","8","66","95","Good"
1968077,"6.5751867","3.3954167","2026-07-07 15:01:51","9","10","8","66","95","Good"
1968077,"6.575185","3.3954115","2026-07-07 15:01:52","9","10","8","66","95","Good"
1968077,"6.575184","3.3954039","2026-07-07 15:01:53","8","8","7","66","95","Good"
1968077,"6.5751834","3.3953972","2026-07-07 15:01:54","8","8","7","66","95","Good"
1968077,"6.5751815","3.395388","2026-07-07 15:01:55","8","8","7","66","95","Good"
1968077,"6.5751824","3.3953826","2026-07-07 15:01:56","8","8","7","66","95","Good"
1968077,"6.5751867","3.3953786","2026-07-07 15:01:57","8","8","7","66","95","Good"
1968077,"6.5751886","3.3953767","2026-07-07 15:01:58","7","7","6","66","95","Good"
1968077,"6.575189","3.3953738","2026-07-07 15:01:59","7","7","6","66","95","Good"
1968077,"6.575189","3.3953688","2026-07-07 15:02:00","7","7","6","66","95","Good"
1968077,"6.575189","3.3953657","2026-07-07 15:02:01","7","7","6","66","95","Good"
1968077,"6.575191","3.3953657","2026-07-07 15:02:02","6","6","5","66","95","Good"
1968077,"6.575193","3.3953657","2026-07-07 15:02:03","6","7","6","67","95","Good"
1968077,"6.575194","3.3953655","2026-07-07 15:02:04","7","7","6","67","95","Good"
1968077,"6.5751953","3.395366","2026-07-07 15:02:05","8","8","7","67","95","Good"
1968077,"6.5751915","3.3953605","2026-07-07 15:02:06","8","8","7","67","95","Good"
1968077,"6.575192","3.3953605","2026-07-07 15:02:07","8","8","7","67","95","Good"
1968077,"6.5751934","3.3953593","2026-07-07 15:02:08","8","8","7","67","95","Good"
1968077,"6.575194","3.395356","2026-07-07 15:02:09","8","8","7","67","95","Good"
1968077,"6.575194","3.3953514","2026-07-07 15:02:10","8","8","7","67","95","Good"
1968077,"6.5751963","3.3953474","2026-07-07 15:02:11","9","10","8","67","95","Good"
1968077,"6.575199","3.3953433","2026-07-07 15:02:12","8","8","7","67","95","Good"
1968077,"6.5752006","3.395343","2026-07-07 15:02:13","8","8","7","67","95","Good"
1968077,"6.5752015","3.3953424","2026-07-07 15:02:14","9","10","8","66","95","Good"
1968077,"6.575201","3.395341","2026-07-07 15:02:15","10","11","10","66","95","Good"
1968077,"6.575201","3.39534","2026-07-07 15:02:16","10","11","10","66","95","Good"
1968077,"6.5751987","3.3953352","2026-07-07 15:02:17","10","11","10","66","95","Good"
1968077,"6.575199","3.3953323","2026-07-07 15:02:18","10","11","10","66","95","Good"
1968077,"6.5752","3.3953311","2026-07-07 15:02:19","9","10","8","66","95","Good"
1968077,"6.575201","3.395331","2026-07-07 15:02:20","9","10","8","65","95","Good"
1968077,"6.5752015","3.3953297","2026-07-07 15:02:21","8","8","7","65","95","Good"
1968077,"6.5752015","3.3953295","2026-07-07 15:02:22","8","8","7","65","95","Good"
1968077,"6.5751967","3.3953247","2026-07-07 15:02:23","8","8","7","65","95","Good"
1968077,"6.5751963","3.3953228","2026-07-07 15:02:24","8","8","7","65","95","Good"
1968077,"6.5751963","3.3953216","2026-07-07 15:02:25","9","10","8","65","95","Good"
1968077,"6.5751967","3.3953216","2026-07-07 15:02:26","8","8","7","65","95","Good"
1968077,"6.575197","3.3953216","2026-07-07 15:02:27","7","7","6","65","95","Good"
1968077,"6.5751977","3.3953214","2026-07-07 15:02:28","6","6","5","66","95","Good"
1968077,"6.5751953","3.395318","2026-07-07 15:02:29","6","6","5","66","95","Good"
1968077,"6.575195","3.3953166","2026-07-07 15:02:30","7","7","6","66","95","Good"
1968077,"6.5751953","3.3953166","2026-07-07 15:02:31","7","7","6","66","95","Good"
1968077,"6.5751963","3.3953176","2026-07-07 15:02:32","7","7","6","66","95","Good"
1968077,"6.5751967","3.3953178","2026-07-07 15:02:33","7","7","6","65","95","Good"
1968077,"6.5751944","3.395316","2026-07-07 15:02:34","7","7","6","65","95","Good"
1968077,"6.5751934","3.3953152","2026-07-07 15:02:35","7","7","6","65","95","Good"
1968077,"6.575194","3.3953147","2026-07-07 15:02:36","7","7","6","65","95","Good"
1968077,"6.575194","3.395315","2026-07-07 15:02:37","7","7","6","65","95","Good"
1968077,"6.575194","3.3953147","2026-07-07 15:02:38","7","7","6","65","95","Good"
1968077,"6.5751944","3.3953145","2026-07-07 15:02:39","7","7","6","65","95","Good"
1968077,"6.5751944","3.3953145","2026-07-07 15:02:40","7","7","6","65","95","Good"
1968077,"6.575195","3.395314","2026-07-07 15:02:41","7","7","6","65","95","Good"
1968077,"6.5751944","3.3953128","2026-07-07 15:02:42","7","7","6","65","95","Good"
1968077,"6.5751953","3.3953118","2026-07-07 15:02:43","7","7","6","65","95","Good"
1968077,"6.575196","3.3953116","2026-07-07 15:02:44","7","7","6","65","95","Good"
1968077,"6.5751925","3.395308","2026-07-07 15:02:45","7","7","6","65","95","Good"
1968077,"6.5751925","3.3953063","2026-07-07 15:02:46","8","8","7","65","95","Good"
1968077,"6.5751925","3.395306","2026-07-07 15:02:47","8","8","7","65","95","Good"
1968077,"6.5751934","3.3953063","2026-07-07 15:02:48","8","8","7","66","95","Good"
1968077,"6.5751944","3.3953063","2026-07-07 15:02:49","9","10","8","66","95","Good"
1968077,"6.5751953","3.3953063","2026-07-07 15:02:50","9","10","8","66","95","Good"
1968077,"6.5751934","3.395302","2026-07-07 15:02:51","9","10","8","67","95","Good"
1968077,"6.575194","3.3953018","2026-07-07 15:02:52","9","10","8","67","95","Good"
1968077,"6.5751953","3.3953023","2026-07-07 15:02:53","9","10","8","66","95","Good"
1968077,"6.5751963","3.395303","2026-07-07 15:02:54","8","8","7","66","95","Good"
1968077,"6.5751967","3.3953032","2026-07-07 15:02:55","8","8","7","66","95","Good"
1968077,"6.5751944","3.3953","2026-07-07 15:02:56","8","8","7","66","95","Good"
1968077,"6.575195","3.395299","2026-07-07 15:02:57","9","10","8","66","95","Good"
1968077,"6.575195","3.395299","2026-07-07 15:02:58","9","10","8","66","95","Good"
1968077,"6.5751953","3.3952997","2026-07-07 15:02:59","9","10","8","66","95","Good"
1968077,"6.5751953","3.3952992","2026-07-07 15:03:00","9","10","8","66","95","Good"
1968077,"6.5751963","3.3952985","2026-07-07 15:03:01","9","10","8","66","95","Good"
1968077,"6.575193","3.3952968","2026-07-07 15:03:02","9","10","8","66","95","Good"
1968077,"6.5751925","3.3952973","2026-07-07 15:03:03","8","8","7","66","95","Good"
1968077,"6.575193","3.3952978","2026-07-07 15:03:04","8","8","7","66","95","Good"
1968077,"6.5751934","3.395298","2026-07-07 15:03:05","8","8","7","67","95","Good"
1968077,"6.5751934","3.3952982","2026-07-07 15:03:06","8","8","7","67","95","Good"
1968077,"6.575189","3.3952973","2026-07-07 15:03:07","8","8","7","67","95","Good"
1968077,"6.575188","3.3952968","2026-07-07 15:03:08","8","8","7","67","95","Good"
1968077,"6.575189","3.3952968","2026-07-07 15:03:09","9","10","8","67","95","Good"
1968077,"6.5751896","3.3952973","2026-07-07 15:03:10","9","10","8","67","95","Good"
1968077,"6.57519","3.395298","2026-07-07 15:03:11","9","10","8","67","95","Good"
1968077,"6.5751905","3.395298","2026-07-07 15:03:12","9","10","8","67","95","Good"
1968077,"6.575188","3.3952968","2026-07-07 15:03:13","9","10","8","67","95","Good"
1968077,"6.575189","3.3952968","2026-07-07 15:03:14","10","11","10","66","95","Good"
1968077,"6.5751896","3.395297","2026-07-07 15:03:15","10","11","10","66","95","Good"
1968077,"6.57519","3.3952975","2026-07-07 15:03:16","10","11","10","66","95","Good"
1968077,"6.575191","3.395298","2026-07-07 15:03:17","10","11","10","66","95","Good"
1968077,"6.5751915","3.3952978","2026-07-07 15:03:18","9","10","8","66","95","Good"
1968077,"6.575192","3.3952973","2026-07-07 15:03:19","9","10","8","66","95","Good"
1968077,"6.575189","3.3952951","2026-07-07 15:03:20","9","10","8","66","95","Good"
1968077,"6.575189","3.3952954","2026-07-07 15:03:21","10","11","10","66","95","Good"
1968077,"6.5751896","3.3952951","2026-07-07 15:03:22","10","11","10","66","95","Good"
1968077,"6.5751905","3.3952954","2026-07-07 15:03:23","9","10","8","66","95","Good"
1968077,"6.57519","3.3952937","2026-07-07 15:03:24","9","10","8","66","95","Good"
1968077,"6.575191","3.3952932","2026-07-07 15:03:25","9","10","8","67","95","Good"
1968077,"6.575191","3.3952935","2026-07-07 15:03:26","9","10","8","66","95","Good"
1968077,"6.5751915","3.3952937","2026-07-07 15:03:27","8","8","7","67","95","Good"
1968077,"6.5751915","3.3952937","2026-07-07 15:03:28","8","8","7","67","95","Good"
1968077,"6.5751915","3.395294","2026-07-07 15:03:29","8","8","7","67","95","Good"
1968077,"6.575189","3.3952906","2026-07-07 15:03:30","8","8","7","67","95","Good"
1968077,"6.5751886","3.395291","2026-07-07 15:03:31","8","8","7","67","95","Good"
1968077,"6.5751886","3.3952916","2026-07-07 15:03:32","8","8","7","67","95","Good"
1968077,"6.5751886","3.3952918","2026-07-07 15:03:33","8","8","7","67","95","Good"
1968077,"6.575189","3.3952918","2026-07-07 15:03:34","8","8","7","67","95","Good"
1968077,"6.5751896","3.395292","2026-07-07 15:03:35","7","7","6","67","95","Good"
1968077,"6.575186","3.395291","2026-07-07 15:03:36","8","8","7","67","95","Good"
1968077,"6.575185","3.3952906","2026-07-07 15:03:37","9","10","8","67","95","Good"
1968077,"6.5751853","3.3952906","2026-07-07 15:03:38","9","10","8","67","95","Good"
1968077,"6.5751853","3.3952906","2026-07-07 15:03:39","9","10","8","67","95","Good"
1968077,"6.575186","3.3952906","2026-07-07 15:03:40","10","11","10","67","95","Good"
1968077,"6.5751834","3.395289","2026-07-07 15:03:41","10","11","10","67","95","Good"
1968077,"6.5751824","3.3952885","2026-07-07 15:03:42","9","10","8","67","95","Good"
1968077,"6.5751824","3.395288","2026-07-07 15:03:43","9","10","8","67","95","Good"
1968077,"6.575183","3.395288","2026-07-07 15:03:44","9","10","8","67","95","Good"
1968077,"6.5751834","3.395288","2026-07-07 15:03:45","9","10","8","66","95","Good"
1968077,"6.575184","3.395288","2026-07-07 15:03:46","9","10","8","66","95","Good"
1968077,"6.5751815","3.3952868","2026-07-07 15:03:47","8","8","7","66","95","Good"
1968077,"6.575181","3.3952868","2026-07-07 15:03:48","8","8","7","66","95","Good"
1968077,"6.5751815","3.3952868","2026-07-07 15:03:49","8","8","7","66","95","Good"
1968077,"6.575182","3.3952868","2026-07-07 15:03:50","8","8","7","66","95","Good"
1968077,"6.5751824","3.3952868","2026-07-07 15:03:51","9","10","8","66","95","Good"
1968077,"6.575183","3.3952868","2026-07-07 15:03:52","9","10","8","66","95","Good"
1968077,"6.5751796","3.395286","2026-07-07 15:03:53","10","11","10","66","95","Good"
1968077,"6.5751796","3.3952863","2026-07-07 15:03:54","10","11","10","66","95","Good"
1968077,"6.5751796","3.3952866","2026-07-07 15:03:55","10","11","10","66","95","Good"
1968077,"6.5751805","3.3952866","2026-07-07 15:03:56","9","10","8","66","95","Good"
1968077,"6.5751805","3.3952868","2026-07-07 15:03:57","9","10","8","66","95","Good"
1968077,"6.57518","3.3952858","2026-07-07 15:03:58","9","10","8","66","96","Good"
1968077,"6.57518","3.3952858","2026-07-07 15:03:59","9","10","8","66","96","Good"
1968077,"6.5751805","3.3952858","2026-07-07 15:04:00","9","10","8","66","95","Good"
1968077,"6.5751815","3.395286","2026-07-07 15:04:01","10","11","10","66","96","Good"
1968077,"6.5751824","3.3952868","2026-07-07 15:04:02","10","11","10","66","96","Good"
1968077,"6.575184","3.3952875","2026-07-07 15:04:03","10","11","10","66","96","Good"
1968077,"6.5751815","3.395287","2026-07-07 15:04:04","10","11","10","66","96","Good"
1968077,"6.575182","3.395288","2026-07-07 15:04:05","9","10","8","66","96","Good"
1968077,"6.575184","3.395289","2026-07-07 15:04:06","9","10","8","66","96","Good"
1968077,"6.5751843","3.3952901","2026-07-07 15:04:07","9","10","8","66","96","Good"
1968077,"6.575186","3.3952916","2026-07-07 15:04:08","10","11","10","66","96","Good"
1968077,"6.5751805","3.3952897","2026-07-07 15:04:09","10","11","10","66","96","Good"
1968077,"6.5751815","3.3952901","2026-07-07 15:04:10","10","11","10","66","96","Good"
1968077,"6.5751834","3.395291","2026-07-07 15:04:11","10","11","10","66","96","Good"
1968077,"6.5751863","3.3952918","2026-07-07 15:04:12","10","11","10","66","96","Good"
1968077,"6.5751877","3.3952923","2026-07-07 15:04:13","10","11","10","66","96","Good"
1968077,"6.575189","3.395293","2026-07-07 15:04:14","10","11","10","66","96","Good"
1968077,"6.5751843","3.3952909","2026-07-07 15:04:15","10","11","10","66","96","Good"
1968077,"6.575185","3.39529","2026-07-07 15:04:16","10","11","10","66","96","Good"
1968077,"6.575187","3.39529","2026-07-07 15:04:17","10","11","10","66","96","Good"
1968077,"6.5751896","3.3952901","2026-07-07 15:04:18","10","11","10","66","96","Good"
1968077,"6.575191","3.395291","2026-07-07 15:04:19","10","11","10","66","96","Good"
1968077,"6.5751867","3.3952909","2026-07-07 15:04:20","10","11","10","66","96","Good"
1968077,"6.5751863","3.3952909","2026-07-07 15:04:21","9","10","8","66","96","Good"
1968077,"6.5751867","3.3952918","2026-07-07 15:04:22","8","8","7","66","96","Good"
1968077,"6.575188","3.3952923","2026-07-07 15:04:23","8","8","7","66","96","Good"
1968077,"6.5751886","3.3952925","2026-07-07 15:04:24","9","10","8","66","96","Good"
1968077,"6.575189","3.3952925","2026-07-07 15:04:25","9","10","8","66","96","Good"
1968077,"6.5751853","3.3952906","2026-07-07 15:04:26","9","10","8","66","96","Good"
1968077,"6.5751853","3.3952901","2026-07-07 15:04:27","9","10","8","66","96","Good"
1968077,"6.5751853","3.3952901","2026-07-07 15:04:28","8","8","7","66","96","Good"
1968077,"6.575186","3.3952901","2026-07-07 15:04:29","9","9","8","66","96","Good"
1968077,"6.5751863","3.3952904","2026-07-07 15:04:30","9","10","8","66","96","Good"
1968077,"6.5751867","3.3952901","2026-07-07 15:04:31","9","10","8","66","96","Good"
1968077,"6.5751867","3.3952901","2026-07-07 15:04:32","8","8","7","66","96","Good"
1968077,"6.575187","3.3952901","2026-07-07 15:04:33","8","8","7","66","96","Good"
1968077,"6.5751877","3.3952901","2026-07-07 15:04:34","8","8","7","66","96","Good"
1968077,"6.5751877","3.3952901","2026-07-07 15:04:35","9","10","8","66","96","Good"
1968077,"6.575188","3.39529","2026-07-07 15:04:36","9","10","8","66","96","Good"
1968077,"6.5751843","3.3952887","2026-07-07 15:04:37","9","10","8","66","96","Good"
1968077,"6.575184","3.3952887","2026-07-07 15:04:38","9","10","8","66","96","Good"
1968077,"6.5751843","3.3952887","2026-07-07 15:04:39","9","10","8","66","96","Good"
1968077,"6.5751843","3.3952887","2026-07-07 15:04:40","9","10","8","66","96","Good"
1968077,"6.575185","3.3952887","2026-07-07 15:04:41","10","11","10","66","96","Good"
1968077,"6.575181","3.3952873","2026-07-07 15:04:42","10","11","10","66","96","Good"
1968077,"6.575181","3.3952868","2026-07-07 15:04:43","10","11","10","66","96","Good"
1968077,"6.575181","3.395287","2026-07-07 15:04:44","10","11","10","66","96","Good"
1968077,"6.575181","3.395287","2026-07-07 15:04:45","10","11","10","66","96","Good"
1968077,"6.5751815","3.395287","2026-07-07 15:04:46","10","11","10","66","96","Good"
1968077,"6.575182","3.3952868","2026-07-07 15:04:47","9","10","8","66","96","Good"
1968077,"6.5751786","3.395285","2026-07-07 15:04:48","9","10","8","66","96","Good"
1968077,"6.5751786","3.3952847","2026-07-07 15:04:49","9","10","8","66","96","Good"
1968077,"6.5751786","3.395285","2026-07-07 15:04:50","9","10","8","66","96","Good"
1968077,"6.575179","3.395285","2026-07-07 15:04:51","9","10","8","66","96","Good"
1968077,"6.5751796","3.3952851","2026-07-07 15:04:52","9","10","8","66","96","Good"
1968077,"6.57518","3.3952851","2026-07-07 15:04:53","9","10","8","66","96","Good"
1968077,"6.575177","3.3952842","2026-07-07 15:04:54","9","10","8","66","96","Good"
1968077,"6.575177","3.3952842","2026-07-07 15:04:55","9","10","8","66","96","Good"
1968077,"6.5751777","3.3952844","2026-07-07 15:04:56","9","10","8","66","96","Good"
1968077,"6.575178","3.3952847","2026-07-07 15:04:57","9","10","8","66","96","Good"
1968077,"6.5751786","3.395285","2026-07-07 15:04:58","9","10","8","66","96","Good"
1968077,"6.5751767","3.3952837","2026-07-07 15:04:59","8","8","7","66","96","Good"
1968077,"6.5751767","3.395284","2026-07-07 15:05:00","8","8","7","65","96","Good"
1968077,"6.575177","3.3952842","2026-07-07 15:05:01","9","10","8","65","96","Good"
1968077,"6.575178","3.3952844","2026-07-07 15:05:02","9","10","8","65","96","Good"
1968077,"6.5751786","3.3952847","2026-07-07 15:05:03","8","8","7","65","96","Good"
1968077,"6.575179","3.395285","2026-07-07 15:05:04","8","8","7","65","96","Good"
1968077,"6.575176","3.3952835","2026-07-07 15:05:05","9","10","8","65","96","Good"
1968077,"6.5751753","3.3952837","2026-07-07 15:05:06","8","8","7","65","96","Good"
1968077,"6.575176","3.395284","2026-07-07 15:05:07","8","8","7","65","96","Good"
1968077,"6.5751762","3.3952844","2026-07-07 15:05:08","8","8","7","65","96","Good"
1968077,"6.5751767","3.395285","2026-07-07 15:05:09","8","8","7","65","96","Good"
1968077,"6.575177","3.395285","2026-07-07 15:05:10","8","8","7","65","96","Good"
1968077,"6.5751734","3.3952827","2026-07-07 15:05:11","8","8","7","65","96","Good"
1968077,"6.575174","3.395283","2026-07-07 15:05:12","8","8","7","65","96","Good"
1968077,"6.5751743","3.3952835","2026-07-07 15:05:13","8","8","7","65","96","Good"
1968077,"6.575175","3.395284","2026-07-07 15:05:14","8","8","7","65","96","Good"
1968077,"6.5751753","3.3952844","2026-07-07 15:05:15","9","10","8","65","96","Good"
1968077,"6.5751724","3.395283","2026-07-07 15:05:16","9","10","8","65","96","Good"
1968077,"6.5751724","3.395283","2026-07-07 15:05:17","10","11","10","65","96","Good"
1968077,"6.5751724","3.3952835","2026-07-07 15:05:18","10","11","10","65","96","Good"
1968077,"6.575172","3.395285","2026-07-07 15:05:19","9","10","8","65","96","Good"
1968077,"6.575174","3.3952858","2026-07-07 15:05:20","10","10","9","65","96","Good"
1968077,"6.5751753","3.395286","2026-07-07 15:05:21","10","11","10","65","96","Good"
1968077,"6.575171","3.3952823","2026-07-07 15:05:22","9","10","8","65","96","Good"
1968077,"6.5751724","3.3952825","2026-07-07 15:05:23","9","10","8","65","96","Good"
1968077,"6.575174","3.395283","2026-07-07 15:05:24","10","11","10","65","96","Good"
1968077,"6.575176","3.395283","2026-07-07 15:05:25","10","11","10","65","96","Good"
1968077,"6.5751777","3.395284","2026-07-07 15:05:26","9","10","8","65","96","Good"
1968077,"6.575175","3.395283","2026-07-07 15:05:27","9","10","8","65","96","Good"
1968077,"6.5751753","3.3952837","2026-07-07 15:05:28","9","10","8","65","96","Good"
1968077,"6.575177","3.395284","2026-07-07 15:05:29","10","11","10","65","96","Good"
1968077,"6.575179","3.395284","2026-07-07 15:05:30","10","11","10","65","96","Good"
1968077,"6.5751805","3.3952835","2026-07-07 15:05:31","9","10","8","65","96","Good"
1968077,"6.5751796","3.3952842","2026-07-07 15:05:32","9","10","8","65","96","Good"
1968077,"6.5751786","3.3952823","2026-07-07 15:05:33","8","8","7","65","96","Good"
1968077,"6.57518","3.395282","2026-07-07 15:05:34","8","8","7","65","96","Good"
1968077,"6.5751815","3.3952825","2026-07-07 15:05:35","7","7","6","65","96","Good"
1968077,"6.5751815","3.3952825","2026-07-07 15:05:36","7","7","6","65","96","Good"
1968077,"6.5751853","3.395281","2026-07-07 15:05:37","7","7","6","65","96","Good"
1968077,"6.5751863","3.395281","2026-07-07 15:05:38","8","8","7","64","96","Good"
1968077,"6.575204","3.395275","2026-07-07 15:05:39","8","8","7","64","96","Good"
1968077,"6.5751867","3.395277","2026-07-07 15:05:40","8","8","7","64","96","Good"
1968077,"6.5751877","3.3952763","2026-07-07 15:05:41","7","7","6","64","96","Good"
1968077,"6.575189","3.3952756","2026-07-07 15:05:42","7","7","6","64","96","Good"
1968077,"6.5751896","3.395275","2026-07-07 15:05:43","7","7","6","65","96","Good"
1968077,"6.575186","3.3952732","2026-07-07 15:05:44","7","7","6","65","96","Good"
1968077,"6.5751863","3.3952732","2026-07-07 15:05:45","7","7","6","65","96","Good"
1968077,"6.5751877","3.395273","2026-07-07 15:05:46","7","7","6","65","96","Good"
1968077,"6.5751896","3.3952713","2026-07-07 15:05:47","7","7","6","65","96","Good"
1968077,"6.575192","3.3952703","2026-07-07 15:05:48","7","7","6","65","96","Good"
1968077,"6.575194","3.39527","2026-07-07 15:05:49","9","9","8","65","96","Good"
1968077,"6.57519","3.3952692","2026-07-07 15:05:50","9","10","8","65","96","Good"
1968077,"6.57519","3.3952694","2026-07-07 15:05:51","9","10","8","65","96","Good"
1968077,"6.575191","3.3952699","2026-07-07 15:05:52","9","10","8","65","96","Good"
1968077,"6.5751915","3.3952694","2026-07-07 15:05:53","9","10","8","65","96","Good"
1968077,"6.575192","3.3952692","2026-07-07 15:05:54","9","10","8","65","96","Good"
1968077,"6.57519","3.3952692","2026-07-07 15:05:55","9","10","8","65","96","Good"
1968077,"6.5751896","3.3952694","2026-07-07 15:05:56","8","8","7","65","96","Good"
1968077,"6.5751905","3.3952696","2026-07-07 15:05:57","9","10","8","65","96","Good"
1968077,"6.5751915","3.3952694","2026-07-07 15:05:58","9","10","8","65","96","Good"
1968077,"6.5751925","3.3952694","2026-07-07 15:05:59","9","10","8","64","96","Good"
1968077,"6.5751934","3.39527","2026-07-07 15:06:00","9","10","8","64","96","Good"
1968077,"6.575189","3.395269","2026-07-07 15:06:01","9","10","8","64","96","Good"
1968077,"6.5751886","3.3952687","2026-07-07 15:06:02","9","10","8","64","96","Good"
1968077,"6.5751886","3.3952687","2026-07-07 15:06:03","9","10","8","64","96","Good"
1968077,"6.575189","3.3952687","2026-07-07 15:06:04","9","10","8","64","96","Good"
1968077,"6.5751896","3.395269","2026-07-07 15:06:05","9","10","8","64","96","Good"
1968077,"6.5751896","3.3952692","2026-07-07 15:06:06","8","8","7","64","96","Good"
1968077,"6.575187","3.3952677","2026-07-07 15:06:07","8","8","7","64","96","Good"
1968077,"6.575188","3.3952677","2026-07-07 15:06:08","7","7","6","64","96","Good"
1968077,"6.57519","3.3952684","2026-07-07 15:06:09","7","7","6","64","96","Good"
1968077,"6.5751915","3.3952682","2026-07-07 15:06:10","7","7","6","64","96","Good"
1968077,"6.5751953","3.3952663","2026-07-07 15:06:11","6","7","6","64","96","Good"
1968077,"6.5751977","3.395262","2026-07-07 15:06:12","6","6","5","64","96","Good"
1968077,"6.5752053","3.395259","2026-07-07 15:06:13","6","6","5","64","96","Good"
1968077,"6.575211","3.395255","2026-07-07 15:06:14","6","6","5","64","96","Good"
1968077,"6.575222","3.395252","2026-07-07 15:06:15","6","6","5","64","96","Good"
1968077,"6.5752316","3.3952527","2026-07-07 15:06:16","6","6","5","64","96","Good"
1968077,"6.5752373","3.395255","2026-07-07 15:06:17","7","7","6","64","96","Good"
1968077,"6.5752416","3.3952553","2026-07-07 15:06:18","7","7","6","64","96","Good"
1968077,"6.575246","3.3952534","2026-07-07 15:06:19","7","7","6","64","96","Good"
1968077,"6.575256","3.3952515","2026-07-07 15:06:20","7","7","6","64","96","Good"
1968077,"6.575265","3.395252","2026-07-07 15:06:21","7","7","6","64","96","Good"
1968077,"6.5752707","3.395254","2026-07-07 15:06:22","7","7","6","64","96","Good"
1968077,"6.5752687","3.3952513","2026-07-07 15:06:23","7","7","6","64","96","Good"
1968077,"6.5752754","3.3952534","2026-07-07 15:06:24","7","7","6","64","96","Good"
1968077,"6.5752883","3.395259","2026-07-07 15:06:25","7","7","6","64","96","Good"
1968077,"6.5752974","3.3952627","2026-07-07 15:06:26","7","7","6","64","96","Good"
1968077,"6.5753074","3.3952672","2026-07-07 15:06:27","7","7","6","64","96","Good"
1968077,"6.5753136","3.395268","2026-07-07 15:06:28","7","7","6","64","96","Good"
1968077,"6.575314","3.3952682","2026-07-07 15:06:29","8","8","7","64","96","Good"
1968077,"6.5753136","3.395269","2026-07-07 15:06:30","8","8","7","65","96","Good"
1968077,"6.5753126","3.395269","2026-07-07 15:06:31","8","8","7","65","97","Good"
1968077,"6.5753126","3.3952692","2026-07-07 15:06:32","8","8","7","65","97","Good"
1968077,"6.575313","3.3952694","2026-07-07 15:06:33","9","10","8","65","97","Good"
1968077,"6.575312","3.3952694","2026-07-07 15:06:34","9","10","8","65","96","Good"
1968077,"6.575312","3.39527","2026-07-07 15:06:35","9","10","8","65","97","Good"
1968077,"6.5753126","3.3952706","2026-07-07 15:06:36","9","10","8","65","97","Good"
1968077,"6.5753126","3.39527","2026-07-07 15:06:37","9","10","8","65","97","Good"
1968077,"6.5753136","3.3952699","2026-07-07 15:06:38","8","8","7","65","97","Good"
1968077,"6.575315","3.3952696","2026-07-07 15:06:39","8","8","7","65","97","Good"
1968077,"6.5753145","3.395269","2026-07-07 15:06:40","9","10","8","65","97","Good"
1968077,"6.575315","3.3952682","2026-07-07 15:06:41","9","10","8","65","97","Good"
1968077,"6.5753164","3.3952675","2026-07-07 15:06:42","9","10","8","65","97","Good"
1968077,"6.575319","3.3952668","2026-07-07 15:06:43","10","11","10","65","97","Good"
1968077,"6.5753207","3.3952656","2026-07-07 15:06:44","10","11","10","65","97","Good"
1968077,"6.575318","3.3952644","2026-07-07 15:06:45","10","11","10","65","97","Good"
1968077,"6.575319","3.3952637","2026-07-07 15:06:46","10","11","10","65","97","Good"
1968077,"6.575323","3.3952625","2026-07-07 15:06:47","8","8","7","65","97","Good"
1968077,"6.57533","3.395262","2026-07-07 15:06:48","8","8","7","65","97","Good"
1968077,"6.5753384","3.3952603","2026-07-07 15:06:49","8","8","7","65","97","Good"
1968077,"6.5753455","3.3952587","2026-07-07 15:06:50","7","7","6","65","97","Good"
1968077,"6.5753555","3.3952568","2026-07-07 15:06:51","7","7","6","65","97","Good"
1968077,"6.575365","3.3952546","2026-07-07 15:06:52","8","8","7","65","97","Good"
1968077,"6.5753765","3.3952525","2026-07-07 15:06:53","8","8","7","65","97","Good"
1968077,"6.575386","3.39525","2026-07-07 15:06:54","8","8","7","65","97","Good"
1968077,"6.5753965","3.3952475","2026-07-07 15:06:55","8","8","7","65","97","Good"
1968077,"6.575405","3.3952467","2026-07-07 15:06:56","8","8","7","65","97","Good"
1968077,"6.5754113","3.3952436","2026-07-07 15:06:57","8","8","7","65","97","Good"
1968077,"6.575413","3.395244","2026-07-07 15:06:58","8","8","7","65","97","Good"
1968077,"6.575414","3.3952408","2026-07-07 15:06:59","8","8","7","65","97","Good"
1968077,"6.575418","3.3952374","2026-07-07 15:07:00","8","8","7","65","97","Good"
1968077,"6.5754213","3.395234","2026-07-07 15:07:01","7","7","6","64","97","Good"
1968077,"6.5754285","3.3952253","2026-07-07 15:07:02","7","7","6","64","97","Good"
1968077,"6.575432","3.3952255","2026-07-07 15:07:03","7","7","6","64","97","Good"
1968077,"6.5754347","3.3952253","2026-07-07 15:07:04","7","7","6","64","97","Good"
1968077,"6.575439","3.3952234","2026-07-07 15:07:05","7","7","6","64","97","Good"
1968077,"6.5754437","3.395221","2026-07-07 15:07:06","7","7","6","64","97","Good"
1968077,"6.575446","3.395219","2026-07-07 15:07:07","6","6","5","64","97","Good"
1968077,"6.575462","3.3952055","2026-07-07 15:07:08","6","6","5","64","97","Good"
1968077,"6.575471","3.3952022","2026-07-07 15:07:09","6","6","5","64","97","Good"
1968077,"6.575479","3.3952005","2026-07-07 15:07:10","7","7","6","64","97","Good"
1968077,"6.575486","3.3951986","2026-07-07 15:07:11","8","8","7","64","97","Good"
1968077,"6.575495","3.3951967","2026-07-07 15:07:12","8","8","7","64","97","Good"
1968077,"6.575504","3.3951905","2026-07-07 15:07:13","8","8","7","64","97","Good"
1968077,"6.5755095","3.395186","2026-07-07 15:07:14","8","8","7","64","97","Good"
1968077,"6.5755167","3.395185","2026-07-07 15:07:15","8","8","7","64","97","Good"
1968077,"6.575524","3.3951833","2026-07-07 15:07:16","7","8","7","64","97","Good"
1968077,"6.575528","3.3951848","2026-07-07 15:07:17","7","7","6","64","97","Good"
1968077,"6.5755296","3.3951924","2026-07-07 15:07:18","7","7","6","64","97","Good"
1968077,"6.5755324","3.3951905","2026-07-07 15:07:19","7","7","6","64","97","Good"
1968077,"6.5755367","3.3951886","2026-07-07 15:07:20","7","7","6","64","97","Good"
1968077,"6.5755415","3.3951874","2026-07-07 15:07:21","7","7","6","64","97","Good"
1968077,"6.5755463","3.3951879","2026-07-07 15:07:22","6","6","5","64","97","Good"
1968077,"6.575552","3.3951879","2026-07-07 15:07:23","6","6","5","64","97","Good"
1968077,"6.5755544","3.3951871","2026-07-07 15:07:24","6","6","5","64","97","Good"
1968077,"6.575569","3.395178","2026-07-07 15:07:25","7","7","6","64","97","Good"
1968077,"6.5755744","3.3951747","2026-07-07 15:07:26","7","7","6","64","97","Good"
1968077,"6.5755854","3.3951735","2026-07-07 15:07:27","8","8","7","64","97","Good"
1968077,"6.575595","3.3951724","2026-07-07 15:07:28","8","8","7","64","97","Good"
1968077,"6.575604","3.395171","2026-07-07 15:07:29","8","8","7","64","97","Good"
1968077,"6.575612","3.3951623","2026-07-07 15:07:30","8","8","7","64","97","Good"
1968077,"6.5756207","3.3951614","2026-07-07 15:07:31","8","8","7","64","97","Good"
1968077,"6.5756297","3.3951612","2026-07-07 15:07:32","8","8","7","64","97","Good"
1968077,"6.575639","3.395161","2026-07-07 15:07:33","8","8","7","64","97","Good"
1968077,"6.57568","3.3951488","2026-07-07 15:07:38","8","8","7","64","97","Good"
1968077,"6.5756893","3.395148","2026-07-07 15:07:39","8","8","7","64","97","Good"
1968077,"6.575698","3.395148","2026-07-07 15:07:40","8","8","7","64","97","Good"
1968077,"6.5757074","3.3951445","2026-07-07 15:07:41","8","8","7","64","97","Good"
1968077,"6.575716","3.395144","2026-07-07 15:07:42","8","8","7","64","97","Good"
1968077,"6.575721","3.395145","2026-07-07 15:07:43","8","8","7","64","97","Good"
1968077,"6.575722","3.3951473","2026-07-07 15:07:44","8","8","7","64","97","Good"
1968077,"6.5757217","3.3951483","2026-07-07 15:07:45","7","7","6","64","97","Good"
1968077,"6.5757213","3.395149","2026-07-07 15:07:46","7","7","6","64","97","Good"
1968077,"6.575722","3.3951476","2026-07-07 15:07:47","7","7","6","64","97","Good"
1968077,"6.575724","3.3951454","2026-07-07 15:07:48","7","7","6","64","97","Good"
1968077,"6.575727","3.3951426","2026-07-07 15:07:49","7","7","6","64","97","Good"
1968077,"6.5757337","3.3951366","2026-07-07 15:07:50","7","7","6","64","97","Good"
1968077,"6.5757403","3.395131","2026-07-07 15:07:51","7","7","6","64","97","Good"
1968077,"6.5757465","3.39512","2026-07-07 15:07:52","7","7","6","64","97","Good"
1968077,"6.5757513","3.3951123","2026-07-07 15:07:53","7","7","6","63","97","Good"
1968077,"6.5757575","3.3951068","2026-07-07 15:07:54","7","7","6","63","97","Good"
1968077,"6.5757637","3.3951015","2026-07-07 15:07:55","7","7","6","63","97","Good"
1968077,"6.57577","3.3950965","2026-07-07 15:07:56","7","7","6","63","97","Good"
1968077,"6.575776","3.3950882","2026-07-07 15:07:57","7","7","6","63","97","Good"
1968077,"6.575781","3.395084","2026-07-07 15:07:58","7","7","6","63","97","Good"
1968077,"6.5757856","3.395079","2026-07-07 15:07:59","7","7","6","63","97","Good"
1968077,"6.5757904","3.3950734","2026-07-07 15:08:00","7","7","6","63","97","Good"
1968077,"6.575797","3.3950684","2026-07-07 15:08:01","7","7","6","63","97","Good"
1968077,"6.5758004","3.3950634","2026-07-07 15:08:02","7","7","6","63","97","Good"
1968077,"6.5758033","3.3950546","2026-07-07 15:08:03","7","7","6","63","97","Good"
1968077,"6.5758066","3.39505","2026-07-07 15:08:04","6","6","5","63","97","Good"
1968077,"6.5758104","3.3950455","2026-07-07 15:08:05","6","6","5","63","97","Good"
1968077,"6.5758142","3.395041","2026-07-07 15:08:06","6","6","5","63","97","Good"
1968077,"6.5758185","3.3950362","2026-07-07 15:08:07","6","7","6","63","97","Good"
1968077,"6.575824","3.3950315","2026-07-07 15:08:08","7","7","6","63","97","Good"
1968077,"6.5758276","3.3950276","2026-07-07 15:08:09","7","7","6","63","97","Good"
1968077,"6.575834","3.395025","2026-07-07 15:08:10","7","7","6","63","97","Good"
1968077,"6.57584","3.3950202","2026-07-07 15:08:11","6","6","5","63","97","Good"
1968077,"6.5758452","3.3950145","2026-07-07 15:08:12","6","6","5","63","97","Good"
1968077,"6.5758495","3.3950086","2026-07-07 15:08:13","6","6","5","63","97","Good"
1968077,"6.5758514","3.3950026","2026-07-07 15:08:14","6","6","5","63","97","Good"
1968077,"6.5758553","3.3949974","2026-07-07 15:08:15","7","7","6","63","97","Good"
1968077,"6.5758595","3.3949924","2026-07-07 15:08:16","7","7","6","63","97","Good"
1968077,"6.575864","3.3949876","2026-07-07 15:08:17","7","7","6","63","97","Good"
1968077,"6.575868","3.3949845","2026-07-07 15:08:18","7","7","6","63","97","Good"
1968077,"6.5758724","3.3949811","2026-07-07 15:08:19","7","7","6","63","97","Good"
1968077,"6.575876","3.3949735","2026-07-07 15:08:20","7","7","6","63","97","Good"
1968077,"6.5758786","3.394971","2026-07-07 15:08:21","7","7","6","63","97","Good"
1968077,"6.5758786","3.3949745","2026-07-07 15:08:22","7","7","6","63","97","Good"
1968077,"6.5758786","3.3949754","2026-07-07 15:08:23","7","7","6","63","97","Good"
1968077,"6.5758805","3.3949738","2026-07-07 15:08:24","7","7","6","63","97","Good"
1968077,"6.5758834","3.3949637","2026-07-07 15:08:25","7","7","6","63","97","Good"
1968077,"6.5758853","3.3949597","2026-07-07 15:08:26","7","7","6","63","97","Good"
1968077,"6.5758886","3.394953","2026-07-07 15:08:27","7","7","6","63","97","Good"
1968077,"6.5758915","3.394947","2026-07-07 15:08:28","7","7","6","63","97","Good"
1968077,"6.5758963","3.3949392","2026-07-07 15:08:29","8","8","7","63","97","Good"
1968077,"6.5758996","3.3949332","2026-07-07 15:08:30","7","7","6","63","97","Good"
1968077,"6.5758986","3.3949182","2026-07-07 15:08:31","7","7","6","63","97","Good"
1968077,"6.575903","3.394911","2026-07-07 15:08:32","6","6","5","63","97","Good"
1968077,"6.575907","3.3949044","2026-07-07 15:08:33","6","6","5","63","97","Good"
1968077,"6.5759115","3.394898","2026-07-07 15:08:34","5","5","4","63","97","Good"
1968077,"6.5759153","3.3948917","2026-07-07 15:08:35","5","5","4","63","97","Good"
1968077,"6.5759177","3.3948848","2026-07-07 15:08:36","5","5","5","63","97","Good"
1968077,"6.5759196","3.3948798","2026-07-07 15:08:37","6","6","5","63","97","Good"
1968077,"6.5759215","3.394875","2026-07-07 15:08:38","6","6","5","63","97","Good"
1968077,"6.5759244","3.3948705","2026-07-07 15:08:39","6","6","5","63","97","Good"
1968077,"6.5759277","3.394866","2026-07-07 15:08:40","6","6","5","63","97","Good"
1968077,"6.5759306","3.394861","2026-07-07 15:08:41","6","6","5","63","97","Good"
1968077,"6.5759344","3.394853","2026-07-07 15:08:42","6","6","5","63","97","Good"
1968077,"6.5759373","3.3948472","2026-07-07 15:08:43","6","6","5","63","97","Good"
1968077,"6.5759397","3.394842","2026-07-07 15:08:44","6","6","5","63","97","Good"
1968077,"6.5759416","3.394837","2026-07-07 15:08:45","5","5","4","63","97","Good"
1968077,"6.5759444","3.394832","2026-07-07 15:08:46","5","5","4","63","97","Good"
1968077,"6.575947","3.3948255","2026-07-07 15:08:47","5","5","4","63","97","Good"
1968077,"6.575948","3.3948202","2026-07-07 15:08:48","5","5","4","63","97","Good"
1968077,"6.5759525","3.3948157","2026-07-07 15:08:49","5","5","4","63","97","Good"
1968077,"6.575957","3.3948107","2026-07-07 15:08:50","5","5","4","63","97","Good"
1968077,"6.575961","3.3948054","2026-07-07 15:08:51","5","5","5","63","97","Good"
1968077,"6.575966","3.3948007","2026-07-07 15:08:52","6","6","5","63","97","Good"
1968077,"6.5759735","3.3947916","2026-07-07 15:08:53","6","6","5","63","97","Good"
1968077,"6.5759773","3.3947868","2026-07-07 15:08:54","6","6","5","63","97","Good"
1968077,"6.5759807","3.3947814","2026-07-07 15:08:55","7","7","6","63","97","Good"
1968077,"6.575985","3.3947763","2026-07-07 15:08:56","7","7","6","63","97","Good"
1968077,"6.575989","3.3947706","2026-07-07 15:08:57","7","7","6","63","97","Good"
1968077,"6.575992","3.3947623","2026-07-07 15:08:58","6","6","5","64","97","Good"
1968077,"6.575996","3.394758","2026-07-07 15:08:59","6","6","5","64","97","Good"
1968077,"6.5759997","3.3947525","2026-07-07 15:09:00","7","7","6","64","97","Good"
1968077,"6.5760036","3.3947463","2026-07-07 15:09:01","7","7","6","64","97","Good"
1968077,"6.576007","3.3947396","2026-07-07 15:09:02","7","7","6","64","97","Good"
1968077,"6.5760107","3.3947332","2026-07-07 15:09:03","7","7","6","64","97","Good"
1968077,"6.5760164","3.394719","2026-07-07 15:09:04","7","7","6","64","97","Good"
1968077,"6.5760207","3.3947113","2026-07-07 15:09:05","7","7","6","64","97","Good"
1968077,"6.576024","3.3947053","2026-07-07 15:09:06","6","7","6","63","97","Good"
1968077,"6.5760283","3.394699","2026-07-07 15:09:07","8","8","7","63","97","Good"
1968077,"6.5760293","3.3946915","2026-07-07 15:09:08","8","8","7","63","97","Good"
1968077,"6.576033","3.3946795","2026-07-07 15:09:09","7","7","6","63","97","Good"
1968077,"6.576038","3.394673","2026-07-07 15:09:10","7","7","6","63","97","Good"
1968077,"6.5760417","3.3946674","2026-07-07 15:09:11","7","7","6","63","97","Good"
1968077,"6.576047","3.3946612","2026-07-07 15:09:12","7","7","6","63","97","Good"
1968077,"6.576052","3.394655","2026-07-07 15:09:13","8","8","7","63","97","Good"
1968077,"6.5760813","3.3946218","2026-07-07 15:09:18","9","10","8","63","97","Good"
1968077,"6.5760865","3.3946216","2026-07-07 15:09:19","9","10","8","63","97","Good"
1968077,"6.5760894","3.3946223","2026-07-07 15:09:20","8","8","7","63","97","Good"
1968077,"6.5760884","3.3946157","2026-07-07 15:09:21","7","7","6","62","97","Good"
1968077,"6.576087","3.394616","2026-07-07 15:09:22","7","7","6","62","98","Good"
1968077,"6.576085","3.3946168","2026-07-07 15:09:23","8","8","7","62","98","Good"
1968077,"6.5760846","3.3946178","2026-07-07 15:09:24","8","8","7","62","98","Good"
1968077,"6.5760846","3.394617","2026-07-07 15:09:25","7","7","6","62","97","Good"
1968077,"6.576084","3.394611","2026-07-07 15:09:26","7","7","6","62","98","Good"
1968077,"6.576086","3.3946068","2026-07-07 15:09:27","7","8","7","62","97","Good"
1968077,"6.5760884","3.3946047","2026-07-07 15:09:28","8","8","7","62","98","Good"
1968077,"6.5760913","3.394601","2026-07-07 15:09:29","8","8","7","62","98","Good"
1968077,"6.5760927","3.3945973","2026-07-07 15:09:30","8","8","7","62","98","Good"
1968077,"6.5760965","3.3945935","2026-07-07 15:09:31","8","8","7","62","98","Good"
1968077,"6.5761","3.3945837","2026-07-07 15:09:32","8","8","7","63","98","Good"
1968077,"6.5761027","3.3945794","2026-07-07 15:09:33","8","8","7","63","98","Good"
1968077,"6.576105","3.3945744","2026-07-07 15:09:34","8","8","7","63","98","Good"
1968077,"6.576107","3.3945692","2026-07-07 15:09:35","7","8","7","63","98","Good"
1968077,"6.57611","3.394564","2026-07-07 15:09:36","7","7","6","63","98","Good"
1968077,"6.5761094","3.3945513","2026-07-07 15:09:37","7","7","6","62","98","Good"
1968077,"6.5761104","3.3945434","2026-07-07 15:09:38","7","7","6","62","98","Good"
1968077,"6.576115","3.3945408","2026-07-07 15:09:39","7","7","6","62","98","Good"
1968077,"6.5761213","3.3945384","2026-07-07 15:09:40","7","7","6","62","98","Good"
1968077,"6.5761256","3.3945334","2026-07-07 15:09:41","7","7","6","62","98","Good"
1968077,"6.576128","3.3945277","2026-07-07 15:09:42","7","7","6","62","98","Good"
1968077,"6.5761266","3.3945198","2026-07-07 15:09:43","7","7","6","62","98","Good"
1968077,"6.5761266","3.3945131","2026-07-07 15:09:44","7","7","6","62","98","Good"
1968077,"6.576128","3.3945067","2026-07-07 15:09:45","6","6","5","62","98","Good"
1968077,"6.5761313","3.394501","2026-07-07 15:09:46","6","6","5","62","98","Good"
1968077,"6.576134","3.394496","2026-07-07 15:09:47","6","6","5","62","98","Good"
1968077,"6.576137","3.3944886","2026-07-07 15:09:48","6","6","5","62","98","Good"
1968077,"6.576138","3.394484","2026-07-07 15:09:49","6","6","5","62","98","Good"
1968077,"6.576139","3.3944795","2026-07-07 15:09:50","6","6","5","62","98","Good"
1968077,"6.5761414","3.3944736","2026-07-07 15:09:51","6","6","5","62","98","Good"
1968077,"6.576144","3.394468","2026-07-07 15:09:52","6","6","5","62","98","Good"
1968077,"6.576147","3.3944626","2026-07-07 15:09:53","7","7","6","62","98","Good"
1968077,"6.5761476","3.3944552","2026-07-07 15:09:54","7","7","6","62","98","Good"
1968077,"6.5761495","3.394449","2026-07-07 15:09:55","7","7","6","62","98","Good"
1968077,"6.5761514","3.3944423","2026-07-07 15:09:56","7","7","6","62","98","Good"
1968077,"6.576153","3.394436","2026-07-07 15:09:57","7","7","6","62","98","Good"
1968077,"6.5761547","3.3944304","2026-07-07 15:09:58","8","8","7","62","98","Good"
1968077,"6.576158","3.3944254","2026-07-07 15:09:59","8","8","7","62","98","Good"
1968077,"6.576158","3.3944213","2026-07-07 15:10:00","7","7","6","62","98","Good"
1968077,"6.5761614","3.3944173","2026-07-07 15:10:01","7","7","6","62","98","Good"
1968077,"6.576164","3.3944113","2026-07-07 15:10:02","7","7","6","62","98","Good"
1968077,"6.5761657","3.3944068","2026-07-07 15:10:03","7","7","6","62","98","Good"
1968077,"6.576166","3.3944023","2026-07-07 15:10:04","8","8","7","62","98","Good"
1968077,"6.5761647","3.3944004","2026-07-07 15:10:05","9","10","8","62","98","Good"
1968077,"6.5761666","3.3943973","2026-07-07 15:10:06","9","10","8","62","98","Good"
1968077,"6.5761685","3.3943956","2026-07-07 15:10:07","8","8","7","62","98","Good"
1968077,"6.57617","3.3943956","2026-07-07 15:10:08","8","8","7","62","98","Good"
1968077,"6.576171","3.3943965","2026-07-07 15:10:09","8","8","7","62","98","Good"
1968077,"6.5761714","3.3943973","2026-07-07 15:10:10","8","8","7","62","98","Good"
1968077,"6.5761704","3.3943977","2026-07-07 15:10:11","8","8","7","62","98","Good"
1968077,"6.5761695","3.3943977","2026-07-07 15:10:12","10","11","10","62","98","Good"
1968077,"6.5761704","3.3943973","2026-07-07 15:10:13","10","11","10","62","98","Good"
1968077,"6.5761714","3.3943954","2026-07-07 15:10:14","10","11","10","62","98","Good"
1968077,"6.5761733","3.3943932","2026-07-07 15:10:15","10","11","10","62","98","Good"
1968077,"6.576174","3.3943925","2026-07-07 15:10:16","9","10","8","62","98","Good"
1968077,"6.576175","3.3943913","2026-07-07 15:10:17","9","10","8","62","98","Good"
1968077,"6.576176","3.39439","2026-07-07 15:10:18","9","10","8","62","98","Good"
1968077,"6.5761776","3.3943896","2026-07-07 15:10:19","9","10","8","62","98","Good"
1968077,"6.576179","3.3943877","2026-07-07 15:10:20","9","10","8","62","98","Good"
1968077,"6.5761805","3.394385","2026-07-07 15:10:21","8","8","7","62","98","Good"
1968077,"6.5761795","3.3943849","2026-07-07 15:10:22","8","8","7","62","98","Good"
1968077,"6.576183","3.3943758","2026-07-07 15:10:23","7","7","6","62","98","Good"
1968077,"6.576185","3.3943665","2026-07-07 15:10:24","7","7","6","62","98","Good"
1968077,"6.5761914","3.3943536","2026-07-07 15:10:25","7","7","6","63","98","Good"
1968077,"6.576195","3.3943436","2026-07-07 15:10:26","7","8","7","63","98","Good"
1968077,"6.5761986","3.3943367","2026-07-07 15:10:27","8","8","7","62","98","Good"
1968077,"6.5762024","3.3943315","2026-07-07 15:10:28","8","8","7","62","98","Good"
1968077,"6.576206","3.3943236","2026-07-07 15:10:29","8","8","7","62","98","Good"
1968077,"6.5762095","3.3943162","2026-07-07 15:10:30","7","7","6","62","98","Good"
1968077,"6.576213","3.394308","2026-07-07 15:10:31","7","7","6","62","98","Good"
1968077,"6.5762167","3.3942995","2026-07-07 15:10:32","8","8","7","62","98","Good"
1968077,"6.5762167","3.3942976","2026-07-07 15:10:33","8","8","7","62","98","Good"
1968077,"6.576217","3.3942957","2026-07-07 15:10:34","8","8","7","62","98","Good"
1968077,"6.576218","3.394291","2026-07-07 15:10:35","7","7","6","62","98","Good"
1968077,"6.5762196","3.394286","2026-07-07 15:10:36","7","7","6","62","98","Good"
1968077,"6.576224","3.3942802","2026-07-07 15:10:37","7","7","6","62","98","Good"
1968077,"6.5762277","3.3942728","2026-07-07 15:10:38","7","7","6","63","98","Good"
1968077,"6.576231","3.3942666","2026-07-07 15:10:39","8","8","7","63","98","Good"
1968077,"6.5762353","3.3942604","2026-07-07 15:10:40","8","8","7","63","98","Good"
1968077,"6.5762396","3.3942547","2026-07-07 15:10:41","6","7","6","63","98","Good"
1968077,"6.5762453","3.3942482","2026-07-07 15:10:42","7","7","6","63","98","Good"
1968077,"6.576248","3.394241","2026-07-07 15:10:43","7","7","6","63","98","Good"
1968077,"6.576243","3.3942423","2026-07-07 15:10:44","7","7","6","63","98","Good"
1968077,"6.576243","3.3942385","2026-07-07 15:10:45","7","7","6","62","98","Good"
1968077,"6.576245","3.394235","2026-07-07 15:10:46","6","6","5","62","98","Good"
1968077,"6.5762486","3.3942282","2026-07-07 15:10:47","6","6","5","62","98","Good"
1968077,"6.5762515","3.3942218","2026-07-07 15:10:48","6","6","5","62","98","Good"
1968077,"6.5762544","3.394214","2026-07-07 15:10:49","6","6","5","62","98","Good"
1968077,"6.5762534","3.3942094","2026-07-07 15:10:50","6","6","5","62","98","Good"
1968077,"6.5762568","3.3942015","2026-07-07 15:10:51","6","6","5","62","98","Good"
1968077,"6.5762606","3.3941944","2026-07-07 15:10:52","6","6","5","62","98","Good"
1968077,"6.5762634","3.3941877","2026-07-07 15:10:53","6","6","5","62","98","Good"
1968077,"6.576272","3.3941827","2026-07-07 15:10:54","7","7","6","62","98","Good"
1968077,"6.5762777","3.3941793","2026-07-07 15:10:55","7","7","6","62","98","Good"
1968077,"6.5762815","3.3941755","2026-07-07 15:10:56","6","6","5","62","98","Good"
1968077,"6.5762863","3.39417","2026-07-07 15:10:57","6","6","5","62","98","Good"
1968077,"6.576292","3.3941634","2026-07-07 15:10:58","7","7","6","62","98","Good"
1968077,"6.5762978","3.3941557","2026-07-07 15:10:59","7","7","6","62","98","Good"
1968077,"6.5763016","3.394148","2026-07-07 15:11:00","7","7","6","62","98","Good"
1968077,"6.576305","3.3941417","2026-07-07 15:11:01","7","7","6","62","98","Good"
1968077,"6.576308","3.394135","2026-07-07 15:11:02","6","7","6","62","98","Good"
1968077,"6.5763097","3.3941288","2026-07-07 15:11:03","6","6","5","62","98","Good"
1968077,"6.576312","3.3941226","2026-07-07 15:11:04","6","6","5","62","98","Good"
1968077,"6.576316","3.3941157","2026-07-07 15:11:05","6","6","5","62","98","Good"
1968077,"6.576321","3.3941095","2026-07-07 15:11:06","7","7","6","62","98","Good"
1968077,"6.576324","3.394105","2026-07-07 15:11:07","7","7","6","62","98","Good"
1968077,"6.576326","3.3941002","2026-07-07 15:11:08","7","7","6","62","98","Good"
1968077,"6.5763273","3.3940964","2026-07-07 15:11:09","8","8","7","62","98","Good"
1968077,"6.5763307","3.3940935","2026-07-07 15:11:10","7","7","6","62","98","Good"
1968077,"6.5763354","3.3940918","2026-07-07 15:11:11","7","7","6","62","98","Good"
1968077,"6.57634","3.3940897","2026-07-07 15:11:12","7","7","6","62","98","Good"
1968077,"6.5763445","3.3940885","2026-07-07 15:11:13","7","7","6","62","98","Good"
1968077,"6.5763483","3.3940885","2026-07-07 15:11:14","7","7","6","62","98","Good"
1968077,"6.5763516","3.3940864","2026-07-07 15:11:15","7","7","6","62","98","Good"
1968077,"6.576355","3.3940828","2026-07-07 15:11:16","7","7","6","62","98","Good"
1968077,"6.5763583","3.3940797","2026-07-07 15:11:17","7","8","7","62","98","Good"
1968077,"6.5763607","3.394077","2026-07-07 15:11:18","8","8","7","62","98","Good"
1968077,"6.5763626","3.394073","2026-07-07 15:11:19","8","8","7","62","98","Good"
1968077,"6.5763636","3.3940687","2026-07-07 15:11:20","8","8","7","62","98","Good"
1968077,"6.5763655","3.394065","2026-07-07 15:11:21","7","7","6","62","98","Good"
1968077,"6.5763674","3.394061","2026-07-07 15:11:22","7","7","6","62","98","Good"
1968077,"6.5763674","3.3940618","2026-07-07 15:11:23","7","7","6","62","98","Good"
1968077,"6.5763664","3.3940601","2026-07-07 15:11:24","7","8","7","62","98","Good"
1968077,"6.5763664","3.394056","2026-07-07 15:11:25","8","8","7","62","98","Good"
1968077,"6.576366","3.3940525","2026-07-07 15:11:26","8","8","7","62","98","Good"
1968077,"6.5763664","3.394048","2026-07-07 15:11:27","8","8","7","62","98","Good"
1968077,"6.5763674","3.3940415","2026-07-07 15:11:28","8","8","7","62","98","Good"
1968077,"6.5763683","3.3940372","2026-07-07 15:11:29","8","8","7","62","98","Good"
1968077,"6.5763693","3.3940315","2026-07-07 15:11:30","8","8","7","62","98","Good"
1968077,"6.5763702","3.394025","2026-07-07 15:11:31","8","8","7","62","98","Good"
1968077,"6.5763707","3.3940187","2026-07-07 15:11:32","9","10","8","62","98","Good"
1968077,"6.576371","3.3940122","2026-07-07 15:11:33","9","10","8","62","98","Good"
1968077,"6.5763717","3.3940086","2026-07-07 15:11:34","9","10","8","62","98","Good"
1968077,"6.576373","3.394004","2026-07-07 15:11:35","8","8","7","62","98","Good"
1968077,"6.576373","3.3939993","2026-07-07 15:11:36","8","8","7","62","98","Good"
1968077,"6.5763736","3.3939946","2026-07-07 15:11:37","8","8","7","62","98","Good"
1968077,"6.5763745","3.393989","2026-07-07 15:11:38","8","8","7","62","98","Good"
1968077,"6.576376","3.3939834","2026-07-07 15:11:39","8","8","7","62","98","Good"
1968077,"6.576378","3.393981","2026-07-07 15:11:40","8","8","7","62","98","Good"
1968077,"6.5763807","3.393976","2026-07-07 15:11:41","8","8","7","62","98","Good"
1968077,"6.5764093","3.393953","2026-07-07 15:11:47","9","10","8","62","98","Good"
1968077,"6.5764084","3.3939543","2026-07-07 15:11:48","9","10","8","62","98","Good"
1968077,"6.576408","3.3939538","2026-07-07 15:11:49","9","10","8","62","98","Good"
1968077,"6.576408","3.393949","2026-07-07 15:11:50","9","10","8","62","99","Good"
1968077,"6.576408","3.3939414","2026-07-07 15:11:51","9","10","8","62","99","Good"
1968077,"6.5764046","3.3939323","2026-07-07 15:11:52","9","10","8","62","98","Good"
1968077,"6.576402","3.3939245","2026-07-07 15:11:53","9","10","8","62","98","Good"
1968077,"6.5764027","3.3939192","2026-07-07 15:11:54","9","10","8","62","98","Good"
1968077,"6.5764074","3.3939188","2026-07-07 15:11:55","9","10","8","62","98","Good"
1968077,"6.57641","3.3939178","2026-07-07 15:11:56","9","10","8","62","99","Good"
1968077,"6.5764103","3.393917","2026-07-07 15:11:57","9","10","8","62","99","Good"
1968077,"6.5764117","3.39392","2026-07-07 15:11:58","10","11","10","62","99","Good"
1968077,"6.5764127","3.393924","2026-07-07 15:11:59","10","11","10","62","99","Good"
1968077,"6.5764103","3.3939302","2026-07-07 15:12:00","9","10","8","62","99","Good"
1968077,"6.5764074","3.393933","2026-07-07 15:12:01","9","10","8","62","99","Good"
1968077,"6.576405","3.3939333","2026-07-07 15:12:02","9","10","8","62","99","Good"
1968077,"6.576404","3.3939328","2026-07-07 15:12:03","8","8","7","62","99","Good"
1968077,"6.576403","3.3939326","2026-07-07 15:12:04","8","8","7","62","99","Good"
1968077,"6.576402","3.393933","2026-07-07 15:12:05","9","10","8","61","99","Good"
1968077,"6.5764008","3.393933","2026-07-07 15:12:06","9","10","8","62","99","Good"
1968077,"6.576399","3.3939319","2026-07-07 15:12:07","9","10","8","62","99","Good"
1968077,"6.576398","3.3939295","2026-07-07 15:12:08","9","9","8","62","99","Good"
1968077,"6.5763984","3.393927","2026-07-07 15:12:09","8","8","7","62","99","Good"
1968077,"6.5764008","3.393924","2026-07-07 15:12:10","8","8","7","62","99","Good"
1968077,"6.5764046","3.3939197","2026-07-07 15:12:11","8","8","7","62","99","Good"
1968077,"6.5764074","3.3939164","2026-07-07 15:12:12","8","8","7","62","99","Good"
1968077,"6.5764093","3.3939123","2026-07-07 15:12:13","8","8","7","62","99","Good"
1968077,"6.5764103","3.3939097","2026-07-07 15:12:14","7","7","6","62","99","Good"
1968077,"6.5764112","3.3939078","2026-07-07 15:12:15","7","7","6","62","99","Good"
1968077,"6.576412","3.393907","2026-07-07 15:12:16","7","7","6","62","99","Good"
1968077,"6.576415","3.393899","2026-07-07 15:12:17","7","7","6","62","99","Good"
1968077,"6.576418","3.3938918","2026-07-07 15:12:18","7","7","6","62","99","Good"
1968077,"6.5764203","3.393884","2026-07-07 15:12:19","7","7","6","62","99","Good"
1968077,"6.5764227","3.3938801","2026-07-07 15:12:20","7","7","6","62","99","Good"
1968077,"6.576423","3.3938746","2026-07-07 15:12:21","7","7","6","62","99","Good"
1968077,"6.5764203","3.3938656","2026-07-07 15:12:22","7","7","6","62","99","Good"
1968077,"6.5764184","3.3938584","2026-07-07 15:12:23","8","8","7","62","99","Good"
1968077,"6.5764165","3.3938546","2026-07-07 15:12:24","8","8","7","62","99","Good"
1968077,"6.576416","3.3938525","2026-07-07 15:12:25","7","7","6","62","99","Good"
1968077,"6.5764155","3.3938508","2026-07-07 15:12:26","7","7","6","62","99","Good"
1968077,"6.5764155","3.3938487","2026-07-07 15:12:27","7","7","6","62","99","Good"
1968077,"6.576415","3.3938477","2026-07-07 15:12:28","7","7","6","62","99","Good"
1968077,"6.5764155","3.3938465","2026-07-07 15:12:29","7","7","6","62","99","Good"
1968077,"6.576416","3.3938468","2026-07-07 15:12:30","8","8","7","62","99","Good"
1968077,"6.5764165","3.3938463","2026-07-07 15:12:31","8","8","7","62","99","Good"
1968077,"6.5764165","3.393845","2026-07-07 15:12:32","8","8","7","62","99","Good"
1968077,"6.576417","3.393844","2026-07-07 15:12:33","8","8","7","62","99","Good"
1968077,"6.576417","3.3938432","2026-07-07 15:12:34","8","8","7","62","99","Good"
1968077,"6.576417","3.3938417","2026-07-07 15:12:35","7","7","6","62","99","Good"
1968077,"6.5764165","3.39384","2026-07-07 15:12:36","7","7","6","62","99","Good"
1968077,"6.576417","3.3938384","2026-07-07 15:12:37","7","7","6","62","99","Good"
1968077,"6.576418","3.3938377","2026-07-07 15:12:38","7","7","6","62","99","Good"
1968077,"6.5764184","3.3938372","2026-07-07 15:12:39","7","7","6","62","99","Good"
1968077,"6.576418","3.3938334","2026-07-07 15:12:40","7","7","6","62","99","Good"
1968077,"6.5764174","3.3938293","2026-07-07 15:12:41","7","7","6","62","99","Good"
1968077,"6.5764184","3.3938277","2026-07-07 15:12:42","7","7","6","62","99","Good"
1968077,"6.5764194","3.3938272","2026-07-07 15:12:43","7","7","6","62","99","Good"
1968077,"6.576421","3.393824","2026-07-07 15:12:44","8","8","7","62","99","Good"
1968077,"6.576422","3.3938205","2026-07-07 15:12:45","8","8","7","62","99","Good"
1968077,"6.5764227","3.3938181","2026-07-07 15:12:46","8","8","7","62","99","Good"
1968077,"6.576423","3.3938181","2026-07-07 15:12:47","8","8","7","62","99","Good"
1968077,"6.576424","3.3938177","2026-07-07 15:12:48","8","8","7","62","99","Good"
1968077,"6.576425","3.3938174","2026-07-07 15:12:49","8","8","7","62","99","Good"
1968077,"6.576426","3.3938172","2026-07-07 15:12:50","8","8","7","62","99","Good"
1968077,"6.576427","3.3938162","2026-07-07 15:12:51","9","10","8","62","99","Good"
1968077,"6.576428","3.393814","2026-07-07 15:12:52","9","10","8","62","99","Good"
1968077,"6.57643","3.3938105","2026-07-07 15:12:53","9","10","8","62","99","Good"
1968077,"6.5764337","3.3938062","2026-07-07 15:12:54","9","10","8","62","99","Good"
1968077,"6.5764384","3.3938017","2026-07-07 15:12:55","9","9","8","62","99","Good"
1968077,"6.576448","3.3937955","2026-07-07 15:12:56","8","8","7","62","99","Good"
1968077,"6.5764613","3.3937874","2026-07-07 15:12:57","8","8","7","62","99","Good"
1968077,"6.576472","3.393782","2026-07-07 15:12:58","9","10","8","62","99","Good"
1968077,"6.5764785","3.3937771","2026-07-07 15:12:59","9","10","8","62","99","Good"
1968077,"6.5764847","3.393771","2026-07-07 15:13:00","9","10","8","62","99","Good"
1968077,"6.57649","3.3937654","2026-07-07 15:13:01","9","10","8","62","99","Good"
1968077,"6.576493","3.393756","2026-07-07 15:13:02","10","11","10","62","99","Good"
1968077,"6.576496","3.3937488","2026-07-07 15:13:03","9","10","8","62","99","Good"
1968077,"6.576501","3.3937392","2026-07-07 15:13:04","9","10","8","62","99","Good"
1968077,"6.5765057","3.3937316","2026-07-07 15:13:05","9","10","8","62","99","Good"
1968077,"6.576511","3.3937235","2026-07-07 15:13:06","9","10","8","62","99","Good"
1968077,"6.5765142","3.3937151","2026-07-07 15:13:07","10","11","10","62","99","Good"
1968077,"6.576519","3.3937078","2026-07-07 15:13:08","10","11","10","62","99","Good"
1968077,"6.5765233","3.3937004","2026-07-07 15:13:09","9","10","8","62","99","Good"
1968077,"6.5765276","3.3936925","2026-07-07 15:13:10","9","10","8","62","99","Good"
1968077,"6.5765305","3.3936849","2026-07-07 15:13:11","9","10","8","62","99","Good"
1968077,"6.576534","3.3936765","2026-07-07 15:13:12","9","10","8","62","99","Good"
1968077,"6.576536","3.3936687","2026-07-07 15:13:13","9","10","8","61","99","Good"
1968077,"6.57654","3.393661","2026-07-07 15:13:14","10","11","10","61","99","Good"
1968077,"6.576545","3.393653","2026-07-07 15:13:15","10","11","10","61","99","Good"
1968077,"6.576544","3.3936484","2026-07-07 15:13:16","9","10","8","61","99","Good"
1968077,"6.5765433","3.3936503","2026-07-07 15:13:17","8","8","7","61","99","Good"
1968077,"6.576544","3.3936434","2026-07-07 15:13:18","8","8","7","61","99","Good"
1968077,"6.5765486","3.3936343","2026-07-07 15:13:19","9","10","8","61","99","Good"
1968077,"6.57655","3.3936362","2026-07-07 15:13:20","9","10","8","60","99","Good"
1968077,"6.576558","3.3936236","2026-07-07 15:13:21","8","8","7","60","99","Good"
1968077,"6.576564","3.3936162","2026-07-07 15:13:22","8","8","7","60","99","Good"
1968077,"6.576569","3.3936064","2026-07-07 15:13:23","9","10","8","60","99","Good"
1968077,"6.576575","3.3935921","2026-07-07 15:13:24","9","9","8","60","99","Good"
1968077,"6.5765767","3.3935833","2026-07-07 15:13:25","8","8","7","60","99","Good"
1968077,"6.5765786","3.393576","2026-07-07 15:13:26","8","8","7","61","99","Good"
1968077,"6.5765815","3.3935676","2026-07-07 15:13:27","8","8","7","60","99","Good"
1968077,"6.5765834","3.3935602","2026-07-07 15:13:28","8","8","7","60","99","Good"
1968077,"6.5765853","3.3935533","2026-07-07 15:13:29","8","8","7","60","99","Good"
1968077,"6.576587","3.3935459","2026-07-07 15:13:30","8","8","7","60","99","Good"
1968077,"6.57659","3.393537","2026-07-07 15:13:31","8","8","7","60","99","Good"
1968077,"6.576594","3.3935297","2026-07-07 15:13:32","8","8","7","60","99","Good"
1968077,"6.5766006","3.3935263","2026-07-07 15:13:33","7","7","6","60","99","Good"
1968077,"6.5766044","3.3935223","2026-07-07 15:13:34","7","7","6","60","99","Good"
1968077,"6.5766077","3.393514","2026-07-07 15:13:35","8","8","7","60","99","Good"
1968077,"6.5766077","3.393514","2026-07-07 15:13:36","8","8","7","60","99","Good"
1968077,"6.5766125","3.3935041","2026-07-07 15:13:37","7","7","6","60","99","Good"
1968077,"6.576616","3.3934975","2026-07-07 15:13:38","7","7","6","60","99","Good"
1968077,"6.5766196","3.3934882","2026-07-07 15:13:39","8","8","7","60","99","Good"
1968077,"6.576624","3.3934803","2026-07-07 15:13:40","9","10","8","60","99","Good"
1968077,"6.5766277","3.3934736","2026-07-07 15:13:41","9","10","8","60","99","Good"
1968077,"6.5766277","3.393476","2026-07-07 15:13:42","9","10","8","60","99","Good"
1968077,"6.5766296","3.393468","2026-07-07 15:13:43","9","10","8","60","99","Good"
1968077,"6.576632","3.3934617","2026-07-07 15:13:44","9","10","8","60","99","Good"
1968077,"6.576636","3.3934536","2026-07-07 15:13:45","9","10","8","60","99","Good"
1968077,"6.57664","3.393444","2026-07-07 15:13:46","9","10","8","60","99","Good"
1968077,"6.5766454","3.3934321","2026-07-07 15:13:47","9","10","8","60","99","Good"
1968077,"6.5766497","3.3934228","2026-07-07 15:13:48","9","10","8","60","99","Good"
1968077,"6.576653","3.3934155","2026-07-07 15:13:49","9","10","8","60","99","Good"
1968077,"6.576658","3.393405","2026-07-07 15:13:50","9","10","8","60","100","Good"
1968077,"6.5766635","3.3933964","2026-07-07 15:13:51","9","10","8","60","100","Good"
1968077,"6.57667","3.3933873","2026-07-07 15:13:52","9","10","8","60","99","Good"
1968077,"6.5766764","3.3933809","2026-07-07 15:13:53","9","10","8","60","100","Good"
1968077,"6.5766816","3.3933735","2026-07-07 15:13:54","9","10","8","60","100","Good"
1968077,"6.5766864","3.3933656","2026-07-07 15:13:55","9","10","8","60","100","Good"
1968077,"6.576696","3.3933618","2026-07-07 15:13:56","8","8","7","60","100","Good"
1968077,"6.576705","3.3933587","2026-07-07 15:13:57","8","8","7","60","100","Good"
1968077,"6.5767117","3.3933542","2026-07-07 15:13:58","8","8","7","60","100","Good"
1968077,"6.5767193","3.3933494","2026-07-07 15:13:59","8","8","7","60","100","Good"
1968077,"6.5767255","3.3933434","2026-07-07 15:14:00","8","8","7","60","100","Good"
1968077,"6.576729","3.3933372","2026-07-07 15:14:01","8","8","7","60","100","Good"
1968077,"6.5767307","3.393341","2026-07-07 15:14:02","8","8","7","60","100","Good"
1968077,"6.5767365","3.3933368","2026-07-07 15:14:03","8","8","7","60","100","Good"
1968077,"6.5767417","3.3933344","2026-07-07 15:14:04","8","8","7","60","100","Good"
1968077,"6.5767484","3.393332","2026-07-07 15:14:05","8","8","7","60","100","Good"
1968077,"6.576754","3.393328","2026-07-07 15:14:06","8","8","7","60","100","Good"
1968077,"6.576758","3.3933208","2026-07-07 15:14:07","7","7","6","60","100","Good"
1968077,"6.576759","3.3933148","2026-07-07 15:14:08","7","8","7","60","100","Good"
1968077,"6.5767593","3.393306","2026-07-07 15:14:09","8","8","7","60","100","Good"
1968077,"6.5767603","3.3933005","2026-07-07 15:14:10","8","8","7","60","100","Good"
1968077,"6.576762","3.3932953","2026-07-07 15:14:11","8","8","7","60","100","Good"
1968077,"6.5767646","3.3932877","2026-07-07 15:14:12","8","8","7","60","100","Good"
1968077,"6.576766","3.3932817","2026-07-07 15:14:13","8","8","7","60","100","Good"
1968077,"6.5767684","3.3932743","2026-07-07 15:14:14","8","8","7","60","100","Good"
1968077,"6.5767703","3.3932672","2026-07-07 15:14:15","8","8","7","60","100","Good"
1968077,"6.5767717","3.3932612","2026-07-07 15:14:16","8","8","7","60","100","Good"
1968077,"6.5767736","3.3932562","2026-07-07 15:14:17","8","8","7","60","100","Good"
1968077,"6.5767756","3.393252","2026-07-07 15:14:18","8","8","7","60","100","Good"
1968077,"6.5767775","3.3932488","2026-07-07 15:14:19","8","8","7","60","100","Good"
1968077,"6.576779","3.3932471","2026-07-07 15:14:20","8","8","7","60","100","Good"
1968077,"6.576779","3.393247","2026-07-07 15:14:21","8","8","7","60","100","Good"
1968077,"6.576779","3.3932474","2026-07-07 15:14:22","8","8","7","60","100","Good"
1968077,"6.5767784","3.393248","2026-07-07 15:14:23","8","8","7","60","100","Good"
1968077,"6.5767784","3.393248","2026-07-07 15:14:24","8","8","7","60","100","Good"
1968077,"6.576779","3.3932471","2026-07-07 15:14:25","8","8","7","60","100","Good"
1968077,"6.5767765","3.393243","2026-07-07 15:14:26","8","8","7","60","100","Good"
1968077,"6.5767765","3.393242","2026-07-07 15:14:27","8","8","7","60","100","Good"
1968077,"6.576777","3.3932414","2026-07-07 15:14:28","8","8","7","60","100","Good"
1968077,"6.576778","3.3932414","2026-07-07 15:14:29","7","7","6","60","100","Good"
1968077,"6.5767794","3.3932407","2026-07-07 15:14:30","7","7","6","60","100","Good"
1968077,"6.5767784","3.393238","2026-07-07 15:14:31","8","8","7","60","100","Good"
1968077,"6.576779","3.3932376","2026-07-07 15:14:32","8","8","7","60","100","Good"
1968077,"6.576779","3.3932376","2026-07-07 15:14:33","8","8","7","60","100","Good"
1968077,"6.57678","3.3932362","2026-07-07 15:14:34","8","8","7","60","100","Good"
1968077,"6.5767803","3.3932357","2026-07-07 15:14:35","7","7","6","60","100","Good"
1968077,"6.5767803","3.3932357","2026-07-07 15:14:36","7","7","6","60","100","Good"
1968077,"6.5767794","3.3932345","2026-07-07 15:14:37","7","7","6","60","100","Good"
1968077,"6.5767794","3.3932343","2026-07-07 15:14:38","7","7","6","60","100","Good"
1968077,"6.57678","3.3932343","2026-07-07 15:14:39","7","7","6","60","100","Good"
1968077,"6.5767803","3.3932338","2026-07-07 15:14:40","8","8","7","60","100","Good"
1968077,"6.576781","3.3932307","2026-07-07 15:14:41","8","8","7","60","100","Good"
1968077,"6.5767813","3.3932273","2026-07-07 15:14:42","8","8","7","60","100","Good"
1968077,"6.576779","3.3932223","2026-07-07 15:14:43","8","8","7","60","100","Good"
1968077,"6.576779","3.393219","2026-07-07 15:14:44","8","8","7","60","100","Good"
1968077,"6.5767813","3.393216","2026-07-07 15:14:45","8","8","7","60","100","Good"
1968077,"6.5767827","3.3932128","2026-07-07 15:14:46","8","8","7","60","100","Good"
1968077,"6.5767837","3.3932087","2026-07-07 15:14:47","8","8","7","60","100","Good"
1968077,"6.576786","3.3932035","2026-07-07 15:14:48","8","8","7","60","100","Good"
1968077,"6.5767894","3.393198","2026-07-07 15:14:49","9","10","8","60","100","Good"
1968077,"6.576795","3.3931918","2026-07-07 15:14:50","9","10","8","60","100","Good"
1968077,"6.5768013","3.393186","2026-07-07 15:14:51","9","10","8","60","100","Good"
1968077,"6.5768065","3.3931806","2026-07-07 15:14:52","10","10","9","60","100","Good"
1968077,"6.5768123","3.3931746","2026-07-07 15:14:53","10","11","10","60","100","Good"
1968077,"6.576817","3.3931694","2026-07-07 15:14:54","10","11","10","60","100","Good"
1968077,"6.5768213","3.3931642","2026-07-07 15:14:55","10","11","10","60","100","Good"
1968077,"6.5768256","3.3931587","2026-07-07 15:14:56","10","11","10","60","100","Good"
1968077,"6.5768294","3.393151","2026-07-07 15:14:57","10","11","10","60","100","Good"
1968077,"6.576833","3.3931434","2026-07-07 15:14:58","8","8","7","59","100","Good"
1968077,"6.576836","3.3931365","2026-07-07 15:14:59","8","8","7","59","100","Good"
1968077,"6.5768394","3.393131","2026-07-07 15:15:00","8","8","7","59","100","Good"
1968077,"6.5768433","3.3931262","2026-07-07 15:15:01","8","8","7","59","100","Good"
1968077,"6.5768456","3.39312","2026-07-07 15:15:02","8","8","7","59","100","Good"
1968077,"6.5768485","3.3931143","2026-07-07 15:15:03","8","8","7","59","100","Good"
1968077,"6.5768523","3.3931086","2026-07-07 15:15:04","7","7","6","59","100","Good"
1968077,"6.5768566","3.393103","2026-07-07 15:15:05","7","7","6","59","100","Good"
1968077,"6.576861","3.3930972","2026-07-07 15:15:06","7","7","6","59","100","Good"
1968077,"6.5768642","3.3930907","2026-07-07 15:15:07","7","7","6","59","100","Good"
1968077,"6.5768666","3.3930843","2026-07-07 15:15:08","7","7","6","59","100","Good"
1968077,"6.576869","3.3930786","2026-07-07 15:15:09","7","7","6","59","99","Good"
1968077,"6.576873","3.3930705","2026-07-07 15:15:10","7","7","6","59","99","Good"
1968077,"6.5768757","3.3930645","2026-07-07 15:15:11","7","7","6","59","99","Good"
1968077,"6.5768795","3.3930576","2026-07-07 15:15:12","6","6","5","59","99","Good"
1968077,"6.5768814","3.3930545","2026-07-07 15:15:13","6","6","5","59","99","Good"
1968077,"6.576881","3.3930554","2026-07-07 15:15:14","6","6","5","59","100","Good"
1968077,"6.5768805","3.393055","2026-07-07 15:15:15","7","7","6","59","100","Good"
1968077,"6.5768805","3.393051","2026-07-07 15:15:16","8","8","7","59","100","Good"
1968077,"6.576882","3.3930478","2026-07-07 15:15:17","8","8","7","59","100","Good"
1968077,"6.5768847","3.3930423","2026-07-07 15:15:18","8","8","7","59","100","Good"
1968077,"6.576887","3.3930385","2026-07-07 15:15:19","8","8","7","59","100","Good"
1968077,"6.57689","3.3930304","2026-07-07 15:15:20","8","8","7","59","100","Good"
1968077,"6.576892","3.393023","2026-07-07 15:15:21","8","8","7","59","100","Good"
1968077,"6.5768924","3.3930163","2026-07-07 15:15:22","7","7","6","59","100","Good"
1968077,"6.576893","3.3930104","2026-07-07 15:15:23","7","7","6","59","100","Good"
1968077,"6.5768924","3.3930037","2026-07-07 15:15:24","7","7","6","59","100","Good"
1968077,"6.576892","3.392996","2026-07-07 15:15:25","7","7","6","59","100","Good"
1968077,"6.5768914","3.3929887","2026-07-07 15:15:26","7","7","6","59","100","Good"
1968077,"6.5768914","3.3929825","2026-07-07 15:15:27","7","7","6","59","100","Good"
1968077,"6.576892","3.392978","2026-07-07 15:15:28","7","7","6","59","100","Good"
1968077,"6.576894","3.392972","2026-07-07 15:15:29","8","8","7","59","100","Good"
1968077,"6.576895","3.3929665","2026-07-07 15:15:30","8","8","7","59","100","Good"
1968077,"6.5768957","3.3929615","2026-07-07 15:15:31","8","8","7","59","100","Good"
1968077,"6.576898","3.3929563","2026-07-07 15:15:32","8","8","7","59","100","Good"
1968077,"6.5769024","3.3929496","2026-07-07 15:15:33","8","8","7","59","100","Good"
1968077,"6.5769057","3.3929446","2026-07-07 15:15:34","8","8","7","59","100","Good"
1968077,"6.576913","3.3929405","2026-07-07 15:15:35","9","10","8","59","100","Good"
1968077,"6.576919","3.3929353","2026-07-07 15:15:36","9","10","8","59","100","Good"
1968077,"6.5769234","3.39293","2026-07-07 15:15:37","9","10","8","59","100","Good"
1968077,"6.5769286","3.3929265","2026-07-07 15:15:38","10","11","10","59","100","Good"
1968077,"6.5769315","3.3929212","2026-07-07 15:15:39","10","11","10","59","100","Good"
1968077,"6.5769343","3.3929155","2026-07-07 15:15:40","10","11","10","59","100","Good"
1968077,"6.5769377","3.392909","2026-07-07 15:15:41","10","11","10","59","100","Good"
1968077,"6.57694","3.3929048","2026-07-07 15:15:42","9","10","8","59","100","Good"
1968077,"6.576942","3.392899","2026-07-07 15:15:43","11","11","10","59","100","Good"
1968077,"6.576946","3.3928947","2026-07-07 15:15:44","12","12","11","59","100","Good"
1968077,"6.5769477","3.3928916","2026-07-07 15:15:45","10","11","10","59","100","Good"
1968077,"6.576951","3.3928878","2026-07-07 15:15:46","10","11","10","59","100","Good"
1968077,"6.5769553","3.3928828","2026-07-07 15:15:47","10","11","10","59","100","Good"
1968077,"6.57696","3.3928764","2026-07-07 15:15:48","10","11","10","59","100","Good"
1968077,"6.5769644","3.3928697","2026-07-07 15:15:49","9","10","8","59","100","Good"
1968077,"6.57697","3.3928633","2026-07-07 15:15:50","9","10","8","59","100","Good"
1968077,"6.576974","3.3928587","2026-07-07 15:15:51","9","10","8","59","100","Good"
1968077,"6.576976","3.3928578","2026-07-07 15:15:52","9","10","8","59","100","Good"
1968077,"6.576979","3.3928528","2026-07-07 15:15:53","9","10","8","59","100","Good"
1968077,"6.5769835","3.3928466","2026-07-07 15:15:54","8","8","7","59","100","Good"
1968077,"6.576989","3.3928373","2026-07-07 15:15:55","8","8","7","59","100","Good"
1968077,"6.5769925","3.3928318","2026-07-07 15:15:56","8","8","7","59","100","Good"
1968077,"6.576996","3.392825","2026-07-07 15:15:57","8","8","7","59","100","Good"
1968077,"6.576999","3.3928187","2026-07-07 15:15:58","8","8","7","59","100","Good"
1968077,"6.5770016","3.3928115","2026-07-07 15:15:59","8","8","7","59","100","Good"
1968077,"6.577003","3.3928041","2026-07-07 15:16:00","8","8","7","59","100","Good"
1968077,"6.577005","3.3927915","2026-07-07 15:16:01","8","8","7","59","100","Good"
1968077,"6.577006","3.3927853","2026-07-07 15:16:02","8","8","7","59","100","Good"
1968077,"6.5770087","3.3927782","2026-07-07 15:16:03","9","10","8","59","100","Good"
1968077,"6.5770097","3.3927708","2026-07-07 15:16:04","9","10","8","59","100","Good"
1968077,"6.577011","3.3927636","2026-07-07 15:16:05","9","10","8","59","100","Good"
1968077,"6.5770125","3.392756","2026-07-07 15:16:06","10","11","10","59","100","Good"
1968077,"6.57701","3.3927438","2026-07-07 15:16:07","10","11","10","58","100","Good"
1968077,"6.577012","3.3927374","2026-07-07 15:16:08","10","11","10","59","100","Good"
1968077,"6.5770144","3.3927307","2026-07-07 15:16:09","10","11","10","58","100","Good"
1968077,"6.5770187","3.3927236","2026-07-07 15:16:10","10","11","10","58","100","Good"
1968077,"6.577023","3.3927174","2026-07-07 15:16:11","10","11","10","58","100","Good"
1968077,"6.577027","3.3927083","2026-07-07 15:16:12","10","11","10","58","100","Good"
1968077,"6.577029","3.3927033","2026-07-07 15:16:13","10","11","10","59","100","Good"
1968077,"6.577032","3.3926969","2026-07-07 15:16:14","10","11","10","59","100","Good"
1968077,"6.5770354","3.3926916","2026-07-07 15:16:15","10","11","10","59","100","Good"
1968077,"6.5770392","3.3926847","2026-07-07 15:16:16","9","10","8","59","100","Good"
1968077,"6.577042","3.3926795","2026-07-07 15:16:17","10","11","10","59","100","Good"
1968077,"6.5770416","3.392673","2026-07-07 15:16:18","10","11","10","59","100","Good"
1968077,"6.5770407","3.3926687","2026-07-07 15:16:19","10","11","10","59","100","Good"
1968077,"6.577039","3.392664","2026-07-07 15:16:20","10","11","10","59","100","Good"
1968077,"6.5770364","3.3926585","2026-07-07 15:16:21","10","11","10","59","100","Good"
1968077,"6.577033","3.392653","2026-07-07 15:16:22","9","10","8","59","100","Good"
1968077,"6.577031","3.3926463","2026-07-07 15:16:23","9","10","8","59","100","Good"
1968077,"6.577031","3.3926377","2026-07-07 15:16:24","9","10","8","59","100","Good"
1968077,"6.577038","3.3926353","2026-07-07 15:16:25","9","10","8","59","100","Good"
1968077,"6.5770397","3.3926375","2026-07-07 15:16:26","9","10","8","58","100","Good"
1968077,"6.5770435","3.3926384","2026-07-07 15:16:27","9","10","8","58","100","Good"
1968077,"6.5770497","3.3926373","2026-07-07 15:16:28","9","10","8","58","100","Good"
1968077,"6.577055","3.392635","2026-07-07 15:16:29","9","10","8","59","100","Good"
1968077,"6.57706","3.392633","2026-07-07 15:16:30","9","10","8","59","100","Good"
1968077,"6.577064","3.392632","2026-07-07 15:16:31","10","11","10","59","100","Good"
1968077,"6.5770726","3.392623","2026-07-07 15:16:32","10","11","10","59","100","Good"
1968077,"6.5770802","3.3926156","2026-07-07 15:16:33","9","10","8","59","100","Good"
1968077,"6.577087","3.3926077","2026-07-07 15:16:34","8","8","7","59","100","Good"
1968077,"6.5770907","3.3925996","2026-07-07 15:16:35","8","8","7","59","100","Good"
1968077,"6.577096","3.3925953","2026-07-07 15:16:36","9","10","8","59","100","Good"
1968077,"6.5771017","3.3925927","2026-07-07 15:16:37","9","10","8","59","100","Good"
1968077,"6.5771055","3.3925917","2026-07-07 15:16:38","9","10","8","59","100","Good"
1968077,"6.577109","3.39259","2026-07-07 15:16:39","9","10","8","59","100","Good"
1968077,"6.5771127","3.392589","2026-07-07 15:16:40","9","10","8","59","100","Good"
1968077,"6.577117","3.3925884","2026-07-07 15:16:41","9","10","8","59","100","Good"
1968077,"6.5771227","3.3925865","2026-07-07 15:16:42","9","10","8","59","100","Good"
1968077,"6.577128","3.3925834","2026-07-07 15:16:43","9","10","8","59","100","Good"
1968077,"6.5771327","3.392578","2026-07-07 15:16:44","9","10","8","59","100","Good"
1968077,"6.577137","3.3925743","2026-07-07 15:16:45","8","8","7","59","100","Good"
1968077,"6.5771365","3.3925655","2026-07-07 15:16:46","8","8","7","59","100","Good"
1968077,"6.5771384","3.39256","2026-07-07 15:16:47","8","8","7","59","100","Good"
1968077,"6.5771422","3.3925526","2026-07-07 15:16:48","8","8","7","59","100","Good"
1968077,"6.5771446","3.3925447","2026-07-07 15:16:49","8","8","7","59","100","Good"
1968077,"6.5771465","3.3925364","2026-07-07 15:16:50","9","10","8","59","100","Good"
1968077,"6.577148","3.392527","2026-07-07 15:16:51","8","8","7","59","100","Good"
1968077,"6.57715","3.3925188","2026-07-07 15:16:52","8","8","7","59","100","Good"
1968077,"6.5771537","3.3925092","2026-07-07 15:16:53","8","8","7","59","100","Good"
1968077,"6.5771594","3.3925018","2026-07-07 15:16:54","8","8","7","59","100","Good"
1968077,"6.577164","3.392494","2026-07-07 15:16:55","8","8","7","59","100","Good"
1968077,"6.5771704","3.3924856","2026-07-07 15:16:56","8","8","7","59","100","Good"
1968077,"6.5771737","3.3924768","2026-07-07 15:16:57","8","8","7","58","100","Good"
1968077,"6.5771785","3.3924692","2026-07-07 15:16:58","8","8","7","59","100","Good"
1968077,"6.5771837","3.3924623","2026-07-07 15:16:59","8","8","7","59","100","Good"
1968077,"6.5771904","3.392455","2026-07-07 15:17:00","8","8","7","59","100","Good"
1968077,"6.5771966","3.3924482","2026-07-07 15:17:01","8","8","7","59","100","Good"
1968077,"6.577201","3.39244","2026-07-07 15:17:02","8","8","7","59","100","Good"
1968077,"6.577204","3.3924348","2026-07-07 15:17:03","8","8","7","59","100","Good"
1968077,"6.5772095","3.3924274","2026-07-07 15:17:04","8","8","7","59","100","Good"
1968077,"6.577214","3.3924203","2026-07-07 15:17:05","8","8","7","59","100","Good"
1968077,"6.5772176","3.392413","2026-07-07 15:17:06","9","10","8","59","100","Good"
1968077,"6.5772204","3.3924055","2026-07-07 15:17:07","9","10","8","59","100","Good"
1968077,"6.5772257","3.3923967","2026-07-07 15:17:08","10","11","10","59","100","Good"
1968077,"6.5772285","3.392393","2026-07-07 15:17:09","10","11","10","59","100","Good"
1968077,"6.5772314","3.3923874","2026-07-07 15:17:10","9","10","8","59","100","Good"
1968077,"6.577227","3.3923867","2026-07-07 15:17:11","9","10","8","59","100","Good"
1968077,"6.5772243","3.3923862","2026-07-07 15:17:12","9","10","8","59","100","Good"
1968077,"6.577222","3.3923855","2026-07-07 15:17:13","9","10","8","59","100","Good"
1968077,"6.5772195","3.3923826","2026-07-07 15:17:14","9","10","8","59","100","Good"
1968077,"6.577218","3.3923802","2026-07-07 15:17:15","8","8","7","59","100","Good"
1968077,"6.5772166","3.3923764","2026-07-07 15:17:16","8","8","7","59","100","Good"
1968077,"6.5772166","3.3923707","2026-07-07 15:17:17","9","10","8","59","100","Good"
1968077,"6.577218","3.3923655","2026-07-07 15:17:18","10","11","10","59","100","Good"
1968077,"6.5772195","3.392359","2026-07-07 15:17:19","10","11","10","59","100","Good"
1968077,"6.5772185","3.3923447","2026-07-07 15:17:21","10","11","10","59","100","Good"
1968077,"6.577216","3.3923383","2026-07-07 15:17:22","10","11","10","59","100","Good"
1968077,"6.5772147","3.392331","2026-07-07 15:17:23","10","11","10","59","100","Good"
1968077,"6.5772142","3.3923233","2026-07-07 15:17:24","9","10","8","59","100","Good"
1968077,"6.577214","3.392323","2026-07-07 15:17:25","9","9","8","59","100","Good"
1968077,"6.5772142","3.3923244","2026-07-07 15:17:26","8","8","7","59","100","Good"
1968077,"6.5772147","3.3923244","2026-07-07 15:17:27","9","10","8","59","100","Good"
1968077,"6.5772123","3.3923156","2026-07-07 15:17:28","9","10","8","59","100","Good"
1968077,"6.577209","3.3923068","2026-07-07 15:17:29","9","10","8","59","100","Good"
1968077,"6.5772066","3.3923006","2026-07-07 15:17:30","9","10","8","59","100","Good"
1968077,"6.577205","3.3922968","2026-07-07 15:17:31","9","10","8","59","100","Good"
1968077,"6.5772038","3.392294","2026-07-07 15:17:32","9","10","8","59","100","Good"
1968077,"6.5772038","3.3922925","2026-07-07 15:17:33","10","11","10","59","100","Good"
1968077,"6.5772033","3.3922915","2026-07-07 15:17:34","9","10","8","59","100","Good"
1968077,"6.5772033","3.3922918","2026-07-07 15:17:35","9","10","8","59","100","Good"
1968077,"6.577202","3.3922882","2026-07-07 15:17:36","9","10","8","59","100","Good"
1968077,"6.5772004","3.3922834","2026-07-07 15:17:37","9","10","8","59","100","Good"
1968077,"6.577198","3.3922772","2026-07-07 15:17:38","9","10","8","59","100","Good"
1968077,"6.577195","3.39227","2026-07-07 15:17:39","9","10","8","59","100","Good"
1968077,"6.5771923","3.3922627","2026-07-07 15:17:40","9","10","8","59","100","Good"
1968077,"6.5771875","3.392254","2026-07-07 15:17:41","9","10","8","59","100","Good"
1968077,"6.5771813","3.392248","2026-07-07 15:17:42","9","10","8","59","100","Good"
1968077,"6.5771756","3.392243","2026-07-07 15:17:43","9","10","8","59","100","Good"
1968077,"6.5771685","3.3922384","2026-07-07 15:17:44","9","10","8","59","100","Good"
1968077,"6.5771623","3.392235","2026-07-07 15:17:45","9","10","8","58","100","Good"
1968077,"6.5771556","3.3922324","2026-07-07 15:17:46","9","10","8","58","100","Good"
1968077,"6.5771484","3.39223","2026-07-07 15:17:47","9","10","8","58","100","Good"
1968077,"6.5771437","3.3922274","2026-07-07 15:17:48","9","10","8","58","100","Good"
1968077,"6.577139","3.3922226","2026-07-07 15:17:49","9","10","8","58","100","Good"
1968077,"6.5771337","3.3922193","2026-07-07 15:17:50","9","10","8","58","100","Good"
1968077,"6.577128","3.392217","2026-07-07 15:17:51","9","10","8","58","100","Good"
1968077,"6.5771227","3.392216","2026-07-07 15:17:52","9","10","8","58","100","Good"
1968077,"6.577116","3.3922136","2026-07-07 15:17:53","9","10","8","58","100","Good"
1968077,"6.577111","3.392212","2026-07-07 15:17:54","10","11","10","58","100","Good"
1968077,"6.577105","3.39221","2026-07-07 15:17:55","9","10","8","58","100","Good"
1968077,"6.577099","3.3922079","2026-07-07 15:17:56","9","10","8","58","100","Good"
1968077,"6.577093","3.3922043","2026-07-07 15:17:57","9","10","8","58","100","Good"
1968077,"6.5770855","3.3922021","2026-07-07 15:17:58","9","10","8","58","100","Good"
1968077,"6.5770793","3.3921993","2026-07-07 15:17:59","9","10","8","58","100","Good"
1968077,"6.577073","3.3921947","2026-07-07 15:18:00","9","10","8","58","100","Good"
1968077,"6.577067","3.3921943","2026-07-07 15:18:01","9","10","8","58","100","Good"
1968077,"6.5770593","3.3922057","2026-07-07 15:18:02","8","8","7","58","100","Good"
1968077,"6.577054","3.3922093","2026-07-07 15:18:03","8","8","7","58","100","Good"
1968077,"6.5770497","3.3922071","2026-07-07 15:18:04","9","10","8","58","100","Good"
1968077,"6.5770445","3.392203","2026-07-07 15:18:05","9","10","8","58","100","Good"
1968077,"6.577041","3.3921978","2026-07-07 15:18:06","8","8","7","58","100","Good"
1968077,"6.577038","3.3921924","2026-07-07 15:18:07","8","8","7","58","100","Good"
1968077,"6.5770335","3.392187","2026-07-07 15:18:08","8","8","7","58","100","Good"
1968077,"6.57703","3.3921862","2026-07-07 15:18:09","8","8","7","58","100","Good"
1968077,"6.5770254","3.3921847","2026-07-07 15:18:10","8","8","7","58","100","Good"
1968077,"6.5770235","3.3921852","2026-07-07 15:18:11","8","8","7","58","100","Good"
1968077,"6.577017","3.3921883","2026-07-07 15:18:12","7","7","6","58","100","Good"
1968077,"6.577013","3.392192","2026-07-07 15:18:13","7","7","6","58","100","Good"
1968077,"6.5770106","3.3921947","2026-07-07 15:18:14","7","7","6","58","100","Good"
1968077,"6.5770082","3.3921964","2026-07-07 15:18:15","8","8","7","58","100","Good"
1968077,"6.577006","3.3921971","2026-07-07 15:18:16","7","8","7","58","100","Good"
1968077,"6.577005","3.392197","2026-07-07 15:18:17","7","7","6","58","100","Good"
1968077,"6.5770044","3.3921964","2026-07-07 15:18:18","7","7","6","58","100","Good"
1968077,"6.5770054","3.3921957","2026-07-07 15:18:19","7","7","6","58","100","Good"
1968077,"6.577006","3.3921955","2026-07-07 15:18:20","7","7","6","58","100","Good"
1968077,"6.5770073","3.392195","2026-07-07 15:18:21","7","7","6","58","100","Good"
1968077,"6.577008","3.3921947","2026-07-07 15:18:22","7","7","6","58","100","Good"
1968077,"6.577008","3.3921936","2026-07-07 15:18:23","7","7","6","58","100","Good"
1968077,"6.577008","3.3921924","2026-07-07 15:18:24","7","7","6","58","100","Good"
1968077,"6.5770063","3.392191","2026-07-07 15:18:25","7","7","6","58","100","Good"
1968077,"6.577004","3.3921895","2026-07-07 15:18:26","7","7","6","58","100","Good"
1968077,"6.577","3.3921876","2026-07-07 15:18:27","8","8","7","58","100","Good"
1968077,"6.576995","3.3921845","2026-07-07 15:18:28","8","8","7","58","100","Good"
1968077,"6.576988","3.3921783","2026-07-07 15:18:29","8","8","7","58","100","Good"
1968077,"6.576983","3.3921726","2026-07-07 15:18:30","8","8","7","58","100","Good"
1968077,"6.5769777","3.392168","2026-07-07 15:18:31","8","8","7","58","100","Good"
1968077,"6.5769725","3.3921654","2026-07-07 15:18:32","7","7","6","58","100","Good"
1968077,"6.5769677","3.3921616","2026-07-07 15:18:33","7","7","6","58","100","Good"
1968077,"6.5769625","3.3921578","2026-07-07 15:18:34","7","7","6","58","100","Good"
1968077,"6.5769567","3.3921535","2026-07-07 15:18:35","7","7","6","58","100","Good"
1968077,"6.576951","3.3921509","2026-07-07 15:18:36","9","10","8","58","100","Good"
1968077,"6.5769463","3.392149","2026-07-07 15:18:37","9","10","8","58","100","Good"
1968077,"6.5769415","3.392146","2026-07-07 15:18:38","9","10","8","58","100","Good"
1968077,"6.5769386","3.3921452","2026-07-07 15:18:39","9","10","8","58","100","Good"
1968077,"6.5769362","3.3921435","2026-07-07 15:18:40","9","10","8","58","100","Good"
1968077,"6.5769367","3.3921382","2026-07-07 15:18:41","9","10","8","58","100","Good"
1968077,"6.5769367","3.3921385","2026-07-07 15:18:42","8","8","7","58","100","Good"
1968077,"6.5769367","3.3921397","2026-07-07 15:18:43","8","8","7","58","100","Good"
1968077,"6.576934","3.3921392","2026-07-07 15:18:44","8","8","7","58","100","Good"
1968077,"6.576931","3.3921373","2026-07-07 15:18:45","8","8","7","58","100","Good"
1968077,"6.5769267","3.3921351","2026-07-07 15:18:46","8","8","7","58","100","Good"
1968077,"6.576923","3.392135","2026-07-07 15:18:47","8","8","7","58","100","Good"
1968077,"6.5769186","3.39213","2026-07-07 15:18:48","8","8","7","58","100","Good"
1968077,"6.576913","3.3921208","2026-07-07 15:18:49","8","8","7","58","99","Good"
1968077,"6.576904","3.3921094","2026-07-07 15:18:50","9","10","8","57","100","Good"
1968077,"6.5768967","3.3920996","2026-07-07 15:18:51","9","10","8","57","100","Good"
1968077,"6.576891","3.3920937","2026-07-07 15:18:52","9","10","8","58","100","Good"
1968077,"6.5768847","3.3920875","2026-07-07 15:18:53","8","8","7","58","100","Good"
1968077,"6.57688","3.3920846","2026-07-07 15:18:54","8","8","7","58","100","Good"
1968077,"6.576873","3.3920813","2026-07-07 15:18:55","8","8","7","58","100","Good"
1968077,"6.576865","3.392079","2026-07-07 15:18:56","8","8","7","58","100","Good"
1968077,"6.576858","3.3920777","2026-07-07 15:18:57","8","8","7","58","100","Good"
1968077,"6.5768514","3.3920743","2026-07-07 15:18:58","8","8","7","58","100","Good"
1968077,"6.576846","3.392071","2026-07-07 15:18:59","8","8","7","58","100","Good"
1968077,"6.57684","3.3920662","2026-07-07 15:19:00","7","8","7","58","100","Good"
1968077,"6.5768337","3.3920648","2026-07-07 15:19:01","8","8","7","58","100","Good"
1968077,"6.5768266","3.392064","2026-07-07 15:19:02","10","11","10","58","100","Good"
1968077,"6.576819","3.3920622","2026-07-07 15:19:03","10","11","10","58","100","Good"
1968077,"6.5768104","3.392062","2026-07-07 15:19:04","12","12","11","58","100","Good"
1968077,"6.5768037","3.3920598","2026-07-07 15:19:05","12","12","11","58","100","Good"
1968077,"6.5767965","3.3920555","2026-07-07 15:19:06","10","11","10","58","99","Good"
1968077,"6.57679","3.3920505","2026-07-07 15:19:07","10","11","10","58","99","Good"
1968077,"6.5767827","3.3920448","2026-07-07 15:19:08","12","12","11","58","99","Good"
1968077,"6.5767746","3.3920383","2026-07-07 15:19:09","10","11","10","58","99","Good"
1968077,"6.57677","3.3920336","2026-07-07 15:19:10","10","11","10","58","99","Good"
1968077,"6.5767646","3.3920283","2026-07-07 15:19:11","9","10","8","58","99","Good"
1968077,"6.576759","3.3920228","2026-07-07 15:19:12","9","10","8","58","99","Good"
1968077,"6.576753","3.3920188","2026-07-07 15:19:13","10","11","10","58","100","Good"
1968077,"6.5767465","3.3920145","2026-07-07 15:19:14","10","11","10","58","99","Good"
1968077,"6.576741","3.3920143","2026-07-07 15:19:15","10","11","10","58","99","Good"
1968077,"6.5767393","3.3920178","2026-07-07 15:19:16","9","10","8","58","99","Good"
1968077,"6.5767355","3.392014","2026-07-07 15:19:17","8","8","7","58","99","Good"
1968077,"6.57673","3.392014","2026-07-07 15:19:18","8","8","7","58","99","Good"
1968077,"6.5767255","3.3920152","2026-07-07 15:19:19","8","8","7","58","99","Good"
1968077,"6.5767217","3.3920176","2026-07-07 15:19:20","7","7","6","58","99","Good"
1968077,"6.576717","3.3920195","2026-07-07 15:19:21","8","8","7","58","99","Good"
1968077,"6.5767074","3.3920197","2026-07-07 15:19:22","8","8","7","58","99","Good"
1968077,"6.576697","3.3920152","2026-07-07 15:19:23","8","8","7","58","99","Good"
1968077,"6.576686","3.3920083","2026-07-07 15:19:24","8","8","7","58","99","Good"
1968077,"6.5766745","3.3920033","2026-07-07 15:19:25","7","7","6","58","99","Good"
1968077,"6.576659","3.392004","2026-07-07 15:19:26","7","7","6","58","99","Good"
1968077,"6.576651","3.3920023","2026-07-07 15:19:27","7","7","6","58","99","Good"
1968077,"6.5766397","3.3919957","2026-07-07 15:19:28","7","7","6","58","99","Good"
1968077,"6.5766296","3.3919902","2026-07-07 15:19:29","7","7","6","58","99","Good"
1968077,"6.5766215","3.3919873","2026-07-07 15:19:30","8","8","7","58","99","Good"
1968077,"6.576618","3.391989","2026-07-07 15:19:31","8","8","7","58","99","Good"
1968077,"6.5766096","3.3919883","2026-07-07 15:19:32","7","7","6","58","99","Good"
1968077,"6.576602","3.3919902","2026-07-07 15:19:33","7","7","6","58","99","Good"
1968077,"6.5765934","3.3919945","2026-07-07 15:19:34","7","7","6","58","99","Good"
1968077,"6.5765834","3.3920002","2026-07-07 15:19:35","7","7","6","58","99","Good"
1968077,"6.5765743","3.392008","2026-07-07 15:19:36","8","8","7","58","99","Good"
1968077,"6.576564","3.3920245","2026-07-07 15:19:37","9","10","8","58","99","Good"
1968077,"6.576558","3.3920324","2026-07-07 15:19:38","8","8","7","58","99","Good"
1968077,"6.5765524","3.3920393","2026-07-07 15:19:39","8","8","7","58","99","Good"
1968077,"6.5765457","3.3920457","2026-07-07 15:19:40","8","8","7","58","99","Good"
1968077,"6.5765452","3.392054","2026-07-07 15:19:41","9","10","8","58","99","Good"
1968077,"6.5765457","3.3920617","2026-07-07 15:19:42","9","10","8","58","99","Good"
1968077,"6.576548","3.3920715","2026-07-07 15:19:43","8","8","7","58","99","Good"
1968077,"6.5765495","3.3920786","2026-07-07 15:19:44","9","9","8","58","99","Good"
1968077,"6.57655","3.392085","2026-07-07 15:19:45","9","10","8","58","99","Good"
1968077,"6.5765524","3.3920906","2026-07-07 15:19:46","9","10","8","58","99","Good"
1968077,"6.5765553","3.3920949","2026-07-07 15:19:47","9","10","8","58","99","Good"
1968077,"6.5765595","3.3920982","2026-07-07 15:19:48","9","10","8","58","99","Good"
1968077,"6.5765634","3.3920996","2026-07-07 15:19:49","9","10","8","58","99","Good"
1968077,"6.5765653","3.392099","2026-07-07 15:19:50","9","10","8","58","99","Good"
1968077,"6.5765653","3.392097","2026-07-07 15:19:51","9","10","8","58","99","Good"
1968077,"6.5765643","3.3920956","2026-07-07 15:19:52","9","10","8","58","99","Good"
1968077,"6.576563","3.3920949","2026-07-07 15:19:53","8","8","7","58","99","Good"
1968077,"6.576562","3.3920958","2026-07-07 15:19:54","8","8","7","58","99","Good"
1968077,"6.5765615","3.392096","2026-07-07 15:19:55","9","10","8","58","99","Good"
1968077,"6.5765605","3.392096","2026-07-07 15:19:56","9","10","8","58","99","Good"
1968077,"6.57656","3.3920963","2026-07-07 15:19:57","8","8","7","58","99","Good"
1968077,"6.5765605","3.3920958","2026-07-07 15:19:58","8","8","7","58","99","Good"
1968077,"6.5765634","3.3920949","2026-07-07 15:19:59","9","10","8","58","99","Good"
1968077,"6.576564","3.3920941","2026-07-07 15:20:00","10","11","10","58","99","Good"
1968077,"6.576564","3.3920937","2026-07-07 15:20:01","10","11","10","58","99","Good"
1968077,"6.5765643","3.3920932","2026-07-07 15:20:02","10","11","10","58","99","Good"
1968077,"6.5765653","3.3920925","2026-07-07 15:20:03","10","11","10","58","99","Good"
1968077,"6.576566","3.3920922","2026-07-07 15:20:04","10","11","10","58","99","Good"
1968077,"6.576567","3.3920941","2026-07-07 15:20:05","9","10","8","58","99","Good"
1968077,"6.5765676","3.392097","2026-07-07 15:20:06","8","8","7","58","99","Good"
1968077,"6.576566","3.3921013","2026-07-07 15:20:07","8","8","7","58","99","Good"
1968077,"6.576563","3.3921056","2026-07-07 15:20:08","8","8","7","58","99","Good"
1968077,"6.5765605","3.3921094","2026-07-07 15:20:09","8","8","7","58","99","Good"
1968077,"6.5765586","3.3921132","2026-07-07 15:20:10","8","8","7","58","99","Good"
1968077,"6.5765576","3.3921173","2026-07-07 15:20:11","8","8","7","58","99","Good"
1968077,"6.576556","3.3921201","2026-07-07 15:20:12","8","8","7","58","99","Good"
1968077,"6.5765543","3.3921213","2026-07-07 15:20:13","8","8","7","58","99","Good"
1968077,"6.5765524","3.392123","2026-07-07 15:20:14","9","10","8","58","99","Good"
1968077,"6.5765476","3.3921282","2026-07-07 15:20:15","9","10","8","58","99","Good"
1968077,"6.576541","3.3921318","2026-07-07 15:20:16","8","8","7","58","99","Good"
1968077,"6.5765347","3.3921347","2026-07-07 15:20:17","9","10","8","58","99","Good"
1968077,"6.576532","3.3921375","2026-07-07 15:20:18","8","8","7","58","99","Good"
1968077,"6.5765243","3.3921428","2026-07-07 15:20:19","8","8","7","58","99","Good"
1968077,"6.576517","3.3921487","2026-07-07 15:20:20","8","8","7","58","99","Good"
1968077,"6.5765085","3.3921597","2026-07-07 15:20:21","8","8","7","58","99","Good"
1968077,"6.576504","3.3921657","2026-07-07 15:20:22","8","8","7","58","99","Good"
1968077,"6.5764995","3.3921738","2026-07-07 15:20:23","9","10","8","58","99","Good"
1968077,"6.5764966","3.3921819","2026-07-07 15:20:24","9","10","8","58","99","Good"
1968077,"6.576494","3.3921902","2026-07-07 15:20:25","9","10","8","58","99","Good"
1968077,"6.5764914","3.3921988","2026-07-07 15:20:26","8","8","7","58","99","Good"
1968077,"6.576489","3.3922036","2026-07-07 15:20:27","9","10","8","58","99","Good"
1968077,"6.5764856","3.3922093","2026-07-07 15:20:28","9","10","8","58","99","Good"
1968077,"6.5764823","3.3922155","2026-07-07 15:20:29","9","10","8","58","99","Good"
1968077,"6.576481","3.3922205","2026-07-07 15:20:30","9","10","8","58","99","Good"
1968077,"6.5764794","3.392226","2026-07-07 15:20:31","9","10","8","58","99","Good"
1968077,"6.576478","3.3922343","2026-07-07 15:20:32","9","10","8","58","99","Good"
1968077,"6.576477","3.3922393","2026-07-07 15:20:33","9","10","8","58","99","Good"
1968077,"6.5764747","3.3922439","2026-07-07 15:20:34","9","10","8","58","99","Good"
1968077,"6.576472","3.3922484","2026-07-07 15:20:35","11","11","10","58","99","Good"
1968077,"6.576469","3.3922539","2026-07-07 15:20:36","12","12","11","58","99","Good"
1968077,"6.576464","3.3922603","2026-07-07 15:20:37","12","12","11","58","99","Good"
1968077,"6.576453","3.3922732","2026-07-07 15:20:38","12","12","11","58","99","Good"
1968077,"6.5764513","3.3922782","2026-07-07 15:20:39","12","12","11","58","99","Good"
1968077,"6.57645","3.3922825","2026-07-07 15:20:40","12","12","11","58","99","Good"
1968077,"6.5764494","3.3922865","2026-07-07 15:20:41","12","12","11","58","99","Good"
1968077,"6.57645","3.392288","2026-07-07 15:20:42","12","12","11","58","99","Good"
1968077,"6.5764475","3.392291","2026-07-07 15:20:43","12","12","11","59","99","Good"
1968077,"6.5764475","3.3922908","2026-07-07 15:20:44","10","11","10","58","99","Good"
1968077,"6.5764484","3.3922913","2026-07-07 15:20:45","10","11","10","59","99","Good"
1968077,"6.576449","3.392292","2026-07-07 15:20:46","10","11","10","59","99","Good"
1968077,"6.576449","3.3922923","2026-07-07 15:20:47","10","11","10","59","99","Good"
1968077,"6.5764503","3.3922918","2026-07-07 15:20:48","10","11","10","59","99","Good"
1968077,"6.576451","3.3922908","2026-07-07 15:20:49","10","11","10","59","99","Good"
1968077,"6.5764513","3.392291","2026-07-07 15:20:50","10","11","10","59","99","Good"
1968077,"6.5764523","3.39229","2026-07-07 15:20:51","10","11","10","59","99","Good"
1968077,"6.576453","3.392289","2026-07-07 15:20:52","10","11","10","59","99","Good"
1968077,"6.576454","3.3922884","2026-07-07 15:20:53","9","10","8","59","99","Good"
1968077,"6.576453","3.39229","2026-07-07 15:20:54","9","10","8","59","99","Good"
1968077,"6.5764527","3.3922923","2026-07-07 15:20:55","8","8","7","59","99","Good"
1968077,"6.5764537","3.3922927","2026-07-07 15:20:56","8","8","7","59","99","Good"
1968077,"6.5764546","3.3922944","2026-07-07 15:20:57","8","8","7","59","99","Good"
1968077,"6.5764556","3.3922968","2026-07-07 15:20:58","8","8","7","59","99","Good"
1968077,"6.5764546","3.392298","2026-07-07 15:20:59","8","8","7","59","99","Good"
1968077,"6.5764503","3.3923013","2026-07-07 15:21:00","8","8","7","59","99","Good"
1968077,"6.5764494","3.392303","2026-07-07 15:21:01","8","8","7","59","99","Good"
1968077,"6.576447","3.3923068","2026-07-07 15:21:02","8","8","7","59","99","Good"
1968077,"6.576445","3.3923113","2026-07-07 15:21:03","8","8","7","59","99","Good"
1968077,"6.576441","3.3923173","2026-07-07 15:21:04","8","8","7","59","99","Good"
1968077,"6.5764284","3.3923273","2026-07-07 15:21:05","9","10","8","59","99","Good"
1968077,"6.57642","3.3923335","2026-07-07 15:21:06","9","10","8","59","99","Good"
1968077,"6.576414","3.392339","2026-07-07 15:21:07","8","8","7","59","99","Good"
1968077,"6.5764103","3.392345","2026-07-07 15:21:08","8","8","7","59","99","Good"
1968077,"6.5764065","3.3923507","2026-07-07 15:21:09","8","8","7","59","99","Good"
1968077,"6.576402","3.392357","2026-07-07 15:21:10","8","8","7","59","99","Good"
1968077,"6.57639","3.3923697","2026-07-07 15:21:11","9","10","8","59","99","Good"
1968077,"6.5763884","3.392375","2026-07-07 15:21:12","9","10","8","59","99","Good"
1968077,"6.576388","3.39238","2026-07-07 15:21:13","8","8","7","59","99","Good"
1968077,"6.576387","3.3923852","2026-07-07 15:21:14","8","8","7","59","99","Good"
1968077,"6.5763884","3.3923912","2026-07-07 15:21:15","8","8","7","59","99","Good"
1968077,"6.5763865","3.3923974","2026-07-07 15:21:16","9","10","8","59","99","Good"
1968077,"6.576378","3.3924077","2026-07-07 15:21:17","10","11","10","59","99","Good"
1968077,"6.576393","3.3924038","2026-07-07 15:21:18","10","11","10","59","99","Good"
1968077,"6.576396","3.3924067","2026-07-07 15:21:19","9","10","8","59","99","Good"
1968077,"6.5763984","3.3924093","2026-07-07 15:21:20","9","10","8","59","99","Good"
1968077,"6.5763965","3.3924127","2026-07-07 15:21:21","9","10","8","59","99","Good"
1968077,"6.576393","3.392419","2026-07-07 15:21:22","9","10","8","58","99","Good"
1968077,"6.5763865","3.392425","2026-07-07 15:21:23","8","8","7","58","99","Good"
1968077,"6.576383","3.392429","2026-07-07 15:21:24","8","8","7","58","99","Good"
1968077,"6.57638","3.392434","2026-07-07 15:21:25","8","8","7","58","99","Good"
1968077,"6.5763764","3.3924382","2026-07-07 15:21:26","8","8","7","58","99","Good"
1968077,"6.5763726","3.3924437","2026-07-07 15:21:27","8","8","7","58","99","Good"
1968077,"6.576369","3.3924465","2026-07-07 15:21:28","8","8","7","58","99","Good"
1968077,"6.5763645","3.3924518","2026-07-07 15:21:29","8","8","7","58","99","Good"
1968077,"6.576364","3.3924544","2026-07-07 15:21:30","8","8","7","58","99","Good"
1968077,"6.576361","3.392457","2026-07-07 15:21:31","8","8","7","58","99","Good"
1968077,"6.5763574","3.3924608","2026-07-07 15:21:32","8","8","7","58","99","Good"
1968077,"6.5763545","3.3924644","2026-07-07 15:21:33","8","8","7","58","99","Good"
1968077,"6.5763564","3.3924649","2026-07-07 15:21:34","9","10","8","59","99","Good"
1968077,"6.576357","3.392465","2026-07-07 15:21:35","9","10","8","59","99","Good"
1968077,"6.5763545","3.3924665","2026-07-07 15:21:36","9","10","8","59","99","Good"
1968077,"6.576352","3.3924692","2026-07-07 15:21:37","9","10","8","59","99","Good"
1968077,"6.576351","3.3924737","2026-07-07 15:21:38","9","10","8","59","99","Good"
1968077,"6.5763507","3.392476","2026-07-07 15:21:39","9","10","8","59","99","Good"
1968077,"6.576332","3.392473","2026-07-07 15:21:40","9","10","8","59","99","Good"
1968077,"6.576325","3.3924685","2026-07-07 15:21:41","8","8","7","59","99","Good"
1968077,"6.576326","3.3924685","2026-07-07 15:21:42","9","10","8","59","99","Good"
1968077,"6.5763288","3.3924708","2026-07-07 15:21:43","10","11","10","59","99","Good"
1968077,"6.5763297","3.3924718","2026-07-07 15:21:44","10","11","10","59","99","Good"
1968077,"6.57633","3.392474","2026-07-07 15:21:45","10","11","10","59","99","Good"
1968077,"6.5763273","3.3924758","2026-07-07 15:21:46","10","11","10","59","99","Good"
1968077,"6.5763273","3.392477","2026-07-07 15:21:47","10","11","10","59","99","Good"
1968077,"6.5763283","3.3924787","2026-07-07 15:21:48","10","11","10","59","99","Good"
1968077,"6.5763283","3.39248","2026-07-07 15:21:49","9","10","8","59","99","Good"
1968077,"6.5763283","3.3924837","2026-07-07 15:21:50","9","10","8","59","99","Good"
1968077,"6.5763273","3.3924868","2026-07-07 15:21:51","9","10","8","59","99","Good"
1968077,"6.576313","3.3925002","2026-07-07 15:21:52","10","11","10","59","99","Good"
1968077,"6.5763116","3.3925085","2026-07-07 15:21:53","10","11","10","59","99","Good"
1968077,"6.5763106","3.3925145","2026-07-07 15:21:54","10","11","10","59","99","Good"
1968077,"6.576306","3.3925166","2026-07-07 15:21:55","10","10","9","59","99","Good"
1968077,"6.576296","3.392523","2026-07-07 15:21:56","10","11","10","59","99","Good"
1968077,"6.576287","3.392527","2026-07-07 15:21:57","10","11","10","59","99","Good"
1968077,"6.576272","3.3925364","2026-07-07 15:21:58","10","11","10","59","99","Good"
1968077,"6.5762644","3.3925478","2026-07-07 15:21:59","10","11","10","59","99","Good"
1968077,"6.5762625","3.3925574","2026-07-07 15:22:00","12","12","11","59","99","Good"
1968077,"6.5762606","3.392563","2026-07-07 15:22:01","12","12","11","59","99","Good"
1968077,"6.5762587","3.3925662","2026-07-07 15:22:02","9","10","8","59","99","Good"
1968077,"6.5762453","3.3925672","2026-07-07 15:22:03","9","10","8","59","99","Good"
1968077,"6.5762386","3.3925672","2026-07-07 15:22:04","9","10","8","59","99","Good"
1968077,"6.576238","3.392566","2026-07-07 15:22:05","9","10","8","59","99","Good"
1968077,"6.576236","3.3925657","2026-07-07 15:22:06","9","10","8","59","99","Good"
1968077,"6.5762343","3.3925667","2026-07-07 15:22:07","8","8","7","59","99","Good"
1968077,"6.576234","3.3925672","2026-07-07 15:22:08","8","8","7","59","99","Good"
1968077,"6.576233","3.3925667","2026-07-07 15:22:09","8","8","7","59","99","Good"
1968077,"6.5762277","3.3925679","2026-07-07 15:22:10","9","10","8","59","99","Good"
1968077,"6.576218","3.392568","2026-07-07 15:22:11","9","10","8","59","99","Good"
1968077,"6.5762143","3.3925679","2026-07-07 15:22:12","9","10","8","59","99","Good"
1968077,"6.5762124","3.392567","2026-07-07 15:22:13","9","10","8","59","99","Good"
1968077,"6.576207","3.3925636","2026-07-07 15:22:14","9","10","8","59","99","Good"
1968077,"6.5761967","3.392557","2026-07-07 15:22:15","9","10","8","59","99","Good"
1968077,"6.576193","3.392554","2026-07-07 15:22:16","9","10","8","59","99","Good"
1968077,"6.5761876","3.392551","2026-07-07 15:22:17","8","8","7","59","99","Good"
1968077,"6.576182","3.3925495","2026-07-07 15:22:18","8","8","7","59","99","Good"
1968077,"6.576177","3.392549","2026-07-07 15:22:19","7","7","6","59","99","Good"
1968077,"6.576172","3.3925493","2026-07-07 15:22:20","7","7","6","59","99","Good"
1968077,"6.5761685","3.3925488","2026-07-07 15:22:21","8","8","7","59","99","Good"
1968077,"6.5761647","3.392548","2026-07-07 15:22:22","9","10","8","58","99","Good"
1968077,"6.5761614","3.392548","2026-07-07 15:22:23","8","8","7","58","99","Good"
1968077,"6.576157","3.3925476","2026-07-07 15:22:24","9","9","8","58","99","Good"
1968077,"6.576153","3.3925455","2026-07-07 15:22:25","9","10","8","58","99","Good"
1968077,"6.576148","3.3925416","2026-07-07 15:22:26","9","10","8","58","99","Good"
1968077,"6.576141","3.3925364","2026-07-07 15:22:27","9","10","8","58","99","Good"
1968077,"6.5761356","3.3925314","2026-07-07 15:22:28","9","10","8","58","99","Good"
1968077,"6.576131","3.3925266","2026-07-07 15:22:29","9","10","8","58","99","Good"
1968077,"6.5761228","3.392518","2026-07-07 15:22:30","9","10","8","58","99","Good"
1968077,"6.5761185","3.392515","2026-07-07 15:22:31","10","10","9","58","99","Good"
1968077,"6.5761127","3.3925114","2026-07-07 15:22:32","10","11","10","59","99","Good"
1968077,"6.576108","3.3925076","2026-07-07 15:22:33","10","11","10","59","99","Good"
1968077,"6.5761023","3.3925047","2026-07-07 15:22:34","9","10","8","59","99","Good"
1968077,"6.5760922","3.3924983","2026-07-07 15:22:35","8","8","7","59","99","Good"
1968077,"6.5760903","3.3924956","2026-07-07 15:22:36","8","8","7","59","99","Good"
1968077,"6.576086","3.392493","2026-07-07 15:22:37","8","8","7","59","99","Good"
1968077,"6.5760827","3.392491","2026-07-07 15:22:38","8","8","7","59","99","Good"
1968077,"6.576079","3.3924894","2026-07-07 15:22:39","8","8","7","59","99","Good"
1968077,"6.5760717","3.3924844","2026-07-07 15:22:40","8","8","7","59","99","Good"
1968077,"6.5760665","3.3924847","2026-07-07 15:22:41","8","8","7","59","99","Good"
1968077,"6.576062","3.392484","2026-07-07 15:22:42","8","8","7","59","99","Good"
1968077,"6.5760584","3.392482","2026-07-07 15:22:43","9","10","8","59","99","Good"
1968077,"6.5760536","3.3924785","2026-07-07 15:22:44","9","10","8","59","99","Good"
1968077,"6.5760508","3.3924768","2026-07-07 15:22:45","9","10","8","59","99","Good"
1968077,"6.5760465","3.392476","2026-07-07 15:22:46","8","8","7","59","99","Good"
1968077,"6.576042","3.3924735","2026-07-07 15:22:47","7","7","6","59","99","Good"
1968077,"6.5760393","3.3924692","2026-07-07 15:22:48","7","7","6","59","99","Good"
1968077,"6.576034","3.3924649","2026-07-07 15:22:49","8","8","7","59","99","Good"
1968077,"6.5760283","3.3924575","2026-07-07 15:22:50","8","8","7","59","99","Good"
1968077,"6.576025","3.3924553","2026-07-07 15:22:51","7","7","6","59","99","Good"
1968077,"6.5760164","3.3924553","2026-07-07 15:22:52","6","6","5","59","99","Good"
1968077,"6.57601","3.392454","2026-07-07 15:22:53","7","7","6","59","99","Good"
1968077,"6.5760045","3.3924508","2026-07-07 15:22:54","7","7","6","59","99","Good"
1968077,"6.576001","3.392442","2026-07-07 15:22:55","7","7","6","59","99","Good"
1968077,"6.575999","3.3924394","2026-07-07 15:22:56","7","7","6","59","99","Good"
1968077,"6.575995","3.392434","2026-07-07 15:22:57","7","7","6","59","99","Good"
1968077,"6.5759897","3.3924296","2026-07-07 15:22:58","8","8","7","59","99","Good"
1968077,"6.5759826","3.3924253","2026-07-07 15:22:59","8","8","7","59","99","Good"
1968077,"6.575976","3.3924203","2026-07-07 15:23:00","8","8","7","59","99","Good"
1968077,"6.575972","3.3924181","2026-07-07 15:23:01","7","7","6","59","99","Good"
1968077,"6.575966","3.392415","2026-07-07 15:23:02","8","8","7","59","99","Good"
1968077,"6.575959","3.3924127","2026-07-07 15:23:03","8","8","7","59","99","Good"
1968077,"6.5759525","3.3924098","2026-07-07 15:23:04","8","8","7","59","99","Good"
1968077,"6.575947","3.392406","2026-07-07 15:23:05","8","8","7","59","99","Good"
1968077,"6.5759416","3.392403","2026-07-07 15:23:06","7","7","6","59","99","Good"
1968077,"6.5759344","3.3924003","2026-07-07 15:23:07","7","7","6","59","99","Good"
1968077,"6.5759273","3.3923974","2026-07-07 15:23:08","7","7","6","59","99","Good"
1968077,"6.575919","3.3923938","2026-07-07 15:23:09","7","7","6","59","99","Good"
1968077,"6.5759177","3.3923936","2026-07-07 15:23:10","7","7","6","59","99","Good"
1968077,"6.575913","3.392394","2026-07-07 15:23:11","7","7","6","59","99","Good"
1968077,"6.5759063","3.3923912","2026-07-07 15:23:12","8","8","7","59","99","Good"
1968077,"6.5758977","3.3923888","2026-07-07 15:23:13","8","8","7","59","99","Good"
1968077,"6.575891","3.3923872","2026-07-07 15:23:14","8","8","7","59","99","Good"
1968077,"6.575884","3.392381","2026-07-07 15:23:15","8","8","7","59","99","Good"
1968077,"6.575877","3.3923798","2026-07-07 15:23:16","7","7","6","59","99","Good"
1968077,"6.57587","3.392379","2026-07-07 15:23:17","7","7","6","59","99","Good"
1968077,"6.575862","3.3923774","2026-07-07 15:23:18","7","7","6","59","99","Good"
1968077,"6.5758543","3.3923757","2026-07-07 15:23:19","7","7","6","59","99","Good"
1968077,"6.575846","3.3923728","2026-07-07 15:23:20","7","7","6","59","99","Good"
1968077,"6.5758414","3.3923724","2026-07-07 15:23:21","7","7","6","59","99","Good"
1968077,"6.5758348","3.3923714","2026-07-07 15:23:22","7","7","6","59","99","Good"
1968077,"6.5758286","3.3923707","2026-07-07 15:23:23","6","6","5","59","99","Good"
1968077,"6.57582","3.3923686","2026-07-07 15:23:24","6","6","5","59","99","Good"
1968077,"6.575816","3.3923652","2026-07-07 15:23:25","6","6","5","59","99","Good"
1968077,"6.5758142","3.3923619","2026-07-07 15:23:26","5","5","5","59","99","Good"
1968077,"6.5758104","3.3923583","2026-07-07 15:23:27","5","5","4","59","99","Good"
1968077,"6.5758038","3.3923542","2026-07-07 15:23:28","5","5","4","59","99","Good"
1968077,"6.5757957","3.392351","2026-07-07 15:23:29","5","5","4","59","99","Good"
1968077,"6.575783","3.3923469","2026-07-07 15:23:30","5","5","4","59","99","Good"
1968077,"6.575779","3.3923445","2026-07-07 15:23:31","6","6","5","59","99","Good"
1968077,"6.575772","3.3923423","2026-07-07 15:23:32","6","6","5","59","99","Good"
1968077,"6.5757637","3.3923407","2026-07-07 15:23:33","6","6","5","59","99","Good"
1968077,"6.575756","3.3923385","2026-07-07 15:23:34","6","6","5","59","99","Good"
1968077,"6.5757494","3.3923345","2026-07-07 15:23:35","6","6","5","59","99","Good"
1968077,"6.575744","3.39233","2026-07-07 15:23:36","6","6","5","59","99","Good"
1968077,"6.5757384","3.3923256","2026-07-07 15:23:37","6","6","5","59","99","Good"
1968077,"6.5757303","3.3923216","2026-07-07 15:23:38","6","6","5","59","99","Good"
1968077,"6.5757213","3.3923185","2026-07-07 15:23:39","7","7","6","59","99","Good"
1968077,"6.575716","3.3923156","2026-07-07 15:23:40","6","6","5","59","99","Good"
1968077,"6.575712","3.392311","2026-07-07 15:23:41","7","7","6","60","99","Good"
1968077,"6.575707","3.392308","2026-07-07 15:23:42","7","7","6","60","99","Good"
1968077,"6.5757","3.392306","2026-07-07 15:23:43","7","7","6","60","99","Good"
1968077,"6.5756927","3.3923047","2026-07-07 15:23:44","7","7","6","60","99","Good"
1968077,"6.5756836","3.3922966","2026-07-07 15:23:45","7","7","6","60","99","Good"
1968077,"6.575679","3.3922956","2026-07-07 15:23:46","8","8","7","60","99","Good"
1968077,"6.5756717","3.392294","2026-07-07 15:23:47","8","8","7","60","99","Good"
1968077,"6.5756636","3.3922918","2026-07-07 15:23:48","8","8","7","60","99","Good"
1968077,"6.575655","3.3922899","2026-07-07 15:23:49","8","8","7","60","99","Good"
1968077,"6.5756474","3.3922882","2026-07-07 15:23:50","8","8","7","60","99","Good"
1968077,"6.5756364","3.3922853","2026-07-07 15:23:51","8","8","7","60","99","Good"
1968077,"6.5756316","3.392282","2026-07-07 15:23:52","8","8","7","60","99","Good"
1968077,"6.575627","3.3922784","2026-07-07 15:23:53","8","8","7","60","99","Good"
1968077,"6.5756216","3.3922777","2026-07-07 15:23:54","8","8","7","60","99","Good"
1968077,"6.5756154","3.3922777","2026-07-07 15:23:55","8","8","7","60","99","Good"
1968077,"6.5756083","3.392282","2026-07-07 15:23:56","8","8","7","60","99","Good"
1968077,"6.575602","3.392287","2026-07-07 15:23:57","8","8","7","60","99","Good"
1968077,"6.5755973","3.392288","2026-07-07 15:23:58","8","8","7","60","99","Good"
1968077,"6.575594","3.3922856","2026-07-07 15:23:59","8","8","7","60","99","Good"
1968077,"6.5755863","3.392285","2026-07-07 15:24:00","8","8","7","60","99","Good"
1968077,"6.5755825","3.3922844","2026-07-07 15:24:01","8","8","7","60","99","Good"
1968077,"6.575577","3.392282","2026-07-07 15:24:02","8","8","7","60","99","Good"
1968077,"6.57557","3.3922777","2026-07-07 15:24:03","7","8","7","60","99","Good"
1968077,"6.575564","3.392275","2026-07-07 15:24:04","7","7","6","60","99","Good"
1968077,"6.5755568","3.392272","2026-07-07 15:24:05","7","7","6","59","99","Good"
1968077,"6.575554","3.392266","2026-07-07 15:24:06","7","7","6","59","99","Good"
1968077,"6.57555","3.392259","2026-07-07 15:24:07","8","8","7","59","99","Good"
1968077,"6.5755467","3.3922527","2026-07-07 15:24:08","8","8","7","59","99","Good"
1968077,"6.575543","3.3922484","2026-07-07 15:24:09","7","7","6","60","99","Good"
1968077,"6.5755377","3.3922484","2026-07-07 15:24:10","7","7","6","60","99","Good"
1968077,"6.575533","3.3922484","2026-07-07 15:24:11","7","7","6","60","99","Good"
1968077,"6.575531","3.3922453","2026-07-07 15:24:12","8","8","7","60","99","Good"
1968077,"6.57553","3.3922405","2026-07-07 15:24:13","8","8","7","60","99","Good"
1968077,"6.5755277","3.3922358","2026-07-07 15:24:14","8","8","7","60","99","Good"
1968077,"6.5755234","3.3922303","2026-07-07 15:24:15","8","8","7","60","99","Good"
1968077,"6.5755167","3.3922243","2026-07-07 15:24:16","9","10","8","60","99","Good"
1968077,"6.5755105","3.3922198","2026-07-07 15:24:17","9","9","8","60","99","Good"
1968077,"6.575505","3.3922155","2026-07-07 15:24:18","8","8","7","60","99","Good"
1968077,"6.575501","3.3922105","2026-07-07 15:24:19","9","10","8","60","99","Good"
1968077,"6.575502","3.3922062","2026-07-07 15:24:20","9","10","8","60","99","Good"
1968077,"6.575514","3.3922024","2026-07-07 15:24:21","9","10","8","60","99","Good"
1968077,"6.575517","3.392204","2026-07-07 15:24:22","9","10","8","60","99","Good"
1968077,"6.575516","3.392205","2026-07-07 15:24:23","9","10","8","60","99","Good"
1968077,"6.5755153","3.392205","2026-07-07 15:24:24","9","10","8","60","99","Good"
1968077,"6.575515","3.392205","2026-07-07 15:24:25","8","8","7","60","99","Good"
1968077,"6.575513","3.3922036","2026-07-07 15:24:26","8","8","7","60","99","Good"
1968077,"6.5755105","3.392202","2026-07-07 15:24:27","8","8","7","60","99","Good"
1968077,"6.575508","3.3922","2026-07-07 15:24:28","9","10","8","60","99","Good"
1968077,"6.5755076","3.3921976","2026-07-07 15:24:29","9","10","8","60","99","Good"
1968077,"6.575509","3.3921957","2026-07-07 15:24:30","10","11","10","60","99","Good"
1968077,"6.575515","3.3921835","2026-07-07 15:24:31","10","11","10","60","99","Good"
1968077,"6.575515","3.3921752","2026-07-07 15:24:32","10","11","10","60","99","Good"
1968077,"6.5755134","3.3921676","2026-07-07 15:24:33","10","11","10","60","99","Good"
1968077,"6.5755053","3.3921614","2026-07-07 15:24:34","10","11","10","60","99","Good"
1968077,"6.5754976","3.3921595","2026-07-07 15:24:35","10","11","10","60","99","Good"
1968077,"6.5754805","3.3921602","2026-07-07 15:24:36","12","12","11","60","99","Good"
1968077,"6.5754714","3.392161","2026-07-07 15:24:37","10","11","10","60","99","Good"
1968077,"6.5754657","3.3921597","2026-07-07 15:24:38","10","11","10","60","99","Good"
1968077,"6.5754623","3.392159","2026-07-07 15:24:39","10","11","10","60","99","Good"
1968077,"6.5754595","3.392157","2026-07-07 15:24:40","10","11","10","60","99","Good"
1968077,"6.575456","3.3921552","2026-07-07 15:24:41","10","11","10","60","99","Good"
1968077,"6.5754523","3.3921547","2026-07-07 15:24:42","10","11","10","60","99","Good"
1968077,"6.57545","3.3921537","2026-07-07 15:24:43","10","11","10","60","99","Good"
1968077,"6.5754476","3.3921523","2026-07-07 15:24:44","12","12","11","60","99","Good"
1968077,"6.575443","3.3921502","2026-07-07 15:24:45","10","11","10","60","99","Good"
1968077,"6.5754347","3.3921485","2026-07-07 15:24:46","10","11","10","60","99","Good"
1968077,"6.5754266","3.3921447","2026-07-07 15:24:47","10","11","10","60","99","Good"
1968077,"6.5754194","3.3921418","2026-07-07 15:24:48","9","10","8","60","99","Good"
1968077,"6.5754123","3.3921394","2026-07-07 15:24:49","9","10","8","60","99","Good"
1968077,"6.5754037","3.3921402","2026-07-07 15:24:50","9","10","8","60","99","Good"
1968077,"6.575392","3.392146","2026-07-07 15:24:51","10","11","10","60","99","Good"
1968077,"6.5753846","3.3921473","2026-07-07 15:24:52","10","11","10","60","99","Good"
1968077,"6.5753775","3.3921454","2026-07-07 15:24:53","10","11","10","60","99","Good"
1968077,"6.575372","3.3921435","2026-07-07 15:24:54","9","10","8","60","99","Good"
1968077,"6.5753684","3.3921423","2026-07-07 15:24:55","9","10","8","60","99","Good"
1968077,"6.575362","3.3921394","2026-07-07 15:24:56","9","10","8","60","99","Good"
1968077,"6.5753574","3.3921378","2026-07-07 15:24:57","9","10","8","59","99","Good"
1968077,"6.575355","3.3921373","2026-07-07 15:24:58","9","10","8","59","99","Good"
1968077,"6.575354","3.3921373","2026-07-07 15:24:59","9","10","8","59","99","Good"
1968077,"6.575353","3.3921385","2026-07-07 15:25:00","10","11","10","59","99","Good"
1968077,"6.5753493","3.3921382","2026-07-07 15:25:01","10","11","10","59","99","Good"
1968077,"6.575343","3.392136","2026-07-07 15:25:02","9","10","8","59","99","Good"
1968077,"6.57534","3.3921344","2026-07-07 15:25:03","9","10","8","59","99","Good"
1968077,"6.575334","3.3921318","2026-07-07 15:25:04","9","10","8","59","99","Good"
1968077,"6.575323","3.3921301","2026-07-07 15:25:05","9","10","8","59","99","Good"
1968077,"6.575313","3.3921247","2026-07-07 15:25:06","9","10","8","59","99","Good"
1968077,"6.5753","3.3921216","2026-07-07 15:25:07","9","10","8","59","99","Good"
1968077,"6.5752916","3.3921187","2026-07-07 15:25:08","9","10","8","59","99","Good"
1968077,"6.575286","3.3921173","2026-07-07 15:25:09","9","10","8","59","99","Good"
1968077,"6.5752835","3.3921177","2026-07-07 15:25:10","9","10","8","59","99","Good"
1968077,"6.575282","3.3921173","2026-07-07 15:25:11","10","11","10","59","99","Good"
1968077,"6.575279","3.392117","2026-07-07 15:25:12","10","11","10","59","99","Good"
1968077,"6.575276","3.3921156","2026-07-07 15:25:13","10","11","10","59","99","Good"
1968077,"6.57527","3.3921158","2026-07-07 15:25:14","9","10","8","59","99","Good"
1968077,"6.5752654","3.3921127","2026-07-07 15:25:15","9","10","8","59","99","Good"
1968077,"6.57526","3.392109","2026-07-07 15:25:16","9","10","8","59","99","Good"
1968077,"6.575259","3.3921027","2026-07-07 15:25:17","9","10","8","59","99","Good"
1968077,"6.575255","3.3920994","2026-07-07 15:25:18","8","8","7","59","99","Good"
1968077,"6.5752463","3.3920968","2026-07-07 15:25:19","9","9","8","59","99","Good"
1968077,"6.5752406","3.3920946","2026-07-07 15:25:20","9","10","8","59","99","Good"
1968077,"6.5752363","3.392092","2026-07-07 15:25:21","8","8","7","59","99","Good"
1968077,"6.57523","3.3920872","2026-07-07 15:25:22","8","8","7","59","99","Good"
1968077,"6.5752234","3.3920808","2026-07-07 15:25:23","8","8","7","59","99","Good"
1968077,"6.575217","3.3920739","2026-07-07 15:25:24","7","7","6","59","99","Good"
1968077,"6.57521","3.392067","2026-07-07 15:25:25","7","7","6","59","99","Good"
1968077,"6.5752044","3.3920617","2026-07-07 15:25:26","8","8","7","59","99","Good"
1968077,"6.575198","3.392058","2026-07-07 15:25:27","9","10","8","59","99","Good"
1968077,"6.575188","3.3920546","2026-07-07 15:25:28","8","8","7","59","99","Good"
1968077,"6.5751777","3.392053","2026-07-07 15:25:29","8","8","7","59","99","Good"
1968077,"6.575169","3.39205","2026-07-07 15:25:30","8","8","7","59","99","Good"
1968077,"6.57516","3.3920448","2026-07-07 15:25:31","8","8","7","59","99","Good"
1968077,"6.575152","3.3920412","2026-07-07 15:25:32","9","10","8","59","99","Good"
1968077,"6.575143","3.3920388","2026-07-07 15:25:33","9","10","8","59","99","Good"
1968077,"6.5751343","3.3920367","2026-07-07 15:25:34","9","10","8","59","99","Good"
1968077,"6.575127","3.3920348","2026-07-07 15:25:35","10","11","10","59","99","Good"
1968077,"6.5751224","3.3920324","2026-07-07 15:25:36","10","11","10","59","99","Good"
1968077,"6.5751204","3.3920302","2026-07-07 15:25:37","9","10","8","59","99","Good"
1968077,"6.5751214","3.3920293","2026-07-07 15:25:38","9","10","8","59","99","Good"
1968077,"6.5751204","3.3920317","2026-07-07 15:25:39","12","12","11","59","99","Good"
1968077,"6.575122","3.3920329","2026-07-07 15:25:40","13","13","12","59","99","Moderate"
1968077,"6.5751233","3.3920338","2026-07-07 15:25:41","14","14","13","59","99","Moderate"
1968077,"6.5751247","3.3920343","2026-07-07 15:25:42","14","14","13","59","99","Moderate"
1968077,"6.575127","3.3920345","2026-07-07 15:25:43","14","14","13","59","99","Moderate"
1968077,"6.5751286","3.3920345","2026-07-07 15:25:44","14","14","13","59","99","Moderate"
1968077,"6.5751286","3.3920362","2026-07-07 15:25:45","14","14","13","59","99","Moderate"
1968077,"6.575128","3.3920372","2026-07-07 15:25:46","15","16","14","59","99","Moderate"
1968077,"6.5751295","3.3920376","2026-07-07 15:25:47","15","16","14","59","99","Moderate"
1968077,"6.575131","3.3920379","2026-07-07 15:25:48","14","14","13","59","99","Moderate"
1968077,"6.5751314","3.392038","2026-07-07 15:25:49","20","21","18","59","99","Moderate"
1968077,"6.5751305","3.3920405","2026-07-07 15:25:50","33","47","30","59","99","Moderate"
1968077,"6.5751295","3.3920412","2026-07-07 15:25:51","118","217","97","59","99","Unhealthy"
1968077,"6.57513","3.3920424","2026-07-07 15:25:52","145","270","117","59","99","Unhealthy"
1968077,"6.5751305","3.3920434","2026-07-07 15:25:53","176","333","140","59","99","Very Unhealthy"
1968077,"6.5751305","3.392043","2026-07-07 15:25:54","205","391","160","59","99","Very Unhealthy"
1968077,"6.575131","3.3920424","2026-07-07 15:25:55","263","508","201","59","99","Hazardous"
1968077,"6.5751286","3.392043","2026-07-07 15:25:56","314","608","236","59","99","Hazardous"
1968077,"6.575129","3.3920436","2026-07-07 15:25:57","396","773","293","59","99","Hazardous"
1968077,"6.5751295","3.3920436","2026-07-07 15:25:58","471","922","345","59","99","Hazardous"
1968077,"6.5751305","3.3920436","2026-07-07 15:25:59","511","1004","373","59","99","Hazardous"
1968077,"6.5751305","3.3920436","2026-07-07 15:26:00","502","984","366","59","99","Hazardous"
1968077,"6.5751305","3.392044","2026-07-07 15:26:01","484","949","354","59","99","Hazardous"
1968077,"6.5751305","3.3920438","2026-07-07 15:26:02","484","949","354","58","99","Hazardous"
1968077,"6.5751314","3.392043","2026-07-07 15:26:03","488","957","357","58","99","Hazardous"
1968077,"6.5751324","3.3920434","2026-07-07 15:26:04","457","895","335","59","99","Hazardous"
1968077,"6.575134","3.392043","2026-07-07 15:26:05","424","829","312","59","99","Hazardous"
1968077,"6.575136","3.3920426","2026-07-07 15:26:06","393","767","291","59","99","Hazardous"
1968077,"6.5751386","3.3920388","2026-07-07 15:26:07","368","717","273","59","99","Hazardous"
1968077,"6.5751405","3.3920376","2026-07-07 15:26:08","345","670","257","59","99","Hazardous"
1968077,"6.575142","3.3920372","2026-07-07 15:26:09","321","624","241","59","99","Hazardous"
1968077,"6.5751433","3.3920374","2026-07-07 15:26:10","294","570","222","59","99","Hazardous"
1968077,"6.5751443","3.3920376","2026-07-07 15:26:11","275","531","209","59","99","Hazardous"
1968077,"6.575145","3.392037","2026-07-07 15:26:12","259","500","198","59","99","Hazardous"
1968077,"6.575146","3.3920367","2026-07-07 15:26:13","244","469","187","59","99","Very Unhealthy"
1968077,"6.5751476","3.3920364","2026-07-07 15:26:14","232","446","179","59","99","Very Unhealthy"
1968077,"6.5751486","3.3920364","2026-07-07 15:26:15","234","450","181","59","99","Very Unhealthy"
1968077,"6.575149","3.3920364","2026-07-07 15:26:16","215","411","167","59","99","Very Unhealthy"
1968077,"6.575149","3.3920367","2026-07-07 15:26:17","194","368","152","59","99","Very Unhealthy"
1968077,"6.57515","3.392037","2026-07-07 15:26:18","172","326","138","59","99","Very Unhealthy"
1968077,"6.5751495","3.3920374","2026-07-07 15:26:19","159","298","128","59","99","Very Unhealthy"
1968077,"6.5751495","3.3920372","2026-07-07 15:26:20","150","281","121","59","99","Unhealthy"
1968077,"6.575148","3.3920372","2026-07-07 15:26:21","145","270","117","59","99","Unhealthy"
1968077,"6.575146","3.3920374","2026-07-07 15:26:22","141","264","115","59","99","Unhealthy"
1968077,"6.575144","3.392039","2026-07-07 15:26:23","141","264","115","59","99","Unhealthy"
1968077,"6.5751433","3.3920398","2026-07-07 15:26:24","131","243","107","59","99","Unhealthy"
1968077,"6.5751424","3.3920403","2026-07-07 15:26:25","129","239","105","59","99","Unhealthy"
1968077,"6.575142","3.3920412","2026-07-07 15:26:26","120","220","98","59","99","Unhealthy"
1968077,"6.5751405","3.3920417","2026-07-07 15:26:27","112","205","92","59","99","Unhealthy"
1968077,"6.57514","3.392042","2026-07-07 15:26:28","107","195","88","59","99","Unhealthy"
1968077,"6.575137","3.3920414","2026-07-07 15:26:29","102","184","84","59","99","Unhealthy"
1968077,"6.5751367","3.3920412","2026-07-07 15:26:30","96","174","80","59","99","Unhealthy"
1968077,"6.575137","3.3920414","2026-07-07 15:26:31","90","160","74","59","99","Unhealthy"
1968077,"6.5751376","3.3920422","2026-07-07 15:26:32","84","150","70","59","99","Unhealthy"
1968077,"6.5751376","3.392042","2026-07-07 15:26:33","81","143","68","59","99","Unhealthy"
1968077,"6.5751376","3.392042","2026-07-07 15:26:34","81","143","68","59","99","Unhealthy"
1968077,"6.5751367","3.3920417","2026-07-07 15:26:35","77","136","65","59","99","Unhealthy"
1968077,"6.5751367","3.3920417","2026-07-07 15:26:36","78","138","66","59","99","Unhealthy"
1968077,"6.575136","3.392042","2026-07-07 15:26:37","77","136","65","59","99","Unhealthy"
1968077,"6.575136","3.3920417","2026-07-07 15:26:38","77","136","65","59","100","Unhealthy"
1968077,"6.575136","3.3920417","2026-07-07 15:26:39","79","139","66","59","99","Unhealthy"
1968077,"6.5751348","3.392042","2026-07-07 15:26:45","91","164","76","59","99","Unhealthy"
1968077,"6.575133","3.3920424","2026-07-07 15:26:46","96","174","80","59","100","Unhealthy"
1968077,"6.5751324","3.3920426","2026-07-07 15:26:47","98","177","81","59","99","Unhealthy"
1968077,"6.575132","3.3920426","2026-07-07 15:26:48","98","177","81","59","100","Unhealthy"
1968077,"6.575132","3.3920426","2026-07-07 15:26:49","102","184","84","59","99","Unhealthy"
1968077,"6.5751324","3.3920426","2026-07-07 15:26:50","102","184","84","59","99","Unhealthy"
1968077,"6.5751324","3.3920426","2026-07-07 15:26:51","105","191","86","59","99","Unhealthy"
1968077,"6.5751314","3.3920436","2026-07-07 15:26:52","105","191","86","59","99","Unhealthy"
1968077,"6.5751314","3.3920438","2026-07-07 15:26:53","105","191","86","59","100","Unhealthy"
1968077,"6.5751314","3.392044","2026-07-07 15:26:54","105","191","86","59","99","Unhealthy"
1968077,"6.5751314","3.3920443","2026-07-07 15:26:55","102","184","84","59","100","Unhealthy"
1968077,"6.5751314","3.3920443","2026-07-07 15:26:56","96","172","79","59","99","Unhealthy"
1968077,"6.575132","3.3920443","2026-07-07 15:26:57","90","160","74","59","100","Unhealthy"
1968077,"6.57513","3.3920462","2026-07-07 15:26:58","86","153","72","59","100","Unhealthy"
1968077,"6.5751295","3.3920465","2026-07-07 15:26:59","84","150","70","59","99","Unhealthy"
1968077,"6.5751295","3.3920467","2026-07-07 15:27:00","81","143","68","59","100","Unhealthy"
1968077,"6.5751295","3.3920467","2026-07-07 15:27:01","74","129","62","59","100","Unhealthy"
1968077,"6.5751295","3.3920467","2026-07-07 15:27:02","68","117","57","59","100","Unhealthy"
1968077,"6.5751276","3.3920493","2026-07-07 15:27:03","58","98","50","59","100","Unhealthy"
1968077,"6.575127","3.39205","2026-07-07 15:27:04","52","85","45","59","100","Unhealthy for Sensitive Groups"
1968077,"6.575127","3.3920503","2026-07-07 15:27:05","52","85","45","59","100","Unhealthy for Sensitive Groups"
1968077,"6.575127","3.3920503","2026-07-07 15:27:06","52","85","45","59","100","Unhealthy for Sensitive Groups"
1968077,"6.5751276","3.3920505","2026-07-07 15:27:07","46","73","40","59","100","Unhealthy for Sensitive Groups"
1968077,"6.5751276","3.3920505","2026-07-07 15:27:08","43","66","38","59","100","Unhealthy for Sensitive Groups"
1968077,"6.5751266","3.3920517","2026-07-07 15:27:09","39","60","35","59","100","Unhealthy for Sensitive Groups"
1968077,"6.5751266","3.392052","2026-07-07 15:27:10","39","60","35","59","99","Unhealthy for Sensitive Groups"
1968077,"6.5751266","3.3920527","2026-07-07 15:27:11","36","54","33","59","99","Unhealthy for Sensitive Groups"
1968077,"6.5751266","3.3920524","2026-07-07 15:27:12","36","54","33","59","99","Unhealthy for Sensitive Groups"
1968077,"6.5751266","3.392053","2026-07-07 15:27:13","33","47","30","59","100","Moderate"
1968077,"6.5751247","3.3920531","2026-07-07 15:27:14","30","42","28","59","100","Moderate"
1968077,"6.5751243","3.3920536","2026-07-07 15:27:15","30","42","28","59","100","Moderate"
1968077,"6.5751243","3.392054","2026-07-07 15:27:16","30","42","28","59","100","Moderate"
1968077,"6.5751247","3.392054","2026-07-07 15:27:17","30","42","28","59","100","Moderate"
1968077,"6.575125","3.3920543","2026-07-07 15:27:18","33","47","30","59","100","Moderate"
1968077,"6.5751257","3.3920543","2026-07-07 15:27:19","30","42","28","59","100","Moderate"
1968077,"6.575123","3.3920574","2026-07-07 15:27:20","28","37","26","59","100","Moderate"
1968077,"6.57513","3.3920522","2026-07-07 15:27:21","25","32","23","59","100","Moderate"
1968077,"6.5751243","3.3920572","2026-07-07 15:27:22","25","32","23","59","100","Moderate"
1968077,"6.575123","3.3920586","2026-07-07 15:27:23","24","29","22","59","100","Moderate"
1968077,"6.575123","3.3920586","2026-07-07 15:27:24","24","29","22","59","100","Moderate"
1968077,"6.575123","3.3920586","2026-07-07 15:27:25","23","27","21","59","100","Moderate"
1968077,"6.57512","3.3920598","2026-07-07 15:27:26","22","25","20","59","100","Moderate"
1968077,"6.57512","3.3920598","2026-07-07 15:27:27","22","25","20","59","100","Moderate"
1968077,"6.57512","3.3920631","2026-07-07 15:27:33","23","27","21","59","100","Moderate"
1968077,"6.57512","3.3920643","2026-07-07 15:27:34","23","27","21","59","100","Moderate"
1968077,"6.5751195","3.392064","2026-07-07 15:27:35","23","27","21","59","100","Moderate"
1968077,"6.5751195","3.392064","2026-07-07 15:27:36","23","27","21","59","100","Moderate"
1968077,"6.575119","3.392064","2026-07-07 15:27:37","23","27","21","59","100","Moderate"
1968077,"6.575119","3.3920653","2026-07-07 15:27:38","22","26","21","59","100","Moderate"
1968077,"6.575118","3.392066","2026-07-07 15:27:39","22","25","20","59","100","Moderate"
1968077,"6.5751176","3.3920658","2026-07-07 15:27:40","21","22","19","59","100","Moderate"
1968077,"6.575117","3.392066","2026-07-07 15:27:41","22","25","20","59","100","Moderate"
1968077,"6.575116","3.3920684","2026-07-07 15:27:42","22","25","20","59","100","Moderate"
1968077,"6.5751157","3.392069","2026-07-07 15:27:43","21","22","19","58","99","Moderate"
1968077,"6.575115","3.392069","2026-07-07 15:27:44","18","19","17","58","99","Moderate"
1968077,"6.575115","3.392069","2026-07-07 15:27:45","20","21","18","58","99","Moderate"
1968077,"6.575115","3.392069","2026-07-07 15:27:46","20","21","18","58","99","Moderate"
1968077,"6.5751143","3.39207","2026-07-07 15:27:47","20","21","18","58","99","Moderate"
1968077,"6.575114","3.3920703","2026-07-07 15:27:48","20","21","18","58","99","Moderate"
1968077,"6.575114","3.3920703","2026-07-07 15:27:49","21","24","20","58","99","Moderate"
1968077,"6.575114","3.3920698","2026-07-07 15:27:50","21","22","19","58","99","Moderate"
1968077,"6.5751133","3.3920693","2026-07-07 15:27:51","21","22","19","58","99","Moderate"
1968077,"6.5751123","3.392069","2026-07-07 15:27:52","21","22","19","58","99","Moderate"
1968077,"6.5751114","3.392071","2026-07-07 15:27:53","21","22","19","58","99","Moderate"
1968077,"6.5751114","3.3920715","2026-07-07 15:27:54","21","22","19","58","99","Moderate"
1968077,"6.5751114","3.3920715","2026-07-07 15:27:55","21","22","19","58","99","Moderate"
1968077,"6.575111","3.3920715","2026-07-07 15:27:56","21","22","19","58","99","Moderate"
1968077,"6.575111","3.3920715","2026-07-07 15:27:57","20","21","18","58","99","Moderate"
1968077,"6.5751104","3.3920724","2026-07-07 15:27:58","20","21","18","58","99","Moderate"
1968077,"6.5751104","3.392073","2026-07-07 15:27:59","21","22","19","58","99","Moderate"
1968077,"6.5751104","3.392073","2026-07-07 15:28:00","21","22","19","58","99","Moderate"
1968077,"6.57511","3.392073","2026-07-07 15:28:01","20","21","18","58","99","Moderate"
1968077,"6.5751095","3.3920732","2026-07-07 15:28:02","18","19","17","58","99","Moderate"
1968077,"6.5751095","3.3920732","2026-07-07 15:28:03","18","19","17","58","100","Moderate"
1968077,"6.575109","3.392074","2026-07-07 15:28:04","17","18","16","58","99","Moderate"
1968077,"6.5751085","3.3920743","2026-07-07 15:28:05","17","18","16","58","100","Moderate"
1968077,"6.5751066","3.3920736","2026-07-07 15:28:06","16","17","15","58","99","Moderate"
1968077,"6.575106","3.3920708","2026-07-07 15:28:07","16","17","15","59","100","Moderate"
1968077,"6.5751066","3.392062","2026-07-07 15:28:08","17","18","16","58","100","Moderate"
1968077,"6.5751014","3.392052","2026-07-07 15:28:09","17","18","16","58","100","Moderate"
1968077,"6.5750866","3.3920398","2026-07-07 15:28:10","16","17","15","58","100","Moderate"
1968077,"6.5750694","3.3920312","2026-07-07 15:28:11","16","17","15","58","100","Moderate"
1968077,"6.5750566","3.3920271","2026-07-07 15:28:12","16","17","15","58","100","Moderate"
1968077,"6.575049","3.392025","2026-07-07 15:28:13","16","17","15","59","100","Moderate"
1968077,"6.5750422","3.3920262","2026-07-07 15:28:14","15","16","14","59","100","Moderate"
1968077,"6.575038","3.392026","2026-07-07 15:28:15","14","14","13","59","100","Moderate"
1968077,"6.5750356","3.3920238","2026-07-07 15:28:16","14","14","13","59","100","Moderate"
1968077,"6.5750356","3.3920243","2026-07-07 15:28:17","14","14","13","59","100","Moderate"
1968077,"6.5750346","3.3920271","2026-07-07 15:28:18","14","14","13","59","100","Moderate"
1968077,"6.5750337","3.3920279","2026-07-07 15:28:19","14","14","13","59","100","Moderate"
1968077,"6.575033","3.3920288","2026-07-07 15:28:20","14","14","13","59","100","Moderate"
1968077,"6.5750327","3.392029","2026-07-07 15:28:21","14","14","13","59","100","Moderate"
1968077,"6.575032","3.392029","2026-07-07 15:28:22","14","14","13","59","100","Moderate"
1968077,"6.575032","3.3920293","2026-07-07 15:28:23","15","16","14","59","100","Moderate"
1968077,"6.575032","3.3920298","2026-07-07 15:28:24","14","14","13","59","100","Moderate"
1968077,"6.5750318","3.3920317","2026-07-07 15:28:25","14","14","13","59","100","Moderate"
1968077,"6.5750313","3.3920329","2026-07-07 15:28:26","14","14","13","59","100","Moderate"
1968077,"6.575031","3.3920324","2026-07-07 15:28:27","20","21","18","59","100","Moderate"
1968077,"6.5750318","3.3920324","2026-07-07 15:28:28","22","25","20","59","100","Moderate"
1968077,"6.5750318","3.3920324","2026-07-07 15:28:29","22","25","20","59","100","Moderate"
1968077,"6.5750313","3.3920329","2026-07-07 15:28:30","23","27","21","59","100","Moderate"
1968077,"6.5750313","3.392033","2026-07-07 15:28:31","24","29","22","59","100","Moderate"
1968077,"6.5750303","3.3920343","2026-07-07 15:28:32","25","32","23","59","100","Moderate"
1968077,"6.57503","3.392035","2026-07-07 15:28:33","25","32","23","59","100","Moderate"
1968077,"6.5750294","3.3920355","2026-07-07 15:28:34","25","32","23","59","100","Moderate"
1968077,"6.575029","3.3920357","2026-07-07 15:28:36","26","34","24","59","100","Moderate"
1968077,"6.5750284","3.3920357","2026-07-07 15:28:37","25","32","23","59","100","Moderate"
1968077,"6.575028","3.3920355","2026-07-07 15:28:38","25","32","23","59","100","Moderate"
1968077,"6.5750265","3.3920333","2026-07-07 15:28:39","25","32","23","59","100","Moderate"
1968077,"6.575025","3.3920283","2026-07-07 15:28:40","24","29","22","59","100","Moderate"
1968077,"6.5750165","3.3920095","2026-07-07 15:28:41","23","27","21","59","100","Moderate"
1968077,"6.5750084","3.3920035","2026-07-07 15:28:42","23","27","21","59","100","Moderate"
1968077,"6.574997","3.3919992","2026-07-07 15:28:43","23","27","21","59","100","Moderate"
1968077,"6.5749855","3.391995","2026-07-07 15:28:44","24","29","22","59","100","Moderate"
1968077,"6.5749755","3.39199","2026-07-07 15:28:45","24","29","22","59","100","Moderate"
1968077,"6.574973","3.391981","2026-07-07 15:28:46","24","29","22","59","100","Moderate"
1968077,"6.5749736","3.3919694","2026-07-07 15:28:47","23","27","21","59","100","Moderate"
1968077,"6.5749736","3.3919694","2026-07-07 15:28:48","23","27","21","59","100","Moderate"
1968077,"6.57498","3.391958","2026-07-07 15:28:49","22","25","20","59","100","Moderate"
1968077,"6.574983","3.3919513","2026-07-07 15:28:50","23","27","21","59","100","Moderate"
1968077,"6.5749855","3.3919437","2026-07-07 15:28:51","22","25","20","59","100","Moderate"
1968077,"6.5749874","3.3919377","2026-07-07 15:28:52","18","19","17","59","100","Moderate"
1968077,"6.5749907","3.391931","2026-07-07 15:28:53","18","19","17","59","100","Moderate"
1968077,"6.5749936","3.3919249","2026-07-07 15:28:54","17","18","16","59","100","Moderate"
1968077,"6.574996","3.3919175","2026-07-07 15:28:55","17","18","16","59","100","Moderate"
1968077,"6.574998","3.3919103","2026-07-07 15:28:56","17","18","16","59","100","Moderate"
1968077,"6.5750027","3.3919003","2026-07-07 15:28:57","17","18","16","59","100","Moderate"
1968077,"6.575004","3.391895","2026-07-07 15:28:58","16","17","15","59","100","Moderate"
1968077,"6.5750055","3.39189","2026-07-07 15:28:59","15","16","14","59","100","Moderate"
1968077,"6.5750065","3.3918855","2026-07-07 15:29:00","15","16","14","59","100","Moderate"
1968077,"6.575007","3.3918812","2026-07-07 15:29:01","14","14","13","59","100","Moderate"
1968077,"6.5750065","3.391883","2026-07-07 15:29:02","14","14","13","59","100","Moderate"
1968077,"6.5750055","3.391883","2026-07-07 15:29:03","14","14","13","59","100","Moderate"
1968077,"6.575004","3.391883","2026-07-07 15:29:04","14","14","13","59","100","Moderate"
1968077,"6.5750036","3.3918817","2026-07-07 15:29:05","15","16","14","59","100","Moderate"
1968077,"6.5750036","3.3918803","2026-07-07 15:29:06","15","16","14","59","100","Moderate"
1968077,"6.5750065","3.3918781","2026-07-07 15:29:07","14","14","13","59","100","Moderate"
1968077,"6.575019","3.3918736","2026-07-07 15:29:08","13","13","12","58","100","Moderate"
1968077,"6.575029","3.3918734","2026-07-07 15:29:09","13","13","12","58","100","Moderate"
1968077,"6.57504","3.3918598","2026-07-07 15:29:10","13","13","12","58","100","Moderate"
1968077,"6.5750494","3.3918474","2026-07-07 15:29:11","14","14","13","58","100","Moderate"
1968077,"6.5750585","3.3918362","2026-07-07 15:29:12","14","14","13","58","100","Moderate"
1968077,"6.575067","3.3918295","2026-07-07 15:29:13","14","14","13","58","100","Moderate"
1968077,"6.5750737","3.3918152","2026-07-07 15:29:14","14","14","13","58","100","Moderate"
1968077,"6.57508","3.3918056","2026-07-07 15:29:15","13","13","12","58","100","Moderate"
1968077,"6.575085","3.3917935","2026-07-07 15:29:16","13","13","12","58","100","Moderate"
1968077,"6.575091","3.391784","2026-07-07 15:29:17","13","13","12","58","100","Moderate"
1968077,"6.575094","3.391775","2026-07-07 15:29:18","13","13","12","58","100","Moderate"
1968077,"6.575093","3.3917673","2026-07-07 15:29:19","14","14","13","59","100","Moderate"
1968077,"6.57509","3.3917665","2026-07-07 15:29:20","13","14","12","59","100","Moderate"
1968077,"6.575086","3.3917668","2026-07-07 15:29:21","13","13","12","59","100","Moderate"
1968077,"6.575082","3.3917663","2026-07-07 15:29:22","12","12","11","59","100","Good"
1968077,"6.5750775","3.3917649","2026-07-07 15:29:23","12","12","11","59","100","Good"
1968077,"6.5750737","3.391763","2026-07-07 15:29:24","13","13","12","59","100","Moderate"
1968077,"6.57507","3.39176","2026-07-07 15:29:25","13","13","12","59","100","Moderate"
1968077,"6.575068","3.3917592","2026-07-07 15:29:26","13","13","12","59","100","Moderate"
1968077,"6.575066","3.3917572","2026-07-07 15:29:27","13","13","12","59","100","Moderate"
1968077,"6.575062","3.391753","2026-07-07 15:29:28","13","13","12","59","100","Moderate"
1968077,"6.5750594","3.3917503","2026-07-07 15:29:29","13","13","12","59","100","Moderate"
1968077,"6.5750585","3.3917513","2026-07-07 15:29:30","13","13","12","59","100","Moderate"
1968077,"6.575058","3.3917515","2026-07-07 15:29:31","13","13","12","59","100","Moderate"
1968077,"6.575058","3.3917508","2026-07-07 15:29:32","13","13","12","59","100","Moderate"
1968077,"6.5750575","3.3917499","2026-07-07 15:29:33","13","13","12","59","100","Moderate"
1968077,"6.575057","3.3917494","2026-07-07 15:29:34","14","14","13","59","100","Moderate"
1968077,"6.5750566","3.3917491","2026-07-07 15:29:35","14","14","13","59","100","Moderate"
1968077,"6.5750575","3.3917491","2026-07-07 15:29:36","14","14","13","59","100","Moderate"
1968077,"6.5750575","3.3917496","2026-07-07 15:29:37","13","13","12","59","100","Moderate"
1968077,"6.575057","3.3917506","2026-07-07 15:29:38","14","14","13","59","100","Moderate"
1968077,"6.5750566","3.3917508","2026-07-07 15:29:39","14","14","13","59","100","Moderate"
1968077,"6.575056","3.391751","2026-07-07 15:29:40","13","13","12","59","100","Moderate"
1968077,"6.575056","3.391751","2026-07-07 15:29:41","13","13","12","59","100","Moderate"
1968077,"6.5750556","3.3917513","2026-07-07 15:29:42","14","14","13","59","100","Moderate"
1968077,"6.5750556","3.3917515","2026-07-07 15:29:43","14","14","13","60","100","Moderate"
1968077,"6.5750546","3.3917522","2026-07-07 15:29:44","13","13","12","60","100","Moderate"
1968077,"6.575053","3.3917527","2026-07-07 15:29:45","13","13","12","60","100","Moderate"
1968077,"6.5750527","3.3917534","2026-07-07 15:29:46","13","14","12","60","100","Moderate"
1968077,"6.575052","3.391754","2026-07-07 15:29:47","14","14","13","60","100","Moderate"
1968077,"6.575051","3.3917544","2026-07-07 15:29:48","14","14","13","60","100","Moderate"
1968077,"6.5750504","3.3917549","2026-07-07 15:29:49","14","14","13","60","100","Moderate"
1968077,"6.57505","3.391755","2026-07-07 15:29:50","14","14","13","60","100","Moderate"
1968077,"6.5750494","3.3917553","2026-07-07 15:29:51","13","13","12","60","100","Moderate"
1968077,"6.5750494","3.3917553","2026-07-07 15:29:52","13","13","12","60","100","Moderate"
1968077,"6.57505","3.3917556","2026-07-07 15:29:53","14","14","13","60","100","Moderate"
1968077,"6.57505","3.3917556","2026-07-07 15:29:54","14","14","13","60","100","Moderate"
1968077,"6.5750494","3.3917556","2026-07-07 15:29:55","14","14","13","60","100","Moderate"
1968077,"6.5750494","3.3917556","2026-07-07 15:29:56","14","14","13","60","100","Moderate"
1968077,"6.5750494","3.3917556","2026-07-07 15:29:57","14","14","13","60","100","Moderate"
1968077,"6.575052","3.3917542","2026-07-07 15:29:58","14","14","13","60","100","Moderate"
1968077,"6.575052","3.391754","2026-07-07 15:29:59","14","14","13","59","100","Moderate"
1968077,"6.575052","3.391754","2026-07-07 15:30:00","14","14","13","59","100","Moderate"
1968077,"6.575052","3.3917546","2026-07-07 15:30:01","14","14","13","59","100","Moderate"
1968077,"6.575052","3.3917546","2026-07-07 15:30:02","14","14","13","59","100","Moderate"
1968077,"6.575052","3.3917546","2026-07-07 15:30:03","14","14","13","59","100","Moderate"
1968077,"6.5750523","3.391757","2026-07-07 15:30:04","14","14","13","59","100","Moderate"
1968077,"6.5750523","3.391757","2026-07-07 15:30:05","13","13","12","59","100","Moderate"
1968077,"6.5750523","3.391757","2026-07-07 15:30:06","13","13","12","59","100","Moderate"
1968077,"6.575052","3.391757","2026-07-07 15:30:07","13","13","12","59","100","Moderate"
1968077,"6.575052","3.391757","2026-07-07 15:30:08","13","13","12","59","100","Moderate"
1968077,"6.575052","3.3917575","2026-07-07 15:30:09","13","13","12","59","100","Moderate"
1968077,"6.575052","3.391758","2026-07-07 15:30:10","13","13","12","59","100","Moderate"
1968077,"6.5750527","3.3917582","2026-07-07 15:30:11","13","13","12","59","100","Moderate"
1968077,"6.575054","3.391759","2026-07-07 15:30:12","13","13","12","59","100","Moderate"
1968077,"6.575055","3.3917594","2026-07-07 15:30:13","12","12","11","59","100","Good"
1968077,"6.575054","3.3917594","2026-07-07 15:30:14","12","12","11","59","100","Good"
1968077,"6.5750628","3.3917518","2026-07-07 15:30:15","12","12","11","59","100","Good"
