,,,,,Sensor_Package_Name,Sensor_Package_Name,Sensor_Package_Name,Sensor_Package_Name,Sensor_Package_Name
,,,,,AirBeam3:0cb815a911bc,AirBeam3:0cb815a911bc,AirBeam3:0cb815a911bc,AirBeam3:0cb815a911bc,AirBeam3:0cb815a911bc
,,,,,Sensor_Name,Sensor_Name,Sensor_Name,Sensor_Name,Sensor_Name
,,,,,AirBeam3-F,AirBeam3-PM1,AirBeam3-PM10,AirBeam3-PM2.5,AirBeam3-RH
,,,,,Measurement_Type,Measurement_Type,Measurement_Type,Measurement_Type,Measurement_Type
,,,,,Temperature,Particulate Matter,Particulate Matter,Particulate Matter,Humidity
,,,,,Measurement_Units,Measurement_Units,Measurement_Units,Measurement_Units,Measurement_Units
,,,,,degrees Fahrenheit,micrograms per cubic meter,micrograms per cubic meter,micrograms per cubic meter,percent
ObjectID,Session_Name,Timestamp,Latitude,Longitude,1:Measurement_Value,2:Measurement_Value,3:Measurement_Value,4:Measurement_Value,5:Measurement_Value
1,Alexandra activation,2026-08-28T09:26:39.000,-26.0998088,28.1076495,78.0,15.0,17.0,16.0,39.0
2,Alexandra activation,2026-08-28T09:26:44.000,-26.0998088,28.1076494,78.0,13.0,14.0,14.0,39.0
3,Alexandra activation,2026-08-28T09:26:49.000,-26.0998087,28.1076486,78.0,14.0,16.0,15.0,39.0
4,Alexandra activation,2026-08-28T09:26:54.000,-26.099808,28.107649,78.0,14.0,16.0,15.0,39.0
5,Alexandra activation,2026-08-28T09:26:59.000,-26.0998072,28.1076491,78.0,14.0,16.0,15.0,39.0
6,Alexandra activation,2026-08-28T09:27:04.000,-26.0998189,28.107677,78.0,13.0,15.0,14.0,39.0
7,Alexandra activation,2026-08-28T09:27:09.000,-26.0998192,28.10768,78.0,14.0,15.0,15.0,38.0
8,Alexandra activation,2026-08-28T09:27:14.000,-26.099819,28.1076798,78.0,14.0,16.0,15.0,38.0
9,Alexandra activation,2026-08-28T09:27:19.000,-26.0998185,28.1076923,78.0,14.0,16.0,15.0,38.0
10,Alexandra activation,2026-08-28T09:27:24.000,-26.0998269,28.1077255,78.0,16.0,18.0,17.0,38.0
11,Alexandra activation,2026-08-28T09:27:29.000,-26.0998374,28.1077512,78.0,16.0,18.0,17.0,38.0
12,Alexandra activation,2026-08-28T09:27:34.000,-26.0998412,28.1077511,78.0,16.0,18.0,17.0,38.0
13,Alexandra activation,2026-08-28T09:27:39.000,-26.0998428,28.1077469,78.0,16.0,18.0,17.0,38.0
14,Alexandra activation,2026-08-28T09:27:44.000,-26.0998415,28.1077463,78.0,16.0,18.0,17.0,38.0
15,Alexandra activation,2026-08-28T09:27:49.000,-26.0998587,28.1077787,78.0,14.0,15.0,14.0,39.0
16,Alexandra activation,2026-08-28T09:27:54.000,-26.0998763,28.1078096,78.0,16.0,18.0,17.0,39.0
17,Alexandra activation,2026-08-28T09:27:59.000,-26.0998907,28.1078283,78.0,15.0,17.0,16.0,39.0
18,Alexandra activation,2026-08-28T09:28:04.000,-26.0999214,28.1078444,78.0,15.0,17.0,16.0,39.0
19,Alexandra activation,2026-08-28T09:28:09.000,-26.0999348,28.1078894,78.0,15.0,17.0,16.0,39.0
20,Alexandra activation,2026-08-28T09:28:14.000,-26.0999371,28.1079249,78.0,15.0,17.0,16.0,39.0
21,Alexandra activation,2026-08-28T09:28:19.000,-26.0999796,28.1079708,78.0,16.0,18.0,17.0,39.0
22,Alexandra activation,2026-08-28T09:28:24.000,-26.1000419,28.1080101,78.0,16.0,18.0,17.0,39.0
23,Alexandra activation,2026-08-28T09:28:29.000,-26.1000637,28.1080516,78.0,18.0,21.0,20.0,39.0
24,Alexandra activation,2026-08-28T09:28:34.000,-26.100085,28.1080754,78.0,19.0,22.0,21.0,39.0
25,Alexandra activation,2026-08-28T09:28:39.000,-26.1000986,28.1081156,78.0,19.0,23.0,21.0,39.0
26,Alexandra activation,2026-08-28T09:28:44.000,-26.1001015,28.1081647,78.0,17.0,20.0,19.0,39.0
27,Alexandra activation,2026-08-28T09:28:49.000,-26.1000862,28.1081993,78.0,15.0,17.0,16.0,39.0
28,Alexandra activation,2026-08-28T09:28:54.000,-26.1000781,28.1081766,78.0,15.0,17.0,16.0,39.0
29,Alexandra activation,2026-08-28T09:28:59.000,-26.1000587,28.1081993,78.0,14.0,16.0,15.0,39.0
30,Alexandra activation,2026-08-28T09:29:04.000,-26.1000291,28.1082199,78.0,15.0,17.0,16.0,39.0
31,Alexandra activation,2026-08-28T09:29:09.000,-26.1000194,28.1082417,78.0,15.0,17.0,16.0,39.0
32,Alexandra activation,2026-08-28T09:29:14.000,-26.0999865,28.1082686,78.0,14.0,16.0,15.0,39.0
33,Alexandra activation,2026-08-28T09:29:19.000,-26.0999526,28.1082685,78.0,13.0,15.0,14.0,39.0
34,Alexandra activation,2026-08-28T09:29:24.000,-26.0999477,28.1083828,78.0,13.0,14.0,14.0,39.0
35,Alexandra activation,2026-08-28T09:29:29.000,-26.0999376,28.1084536,77.0,14.0,15.0,15.0,39.0
36,Alexandra activation,2026-08-28T09:29:34.000,-26.0998987,28.1084692,77.0,14.0,16.0,15.0,39.0
37,Alexandra activation,2026-08-28T09:29:39.000,-26.0998802,28.1085054,77.0,14.0,16.0,15.0,39.0
38,Alexandra activation,2026-08-28T09:29:44.000,-26.0998786,28.1085263,77.0,17.0,20.0,19.0,39.0
39,Alexandra activation,2026-08-28T09:29:49.000,-26.0998686,28.1085489,77.0,18.0,20.0,19.0,39.0
40,Alexandra activation,2026-08-28T09:29:54.000,-26.0998426,28.1085698,77.0,16.0,18.0,17.0,39.0
41,Alexandra activation,2026-08-28T09:29:59.000,-26.0998362,28.1085863,77.0,15.0,17.0,16.0,39.0
42,Alexandra activation,2026-08-28T09:30:04.000,-26.0998357,28.1086322,77.0,15.0,17.0,16.0,39.0
43,Alexandra activation,2026-08-28T09:30:09.000,-26.099833,28.1086838,77.0,15.0,17.0,16.0,39.0
44,Alexandra activation,2026-08-28T09:30:14.000,-26.0998117,28.1087101,78.0,16.0,18.0,17.0,39.0
45,Alexandra activation,2026-08-28T09:30:19.000,-26.0997788,28.1087317,78.0,18.0,21.0,20.0,39.0
46,Alexandra activation,2026-08-28T09:30:24.000,-26.099761,28.1087714,78.0,22.0,28.0,24.0,39.0
47,Alexandra activation,2026-08-28T09:30:29.000,-26.0997556,28.1088087,78.0,22.0,30.0,24.0,39.0
48,Alexandra activation,2026-08-28T09:30:34.000,-26.099731,28.1088396,78.0,25.0,36.0,27.0,39.0
49,Alexandra activation,2026-08-28T09:30:39.000,-26.0997243,28.1088775,78.0,23.0,32.0,25.0,39.0
50,Alexandra activation,2026-08-28T09:30:44.000,-26.0997015,28.1089214,78.0,23.0,31.0,25.0,39.0
51,Alexandra activation,2026-08-28T09:30:49.000,-26.0996944,28.1089506,78.0,22.0,29.0,24.0,39.0
52,Alexandra activation,2026-08-28T09:30:54.000,-26.0996816,28.1089882,78.0,16.0,18.0,17.0,39.0
53,Alexandra activation,2026-08-28T09:30:59.000,-26.0996572,28.109027,78.0,16.0,18.0,16.0,39.0
54,Alexandra activation,2026-08-28T09:31:04.000,-26.0996483,28.1090654,78.0,15.0,17.0,16.0,39.0
55,Alexandra activation,2026-08-28T09:31:09.000,-26.099652,28.1090922,78.0,16.0,18.0,17.0,39.0
56,Alexandra activation,2026-08-28T09:31:14.000,-26.0996422,28.1091242,78.0,16.0,18.0,17.0,39.0
57,Alexandra activation,2026-08-28T09:31:19.000,-26.0995905,28.1091421,78.0,16.0,18.0,17.0,39.0
58,Alexandra activation,2026-08-28T09:31:24.000,-26.0995589,28.1091689,78.0,14.0,16.0,15.0,39.0
59,Alexandra activation,2026-08-28T09:31:29.000,-26.0995524,28.109205,78.0,13.0,14.0,14.0,39.0
60,Alexandra activation,2026-08-28T09:31:34.000,-26.0995474,28.1092553,78.0,12.0,13.0,13.0,39.0
61,Alexandra activation,2026-08-28T09:31:39.000,-26.0995284,28.1092996,78.0,14.0,16.0,15.0,39.0
62,Alexandra activation,2026-08-28T09:31:44.000,-26.0995284,28.1093347,78.0,14.0,16.0,15.0,39.0
63,Alexandra activation,2026-08-28T09:31:49.000,-26.0995181,28.1093651,78.0,14.0,15.0,15.0,39.0
64,Alexandra activation,2026-08-28T09:31:54.000,-26.0994943,28.1094061,78.0,13.0,14.0,14.0,39.0
65,Alexandra activation,2026-08-28T09:31:59.000,-26.099497,28.1094491,78.0,16.0,18.0,17.0,39.0
66,Alexandra activation,2026-08-28T09:32:04.000,-26.0994907,28.1094882,78.0,15.0,17.0,16.0,39.0
67,Alexandra activation,2026-08-28T09:32:09.000,-26.0994968,28.1095187,78.0,14.0,15.0,15.0,39.0
68,Alexandra activation,2026-08-28T09:32:14.000,-26.0995019,28.1095601,78.0,13.0,14.0,14.0,39.0
69,Alexandra activation,2026-08-28T09:32:19.000,-26.0995219,28.1095955,77.0,12.0,13.0,13.0,38.0
70,Alexandra activation,2026-08-28T09:32:24.000,-26.0995372,28.1096318,77.0,14.0,16.0,15.0,38.0
71,Alexandra activation,2026-08-28T09:32:29.000,-26.0995569,28.1096613,77.0,14.0,16.0,15.0,38.0
72,Alexandra activation,2026-08-28T09:32:34.000,-26.0995766,28.1096925,78.0,13.0,14.0,14.0,38.0
73,Alexandra activation,2026-08-28T09:32:39.000,-26.0996094,28.1097187,77.0,14.0,16.0,15.0,38.0
74,Alexandra activation,2026-08-28T09:32:44.000,-26.0996392,28.1097425,78.0,13.0,15.0,14.0,38.0
75,Alexandra activation,2026-08-28T09:32:49.000,-26.0996681,28.1097693,78.0,12.0,13.0,13.0,38.0
76,Alexandra activation,2026-08-28T09:32:54.000,-26.0997023,28.1097955,77.0,12.0,13.0,13.0,38.0
77,Alexandra activation,2026-08-28T09:32:59.000,-26.0997391,28.1098133,77.0,14.0,16.0,15.0,38.0
78,Alexandra activation,2026-08-28T09:33:04.000,-26.0997759,28.109828,77.0,14.0,16.0,15.0,38.0
79,Alexandra activation,2026-08-28T09:33:09.000,-26.0998158,28.1098395,77.0,15.0,17.0,16.0,38.0
80,Alexandra activation,2026-08-28T09:33:14.000,-26.099855,28.1098499,77.0,14.0,16.0,16.0,38.0
81,Alexandra activation,2026-08-28T09:33:19.000,-26.0998941,28.1098697,77.0,16.0,18.0,17.0,39.0
82,Alexandra activation,2026-08-28T09:33:24.000,-26.0999348,28.1098909,77.0,14.0,16.0,15.0,38.0
83,Alexandra activation,2026-08-28T09:33:29.000,-26.0999702,28.109908,77.0,13.0,14.0,14.0,38.0
84,Alexandra activation,2026-08-28T09:33:34.000,-26.1000065,28.1099398,77.0,13.0,14.0,14.0,38.0
85,Alexandra activation,2026-08-28T09:33:39.000,-26.100038,28.1099651,77.0,12.0,13.0,13.0,38.0
86,Alexandra activation,2026-08-28T09:33:44.000,-26.1000683,28.109975,77.0,13.0,15.0,14.0,38.0
87,Alexandra activation,2026-08-28T09:33:49.000,-26.1001063,28.10999,77.0,12.0,13.0,13.0,38.0
88,Alexandra activation,2026-08-28T09:33:54.000,-26.1001437,28.1100086,77.0,12.0,13.0,13.0,38.0
89,Alexandra activation,2026-08-28T09:33:59.000,-26.100183,28.1100357,77.0,13.0,14.0,14.0,38.0
90,Alexandra activation,2026-08-28T09:34:04.000,-26.1002266,28.1100686,77.0,13.0,15.0,14.0,38.0
91,Alexandra activation,2026-08-28T09:34:09.000,-26.1002772,28.1100979,77.0,14.0,16.0,15.0,38.0
92,Alexandra activation,2026-08-28T09:34:14.000,-26.1003222,28.1101195,77.0,14.0,16.0,15.0,39.0
93,Alexandra activation,2026-08-28T09:34:19.000,-26.1003659,28.1101423,77.0,15.0,17.0,16.0,39.0
94,Alexandra activation,2026-08-28T09:34:24.000,-26.1004038,28.1101319,77.0,15.0,17.0,16.0,38.0
95,Alexandra activation,2026-08-28T09:34:29.000,-26.10046,28.1101778,77.0,14.0,16.0,15.0,39.0
96,Alexandra activation,2026-08-28T09:34:34.000,-26.1004955,28.1102197,77.0,14.0,16.0,15.0,39.0
97,Alexandra activation,2026-08-28T09:34:39.000,-26.1005335,28.1102399,77.0,14.0,16.0,15.0,39.0
98,Alexandra activation,2026-08-28T09:34:44.000,-26.1005838,28.1102409,77.0,14.0,16.0,15.0,38.0
99,Alexandra activation,2026-08-28T09:34:49.000,-26.1006483,28.1102875,77.0,14.0,16.0,15.0,39.0
100,Alexandra activation,2026-08-28T09:34:54.000,-26.1006777,28.1102969,77.0,15.0,17.0,16.0,39.0
101,Alexandra activation,2026-08-28T09:34:59.000,-26.1007187,28.1103202,77.0,15.0,17.0,16.0,39.0
102,Alexandra activation,2026-08-28T09:35:04.000,-26.1007568,28.1103484,77.0,14.0,16.0,16.0,38.0
103,Alexandra activation,2026-08-28T09:35:09.000,-26.1007938,28.1103694,77.0,13.0,14.0,14.0,38.0
104,Alexandra activation,2026-08-28T09:35:14.000,-26.1008378,28.1103899,77.0,14.0,16.0,15.0,38.0
105,Alexandra activation,2026-08-28T09:35:19.000,-26.1008936,28.110411,77.0,15.0,17.0,16.0,38.0
106,Alexandra activation,2026-08-28T09:35:24.000,-26.1009341,28.1104405,77.0,15.0,17.0,16.0,38.0
107,Alexandra activation,2026-08-28T09:35:29.000,-26.1009176,28.1104204,77.0,15.0,17.0,16.0,38.0
108,Alexandra activation,2026-08-28T09:35:34.000,-26.1009053,28.1104356,77.0,14.0,16.0,15.0,38.0
109,Alexandra activation,2026-08-28T09:35:39.000,-26.1009101,28.1104384,77.0,13.0,14.0,14.0,38.0
110,Alexandra activation,2026-08-28T09:35:44.000,-26.1009313,28.110448,77.0,14.0,16.0,15.0,38.0
111,Alexandra activation,2026-08-28T09:35:49.000,-26.1010113,28.1104677,77.0,15.0,17.0,16.0,39.0
112,Alexandra activation,2026-08-28T09:35:54.000,-26.1010381,28.1104822,77.0,15.0,17.0,16.0,39.0
113,Alexandra activation,2026-08-28T09:35:59.000,-26.101027,28.1104805,77.0,15.0,17.0,16.0,39.0
114,Alexandra activation,2026-08-28T09:36:04.000,-26.101048,28.1104888,77.0,13.0,15.0,14.0,39.0
115,Alexandra activation,2026-08-28T09:36:09.000,-26.1010907,28.110526,77.0,13.0,14.0,14.0,39.0
116,Alexandra activation,2026-08-28T09:36:14.000,-26.1011293,28.1105454,77.0,14.0,16.0,15.0,39.0
117,Alexandra activation,2026-08-28T09:36:19.000,-26.101159,28.1105624,77.0,15.0,17.0,16.0,39.0
118,Alexandra activation,2026-08-28T09:36:24.000,-26.101203,28.1105833,77.0,13.0,15.0,14.0,39.0
119,Alexandra activation,2026-08-28T09:36:29.000,-26.1012195,28.1106077,77.0,14.0,16.0,15.0,39.0
120,Alexandra activation,2026-08-28T09:36:34.000,-26.1012416,28.11062,77.0,14.0,16.0,15.0,39.0
121,Alexandra activation,2026-08-28T09:36:39.000,-26.1012555,28.1106276,78.0,13.0,15.0,14.0,39.0
122,Alexandra activation,2026-08-28T09:36:44.000,-26.101254,28.1106293,78.0,15.0,17.0,16.0,39.0
123,Alexandra activation,2026-08-28T09:36:49.000,-26.1012546,28.11063,78.0,14.0,16.0,15.0,39.0
124,Alexandra activation,2026-08-28T09:36:54.000,-26.1012545,28.1106296,78.0,14.0,16.0,15.0,39.0
125,Alexandra activation,2026-08-28T09:36:59.000,-26.101253,28.1106279,78.0,14.0,16.0,15.0,39.0
126,Alexandra activation,2026-08-28T09:37:04.000,-26.1012532,28.1106286,78.0,13.0,14.0,14.0,40.0
127,Alexandra activation,2026-08-28T09:37:09.000,-26.1012548,28.11063,78.0,12.0,13.0,13.0,40.0
128,Alexandra activation,2026-08-28T09:37:14.000,-26.1012525,28.1106299,78.0,13.0,14.0,14.0,40.0
129,Alexandra activation,2026-08-28T09:37:19.000,-26.1012533,28.1106295,78.0,14.0,16.0,15.0,39.0
130,Alexandra activation,2026-08-28T09:37:24.000,-26.1012526,28.110629,78.0,14.0,16.0,15.0,39.0
131,Alexandra activation,2026-08-28T09:37:29.000,-26.1012525,28.1106291,78.0,13.0,15.0,14.0,40.0
132,Alexandra activation,2026-08-28T09:37:34.000,-26.1012517,28.1106295,78.0,14.0,15.0,15.0,40.0
133,Alexandra activation,2026-08-28T09:37:39.000,-26.1012512,28.1106304,78.0,16.0,18.0,17.0,40.0
134,Alexandra activation,2026-08-28T09:37:44.000,-26.1012512,28.1106308,78.0,18.0,21.0,20.0,39.0
135,Alexandra activation,2026-08-28T09:37:49.000,-26.1012517,28.1106302,78.0,17.0,19.0,18.0,39.0
136,Alexandra activation,2026-08-28T09:37:54.000,-26.1012515,28.1106294,78.0,16.0,18.0,17.0,39.0
137,Alexandra activation,2026-08-28T09:37:59.000,-26.1012516,28.1106291,78.0,15.0,17.0,16.0,39.0
138,Alexandra activation,2026-08-28T09:38:04.000,-26.1012526,28.1106283,78.0,14.0,16.0,15.0,39.0
139,Alexandra activation,2026-08-28T09:38:09.000,-26.1012526,28.110629,78.0,14.0,16.0,15.0,39.0
140,Alexandra activation,2026-08-28T09:38:14.000,-26.1012525,28.110629,78.0,15.0,17.0,16.0,39.0
141,Alexandra activation,2026-08-28T09:38:19.000,-26.1012525,28.1106298,78.0,14.0,16.0,15.0,39.0
142,Alexandra activation,2026-08-28T09:38:24.000,-26.101253,28.1106298,78.0,13.0,15.0,14.0,39.0
143,Alexandra activation,2026-08-28T09:38:29.000,-26.1012509,28.1106237,78.0,12.0,13.0,13.0,39.0
144,Alexandra activation,2026-08-28T09:38:34.000,-26.1012504,28.1106185,78.0,12.0,13.0,13.0,39.0
145,Alexandra activation,2026-08-28T09:38:39.000,-26.1012498,28.1106182,78.0,12.0,13.0,13.0,39.0
146,Alexandra activation,2026-08-28T09:38:44.000,-26.1012497,28.1106196,78.0,12.0,13.0,13.0,39.0
147,Alexandra activation,2026-08-28T09:38:49.000,-26.1012496,28.1106187,78.0,12.0,13.0,13.0,39.0
148,Alexandra activation,2026-08-28T09:38:54.000,-26.10125,28.1106185,79.0,13.0,14.0,14.0,39.0
149,Alexandra activation,2026-08-28T09:38:59.000,-26.1012507,28.1106186,79.0,13.0,14.0,14.0,39.0
150,Alexandra activation,2026-08-28T09:39:04.000,-26.1012512,28.1106187,79.0,12.0,13.0,13.0,39.0
151,Alexandra activation,2026-08-28T09:39:09.000,-26.1012513,28.1106195,79.0,12.0,13.0,13.0,38.0
152,Alexandra activation,2026-08-28T09:39:14.000,-26.1012513,28.1106192,79.0,12.0,12.0,12.0,38.0
153,Alexandra activation,2026-08-28T09:39:19.000,-26.1012514,28.1106195,79.0,11.0,12.0,12.0,38.0
154,Alexandra activation,2026-08-28T09:39:24.000,-26.1012509,28.11062,79.0,11.0,12.0,12.0,38.0
155,Alexandra activation,2026-08-28T09:39:29.000,-26.1012508,28.1106191,79.0,11.0,12.0,12.0,38.0
156,Alexandra activation,2026-08-28T09:39:34.000,-26.1012504,28.1106187,79.0,12.0,13.0,13.0,38.0
157,Alexandra activation,2026-08-28T09:39:39.000,-26.1012507,28.1106163,79.0,12.0,13.0,13.0,38.0
158,Alexandra activation,2026-08-28T09:39:44.000,-26.1012487,28.1106134,79.0,13.0,15.0,14.0,38.0
159,Alexandra activation,2026-08-28T09:39:49.000,-26.1012477,28.1106117,79.0,12.0,13.0,13.0,38.0
160,Alexandra activation,2026-08-28T09:39:54.000,-26.1012467,28.1106106,79.0,13.0,15.0,14.0,38.0
161,Alexandra activation,2026-08-28T09:39:59.000,-26.1012596,28.1106109,79.0,13.0,14.0,14.0,38.0
162,Alexandra activation,2026-08-28T09:40:04.000,-26.1013344,28.110636,79.0,13.0,14.0,14.0,38.0
163,Alexandra activation,2026-08-28T09:40:09.000,-26.1013405,28.1106452,79.0,14.0,15.0,15.0,38.0
164,Alexandra activation,2026-08-28T09:40:14.000,-26.1013397,28.1106553,79.0,18.0,22.0,20.0,38.0
165,Alexandra activation,2026-08-28T09:40:19.000,-26.1013683,28.1106766,79.0,22.0,30.0,24.0,38.0
166,Alexandra activation,2026-08-28T09:40:24.000,-26.1014075,28.1107013,79.0,21.0,27.0,23.0,38.0
167,Alexandra activation,2026-08-28T09:40:29.000,-26.1014491,28.1107123,79.0,23.0,31.0,25.0,38.0
168,Alexandra activation,2026-08-28T09:40:34.000,-26.1014719,28.110724,80.0,30.0,46.0,32.0,38.0
169,Alexandra activation,2026-08-28T09:40:39.000,-26.101522,28.1107641,80.0,24.0,33.0,26.0,38.0
170,Alexandra activation,2026-08-28T09:40:44.000,-26.101579,28.1107989,80.0,21.0,27.0,23.0,38.0
171,Alexandra activation,2026-08-28T09:40:49.000,-26.1016168,28.1108122,80.0,21.0,27.0,23.0,37.0
172,Alexandra activation,2026-08-28T09:40:54.000,-26.1016404,28.1108321,80.0,17.0,20.0,19.0,37.0
173,Alexandra activation,2026-08-28T09:40:59.000,-26.1016201,28.1108235,80.0,15.0,17.0,16.0,37.0
174,Alexandra activation,2026-08-28T09:41:04.000,-26.1016126,28.1108142,80.0,13.0,14.0,14.0,37.0
175,Alexandra activation,2026-08-28T09:41:09.000,-26.1016112,28.1108125,80.0,13.0,14.0,14.0,37.0
176,Alexandra activation,2026-08-28T09:41:14.000,-26.1016109,28.1108122,80.0,14.0,16.0,15.0,37.0
177,Alexandra activation,2026-08-28T09:41:19.000,-26.1016109,28.1108131,80.0,14.0,15.0,15.0,37.0
178,Alexandra activation,2026-08-28T09:41:24.000,-26.1016092,28.110818,80.0,13.0,15.0,14.0,37.0
179,Alexandra activation,2026-08-28T09:41:29.000,-26.1016025,28.1108345,80.0,13.0,14.0,14.0,37.0
180,Alexandra activation,2026-08-28T09:41:34.000,-26.1016702,28.1108283,80.0,12.0,13.0,13.0,37.0
181,Alexandra activation,2026-08-28T09:41:39.000,-26.1017202,28.1108489,80.0,11.0,12.0,12.0,37.0
182,Alexandra activation,2026-08-28T09:41:44.000,-26.1017817,28.1108621,80.0,12.0,13.0,13.0,37.0
183,Alexandra activation,2026-08-28T09:41:49.000,-26.101823,28.1109094,80.0,13.0,14.0,14.0,37.0
184,Alexandra activation,2026-08-28T09:41:54.000,-26.1018566,28.1109307,80.0,13.0,14.0,14.0,37.0
185,Alexandra activation,2026-08-28T09:41:59.000,-26.1018889,28.1109484,80.0,13.0,14.0,14.0,37.0
186,Alexandra activation,2026-08-28T09:42:04.000,-26.1019347,28.1109765,81.0,11.0,12.0,12.0,36.0
187,Alexandra activation,2026-08-28T09:42:09.000,-26.101997,28.1109812,81.0,11.0,12.0,12.0,36.0
188,Alexandra activation,2026-08-28T09:42:14.000,-26.1020419,28.1110261,81.0,10.0,11.0,10.0,36.0
189,Alexandra activation,2026-08-28T09:42:19.000,-26.1020877,28.1110525,81.0,12.0,13.0,13.0,36.0
190,Alexandra activation,2026-08-28T09:42:24.000,-26.1021428,28.1110771,81.0,12.0,13.0,13.0,36.0
191,Alexandra activation,2026-08-28T09:42:29.000,-26.1021967,28.1110943,81.0,11.0,12.0,12.0,36.0
192,Alexandra activation,2026-08-28T09:42:34.000,-26.1022447,28.1111162,81.0,12.0,13.0,12.0,36.0
193,Alexandra activation,2026-08-28T09:42:39.000,-26.1022931,28.1111524,81.0,11.0,12.0,12.0,36.0
194,Alexandra activation,2026-08-28T09:42:44.000,-26.1023522,28.111181,81.0,11.0,12.0,12.0,36.0
195,Alexandra activation,2026-08-28T09:42:49.000,-26.1024026,28.1112046,81.0,12.0,13.0,13.0,35.0
196,Alexandra activation,2026-08-28T09:42:54.000,-26.1024389,28.1112254,81.0,11.0,12.0,12.0,35.0
197,Alexandra activation,2026-08-28T09:42:59.000,-26.1024752,28.111251,81.0,10.0,11.0,10.0,35.0
198,Alexandra activation,2026-08-28T09:43:04.000,-26.102515,28.1112846,81.0,10.0,11.0,10.0,35.0
199,Alexandra activation,2026-08-28T09:43:09.000,-26.1025571,28.1113119,81.0,10.0,11.0,10.0,36.0
200,Alexandra activation,2026-08-28T09:43:14.000,-26.1026016,28.1113365,81.0,10.0,11.0,10.0,36.0
201,Alexandra activation,2026-08-28T09:43:19.000,-26.1026554,28.1113529,81.0,11.0,12.0,12.0,36.0
202,Alexandra activation,2026-08-28T09:43:24.000,-26.1027086,28.1113739,81.0,9.0,11.0,10.0,36.0
203,Alexandra activation,2026-08-28T09:43:29.000,-26.1027465,28.111397,81.0,7.0,9.0,8.0,35.0
204,Alexandra activation,2026-08-28T09:43:34.000,-26.1027886,28.1114176,81.0,8.0,9.0,9.0,35.0
205,Alexandra activation,2026-08-28T09:43:39.000,-26.1028392,28.1114626,81.0,8.0,10.0,9.0,35.0
206,Alexandra activation,2026-08-28T09:43:44.000,-26.1028713,28.1114848,81.0,10.0,11.0,10.0,35.0
207,Alexandra activation,2026-08-28T09:43:49.000,-26.1029262,28.1114965,81.0,9.0,10.0,9.0,34.0
208,Alexandra activation,2026-08-28T09:43:54.000,-26.1029779,28.1115156,81.0,8.0,10.0,9.0,34.0
209,Alexandra activation,2026-08-28T09:43:59.000,-26.1030234,28.1115538,81.0,9.0,10.0,10.0,35.0
210,Alexandra activation,2026-08-28T09:44:04.000,-26.1030598,28.11159,81.0,10.0,11.0,10.0,35.0
211,Alexandra activation,2026-08-28T09:44:09.000,-26.1031127,28.111605,81.0,10.0,11.0,10.0,35.0
212,Alexandra activation,2026-08-28T09:44:14.000,-26.1031538,28.111633,81.0,10.0,11.0,10.0,35.0
213,Alexandra activation,2026-08-28T09:44:19.000,-26.1032046,28.1116862,81.0,10.0,11.0,11.0,35.0
214,Alexandra activation,2026-08-28T09:44:24.000,-26.1032529,28.1117145,81.0,11.0,12.0,12.0,35.0
215,Alexandra activation,2026-08-28T09:44:29.000,-26.1033191,28.1117231,81.0,18.0,22.0,20.0,35.0
216,Alexandra activation,2026-08-28T09:44:34.000,-26.1033421,28.1117735,81.0,22.0,30.0,24.0,35.0
217,Alexandra activation,2026-08-28T09:44:39.000,-26.1034052,28.1117858,81.0,19.0,23.0,21.0,35.0
218,Alexandra activation,2026-08-28T09:44:44.000,-26.1034715,28.1117969,81.0,15.0,17.0,16.0,34.0
219,Alexandra activation,2026-08-28T09:44:49.000,-26.1035152,28.1118191,81.0,13.0,14.0,14.0,34.0
220,Alexandra activation,2026-08-28T09:44:54.000,-26.103558,28.1118293,81.0,11.0,12.0,11.0,34.0
221,Alexandra activation,2026-08-28T09:44:59.000,-26.1036065,28.1118561,81.0,9.0,11.0,10.0,34.0
222,Alexandra activation,2026-08-28T09:45:04.000,-26.1036484,28.1118865,81.0,10.0,11.0,10.0,33.0
223,Alexandra activation,2026-08-28T09:45:09.000,-26.1036935,28.1119339,81.0,11.0,12.0,12.0,33.0
224,Alexandra activation,2026-08-28T09:45:14.000,-26.1037422,28.1119611,81.0,8.0,10.0,9.0,33.0
225,Alexandra activation,2026-08-28T09:45:19.000,-26.1037895,28.1119762,81.0,7.0,8.0,8.0,34.0
226,Alexandra activation,2026-08-28T09:45:24.000,-26.103839,28.1120038,81.0,8.0,10.0,9.0,33.0
227,Alexandra activation,2026-08-28T09:45:29.000,-26.1038787,28.1120363,81.0,9.0,10.0,9.0,33.0
228,Alexandra activation,2026-08-28T09:45:34.000,-26.1038986,28.1120372,81.0,10.0,11.0,10.0,33.0
229,Alexandra activation,2026-08-28T09:45:39.000,-26.1038921,28.1120387,81.0,10.0,11.0,10.0,33.0
230,Alexandra activation,2026-08-28T09:45:44.000,-26.1038923,28.112039,81.0,10.0,11.0,11.0,33.0
231,Alexandra activation,2026-08-28T09:45:49.000,-26.1039242,28.1120509,81.0,10.0,11.0,10.0,34.0
232,Alexandra activation,2026-08-28T09:45:54.000,-26.1039581,28.1120782,81.0,9.0,11.0,10.0,34.0
233,Alexandra activation,2026-08-28T09:45:59.000,-26.1039995,28.1121284,81.0,11.0,12.0,12.0,34.0
234,Alexandra activation,2026-08-28T09:46:04.000,-26.104025,28.1121282,81.0,11.0,12.0,12.0,34.0
235,Alexandra activation,2026-08-28T09:46:09.000,-26.1040099,28.1121247,81.0,11.0,12.0,12.0,34.0
236,Alexandra activation,2026-08-28T09:46:14.000,-26.1040072,28.1121246,81.0,11.0,12.0,12.0,34.0
237,Alexandra activation,2026-08-28T09:46:19.000,-26.104006,28.1121243,81.0,9.0,11.0,10.0,34.0
238,Alexandra activation,2026-08-28T09:46:24.000,-26.1040053,28.1121264,81.0,10.0,11.0,10.0,34.0
239,Alexandra activation,2026-08-28T09:46:29.000,-26.1040059,28.1121271,81.0,10.0,11.0,10.0,34.0
240,Alexandra activation,2026-08-28T09:46:34.000,-26.1040072,28.1121268,81.0,10.0,11.0,10.0,34.0
241,Alexandra activation,2026-08-28T09:46:39.000,-26.1040066,28.1121262,81.0,10.0,11.0,10.0,34.0
242,Alexandra activation,2026-08-28T09:46:44.000,-26.1040064,28.1121268,81.0,10.0,11.0,10.0,34.0
243,Alexandra activation,2026-08-28T09:46:49.000,-26.1040059,28.1121277,81.0,10.0,11.0,11.0,34.0
244,Alexandra activation,2026-08-28T09:46:54.000,-26.1040055,28.1121281,81.0,11.0,12.0,12.0,34.0
245,Alexandra activation,2026-08-28T09:46:59.000,-26.1040048,28.1121277,81.0,12.0,13.0,13.0,34.0
246,Alexandra activation,2026-08-28T09:47:04.000,-26.1040021,28.1121224,81.0,13.0,14.0,14.0,34.0
247,Alexandra activation,2026-08-28T09:47:09.000,-26.1039858,28.112101,81.0,11.0,12.0,12.0,34.0
248,Alexandra activation,2026-08-28T09:47:14.000,-26.1039699,28.1121129,81.0,11.0,12.0,11.0,35.0
249,Alexandra activation,2026-08-28T09:47:19.000,-26.1039804,28.1121311,81.0,10.0,11.0,10.0,34.0
250,Alexandra activation,2026-08-28T09:47:24.000,-26.1039868,28.1121349,81.0,8.0,10.0,9.0,34.0
251,Alexandra activation,2026-08-28T09:47:29.000,-26.1039875,28.1121356,81.0,8.0,10.0,9.0,34.0
252,Alexandra activation,2026-08-28T09:47:34.000,-26.1039875,28.1121365,81.0,10.0,11.0,10.0,34.0
253,Alexandra activation,2026-08-28T09:47:39.000,-26.1039869,28.1121379,81.0,10.0,11.0,10.0,34.0
254,Alexandra activation,2026-08-28T09:47:44.000,-26.1039811,28.1121467,81.0,11.0,12.0,12.0,33.0
255,Alexandra activation,2026-08-28T09:47:49.000,-26.1039743,28.1121526,81.0,10.0,11.0,10.0,33.0
256,Alexandra activation,2026-08-28T09:47:54.000,-26.1039716,28.1121556,81.0,8.0,10.0,9.0,33.0
257,Alexandra activation,2026-08-28T09:47:59.000,-26.1039973,28.1121724,81.0,10.0,11.0,10.0,33.0
258,Alexandra activation,2026-08-28T09:48:04.000,-26.1040711,28.1122221,81.0,12.0,12.0,12.0,33.0
259,Alexandra activation,2026-08-28T09:48:09.000,-26.1041166,28.1122644,81.0,11.0,12.0,12.0,33.0
260,Alexandra activation,2026-08-28T09:48:14.000,-26.1041764,28.1122849,81.0,10.0,11.0,10.0,33.0
261,Alexandra activation,2026-08-28T09:48:19.000,-26.1042034,28.1122974,81.0,11.0,12.0,12.0,33.0
262,Alexandra activation,2026-08-28T09:48:24.000,-26.104232,28.1123049,81.0,12.0,13.0,13.0,33.0
263,Alexandra activation,2026-08-28T09:48:29.000,-26.1042767,28.1123061,81.0,10.0,11.0,10.0,33.0
264,Alexandra activation,2026-08-28T09:48:34.000,-26.1043041,28.1123184,81.0,10.0,11.0,11.0,33.0
265,Alexandra activation,2026-08-28T09:48:39.000,-26.1043482,28.1123392,81.0,7.0,9.0,8.0,33.0
266,Alexandra activation,2026-08-28T09:48:44.000,-26.1043751,28.1123649,81.0,7.0,8.0,8.0,33.0
267,Alexandra activation,2026-08-28T09:48:49.000,-26.104421,28.1123972,81.0,8.0,10.0,9.0,33.0
268,Alexandra activation,2026-08-28T09:48:54.000,-26.1044555,28.1124062,81.0,8.0,10.0,9.0,33.0
269,Alexandra activation,2026-08-28T09:48:59.000,-26.1044801,28.1124236,81.0,8.0,10.0,9.0,34.0
270,Alexandra activation,2026-08-28T09:49:04.000,-26.1044979,28.1124318,81.0,9.0,10.0,10.0,34.0
271,Alexandra activation,2026-08-28T09:49:09.000,-26.1045132,28.1124308,81.0,10.0,11.0,11.0,34.0
272,Alexandra activation,2026-08-28T09:49:14.000,-26.1044989,28.1124122,81.0,8.0,10.0,9.0,34.0
273,Alexandra activation,2026-08-28T09:49:19.000,-26.1044942,28.112405,81.0,8.0,10.0,9.0,34.0
274,Alexandra activation,2026-08-28T09:49:24.000,-26.1044945,28.1124044,81.0,8.0,10.0,9.0,34.0
275,Alexandra activation,2026-08-28T09:49:29.000,-26.1045416,28.1124466,81.0,10.0,12.0,11.0,34.0
276,Alexandra activation,2026-08-28T09:49:34.000,-26.1046071,28.1125023,81.0,10.0,11.0,10.0,34.0
277,Alexandra activation,2026-08-28T09:49:39.000,-26.1046653,28.1125368,81.0,10.0,11.0,10.0,34.0
278,Alexandra activation,2026-08-28T09:49:44.000,-26.1047065,28.1125571,81.0,9.0,10.0,9.0,34.0
279,Alexandra activation,2026-08-28T09:49:49.000,-26.1047674,28.1125614,81.0,7.0,8.0,8.0,34.0
280,Alexandra activation,2026-08-28T09:49:54.000,-26.1048033,28.1125937,81.0,6.0,7.0,7.0,34.0
281,Alexandra activation,2026-08-28T09:49:59.000,-26.1048401,28.1126254,81.0,8.0,9.0,8.0,34.0
282,Alexandra activation,2026-08-28T09:50:04.000,-26.1048852,28.1126384,81.0,9.0,11.0,10.0,34.0
283,Alexandra activation,2026-08-28T09:50:09.000,-26.1049335,28.1126619,81.0,8.0,10.0,9.0,34.0
284,Alexandra activation,2026-08-28T09:50:14.000,-26.1049793,28.1126915,81.0,8.0,10.0,9.0,34.0
285,Alexandra activation,2026-08-28T09:50:19.000,-26.1050299,28.1127103,81.0,8.0,9.0,9.0,34.0
286,Alexandra activation,2026-08-28T09:50:24.000,-26.1050674,28.1127347,81.0,7.0,9.0,8.0,34.0
287,Alexandra activation,2026-08-28T09:50:29.000,-26.1051024,28.1127531,81.0,7.0,8.0,8.0,34.0
288,Alexandra activation,2026-08-28T09:50:34.000,-26.1051358,28.1127709,81.0,7.0,9.0,8.0,34.0
289,Alexandra activation,2026-08-28T09:50:39.000,-26.1051684,28.1127979,81.0,8.0,9.0,9.0,34.0
290,Alexandra activation,2026-08-28T09:50:44.000,-26.1051817,28.1128072,81.0,8.0,9.0,9.0,34.0
291,Alexandra activation,2026-08-28T09:50:49.000,-26.1052325,28.1128159,81.0,9.0,11.0,10.0,34.0
292,Alexandra activation,2026-08-28T09:50:54.000,-26.1052903,28.1128274,81.0,10.0,11.0,10.0,34.0
293,Alexandra activation,2026-08-28T09:50:59.000,-26.1053262,28.1128476,80.0,9.0,11.0,10.0,34.0
294,Alexandra activation,2026-08-28T09:51:04.000,-26.1053614,28.1128896,80.0,9.0,10.0,10.0,34.0
295,Alexandra activation,2026-08-28T09:51:09.000,-26.1053921,28.1129157,80.0,9.0,10.0,10.0,34.0
296,Alexandra activation,2026-08-28T09:51:14.000,-26.1054267,28.1129189,80.0,12.0,13.0,13.0,34.0
297,Alexandra activation,2026-08-28T09:51:19.000,-26.1054804,28.1128951,80.0,14.0,16.0,15.0,33.0
298,Alexandra activation,2026-08-28T09:51:24.000,-26.1055041,28.1129034,80.0,14.0,16.0,15.0,33.0
299,Alexandra activation,2026-08-28T09:51:29.000,-26.105559,28.1128972,80.0,18.0,22.0,20.0,34.0
300,Alexandra activation,2026-08-28T09:51:34.000,-26.1056066,28.1128644,80.0,21.0,27.0,23.0,34.0
301,Alexandra activation,2026-08-28T09:51:39.000,-26.1056475,28.1128415,80.0,20.0,26.0,22.0,34.0
302,Alexandra activation,2026-08-28T09:51:44.000,-26.1056834,28.112811,80.0,18.0,22.0,20.0,34.0
303,Alexandra activation,2026-08-28T09:51:49.000,-26.105707,28.1127617,80.0,12.0,13.0,12.0,34.0
304,Alexandra activation,2026-08-28T09:51:54.000,-26.1057214,28.1127021,80.0,10.0,12.0,11.0,34.0
305,Alexandra activation,2026-08-28T09:51:59.000,-26.105734,28.1126547,80.0,10.0,11.0,10.0,34.0
306,Alexandra activation,2026-08-28T09:52:04.000,-26.1057388,28.1126323,80.0,8.0,10.0,9.0,35.0
307,Alexandra activation,2026-08-28T09:52:09.000,-26.1057476,28.1126049,80.0,7.0,8.0,8.0,35.0
308,Alexandra activation,2026-08-28T09:52:14.000,-26.1057581,28.1125722,80.0,7.0,8.0,8.0,35.0
309,Alexandra activation,2026-08-28T09:52:19.000,-26.1057822,28.1125238,80.0,9.0,11.0,10.0,35.0
310,Alexandra activation,2026-08-28T09:52:24.000,-26.1058059,28.1124817,80.0,10.0,11.0,11.0,35.0
311,Alexandra activation,2026-08-28T09:52:29.000,-26.1058242,28.1124427,80.0,10.0,11.0,10.0,35.0
312,Alexandra activation,2026-08-28T09:52:34.000,-26.1058492,28.1124123,80.0,10.0,11.0,10.0,34.0
313,Alexandra activation,2026-08-28T09:52:39.000,-26.1058626,28.1123717,80.0,9.0,10.0,9.0,34.0
314,Alexandra activation,2026-08-28T09:52:44.000,-26.1058785,28.1123336,80.0,8.0,10.0,9.0,35.0
315,Alexandra activation,2026-08-28T09:52:49.000,-26.1058852,28.112298,80.0,8.0,10.0,9.0,35.0
316,Alexandra activation,2026-08-28T09:52:54.000,-26.1059,28.1122551,80.0,8.0,9.0,9.0,35.0
317,Alexandra activation,2026-08-28T09:52:59.000,-26.1059249,28.1122238,80.0,9.0,11.0,10.0,35.0
318,Alexandra activation,2026-08-28T09:53:04.000,-26.1059362,28.112203,80.0,8.0,10.0,9.0,35.0
319,Alexandra activation,2026-08-28T09:53:09.000,-26.1059627,28.1121564,80.0,10.0,11.0,11.0,35.0
320,Alexandra activation,2026-08-28T09:53:14.000,-26.1059907,28.1120892,80.0,10.0,11.0,10.0,35.0
321,Alexandra activation,2026-08-28T09:53:19.000,-26.1059645,28.1120773,80.0,10.0,11.0,10.0,35.0
322,Alexandra activation,2026-08-28T09:53:24.000,-26.1060008,28.112037,80.0,10.0,11.0,10.0,35.0
323,Alexandra activation,2026-08-28T09:53:29.000,-26.106025,28.1119758,80.0,9.0,10.0,9.0,35.0
324,Alexandra activation,2026-08-28T09:53:34.000,-26.1060669,28.1119317,80.0,7.0,8.0,8.0,35.0
325,Alexandra activation,2026-08-28T09:53:39.000,-26.1060776,28.1118986,80.0,8.0,9.0,9.0,35.0
326,Alexandra activation,2026-08-28T09:53:44.000,-26.1061009,28.111854,80.0,7.0,8.0,8.0,34.0
327,Alexandra activation,2026-08-28T09:53:49.000,-26.1061281,28.1118053,80.0,8.0,10.0,9.0,34.0
328,Alexandra activation,2026-08-28T09:53:54.000,-26.1061345,28.1117624,80.0,8.0,10.0,9.0,35.0
329,Alexandra activation,2026-08-28T09:53:59.000,-26.1061551,28.1117281,80.0,8.0,10.0,9.0,35.0
330,Alexandra activation,2026-08-28T09:54:04.000,-26.1061748,28.1116988,80.0,9.0,11.0,10.0,35.0
331,Alexandra activation,2026-08-28T09:54:09.000,-26.1061968,28.1116609,80.0,10.0,11.0,10.0,35.0
332,Alexandra activation,2026-08-28T09:54:14.000,-26.1062127,28.1116224,80.0,8.0,10.0,9.0,34.0
333,Alexandra activation,2026-08-28T09:54:19.000,-26.1062165,28.1115844,80.0,8.0,10.0,9.0,34.0
334,Alexandra activation,2026-08-28T09:54:24.000,-26.1062238,28.11154,80.0,8.0,9.0,9.0,34.0
335,Alexandra activation,2026-08-28T09:54:29.000,-26.1062386,28.1114807,81.0,9.0,10.0,9.0,35.0
336,Alexandra activation,2026-08-28T09:54:34.000,-26.106268,28.1114475,81.0,10.0,11.0,10.0,35.0
337,Alexandra activation,2026-08-28T09:54:39.000,-26.1062851,28.111416,81.0,10.0,11.0,10.0,35.0
338,Alexandra activation,2026-08-28T09:54:44.000,-26.1062962,28.1113471,81.0,8.0,10.0,9.0,35.0
339,Alexandra activation,2026-08-28T09:54:49.000,-26.1063093,28.111286,81.0,8.0,10.0,9.0,35.0
340,Alexandra activation,2026-08-28T09:54:54.000,-26.1063276,28.1112355,81.0,8.0,10.0,9.0,35.0
341,Alexandra activation,2026-08-28T09:54:59.000,-26.1063626,28.1111964,81.0,8.0,10.0,9.0,35.0
342,Alexandra activation,2026-08-28T09:55:04.000,-26.1063976,28.1111567,81.0,7.0,8.0,8.0,34.0
343,Alexandra activation,2026-08-28T09:55:09.000,-26.10642,28.1111173,81.0,7.0,8.0,8.0,34.0
344,Alexandra activation,2026-08-28T09:55:14.000,-26.1064208,28.1111013,81.0,9.0,10.0,9.0,34.0
345,Alexandra activation,2026-08-28T09:55:19.000,-26.1064101,28.1111044,81.0,8.0,10.0,9.0,34.0
346,Alexandra activation,2026-08-28T09:55:24.000,-26.1064116,28.1111116,81.0,8.0,10.0,9.0,34.0
347,Alexandra activation,2026-08-28T09:55:29.000,-26.1064135,28.1111129,81.0,10.0,11.0,10.0,34.0
348,Alexandra activation,2026-08-28T09:55:34.000,-26.1064139,28.1111124,81.0,11.0,12.0,11.0,34.0
349,Alexandra activation,2026-08-28T09:55:39.000,-26.1064244,28.1110711,81.0,11.0,12.0,12.0,34.0
350,Alexandra activation,2026-08-28T09:55:44.000,-26.1064509,28.1110131,81.0,9.0,10.0,9.0,34.0
351,Alexandra activation,2026-08-28T09:55:49.000,-26.1064719,28.1109676,81.0,8.0,10.0,9.0,34.0
352,Alexandra activation,2026-08-28T09:55:54.000,-26.106491,28.1109348,81.0,8.0,10.0,9.0,34.0
353,Alexandra activation,2026-08-28T09:55:59.000,-26.1065095,28.1108992,81.0,8.0,10.0,9.0,34.0
354,Alexandra activation,2026-08-28T09:56:04.000,-26.1065271,28.1108523,81.0,7.0,8.0,8.0,34.0
355,Alexandra activation,2026-08-28T09:56:09.000,-26.1065427,28.1108388,81.0,7.0,8.0,8.0,34.0
356,Alexandra activation,2026-08-28T09:56:14.000,-26.1065342,28.1108338,81.0,10.0,11.0,11.0,34.0
357,Alexandra activation,2026-08-28T09:56:19.000,-26.1065262,28.1108274,81.0,11.0,12.0,12.0,34.0
358,Alexandra activation,2026-08-28T09:56:24.000,-26.1065419,28.1108021,81.0,11.0,12.0,11.0,34.0
359,Alexandra activation,2026-08-28T09:56:29.000,-26.1065652,28.1107382,81.0,11.0,12.0,12.0,34.0
360,Alexandra activation,2026-08-28T09:56:34.000,-26.1065946,28.1107052,81.0,11.0,12.0,12.0,34.0
361,Alexandra activation,2026-08-28T09:56:39.000,-26.1065979,28.110711,81.0,12.0,13.0,13.0,34.0
362,Alexandra activation,2026-08-28T09:56:44.000,-26.10659,28.1107146,81.0,10.0,11.0,10.0,34.0
363,Alexandra activation,2026-08-28T09:56:49.000,-26.106589,28.1107145,81.0,8.0,9.0,9.0,33.0
364,Alexandra activation,2026-08-28T09:56:54.000,-26.1065896,28.1107144,81.0,8.0,10.0,9.0,33.0
365,Alexandra activation,2026-08-28T09:56:59.000,-26.1065902,28.1107141,81.0,10.0,11.0,10.0,33.0
366,Alexandra activation,2026-08-28T09:57:04.000,-26.1065903,28.1107136,81.0,10.0,11.0,11.0,33.0
367,Alexandra activation,2026-08-28T09:57:09.000,-26.1065905,28.1107134,81.0,10.0,11.0,10.0,33.0
368,Alexandra activation,2026-08-28T09:57:14.000,-26.1065907,28.1107138,81.0,9.0,10.0,9.0,33.0
369,Alexandra activation,2026-08-28T09:57:19.000,-26.1065908,28.110714,81.0,7.0,9.0,8.0,33.0
370,Alexandra activation,2026-08-28T09:57:24.000,-26.106591,28.1107151,81.0,7.0,8.0,8.0,34.0
371,Alexandra activation,2026-08-28T09:57:29.000,-26.1065867,28.1106787,81.0,7.0,8.0,8.0,34.0
372,Alexandra activation,2026-08-28T09:57:34.000,-26.1065875,28.1106772,81.0,8.0,9.0,9.0,34.0
373,Alexandra activation,2026-08-28T09:57:39.000,-26.1065903,28.1106787,81.0,8.0,10.0,9.0,33.0
374,Alexandra activation,2026-08-28T09:57:44.000,-26.1065914,28.1106788,81.0,8.0,9.0,9.0,33.0
375,Alexandra activation,2026-08-28T09:57:49.000,-26.1065911,28.1106789,81.0,7.0,9.0,8.0,33.0
376,Alexandra activation,2026-08-28T09:57:54.000,-26.1065912,28.1106785,81.0,6.0,7.0,7.0,33.0
377,Alexandra activation,2026-08-28T09:57:59.000,-26.1065916,28.1106778,81.0,6.0,8.0,7.0,33.0
378,Alexandra activation,2026-08-28T09:58:04.000,-26.1065921,28.1106793,81.0,9.0,10.0,9.0,33.0
379,Alexandra activation,2026-08-28T09:58:09.000,-26.1065917,28.110679,81.0,8.0,10.0,9.0,34.0
380,Alexandra activation,2026-08-28T09:58:14.000,-26.1065925,28.1106789,81.0,8.0,10.0,9.0,34.0
381,Alexandra activation,2026-08-28T09:58:19.000,-26.1065984,28.1106733,81.0,9.0,10.0,9.0,34.0
382,Alexandra activation,2026-08-28T09:58:24.000,-26.106602,28.1106698,81.0,7.0,8.0,8.0,34.0
383,Alexandra activation,2026-08-28T09:58:29.000,-26.1066027,28.1106684,81.0,7.0,9.0,8.0,34.0
384,Alexandra activation,2026-08-28T09:58:34.000,-26.1066039,28.1106671,81.0,7.0,8.0,8.0,34.0
385,Alexandra activation,2026-08-28T09:58:39.000,-26.1066062,28.1106666,82.0,8.0,9.0,9.0,34.0
386,Alexandra activation,2026-08-28T09:58:44.000,-26.1065976,28.1106678,82.0,7.0,8.0,8.0,35.0
387,Alexandra activation,2026-08-28T09:58:49.000,-26.1065849,28.1106651,82.0,7.0,8.0,8.0,34.0
388,Alexandra activation,2026-08-28T09:58:54.000,-26.1065829,28.1106673,82.0,8.0,9.0,9.0,34.0
389,Alexandra activation,2026-08-28T09:58:59.000,-26.1065826,28.1106668,82.0,10.0,11.0,11.0,34.0
390,Alexandra activation,2026-08-28T09:59:04.000,-26.1065823,28.1106662,82.0,11.0,12.0,11.0,33.0
391,Alexandra activation,2026-08-28T09:59:09.000,-26.1065828,28.1106661,82.0,9.0,10.0,10.0,33.0
392,Alexandra activation,2026-08-28T09:59:14.000,-26.106583,28.1106653,82.0,8.0,10.0,9.0,33.0
393,Alexandra activation,2026-08-28T09:59:19.000,-26.1065826,28.1106654,82.0,8.0,10.0,9.0,33.0
394,Alexandra activation,2026-08-28T09:59:24.000,-26.1065928,28.110663,82.0,8.0,10.0,9.0,32.0
395,Alexandra activation,2026-08-28T09:59:29.000,-26.1066055,28.1106584,82.0,12.0,13.0,13.0,32.0
396,Alexandra activation,2026-08-28T09:59:34.000,-26.1066093,28.1106564,82.0,11.0,12.0,12.0,32.0
397,Alexandra activation,2026-08-28T09:59:39.000,-26.1066104,28.1106553,82.0,10.0,11.0,10.0,32.0
398,Alexandra activation,2026-08-28T09:59:44.000,-26.106611,28.1106536,82.0,11.0,12.0,12.0,32.0
399,Alexandra activation,2026-08-28T09:59:49.000,-26.1066105,28.1106521,82.0,9.0,10.0,10.0,32.0
400,Alexandra activation,2026-08-28T09:59:54.000,-26.1066102,28.1106521,82.0,10.0,11.0,10.0,32.0
401,Alexandra activation,2026-08-28T09:59:59.000,-26.1066101,28.1106524,82.0,10.0,11.0,11.0,32.0
402,Alexandra activation,2026-08-28T10:00:04.000,-26.1066107,28.1106524,82.0,8.0,10.0,9.0,32.0
403,Alexandra activation,2026-08-28T10:00:09.000,-26.1066109,28.1106527,82.0,8.0,10.0,9.0,32.0
404,Alexandra activation,2026-08-28T10:00:14.000,-26.1066104,28.1106535,82.0,7.0,8.0,8.0,32.0
405,Alexandra activation,2026-08-28T10:00:19.000,-26.1066101,28.1106543,82.0,8.0,9.0,9.0,32.0
406,Alexandra activation,2026-08-28T10:00:24.000,-26.1066095,28.1106541,82.0,10.0,11.0,10.0,32.0
407,Alexandra activation,2026-08-28T10:00:29.000,-26.1066092,28.110654,82.0,10.0,12.0,11.0,32.0
408,Alexandra activation,2026-08-28T10:00:34.000,-26.106609,28.1106541,82.0,11.0,12.0,12.0,32.0
409,Alexandra activation,2026-08-28T10:00:39.000,-26.1066094,28.1106545,82.0,11.0,12.0,11.0,32.0
410,Alexandra activation,2026-08-28T10:00:44.000,-26.1066083,28.1106535,82.0,10.0,11.0,10.0,32.0
411,Alexandra activation,2026-08-28T10:00:49.000,-26.1066247,28.1106272,82.0,9.0,10.0,9.0,32.0
412,Alexandra activation,2026-08-28T10:00:54.000,-26.1066288,28.1106311,82.0,9.0,10.0,9.0,32.0
413,Alexandra activation,2026-08-28T10:00:59.000,-26.1066276,28.1106321,82.0,10.0,11.0,10.0,32.0
414,Alexandra activation,2026-08-28T10:01:04.000,-26.1066285,28.1106315,82.0,10.0,11.0,10.0,32.0
415,Alexandra activation,2026-08-28T10:01:09.000,-26.1066372,28.1106188,82.0,10.0,11.0,10.0,32.0
416,Alexandra activation,2026-08-28T10:01:14.000,-26.1066578,28.1105826,82.0,11.0,12.0,12.0,32.0
417,Alexandra activation,2026-08-28T10:01:19.000,-26.1066726,28.1105469,82.0,10.0,11.0,10.0,32.0
418,Alexandra activation,2026-08-28T10:01:24.000,-26.1066822,28.1105152,82.0,11.0,12.0,12.0,32.0
419,Alexandra activation,2026-08-28T10:01:29.000,-26.1066958,28.1104715,82.0,13.0,14.0,14.0,32.0
420,Alexandra activation,2026-08-28T10:01:34.000,-26.1067132,28.1104392,82.0,12.0,13.0,13.0,32.0
421,Alexandra activation,2026-08-28T10:01:39.000,-26.106732,28.1104092,82.0,11.0,12.0,12.0,32.0
422,Alexandra activation,2026-08-28T10:01:44.000,-26.1067393,28.110375,82.0,10.0,11.0,10.0,32.0
423,Alexandra activation,2026-08-28T10:01:49.000,-26.1067436,28.1103587,82.0,10.0,11.0,10.0,32.0
424,Alexandra activation,2026-08-28T10:01:54.000,-26.1067458,28.1103372,82.0,9.0,10.0,9.0,32.0
425,Alexandra activation,2026-08-28T10:01:59.000,-26.1067583,28.1103129,82.0,9.0,10.0,9.0,32.0
426,Alexandra activation,2026-08-28T10:02:04.000,-26.1067602,28.1102708,82.0,11.0,12.0,12.0,32.0
427,Alexandra activation,2026-08-28T10:02:09.000,-26.1067367,28.1102248,82.0,11.0,12.0,12.0,32.0
428,Alexandra activation,2026-08-28T10:02:14.000,-26.1067204,28.1101917,82.0,11.0,12.0,12.0,32.0
429,Alexandra activation,2026-08-28T10:02:19.000,-26.1066852,28.1101641,82.0,10.0,11.0,11.0,33.0
430,Alexandra activation,2026-08-28T10:02:24.000,-26.1066414,28.110156,82.0,10.0,11.0,11.0,33.0
431,Alexandra activation,2026-08-28T10:02:29.000,-26.1066059,28.1101301,82.0,9.0,10.0,9.0,33.0
432,Alexandra activation,2026-08-28T10:02:34.000,-26.1065692,28.1100968,82.0,10.0,11.0,10.0,33.0
433,Alexandra activation,2026-08-28T10:02:39.000,-26.1065421,28.1100607,82.0,10.0,11.0,10.0,32.0
434,Alexandra activation,2026-08-28T10:02:44.000,-26.1065046,28.1100638,82.0,10.0,11.0,11.0,32.0
435,Alexandra activation,2026-08-28T10:02:49.000,-26.1064783,28.1100362,82.0,10.0,11.0,10.0,33.0
436,Alexandra activation,2026-08-28T10:02:54.000,-26.10645,28.1100262,82.0,8.0,10.0,9.0,33.0
437,Alexandra activation,2026-08-28T10:02:59.000,-26.1064352,28.1099882,82.0,10.0,11.0,10.0,33.0
438,Alexandra activation,2026-08-28T10:03:04.000,-26.106402,28.1099753,82.0,8.0,10.0,9.0,33.0
439,Alexandra activation,2026-08-28T10:03:09.000,-26.1063849,28.1099473,82.0,10.0,11.0,10.0,33.0
440,Alexandra activation,2026-08-28T10:03:14.000,-26.1063516,28.1099285,82.0,9.0,11.0,10.0,33.0
441,Alexandra activation,2026-08-28T10:03:19.000,-26.1063149,28.1099011,82.0,9.0,11.0,10.0,33.0
442,Alexandra activation,2026-08-28T10:03:24.000,-26.1062915,28.1098921,83.0,8.0,10.0,9.0,33.0
443,Alexandra activation,2026-08-28T10:03:29.000,-26.1062724,28.1098583,83.0,10.0,11.0,11.0,33.0
444,Alexandra activation,2026-08-28T10:03:34.000,-26.106226,28.1098376,83.0,9.0,11.0,10.0,33.0
445,Alexandra activation,2026-08-28T10:03:39.000,-26.1061879,28.1097987,83.0,11.0,12.0,12.0,32.0
446,Alexandra activation,2026-08-28T10:03:44.000,-26.10616,28.1097682,83.0,9.0,11.0,10.0,32.0
447,Alexandra activation,2026-08-28T10:03:49.000,-26.1061308,28.1097464,83.0,10.0,11.0,10.0,32.0
448,Alexandra activation,2026-08-28T10:03:54.000,-26.1060943,28.1097222,83.0,9.0,10.0,9.0,32.0
449,Alexandra activation,2026-08-28T10:03:59.000,-26.1060637,28.1097259,83.0,10.0,11.0,10.0,32.0
450,Alexandra activation,2026-08-28T10:04:04.000,-26.1060327,28.1097085,83.0,8.0,10.0,9.0,32.0
451,Alexandra activation,2026-08-28T10:04:09.000,-26.1059889,28.1096629,83.0,9.0,10.0,9.0,32.0
452,Alexandra activation,2026-08-28T10:04:14.000,-26.1059567,28.1096326,83.0,8.0,10.0,9.0,32.0
453,Alexandra activation,2026-08-28T10:04:19.000,-26.1059214,28.1096191,83.0,8.0,10.0,9.0,32.0
454,Alexandra activation,2026-08-28T10:04:24.000,-26.1058808,28.1095841,83.0,8.0,10.0,9.0,32.0
455,Alexandra activation,2026-08-28T10:04:29.000,-26.1058503,28.1095824,83.0,9.0,11.0,10.0,32.0
456,Alexandra activation,2026-08-28T10:04:34.000,-26.1058102,28.1095722,83.0,9.0,11.0,10.0,32.0
457,Alexandra activation,2026-08-28T10:04:39.000,-26.1057723,28.1095379,83.0,12.0,13.0,13.0,32.0
458,Alexandra activation,2026-08-28T10:04:44.000,-26.1057262,28.1095139,83.0,13.0,14.0,14.0,33.0
459,Alexandra activation,2026-08-28T10:04:49.000,-26.1056916,28.1094772,83.0,13.0,14.0,14.0,33.0
460,Alexandra activation,2026-08-28T10:04:54.000,-26.105653,28.1094499,83.0,13.0,15.0,14.0,33.0
461,Alexandra activation,2026-08-28T10:04:59.000,-26.1056207,28.1094383,83.0,12.0,13.0,13.0,33.0
462,Alexandra activation,2026-08-28T10:05:04.000,-26.1055822,28.1094134,83.0,12.0,13.0,13.0,33.0
463,Alexandra activation,2026-08-28T10:05:09.000,-26.1055476,28.1093884,83.0,10.0,11.0,10.0,33.0
464,Alexandra activation,2026-08-28T10:05:14.000,-26.105513,28.1093603,83.0,11.0,12.0,11.0,33.0
465,Alexandra activation,2026-08-28T10:05:19.000,-26.1054886,28.1093182,83.0,10.0,11.0,11.0,33.0
466,Alexandra activation,2026-08-28T10:05:24.000,-26.1054654,28.1092853,83.0,12.0,13.0,13.0,33.0
467,Alexandra activation,2026-08-28T10:05:29.000,-26.1054406,28.1092531,83.0,13.0,15.0,14.0,33.0
468,Alexandra activation,2026-08-28T10:05:34.000,-26.1054279,28.109218,83.0,13.0,15.0,14.0,33.0
469,Alexandra activation,2026-08-28T10:05:39.000,-26.1054166,28.1091814,83.0,13.0,14.0,14.0,33.0
470,Alexandra activation,2026-08-28T10:05:44.000,-26.1054184,28.1091362,83.0,12.0,13.0,13.0,33.0
471,Alexandra activation,2026-08-28T10:05:49.000,-26.1054382,28.1091065,83.0,11.0,12.0,12.0,33.0
472,Alexandra activation,2026-08-28T10:05:54.000,-26.1054427,28.1090708,83.0,11.0,12.0,12.0,33.0
473,Alexandra activation,2026-08-28T10:05:59.000,-26.105447,28.1090326,83.0,12.0,13.0,13.0,33.0
474,Alexandra activation,2026-08-28T10:06:04.000,-26.1054507,28.1089882,83.0,12.0,14.0,13.0,33.0
475,Alexandra activation,2026-08-28T10:06:09.000,-26.1054595,28.1089548,83.0,19.0,22.0,20.0,33.0
476,Alexandra activation,2026-08-28T10:06:14.000,-26.1054826,28.108916,83.0,18.0,21.0,20.0,33.0
477,Alexandra activation,2026-08-28T10:06:19.000,-26.1054941,28.1088731,83.0,15.0,17.0,16.0,32.0
478,Alexandra activation,2026-08-28T10:06:24.000,-26.1055106,28.108822,83.0,17.0,20.0,18.0,32.0
479,Alexandra activation,2026-08-28T10:06:29.000,-26.1055263,28.1087886,83.0,29.0,46.0,32.0,32.0
480,Alexandra activation,2026-08-28T10:06:34.000,-26.1055326,28.108754,83.0,50.0,98.0,59.0,31.0
481,Alexandra activation,2026-08-28T10:06:39.000,-26.1055394,28.1087102,83.0,56.0,114.0,67.0,31.0
482,Alexandra activation,2026-08-28T10:06:44.000,-26.1055552,28.1086833,83.0,54.0,109.0,64.0,32.0
483,Alexandra activation,2026-08-28T10:06:49.000,-26.1055663,28.1086588,83.0,46.0,86.0,53.0,31.0
484,Alexandra activation,2026-08-28T10:06:54.000,-26.1055653,28.1086386,83.0,32.0,52.0,35.0,31.0
485,Alexandra activation,2026-08-28T10:06:59.000,-26.1055701,28.1086413,83.0,20.0,25.0,22.0,31.0
486,Alexandra activation,2026-08-28T10:07:04.000,-26.1055613,28.1086542,83.0,11.0,12.0,11.0,31.0
487,Alexandra activation,2026-08-28T10:07:09.000,-26.1055612,28.1086555,83.0,10.0,11.0,10.0,32.0
488,Alexandra activation,2026-08-28T10:07:14.000,-26.1055627,28.1086487,83.0,9.0,11.0,10.0,32.0
489,Alexandra activation,2026-08-28T10:07:19.000,-26.1055634,28.1086429,83.0,8.0,9.0,9.0,32.0
490,Alexandra activation,2026-08-28T10:07:24.000,-26.105577,28.1085648,83.0,7.0,9.0,8.0,32.0
491,Alexandra activation,2026-08-28T10:07:29.000,-26.1055972,28.1084856,83.0,8.0,10.0,9.0,31.0
492,Alexandra activation,2026-08-28T10:07:34.000,-26.1055975,28.1084461,83.0,10.0,11.0,10.0,31.0
493,Alexandra activation,2026-08-28T10:07:39.000,-26.105606,28.1084448,83.0,10.0,11.0,10.0,32.0
494,Alexandra activation,2026-08-28T10:07:44.000,-26.1055983,28.10845,83.0,10.0,11.0,10.0,32.0
495,Alexandra activation,2026-08-28T10:07:49.000,-26.1055954,28.1084514,83.0,8.0,10.0,9.0,32.0
496,Alexandra activation,2026-08-28T10:07:54.000,-26.1056019,28.10844,83.0,10.0,11.0,10.0,32.0
497,Alexandra activation,2026-08-28T10:07:59.000,-26.1056025,28.1084373,83.0,12.0,13.0,13.0,32.0
498,Alexandra activation,2026-08-28T10:08:04.000,-26.1056024,28.108436,83.0,12.0,13.0,13.0,32.0
499,Alexandra activation,2026-08-28T10:08:09.000,-26.105603,28.1084357,83.0,12.0,13.0,13.0,32.0
500,Alexandra activation,2026-08-28T10:08:14.000,-26.1056026,28.1084362,83.0,12.0,13.0,13.0,31.0
501,Alexandra activation,2026-08-28T10:08:19.000,-26.1056024,28.1084369,83.0,12.0,13.0,13.0,32.0
502,Alexandra activation,2026-08-28T10:08:24.000,-26.1056008,28.1084257,83.0,12.0,13.0,13.0,32.0
503,Alexandra activation,2026-08-28T10:08:29.000,-26.1055996,28.1084028,83.0,12.0,13.0,13.0,32.0
504,Alexandra activation,2026-08-28T10:08:34.000,-26.105615,28.1083553,83.0,11.0,12.0,12.0,32.0
505,Alexandra activation,2026-08-28T10:08:39.000,-26.1056226,28.1083002,83.0,10.0,11.0,10.0,32.0
506,Alexandra activation,2026-08-28T10:08:44.000,-26.1056334,28.1082603,83.0,10.0,11.0,10.0,32.0
507,Alexandra activation,2026-08-28T10:08:49.000,-26.1056367,28.1082377,82.0,10.0,11.0,10.0,32.0
508,Alexandra activation,2026-08-28T10:08:54.000,-26.1056354,28.1082112,82.0,10.0,11.0,11.0,32.0
509,Alexandra activation,2026-08-28T10:08:59.000,-26.1056465,28.1081929,83.0,10.0,11.0,10.0,32.0
510,Alexandra activation,2026-08-28T10:09:04.000,-26.1056545,28.108174,82.0,10.0,11.0,11.0,32.0
511,Alexandra activation,2026-08-28T10:09:09.000,-26.105668,28.1081445,82.0,11.0,12.0,12.0,32.0
512,Alexandra activation,2026-08-28T10:09:14.000,-26.105677,28.1081089,82.0,10.0,11.0,10.0,32.0
513,Alexandra activation,2026-08-28T10:09:19.000,-26.1056749,28.1080896,82.0,11.0,12.0,12.0,32.0
514,Alexandra activation,2026-08-28T10:09:24.000,-26.1056857,28.1080521,82.0,11.0,12.0,11.0,32.0
515,Alexandra activation,2026-08-28T10:09:29.000,-26.1056849,28.1080347,82.0,11.0,12.0,11.0,32.0
516,Alexandra activation,2026-08-28T10:09:34.000,-26.1056882,28.1080199,82.0,10.0,11.0,11.0,32.0
517,Alexandra activation,2026-08-28T10:09:39.000,-26.1056883,28.1079774,82.0,9.0,11.0,10.0,32.0
518,Alexandra activation,2026-08-28T10:09:44.000,-26.1056905,28.1079355,82.0,10.0,11.0,10.0,32.0
519,Alexandra activation,2026-08-28T10:09:49.000,-26.1057114,28.1078946,82.0,10.0,11.0,11.0,32.0
520,Alexandra activation,2026-08-28T10:09:54.000,-26.1057232,28.1078564,82.0,11.0,12.0,12.0,32.0
521,Alexandra activation,2026-08-28T10:09:59.000,-26.1057264,28.1078227,82.0,11.0,12.0,12.0,32.0
522,Alexandra activation,2026-08-28T10:10:04.000,-26.1057384,28.1077914,83.0,11.0,12.0,12.0,32.0
523,Alexandra activation,2026-08-28T10:10:09.000,-26.1057566,28.1077583,83.0,11.0,12.0,11.0,32.0
524,Alexandra activation,2026-08-28T10:10:14.000,-26.105774,28.1077015,83.0,13.0,15.0,14.0,32.0
525,Alexandra activation,2026-08-28T10:10:19.000,-26.1057958,28.1076553,83.0,21.0,27.0,23.0,33.0
526,Alexandra activation,2026-08-28T10:10:24.000,-26.1058149,28.1076075,83.0,28.0,43.0,31.0,33.0
527,Alexandra activation,2026-08-28T10:10:29.000,-26.1058264,28.1075589,83.0,27.0,39.0,29.0,33.0
528,Alexandra activation,2026-08-28T10:10:34.000,-26.1058149,28.1075183,83.0,17.0,21.0,19.0,33.0
529,Alexandra activation,2026-08-28T10:10:39.000,-26.105858,28.1074561,83.0,11.0,12.0,12.0,32.0
530,Alexandra activation,2026-08-28T10:10:44.000,-26.1058785,28.1074224,83.0,11.0,13.0,12.0,32.0
531,Alexandra activation,2026-08-28T10:10:49.000,-26.1058853,28.1073849,83.0,11.0,12.0,12.0,32.0
532,Alexandra activation,2026-08-28T10:10:54.000,-26.1058917,28.1073527,83.0,16.0,18.0,17.0,32.0
533,Alexandra activation,2026-08-28T10:10:59.000,-26.1058948,28.1072749,83.0,26.0,39.0,29.0,32.0
534,Alexandra activation,2026-08-28T10:11:04.000,-26.1058931,28.107245,83.0,33.0,55.0,37.0,32.0
535,Alexandra activation,2026-08-28T10:11:09.000,-26.1058867,28.107224,83.0,37.0,63.0,41.0,32.0
536,Alexandra activation,2026-08-28T10:11:14.000,-26.1058917,28.1071888,83.0,33.0,55.0,37.0,32.0
537,Alexandra activation,2026-08-28T10:11:19.000,-26.1058984,28.1071459,83.0,31.0,50.0,34.0,32.0
538,Alexandra activation,2026-08-28T10:11:24.000,-26.1059131,28.1071002,83.0,30.0,47.0,33.0,32.0
539,Alexandra activation,2026-08-28T10:11:29.000,-26.1059139,28.1070403,83.0,27.0,39.0,29.0,32.0
540,Alexandra activation,2026-08-28T10:11:34.000,-26.1059397,28.1070056,83.0,29.0,44.0,31.0,32.0
541,Alexandra activation,2026-08-28T10:11:39.000,-26.1059552,28.10698,83.0,32.0,53.0,36.0,33.0
542,Alexandra activation,2026-08-28T10:11:44.000,-26.1059699,28.106941,83.0,28.0,43.0,31.0,33.0
543,Alexandra activation,2026-08-28T10:11:49.000,-26.1059645,28.1069306,83.0,22.0,30.0,24.0,32.0
544,Alexandra activation,2026-08-28T10:11:54.000,-26.1059596,28.106943,83.0,21.0,27.0,23.0,32.0
545,Alexandra activation,2026-08-28T10:11:59.000,-26.1059538,28.1069468,83.0,20.0,24.0,22.0,32.0
546,Alexandra activation,2026-08-28T10:12:04.000,-26.1059533,28.1069487,83.0,17.0,19.0,18.0,32.0
547,Alexandra activation,2026-08-28T10:12:09.000,-26.1059536,28.1069484,83.0,15.0,17.0,16.0,32.0
548,Alexandra activation,2026-08-28T10:12:14.000,-26.1059534,28.1069483,83.0,14.0,15.0,15.0,31.0
549,Alexandra activation,2026-08-28T10:12:19.000,-26.1059537,28.106949,83.0,14.0,16.0,15.0,32.0
550,Alexandra activation,2026-08-28T10:12:24.000,-26.1059527,28.1069494,83.0,15.0,17.0,16.0,32.0
551,Alexandra activation,2026-08-28T10:12:29.000,-26.1059525,28.1069494,83.0,19.0,22.0,20.0,32.0
552,Alexandra activation,2026-08-28T10:12:34.000,-26.1059537,28.1069481,83.0,22.0,28.0,24.0,32.0
553,Alexandra activation,2026-08-28T10:12:39.000,-26.1059535,28.1069478,83.0,21.0,27.0,23.0,32.0
554,Alexandra activation,2026-08-28T10:12:44.000,-26.1059538,28.106948,83.0,21.0,27.0,23.0,33.0
555,Alexandra activation,2026-08-28T10:12:49.000,-26.1059545,28.1069481,84.0,20.0,25.0,22.0,32.0
556,Alexandra activation,2026-08-28T10:12:54.000,-26.1059552,28.1069483,84.0,21.0,27.0,23.0,32.0
557,Alexandra activation,2026-08-28T10:12:59.000,-26.1059608,28.1069449,84.0,21.0,27.0,23.0,32.0
558,Alexandra activation,2026-08-28T10:13:04.000,-26.1059926,28.1068954,84.0,22.0,29.0,24.0,31.0
559,Alexandra activation,2026-08-28T10:13:09.000,-26.1060103,28.1068453,84.0,23.0,31.0,25.0,31.0
560,Alexandra activation,2026-08-28T10:13:14.000,-26.1060229,28.1068001,84.0,20.0,24.0,22.0,32.0
561,Alexandra activation,2026-08-28T10:13:19.000,-26.1060336,28.1067601,84.0,15.0,16.0,16.0,32.0
562,Alexandra activation,2026-08-28T10:13:24.000,-26.1060465,28.1067151,84.0,14.0,15.0,15.0,32.0
563,Alexandra activation,2026-08-28T10:13:29.000,-26.1060465,28.1066981,84.0,13.0,14.0,14.0,32.0
564,Alexandra activation,2026-08-28T10:13:34.000,-26.1060568,28.106671,84.0,12.0,13.0,13.0,32.0
565,Alexandra activation,2026-08-28T10:13:39.000,-26.1060694,28.1066293,84.0,13.0,14.0,14.0,32.0
566,Alexandra activation,2026-08-28T10:13:44.000,-26.1060881,28.1065787,84.0,13.0,14.0,14.0,32.0
567,Alexandra activation,2026-08-28T10:13:49.000,-26.1060992,28.1065268,84.0,13.0,15.0,14.0,32.0
568,Alexandra activation,2026-08-28T10:13:54.000,-26.1061155,28.1064799,84.0,12.0,13.0,13.0,32.0
569,Alexandra activation,2026-08-28T10:13:59.000,-26.1061464,28.1064086,84.0,13.0,15.0,14.0,32.0
570,Alexandra activation,2026-08-28T10:14:04.000,-26.1061616,28.1063511,84.0,12.0,13.0,13.0,32.0
571,Alexandra activation,2026-08-28T10:14:09.000,-26.1061606,28.1063192,84.0,13.0,14.0,14.0,32.0
572,Alexandra activation,2026-08-28T10:14:14.000,-26.1061693,28.1062941,84.0,12.0,13.0,13.0,32.0
573,Alexandra activation,2026-08-28T10:14:19.000,-26.1061909,28.106259,84.0,12.0,13.0,13.0,32.0
574,Alexandra activation,2026-08-28T10:14:24.000,-26.1061964,28.1062064,84.0,11.0,12.0,12.0,32.0
575,Alexandra activation,2026-08-28T10:14:29.000,-26.1062155,28.1061518,84.0,12.0,13.0,13.0,32.0
576,Alexandra activation,2026-08-28T10:14:34.000,-26.1062306,28.1060944,85.0,12.0,13.0,13.0,32.0
577,Alexandra activation,2026-08-28T10:14:39.000,-26.1062574,28.1060409,85.0,13.0,14.0,14.0,32.0
578,Alexandra activation,2026-08-28T10:14:44.000,-26.1062701,28.1059813,85.0,12.0,13.0,13.0,32.0
579,Alexandra activation,2026-08-28T10:14:49.000,-26.1062708,28.1059604,85.0,10.0,11.0,11.0,32.0
580,Alexandra activation,2026-08-28T10:14:54.000,-26.1062602,28.1059642,85.0,11.0,12.0,12.0,32.0
581,Alexandra activation,2026-08-28T10:14:59.000,-26.1062416,28.1059586,85.0,11.0,12.0,12.0,32.0
582,Alexandra activation,2026-08-28T10:15:04.000,-26.1062502,28.1059448,85.0,13.0,14.0,14.0,32.0
583,Alexandra activation,2026-08-28T10:15:09.000,-26.1062967,28.1058847,85.0,12.0,13.0,13.0,32.0
584,Alexandra activation,2026-08-28T10:15:14.000,-26.106327,28.1058234,85.0,14.0,15.0,15.0,32.0
585,Alexandra activation,2026-08-28T10:15:19.000,-26.1063253,28.1057994,85.0,15.0,16.0,16.0,32.0
586,Alexandra activation,2026-08-28T10:15:24.000,-26.1063288,28.1057578,85.0,13.0,15.0,14.0,32.0
587,Alexandra activation,2026-08-28T10:15:29.000,-26.1063557,28.105698,85.0,14.0,16.0,15.0,32.0
588,Alexandra activation,2026-08-28T10:15:34.000,-26.1063547,28.1056552,85.0,14.0,16.0,16.0,32.0
589,Alexandra activation,2026-08-28T10:15:39.000,-26.1063658,28.1056278,85.0,15.0,17.0,16.0,32.0
590,Alexandra activation,2026-08-28T10:15:44.000,-26.1063757,28.1055851,85.0,14.0,15.0,15.0,32.0
591,Alexandra activation,2026-08-28T10:15:49.000,-26.10639,28.1055333,85.0,12.0,13.0,13.0,32.0
592,Alexandra activation,2026-08-28T10:15:54.000,-26.1063963,28.1055057,85.0,11.0,12.0,12.0,32.0
593,Alexandra activation,2026-08-28T10:15:59.000,-26.1064087,28.1054512,85.0,10.0,11.0,11.0,32.0
594,Alexandra activation,2026-08-28T10:16:04.000,-26.106436,28.1053897,85.0,24.0,37.0,27.0,32.0
595,Alexandra activation,2026-08-28T10:16:09.000,-26.106459,28.1053674,85.0,81.0,177.0,98.0,32.0
596,Alexandra activation,2026-08-28T10:16:14.000,-26.1064542,28.1053292,85.0,109.0,249.0,134.0,32.0
597,Alexandra activation,2026-08-28T10:16:19.000,-26.10645,28.1053411,85.0,78.0,169.0,94.0,32.0
598,Alexandra activation,2026-08-28T10:16:24.000,-26.1064534,28.1053386,86.0,46.0,87.0,53.0,31.0
599,Alexandra activation,2026-08-28T10:16:29.000,-26.1064656,28.1053007,86.0,24.0,33.0,26.0,31.0
600,Alexandra activation,2026-08-28T10:16:34.000,-26.106477,28.1052451,86.0,27.0,39.0,29.0,32.0
601,Alexandra activation,2026-08-28T10:16:39.000,-26.1064801,28.1051738,86.0,27.0,40.0,29.0,31.0
602,Alexandra activation,2026-08-28T10:16:44.000,-26.1064914,28.1051408,86.0,21.0,27.0,23.0,31.0
603,Alexandra activation,2026-08-28T10:16:49.000,-26.1065017,28.1051387,86.0,33.0,53.0,36.0,31.0
604,Alexandra activation,2026-08-28T10:16:54.000,-26.1065095,28.1051193,86.0,31.0,50.0,34.0,31.0
605,Alexandra activation,2026-08-28T10:16:59.000,-26.1065066,28.1050808,86.0,25.0,35.0,27.0,31.0
606,Alexandra activation,2026-08-28T10:17:04.000,-26.1065118,28.1050233,86.0,20.0,25.0,22.0,32.0
607,Alexandra activation,2026-08-28T10:17:09.000,-26.1065252,28.1049792,86.0,19.0,22.0,21.0,32.0
608,Alexandra activation,2026-08-28T10:17:14.000,-26.1065424,28.1049366,86.0,21.0,27.0,23.0,32.0
609,Alexandra activation,2026-08-28T10:17:19.000,-26.1065515,28.104889,86.0,24.0,33.0,26.0,32.0
610,Alexandra activation,2026-08-28T10:17:24.000,-26.1065564,28.1048463,86.0,28.0,42.0,30.0,32.0
611,Alexandra activation,2026-08-28T10:17:29.000,-26.1065768,28.1047842,86.0,27.0,39.0,29.0,32.0
612,Alexandra activation,2026-08-28T10:17:34.000,-26.1066136,28.1047431,86.0,23.0,31.0,25.0,32.0
613,Alexandra activation,2026-08-28T10:17:39.000,-26.1066315,28.104704,86.0,20.0,24.0,22.0,32.0
614,Alexandra activation,2026-08-28T10:17:44.000,-26.1066401,28.104643,86.0,22.0,30.0,24.0,32.0
615,Alexandra activation,2026-08-28T10:17:49.000,-26.106648,28.1045972,86.0,26.0,37.0,28.0,32.0
616,Alexandra activation,2026-08-28T10:17:54.000,-26.106637,28.1045823,86.0,28.0,41.0,30.0,31.0
617,Alexandra activation,2026-08-28T10:17:59.000,-26.1066468,28.1045704,86.0,29.0,44.0,31.0,31.0
618,Alexandra activation,2026-08-28T10:18:04.000,-26.1066592,28.1045808,86.0,28.0,42.0,30.0,31.0
619,Alexandra activation,2026-08-28T10:18:09.000,-26.1066594,28.1045858,86.0,25.0,36.0,27.0,31.0
620,Alexandra activation,2026-08-28T10:18:14.000,-26.1066606,28.1045875,86.0,19.0,24.0,21.0,30.0
621,Alexandra activation,2026-08-28T10:18:19.000,-26.1066609,28.1045878,86.0,13.0,14.0,14.0,30.0
622,Alexandra activation,2026-08-28T10:18:24.000,-26.1066612,28.1045876,86.0,14.0,16.0,15.0,30.0
623,Alexandra activation,2026-08-28T10:18:29.000,-26.1066612,28.104586,86.0,14.0,15.0,15.0,30.0
624,Alexandra activation,2026-08-28T10:18:34.000,-26.1066614,28.1045854,86.0,25.0,35.0,27.0,30.0
625,Alexandra activation,2026-08-28T10:18:39.000,-26.1066614,28.1045849,86.0,47.0,89.0,54.0,30.0
626,Alexandra activation,2026-08-28T10:18:44.000,-26.1066614,28.104585,86.0,49.0,93.0,56.0,30.0
627,Alexandra activation,2026-08-28T10:18:49.000,-26.106661,28.1045862,86.0,43.0,80.0,49.0,31.0
628,Alexandra activation,2026-08-28T10:18:54.000,-26.1066606,28.1045873,86.0,42.0,76.0,48.0,31.0
629,Alexandra activation,2026-08-28T10:18:59.000,-26.1066594,28.1045881,86.0,45.0,85.0,52.0,30.0
630,Alexandra activation,2026-08-28T10:19:04.000,-26.1066594,28.1045873,86.0,36.0,62.0,41.0,30.0
631,Alexandra activation,2026-08-28T10:19:09.000,-26.1066928,28.1045505,86.0,30.0,47.0,33.0,30.0
632,Alexandra activation,2026-08-28T10:19:14.000,-26.1067024,28.10449,86.0,20.0,24.0,22.0,30.0
633,Alexandra activation,2026-08-28T10:19:19.000,-26.1067298,28.1044097,86.0,19.0,22.0,21.0,30.0
634,Alexandra activation,2026-08-28T10:19:24.000,-26.1067336,28.1043583,86.0,15.0,17.0,16.0,30.0
635,Alexandra activation,2026-08-28T10:19:29.000,-26.1067469,28.1043157,86.0,12.0,13.0,13.0,30.0
636,Alexandra activation,2026-08-28T10:19:34.000,-26.1067526,28.1042599,86.0,14.0,15.0,15.0,30.0
637,Alexandra activation,2026-08-28T10:19:39.000,-26.1067682,28.1041975,86.0,15.0,17.0,16.0,31.0
638,Alexandra activation,2026-08-28T10:19:44.000,-26.106778,28.1041175,86.0,16.0,18.0,17.0,31.0
639,Alexandra activation,2026-08-28T10:19:49.000,-26.1067668,28.1040582,86.0,15.0,17.0,16.0,31.0
640,Alexandra activation,2026-08-28T10:19:54.000,-26.106789,28.1040148,86.0,14.0,16.0,15.0,31.0
641,Alexandra activation,2026-08-28T10:19:59.000,-26.1068062,28.1039799,86.0,13.0,15.0,14.0,31.0
642,Alexandra activation,2026-08-28T10:20:04.000,-26.1068133,28.1039877,86.0,14.0,16.0,15.0,30.0
643,Alexandra activation,2026-08-28T10:20:09.000,-26.1068382,28.1039469,86.0,13.0,14.0,14.0,31.0
644,Alexandra activation,2026-08-28T10:20:14.000,-26.1068728,28.1038746,86.0,11.0,12.0,12.0,31.0
645,Alexandra activation,2026-08-28T10:20:19.000,-26.1069124,28.103798,86.0,13.0,14.0,14.0,31.0
646,Alexandra activation,2026-08-28T10:20:24.000,-26.1069306,28.1037453,86.0,14.0,16.0,15.0,31.0
647,Alexandra activation,2026-08-28T10:20:29.000,-26.1069399,28.1036791,86.0,14.0,16.0,15.0,31.0
648,Alexandra activation,2026-08-28T10:20:34.000,-26.1069427,28.1036471,86.0,15.0,17.0,16.0,30.0
649,Alexandra activation,2026-08-28T10:20:39.000,-26.1069417,28.1036407,86.0,13.0,14.0,14.0,30.0
650,Alexandra activation,2026-08-28T10:20:44.000,-26.1069661,28.1035931,86.0,13.0,14.0,14.0,30.0
651,Alexandra activation,2026-08-28T10:20:49.000,-26.1070026,28.1035353,86.0,12.0,13.0,13.0,31.0
652,Alexandra activation,2026-08-28T10:20:54.000,-26.1070271,28.1034644,86.0,14.0,15.0,15.0,30.0
653,Alexandra activation,2026-08-28T10:20:59.000,-26.1070309,28.1034034,86.0,15.0,17.0,16.0,30.0
654,Alexandra activation,2026-08-28T10:21:04.000,-26.1070332,28.1033496,86.0,16.0,18.0,17.0,31.0
655,Alexandra activation,2026-08-28T10:21:09.000,-26.1070481,28.1033149,86.0,17.0,19.0,18.0,31.0
656,Alexandra activation,2026-08-28T10:21:14.000,-26.1070598,28.1032668,86.0,18.0,21.0,20.0,31.0
657,Alexandra activation,2026-08-28T10:21:19.000,-26.1070452,28.1032357,86.0,21.0,28.0,23.0,31.0
658,Alexandra activation,2026-08-28T10:21:24.000,-26.1070521,28.1031936,86.0,31.0,48.0,33.0,31.0
659,Alexandra activation,2026-08-28T10:21:29.000,-26.1070481,28.1031644,86.0,34.0,56.0,37.0,31.0
660,Alexandra activation,2026-08-28T10:21:34.000,-26.1070521,28.1031158,86.0,25.0,36.0,27.0,31.0
661,Alexandra activation,2026-08-28T10:21:39.000,-26.1070574,28.1030672,86.0,32.0,53.0,35.0,31.0
662,Alexandra activation,2026-08-28T10:21:44.000,-26.1070715,28.1030107,86.0,28.0,43.0,31.0,31.0
663,Alexandra activation,2026-08-28T10:21:49.000,-26.1071018,28.1029783,86.0,17.0,20.0,18.0,31.0
664,Alexandra activation,2026-08-28T10:21:54.000,-26.1071247,28.1029392,86.0,13.0,15.0,14.0,31.0
665,Alexandra activation,2026-08-28T10:21:59.000,-26.1071371,28.1029419,86.0,14.0,16.0,15.0,31.0
666,Alexandra activation,2026-08-28T10:22:04.000,-26.107125,28.1029554,86.0,15.0,17.0,16.0,31.0
667,Alexandra activation,2026-08-28T10:22:09.000,-26.1071238,28.1029351,86.0,16.0,18.0,17.0,32.0
668,Alexandra activation,2026-08-28T10:22:14.000,-26.1071222,28.1029314,86.0,16.0,18.0,17.0,32.0
669,Alexandra activation,2026-08-28T10:22:19.000,-26.1071091,28.1029086,86.0,15.0,17.0,16.0,31.0
670,Alexandra activation,2026-08-28T10:22:24.000,-26.1071372,28.1028626,86.0,17.0,19.0,18.0,31.0
671,Alexandra activation,2026-08-28T10:22:29.000,-26.1071661,28.102789,86.0,18.0,21.0,20.0,32.0
672,Alexandra activation,2026-08-28T10:22:34.000,-26.1071815,28.1027422,86.0,17.0,19.0,18.0,32.0
673,Alexandra activation,2026-08-28T10:22:39.000,-26.1071938,28.1026847,86.0,16.0,18.0,17.0,32.0
674,Alexandra activation,2026-08-28T10:22:44.000,-26.1071982,28.1026555,86.0,14.0,16.0,15.0,32.0
675,Alexandra activation,2026-08-28T10:22:49.000,-26.1071979,28.1026064,86.0,13.0,14.0,14.0,32.0
676,Alexandra activation,2026-08-28T10:22:54.000,-26.1071654,28.1025485,86.0,13.0,14.0,14.0,33.0
677,Alexandra activation,2026-08-28T10:22:59.000,-26.1071089,28.1025328,86.0,13.0,15.0,14.0,32.0
678,Alexandra activation,2026-08-28T10:23:04.000,-26.1070624,28.1025243,86.0,14.0,16.0,15.0,32.0
679,Alexandra activation,2026-08-28T10:23:09.000,-26.1070245,28.1025119,86.0,13.0,14.0,14.0,32.0
680,Alexandra activation,2026-08-28T10:23:14.000,-26.106974,28.1024711,86.0,13.0,15.0,14.0,32.0
681,Alexandra activation,2026-08-28T10:23:19.000,-26.1069291,28.1024365,86.0,13.0,14.0,14.0,31.0
682,Alexandra activation,2026-08-28T10:23:24.000,-26.1068747,28.1024349,85.0,13.0,14.0,14.0,31.0
683,Alexandra activation,2026-08-28T10:23:29.000,-26.1068164,28.1024257,85.0,12.0,13.0,13.0,30.0
684,Alexandra activation,2026-08-28T10:23:34.000,-26.106765,28.1023982,85.0,11.0,12.0,11.0,31.0
685,Alexandra activation,2026-08-28T10:23:39.000,-26.1067108,28.1023787,86.0,11.0,12.0,12.0,31.0
686,Alexandra activation,2026-08-28T10:23:44.000,-26.1066629,28.1023493,86.0,10.0,11.0,11.0,31.0
687,Alexandra activation,2026-08-28T10:23:49.000,-26.1066209,28.1023263,86.0,12.0,13.0,13.0,31.0
688,Alexandra activation,2026-08-28T10:23:54.000,-26.1066297,28.102329,86.0,14.0,16.0,15.0,31.0
689,Alexandra activation,2026-08-28T10:23:59.000,-26.1066307,28.1023424,86.0,14.0,15.0,15.0,31.0
690,Alexandra activation,2026-08-28T10:24:04.000,-26.1065995,28.1023333,86.0,13.0,14.0,14.0,31.0
691,Alexandra activation,2026-08-28T10:24:09.000,-26.1065325,28.1022889,86.0,12.0,13.0,13.0,31.0
692,Alexandra activation,2026-08-28T10:24:14.000,-26.1064835,28.1022821,86.0,12.0,13.0,13.0,31.0
693,Alexandra activation,2026-08-28T10:24:19.000,-26.106442,28.1022701,86.0,13.0,14.0,14.0,31.0
694,Alexandra activation,2026-08-28T10:24:24.000,-26.1063922,28.1022594,86.0,13.0,15.0,14.0,31.0
695,Alexandra activation,2026-08-28T10:24:29.000,-26.1063554,28.1022397,86.0,13.0,14.0,14.0,31.0
696,Alexandra activation,2026-08-28T10:24:34.000,-26.1063004,28.1022225,86.0,13.0,14.0,14.0,31.0
697,Alexandra activation,2026-08-28T10:24:39.000,-26.1062457,28.1021957,86.0,12.0,13.0,13.0,31.0
698,Alexandra activation,2026-08-28T10:24:44.000,-26.1061968,28.1021654,86.0,12.0,13.0,13.0,32.0
699,Alexandra activation,2026-08-28T10:24:49.000,-26.10616,28.1021481,86.0,11.0,12.0,12.0,32.0
700,Alexandra activation,2026-08-28T10:24:54.000,-26.1061124,28.102125,86.0,12.0,13.0,13.0,31.0
701,Alexandra activation,2026-08-28T10:24:59.000,-26.1060921,28.1021198,86.0,11.0,12.0,12.0,31.0
702,Alexandra activation,2026-08-28T10:25:04.000,-26.1060591,28.1021143,86.0,13.0,14.0,14.0,31.0
703,Alexandra activation,2026-08-28T10:25:09.000,-26.1060219,28.1020992,86.0,13.0,15.0,14.0,31.0
704,Alexandra activation,2026-08-28T10:25:14.000,-26.1059836,28.1020952,86.0,16.0,18.0,17.0,32.0
705,Alexandra activation,2026-08-28T10:25:19.000,-26.1059338,28.1020802,86.0,16.0,19.0,18.0,32.0
706,Alexandra activation,2026-08-28T10:25:24.000,-26.1058911,28.1020653,86.0,17.0,19.0,18.0,33.0
707,Alexandra activation,2026-08-28T10:25:29.000,-26.1058381,28.1020582,86.0,15.0,17.0,16.0,32.0
708,Alexandra activation,2026-08-28T10:25:34.000,-26.1058049,28.1019801,86.0,15.0,17.0,16.0,32.0
709,Alexandra activation,2026-08-28T10:25:39.000,-26.1057709,28.10195,86.0,17.0,19.0,18.0,32.0
710,Alexandra activation,2026-08-28T10:25:44.000,-26.1057592,28.1019094,86.0,18.0,21.0,20.0,32.0
711,Alexandra activation,2026-08-28T10:25:49.000,-26.1057472,28.1018946,86.0,35.0,60.0,40.0,33.0
712,Alexandra activation,2026-08-28T10:25:54.000,-26.105743,28.1018818,86.0,62.0,127.0,73.0,33.0
713,Alexandra activation,2026-08-28T10:25:59.000,-26.1057387,28.1018945,86.0,61.0,126.0,72.0,33.0
714,Alexandra activation,2026-08-28T10:26:04.000,-26.1057403,28.1018957,86.0,44.0,81.0,50.0,32.0
715,Alexandra activation,2026-08-28T10:26:09.000,-26.1057497,28.1019209,86.0,25.0,35.0,27.0,32.0
716,Alexandra activation,2026-08-28T10:26:14.000,-26.1057496,28.1019206,86.0,15.0,17.0,16.0,32.0
717,Alexandra activation,2026-08-28T10:26:19.000,-26.1057211,28.1018985,86.0,14.0,16.0,15.0,31.0
718,Alexandra activation,2026-08-28T10:26:24.000,-26.1057152,28.101887,86.0,14.0,16.0,15.0,32.0
719,Alexandra activation,2026-08-28T10:26:29.000,-26.1057143,28.1018775,86.0,13.0,14.0,14.0,33.0
720,Alexandra activation,2026-08-28T10:26:34.000,-26.1057136,28.1018763,86.0,14.0,16.0,15.0,34.0
721,Alexandra activation,2026-08-28T10:26:39.000,-26.1057148,28.1018762,86.0,14.0,16.0,15.0,34.0
722,Alexandra activation,2026-08-28T10:26:44.000,-26.1056913,28.1018601,86.0,14.0,15.0,14.0,34.0
723,Alexandra activation,2026-08-28T10:26:49.000,-26.1056747,28.1018302,86.0,14.0,16.0,15.0,33.0
724,Alexandra activation,2026-08-28T10:26:54.000,-26.105675,28.1018258,86.0,14.0,16.0,15.0,32.0
725,Alexandra activation,2026-08-28T10:26:59.000,-26.105678,28.1018282,86.0,14.0,16.0,15.0,32.0
726,Alexandra activation,2026-08-28T10:27:04.000,-26.1056792,28.1018271,86.0,14.0,15.0,15.0,32.0
727,Alexandra activation,2026-08-28T10:27:09.000,-26.1056625,28.1018216,86.0,12.0,13.0,13.0,32.0
728,Alexandra activation,2026-08-28T10:27:14.000,-26.1056127,28.1018434,86.0,12.0,13.0,13.0,32.0
729,Alexandra activation,2026-08-28T10:27:19.000,-26.1056034,28.1018696,86.0,12.0,13.0,13.0,32.0
730,Alexandra activation,2026-08-28T10:27:24.000,-26.1056106,28.1018632,86.0,12.0,13.0,13.0,32.0
731,Alexandra activation,2026-08-28T10:27:29.000,-26.105616,28.1018589,86.0,14.0,15.0,15.0,32.0
732,Alexandra activation,2026-08-28T10:27:34.000,-26.1056163,28.1018611,86.0,15.0,17.0,16.0,31.0
733,Alexandra activation,2026-08-28T10:27:39.000,-26.1056166,28.1018597,86.0,14.0,16.0,15.0,31.0
734,Alexandra activation,2026-08-28T10:27:44.000,-26.1055321,28.1018307,86.0,14.0,16.0,15.0,32.0
735,Alexandra activation,2026-08-28T10:27:49.000,-26.1054806,28.1018229,86.0,14.0,16.0,15.0,32.0
736,Alexandra activation,2026-08-28T10:27:54.000,-26.1054445,28.1018055,86.0,13.0,14.0,14.0,32.0
737,Alexandra activation,2026-08-28T10:27:59.000,-26.105415,28.1018097,86.0,13.0,14.0,14.0,31.0
738,Alexandra activation,2026-08-28T10:28:04.000,-26.1053727,28.1018155,86.0,12.0,13.0,13.0,32.0
739,Alexandra activation,2026-08-28T10:28:09.000,-26.1053464,28.1018195,86.0,12.0,13.0,13.0,32.0
740,Alexandra activation,2026-08-28T10:28:14.000,-26.1053391,28.1018088,86.0,12.0,13.0,13.0,32.0
741,Alexandra activation,2026-08-28T10:28:19.000,-26.1053026,28.1017803,86.0,13.0,14.0,14.0,32.0
742,Alexandra activation,2026-08-28T10:28:24.000,-26.1052447,28.101778,86.0,13.0,15.0,14.0,32.0
743,Alexandra activation,2026-08-28T10:28:29.000,-26.1052385,28.1017673,86.0,13.0,14.0,14.0,32.0
744,Alexandra activation,2026-08-28T10:28:34.000,-26.1052362,28.1017608,86.0,13.0,15.0,14.0,32.0
745,Alexandra activation,2026-08-28T10:28:39.000,-26.105225,28.1017461,86.0,13.0,15.0,14.0,32.0
746,Alexandra activation,2026-08-28T10:28:44.000,-26.1052277,28.1017416,86.0,13.0,14.0,14.0,32.0
747,Alexandra activation,2026-08-28T10:28:49.000,-26.1052253,28.1017275,86.0,13.0,14.0,14.0,32.0
748,Alexandra activation,2026-08-28T10:28:54.000,-26.1052009,28.1016921,86.0,13.0,15.0,15.0,32.0
749,Alexandra activation,2026-08-28T10:28:59.000,-26.1051495,28.1016919,86.0,16.0,18.0,17.0,32.0
750,Alexandra activation,2026-08-28T10:29:04.000,-26.1051273,28.1016936,86.0,15.0,17.0,16.0,31.0
751,Alexandra activation,2026-08-28T10:29:09.000,-26.1051118,28.1016959,86.0,13.0,15.0,14.0,31.0
752,Alexandra activation,2026-08-28T10:29:14.000,-26.1050904,28.1016921,86.0,13.0,14.0,14.0,31.0
753,Alexandra activation,2026-08-28T10:29:19.000,-26.1050855,28.1016819,86.0,14.0,16.0,15.0,31.0
754,Alexandra activation,2026-08-28T10:29:24.000,-26.105066,28.1016787,86.0,13.0,15.0,14.0,31.0
755,Alexandra activation,2026-08-28T10:29:29.000,-26.1050186,28.101664,86.0,14.0,16.0,15.0,31.0
756,Alexandra activation,2026-08-28T10:29:34.000,-26.1049597,28.1016545,86.0,13.0,14.0,14.0,31.0
757,Alexandra activation,2026-08-28T10:29:39.000,-26.1049219,28.1016398,86.0,15.0,17.0,16.0,32.0
758,Alexandra activation,2026-08-28T10:29:44.000,-26.104864,28.1016239,86.0,14.0,15.0,15.0,32.0
759,Alexandra activation,2026-08-28T10:29:49.000,-26.1048149,28.1016236,86.0,13.0,14.0,14.0,32.0
760,Alexandra activation,2026-08-28T10:29:54.000,-26.1047641,28.1016154,86.0,13.0,14.0,14.0,32.0
761,Alexandra activation,2026-08-28T10:29:59.000,-26.1047441,28.1016009,86.0,12.0,13.0,13.0,31.0
762,Alexandra activation,2026-08-28T10:30:04.000,-26.1047329,28.1016122,86.0,13.0,15.0,14.0,31.0
763,Alexandra activation,2026-08-28T10:30:09.000,-26.1046973,28.1016037,86.0,14.0,16.0,16.0,31.0
764,Alexandra activation,2026-08-28T10:30:14.000,-26.1046614,28.1015785,86.0,15.0,17.0,16.0,31.0
765,Alexandra activation,2026-08-28T10:30:19.000,-26.1046315,28.1015586,86.0,16.0,18.0,17.0,31.0
766,Alexandra activation,2026-08-28T10:30:24.000,-26.1045902,28.1015319,86.0,16.0,18.0,17.0,31.0
767,Alexandra activation,2026-08-28T10:30:29.000,-26.1045495,28.1015255,86.0,14.0,16.0,15.0,31.0
768,Alexandra activation,2026-08-28T10:30:34.000,-26.1045073,28.1015183,86.0,12.0,13.0,13.0,31.0
769,Alexandra activation,2026-08-28T10:30:39.000,-26.1044663,28.1014883,86.0,12.0,13.0,13.0,31.0
770,Alexandra activation,2026-08-28T10:30:44.000,-26.1044323,28.1014702,86.0,12.0,13.0,13.0,31.0
771,Alexandra activation,2026-08-28T10:30:49.000,-26.1044072,28.1014646,86.0,14.0,16.0,15.0,31.0
772,Alexandra activation,2026-08-28T10:30:54.000,-26.1043569,28.101459,86.0,14.0,16.0,15.0,31.0
773,Alexandra activation,2026-08-28T10:30:59.000,-26.1043152,28.1014598,86.0,12.0,13.0,13.0,31.0
774,Alexandra activation,2026-08-28T10:31:04.000,-26.1042761,28.1014452,86.0,12.0,13.0,13.0,31.0
775,Alexandra activation,2026-08-28T10:31:09.000,-26.1042156,28.1014469,86.0,12.0,13.0,13.0,31.0
776,Alexandra activation,2026-08-28T10:31:14.000,-26.1041728,28.1014282,86.0,12.0,13.0,13.0,31.0
777,Alexandra activation,2026-08-28T10:31:19.000,-26.1041149,28.1013738,86.0,11.0,12.0,12.0,31.0
778,Alexandra activation,2026-08-28T10:31:24.000,-26.1040714,28.1013685,86.0,12.0,13.0,13.0,31.0
779,Alexandra activation,2026-08-28T10:31:29.000,-26.1040515,28.1013827,86.0,12.0,13.0,13.0,31.0
780,Alexandra activation,2026-08-28T10:31:34.000,-26.1040406,28.101377,86.0,11.0,12.0,12.0,31.0
781,Alexandra activation,2026-08-28T10:31:39.000,-26.103989,28.1013451,86.0,12.0,13.0,13.0,31.0
782,Alexandra activation,2026-08-28T10:31:44.000,-26.1039539,28.1013021,86.0,14.0,15.0,15.0,31.0
783,Alexandra activation,2026-08-28T10:31:49.000,-26.1038971,28.1013244,86.0,16.0,19.0,18.0,31.0
784,Alexandra activation,2026-08-28T10:31:54.000,-26.1038706,28.1013213,86.0,18.0,21.0,20.0,31.0
785,Alexandra activation,2026-08-28T10:31:59.000,-26.1038456,28.1013234,86.0,18.0,20.0,19.0,31.0
786,Alexandra activation,2026-08-28T10:32:04.000,-26.1037779,28.101328,86.0,16.0,18.0,17.0,31.0
787,Alexandra activation,2026-08-28T10:32:09.000,-26.1037314,28.1012771,86.0,18.0,21.0,19.0,31.0
788,Alexandra activation,2026-08-28T10:32:14.000,-26.1036958,28.1012418,86.0,22.0,30.0,24.0,31.0
789,Alexandra activation,2026-08-28T10:32:19.000,-26.1036972,28.1012395,86.0,31.0,51.0,35.0,31.0
790,Alexandra activation,2026-08-28T10:32:24.000,-26.1036453,28.1012184,86.0,49.0,94.0,56.0,31.0
791,Alexandra activation,2026-08-28T10:32:29.000,-26.1035963,28.1012205,86.0,65.0,136.0,78.0,31.0
792,Alexandra activation,2026-08-28T10:32:34.000,-26.1035603,28.1011976,86.0,76.0,164.0,92.0,31.0
793,Alexandra activation,2026-08-28T10:32:39.000,-26.1035242,28.1011579,86.0,70.0,149.0,84.0,31.0
794,Alexandra activation,2026-08-28T10:32:44.000,-26.1034875,28.1011404,86.0,39.0,70.0,44.0,31.0
795,Alexandra activation,2026-08-28T10:32:49.000,-26.1034354,28.1011186,86.0,24.0,33.0,26.0,31.0
796,Alexandra activation,2026-08-28T10:32:54.000,-26.1033705,28.1011041,86.0,110.0,258.0,138.0,31.0
797,Alexandra activation,2026-08-28T10:32:59.000,-26.1033396,28.101117,86.0,234.0,602.0,311.0,31.0
798,Alexandra activation,2026-08-28T10:33:04.000,-26.1033333,28.1011265,86.0,146.0,351.0,185.0,31.0
799,Alexandra activation,2026-08-28T10:33:09.000,-26.1033185,28.1011227,86.0,46.0,87.0,53.0,31.0
800,Alexandra activation,2026-08-28T10:33:14.000,-26.1033007,28.1011139,86.0,20.0,24.0,21.0,31.0
801,Alexandra activation,2026-08-28T10:33:19.000,-26.1033118,28.1011162,86.0,13.0,14.0,14.0,31.0
802,Alexandra activation,2026-08-28T10:33:24.000,-26.1033091,28.1011163,86.0,12.0,13.0,13.0,31.0
803,Alexandra activation,2026-08-28T10:33:29.000,-26.1032478,28.1010956,86.0,11.0,12.0,12.0,31.0
804,Alexandra activation,2026-08-28T10:33:34.000,-26.103186,28.1010822,86.0,11.0,12.0,12.0,31.0
805,Alexandra activation,2026-08-28T10:33:39.000,-26.103137,28.1010465,86.0,13.0,14.0,14.0,31.0
806,Alexandra activation,2026-08-28T10:33:44.000,-26.1030903,28.1010303,86.0,16.0,18.0,17.0,31.0
807,Alexandra activation,2026-08-28T10:33:49.000,-26.1030511,28.1010145,86.0,17.0,19.0,18.0,31.0
808,Alexandra activation,2026-08-28T10:33:54.000,-26.103016,28.1009935,86.0,15.0,17.0,16.0,31.0
809,Alexandra activation,2026-08-28T10:33:59.000,-26.1029707,28.1009701,86.0,13.0,14.0,14.0,31.0
810,Alexandra activation,2026-08-28T10:34:04.000,-26.1029243,28.1009564,86.0,12.0,13.0,13.0,31.0
811,Alexandra activation,2026-08-28T10:34:09.000,-26.1028672,28.1009433,86.0,13.0,14.0,14.0,31.0
812,Alexandra activation,2026-08-28T10:34:14.000,-26.1028271,28.1009053,86.0,13.0,14.0,14.0,31.0
813,Alexandra activation,2026-08-28T10:34:19.000,-26.1027911,28.1008868,86.0,14.0,16.0,15.0,31.0
814,Alexandra activation,2026-08-28T10:34:24.000,-26.10275,28.1008745,86.0,13.0,14.0,14.0,31.0
815,Alexandra activation,2026-08-28T10:34:29.000,-26.1027158,28.1008611,86.0,11.0,12.0,12.0,31.0
816,Alexandra activation,2026-08-28T10:34:34.000,-26.1026674,28.1008498,86.0,11.0,12.0,12.0,31.0
817,Alexandra activation,2026-08-28T10:34:39.000,-26.1026316,28.1008416,86.0,12.0,13.0,13.0,31.0
818,Alexandra activation,2026-08-28T10:34:44.000,-26.102584,28.1008437,86.0,13.0,14.0,14.0,31.0
819,Alexandra activation,2026-08-28T10:34:49.000,-26.1025504,28.1008417,86.0,12.0,13.0,13.0,31.0
820,Alexandra activation,2026-08-28T10:34:54.000,-26.1025034,28.1008399,86.0,11.0,12.0,12.0,31.0
821,Alexandra activation,2026-08-28T10:34:59.000,-26.1024708,28.1008685,86.0,12.0,13.0,13.0,31.0
822,Alexandra activation,2026-08-28T10:35:04.000,-26.1024508,28.1008958,86.0,12.0,13.0,13.0,31.0
823,Alexandra activation,2026-08-28T10:35:09.000,-26.1024255,28.1009416,86.0,12.0,13.0,13.0,31.0
824,Alexandra activation,2026-08-28T10:35:14.000,-26.1024134,28.1009751,86.0,12.0,13.0,13.0,31.0
825,Alexandra activation,2026-08-28T10:35:19.000,-26.1023819,28.1010478,86.0,12.0,13.0,13.0,31.0
826,Alexandra activation,2026-08-28T10:35:24.000,-26.1023724,28.1010844,86.0,14.0,15.0,15.0,31.0
827,Alexandra activation,2026-08-28T10:35:29.000,-26.1023614,28.1011313,86.0,14.0,16.0,15.0,31.0
828,Alexandra activation,2026-08-28T10:35:34.000,-26.1023383,28.1011932,86.0,13.0,14.0,14.0,31.0
829,Alexandra activation,2026-08-28T10:35:39.000,-26.102327,28.1012303,86.0,12.0,13.0,13.0,31.0
830,Alexandra activation,2026-08-28T10:35:44.000,-26.1023255,28.1012681,86.0,12.0,13.0,13.0,31.0
831,Alexandra activation,2026-08-28T10:35:49.000,-26.1023201,28.1013102,86.0,12.0,13.0,13.0,31.0
832,Alexandra activation,2026-08-28T10:35:54.000,-26.1022939,28.1013595,86.0,10.0,11.0,11.0,32.0
833,Alexandra activation,2026-08-28T10:35:59.000,-26.1022795,28.1013895,86.0,10.0,11.0,10.0,32.0
834,Alexandra activation,2026-08-28T10:36:04.000,-26.1022804,28.1014352,86.0,11.0,12.0,11.0,32.0
835,Alexandra activation,2026-08-28T10:36:09.000,-26.1022793,28.1014946,86.0,11.0,12.0,12.0,32.0
836,Alexandra activation,2026-08-28T10:36:14.000,-26.1022638,28.1015467,86.0,11.0,12.0,12.0,32.0
837,Alexandra activation,2026-08-28T10:36:19.000,-26.1022451,28.1015914,86.0,11.0,12.0,12.0,32.0
838,Alexandra activation,2026-08-28T10:36:24.000,-26.1022178,28.101644,86.0,11.0,12.0,11.0,32.0
839,Alexandra activation,2026-08-28T10:36:29.000,-26.1022039,28.1016955,86.0,13.0,14.0,14.0,32.0
840,Alexandra activation,2026-08-28T10:36:34.000,-26.102189,28.101742,86.0,14.0,16.0,15.0,32.0
841,Alexandra activation,2026-08-28T10:36:39.000,-26.1021733,28.1018178,86.0,19.0,22.0,21.0,32.0
842,Alexandra activation,2026-08-28T10:36:44.000,-26.1021516,28.1018332,86.0,19.0,23.0,21.0,31.0
843,Alexandra activation,2026-08-28T10:36:49.000,-26.1021471,28.1018504,86.0,19.0,22.0,21.0,31.0
844,Alexandra activation,2026-08-28T10:36:54.000,-26.1021537,28.1018479,86.0,17.0,20.0,19.0,31.0
845,Alexandra activation,2026-08-28T10:36:59.000,-26.1021385,28.1018854,86.0,15.0,17.0,16.0,31.0
846,Alexandra activation,2026-08-28T10:37:04.000,-26.1021296,28.1019434,86.0,14.0,16.0,15.0,31.0
847,Alexandra activation,2026-08-28T10:37:09.000,-26.1021063,28.102007,86.0,13.0,15.0,14.0,31.0
848,Alexandra activation,2026-08-28T10:37:14.000,-26.1020791,28.1020776,86.0,13.0,14.0,14.0,31.0
849,Alexandra activation,2026-08-28T10:37:19.000,-26.1020509,28.1021347,86.0,12.0,13.0,13.0,31.0
850,Alexandra activation,2026-08-28T10:37:24.000,-26.1020413,28.1021645,86.0,12.0,13.0,13.0,31.0
851,Alexandra activation,2026-08-28T10:37:29.000,-26.1020198,28.1022169,86.0,12.0,13.0,13.0,31.0
852,Alexandra activation,2026-08-28T10:37:34.000,-26.1020219,28.1022912,86.0,12.0,13.0,13.0,31.0
853,Alexandra activation,2026-08-28T10:37:39.000,-26.1020149,28.1023553,86.0,11.0,12.0,12.0,31.0
854,Alexandra activation,2026-08-28T10:37:44.000,-26.1020052,28.1024118,86.0,11.0,12.0,12.0,31.0
855,Alexandra activation,2026-08-28T10:37:49.000,-26.1019858,28.1024542,86.0,11.0,12.0,12.0,31.0
856,Alexandra activation,2026-08-28T10:37:54.000,-26.1019586,28.1025151,86.0,12.0,13.0,13.0,31.0
857,Alexandra activation,2026-08-28T10:37:59.000,-26.1019283,28.1025715,86.0,14.0,16.0,16.0,32.0
858,Alexandra activation,2026-08-28T10:38:04.000,-26.1019066,28.1026209,85.0,19.0,22.0,21.0,32.0
859,Alexandra activation,2026-08-28T10:38:09.000,-26.1019101,28.1026676,85.0,17.0,19.0,18.0,32.0
860,Alexandra activation,2026-08-28T10:38:14.000,-26.101908,28.1027277,85.0,15.0,17.0,16.0,31.0
861,Alexandra activation,2026-08-28T10:38:19.000,-26.1018982,28.1027743,85.0,13.0,15.0,14.0,31.0
862,Alexandra activation,2026-08-28T10:38:24.000,-26.1018833,28.1028073,85.0,12.0,13.0,13.0,31.0
863,Alexandra activation,2026-08-28T10:38:29.000,-26.1018671,28.1028524,85.0,12.0,13.0,13.0,31.0
864,Alexandra activation,2026-08-28T10:38:34.000,-26.1018259,28.1029172,85.0,13.0,14.0,14.0,31.0
865,Alexandra activation,2026-08-28T10:38:39.000,-26.101819,28.1029646,85.0,14.0,16.0,15.0,31.0
866,Alexandra activation,2026-08-28T10:38:44.000,-26.1018062,28.103019,85.0,13.0,15.0,14.0,31.0
867,Alexandra activation,2026-08-28T10:38:49.000,-26.1017937,28.1030523,85.0,13.0,14.0,14.0,31.0
868,Alexandra activation,2026-08-28T10:38:54.000,-26.1017906,28.1030959,85.0,12.0,13.0,13.0,31.0
869,Alexandra activation,2026-08-28T10:38:59.000,-26.101771,28.1031457,85.0,12.0,13.0,13.0,32.0
870,Alexandra activation,2026-08-28T10:39:04.000,-26.1017596,28.1031816,85.0,12.0,13.0,13.0,32.0
871,Alexandra activation,2026-08-28T10:39:09.000,-26.1017504,28.1032388,85.0,11.0,12.0,12.0,32.0
872,Alexandra activation,2026-08-28T10:39:14.000,-26.1017361,28.1032768,85.0,13.0,14.0,14.0,32.0
873,Alexandra activation,2026-08-28T10:39:19.000,-26.1017232,28.103327,85.0,13.0,14.0,14.0,32.0
874,Alexandra activation,2026-08-28T10:39:24.000,-26.1017209,28.103379,85.0,13.0,14.0,14.0,32.0
875,Alexandra activation,2026-08-28T10:39:29.000,-26.1016993,28.1034179,85.0,12.0,12.0,12.0,32.0
876,Alexandra activation,2026-08-28T10:39:34.000,-26.1016791,28.1034501,85.0,11.0,12.0,12.0,32.0
877,Alexandra activation,2026-08-28T10:39:39.000,-26.1016265,28.1035032,85.0,11.0,12.0,12.0,32.0
878,Alexandra activation,2026-08-28T10:39:44.000,-26.1015936,28.1035641,85.0,13.0,14.0,14.0,32.0
879,Alexandra activation,2026-08-28T10:39:49.000,-26.101565,28.1036301,85.0,12.0,13.0,13.0,32.0
880,Alexandra activation,2026-08-28T10:39:54.000,-26.1015404,28.1036439,85.0,13.0,14.0,14.0,32.0
881,Alexandra activation,2026-08-28T10:39:59.000,-26.1014894,28.1036331,85.0,12.0,14.0,14.0,32.0
882,Alexandra activation,2026-08-28T10:40:04.000,-26.1014393,28.1036218,85.0,13.0,15.0,14.0,32.0
883,Alexandra activation,2026-08-28T10:40:09.000,-26.10141,28.1036216,85.0,14.0,16.0,15.0,32.0
884,Alexandra activation,2026-08-28T10:40:14.000,-26.1013784,28.1036222,85.0,13.0,14.0,14.0,32.0
885,Alexandra activation,2026-08-28T10:40:19.000,-26.1013366,28.103626,85.0,14.0,15.0,15.0,32.0
886,Alexandra activation,2026-08-28T10:40:24.000,-26.101289,28.1036105,85.0,14.0,16.0,15.0,32.0
887,Alexandra activation,2026-08-28T10:40:29.000,-26.101242,28.10359,85.0,14.0,16.0,15.0,32.0
888,Alexandra activation,2026-08-28T10:40:34.000,-26.1011912,28.1035732,85.0,14.0,16.0,15.0,32.0
889,Alexandra activation,2026-08-28T10:40:39.000,-26.1011409,28.1035526,85.0,15.0,17.0,16.0,32.0
890,Alexandra activation,2026-08-28T10:40:44.000,-26.1011126,28.1035315,85.0,14.0,16.0,15.0,32.0
891,Alexandra activation,2026-08-28T10:40:49.000,-26.10107,28.1035085,85.0,12.0,14.0,13.0,33.0
892,Alexandra activation,2026-08-28T10:40:54.000,-26.1010143,28.1034852,85.0,11.0,12.0,12.0,33.0
893,Alexandra activation,2026-08-28T10:40:59.000,-26.1009854,28.103471,85.0,12.0,13.0,13.0,32.0
894,Alexandra activation,2026-08-28T10:41:04.000,-26.1009645,28.1034635,85.0,14.0,16.0,15.0,32.0
895,Alexandra activation,2026-08-28T10:41:09.000,-26.1009264,28.1034571,85.0,18.0,21.0,19.0,32.0
896,Alexandra activation,2026-08-28T10:41:14.000,-26.1008774,28.1034617,85.0,19.0,22.0,21.0,32.0
897,Alexandra activation,2026-08-28T10:41:19.000,-26.1008376,28.10345,85.0,20.0,24.0,22.0,32.0
898,Alexandra activation,2026-08-28T10:41:24.000,-26.1007975,28.1033977,85.0,24.0,34.0,26.0,32.0
899,Alexandra activation,2026-08-28T10:41:29.000,-26.1007753,28.1033693,85.0,25.0,36.0,27.0,32.0
900,Alexandra activation,2026-08-28T10:41:34.000,-26.1007384,28.1033636,85.0,21.0,26.0,23.0,32.0
901,Alexandra activation,2026-08-28T10:41:39.000,-26.1007024,28.1033747,85.0,20.0,25.0,22.0,32.0
902,Alexandra activation,2026-08-28T10:41:44.000,-26.1006763,28.1033572,85.0,20.0,25.0,22.0,32.0
903,Alexandra activation,2026-08-28T10:41:49.000,-26.100651,28.103332,85.0,19.0,23.0,21.0,32.0
904,Alexandra activation,2026-08-28T10:41:54.000,-26.1006287,28.1033185,85.0,16.0,18.0,17.0,32.0
905,Alexandra activation,2026-08-28T10:41:59.000,-26.1006146,28.1032935,85.0,16.0,18.0,17.0,32.0
906,Alexandra activation,2026-08-28T10:42:04.000,-26.1005769,28.1032809,85.0,15.0,17.0,16.0,32.0
907,Alexandra activation,2026-08-28T10:42:09.000,-26.100524,28.1032986,85.0,14.0,16.0,15.0,32.0
908,Alexandra activation,2026-08-28T10:42:14.000,-26.1004421,28.1033028,85.0,13.0,15.0,14.0,32.0
909,Alexandra activation,2026-08-28T10:42:19.000,-26.100412,28.1032918,85.0,13.0,14.0,14.0,32.0
910,Alexandra activation,2026-08-28T10:42:24.000,-26.1003875,28.1032651,85.0,13.0,15.0,14.0,32.0
911,Alexandra activation,2026-08-28T10:42:29.000,-26.1003568,28.1032504,85.0,14.0,15.0,14.0,32.0
912,Alexandra activation,2026-08-28T10:42:34.000,-26.1003356,28.1032257,85.0,15.0,17.0,16.0,32.0
913,Alexandra activation,2026-08-28T10:42:39.000,-26.1002855,28.1032213,85.0,14.0,15.0,15.0,32.0
914,Alexandra activation,2026-08-28T10:42:44.000,-26.1002638,28.1032262,85.0,12.0,13.0,13.0,32.0
915,Alexandra activation,2026-08-28T10:42:49.000,-26.1002305,28.1032186,85.0,12.0,13.0,13.0,32.0
916,Alexandra activation,2026-08-28T10:42:54.000,-26.1002119,28.1032098,85.0,11.0,12.0,11.0,32.0
917,Alexandra activation,2026-08-28T10:42:59.000,-26.1001649,28.1031903,85.0,11.0,12.0,12.0,32.0
918,Alexandra activation,2026-08-28T10:43:04.000,-26.1001154,28.103166,85.0,12.0,13.0,13.0,32.0
919,Alexandra activation,2026-08-28T10:43:09.000,-26.1000705,28.1031392,85.0,11.0,12.0,12.0,32.0
920,Alexandra activation,2026-08-28T10:43:14.000,-26.1000241,28.103104,85.0,10.0,11.0,10.0,32.0
921,Alexandra activation,2026-08-28T10:43:19.000,-26.0999892,28.1031039,85.0,10.0,11.0,10.0,31.0
922,Alexandra activation,2026-08-28T10:43:24.000,-26.0999492,28.1031193,85.0,11.0,12.0,12.0,32.0
923,Alexandra activation,2026-08-28T10:43:29.000,-26.0999217,28.1031117,85.0,10.0,11.0,10.0,32.0
924,Alexandra activation,2026-08-28T10:43:34.000,-26.0998669,28.1030861,85.0,12.0,13.0,13.0,32.0
925,Alexandra activation,2026-08-28T10:43:39.000,-26.0998274,28.1030739,85.0,13.0,14.0,14.0,32.0
926,Alexandra activation,2026-08-28T10:43:44.000,-26.0997969,28.1030476,85.0,13.0,14.0,14.0,32.0
927,Alexandra activation,2026-08-28T10:43:49.000,-26.0997643,28.1030531,85.0,15.0,17.0,16.0,32.0
928,Alexandra activation,2026-08-28T10:43:54.000,-26.0997573,28.1031275,85.0,16.0,18.0,17.0,32.0
929,Alexandra activation,2026-08-28T10:43:59.000,-26.0997482,28.1031691,85.0,15.0,17.0,16.0,32.0
930,Alexandra activation,2026-08-28T10:44:04.000,-26.0997137,28.1032092,85.0,14.0,16.0,15.0,32.0
931,Alexandra activation,2026-08-28T10:44:09.000,-26.0996578,28.1032325,85.0,12.0,13.0,13.0,32.0
932,Alexandra activation,2026-08-28T10:44:14.000,-26.0996408,28.1032671,85.0,13.0,14.0,14.0,32.0
933,Alexandra activation,2026-08-28T10:44:19.000,-26.0996421,28.1033343,85.0,13.0,14.0,14.0,32.0
934,Alexandra activation,2026-08-28T10:44:24.000,-26.0996709,28.1033791,85.0,15.0,17.0,16.0,33.0
935,Alexandra activation,2026-08-28T10:44:29.000,-26.0996775,28.1034012,85.0,13.0,14.0,14.0,33.0
936,Alexandra activation,2026-08-28T10:44:34.000,-26.0996476,28.1034146,85.0,12.0,14.0,13.0,32.0
937,Alexandra activation,2026-08-28T10:44:39.000,-26.0996577,28.1034352,86.0,13.0,14.0,14.0,32.0
938,Alexandra activation,2026-08-28T10:44:44.000,-26.0996495,28.1034698,85.0,13.0,15.0,14.0,32.0
939,Alexandra activation,2026-08-28T10:44:49.000,-26.0996455,28.1035079,86.0,13.0,14.0,14.0,32.0
940,Alexandra activation,2026-08-28T10:44:54.000,-26.0996479,28.1034913,86.0,13.0,14.0,14.0,32.0
941,Alexandra activation,2026-08-28T10:44:59.000,-26.0996407,28.1034819,86.0,12.0,13.0,13.0,32.0
942,Alexandra activation,2026-08-28T10:45:04.000,-26.0996388,28.1034819,86.0,12.0,13.0,13.0,32.0
943,Alexandra activation,2026-08-28T10:45:09.000,-26.0996386,28.1034815,86.0,12.0,13.0,13.0,32.0
944,Alexandra activation,2026-08-28T10:45:14.000,-26.0996385,28.1034828,86.0,12.0,13.0,13.0,32.0
945,Alexandra activation,2026-08-28T10:45:19.000,-26.0996385,28.1034832,86.0,14.0,16.0,15.0,32.0
946,Alexandra activation,2026-08-28T10:45:24.000,-26.099639,28.1034821,86.0,14.0,15.0,15.0,32.0
947,Alexandra activation,2026-08-28T10:45:29.000,-26.0996385,28.1034804,86.0,13.0,14.0,14.0,32.0
948,Alexandra activation,2026-08-28T10:45:34.000,-26.0996375,28.1034808,86.0,12.0,13.0,13.0,32.0
949,Alexandra activation,2026-08-28T10:45:39.000,-26.0996053,28.1035259,86.0,13.0,14.0,14.0,32.0
950,Alexandra activation,2026-08-28T10:45:44.000,-26.0996002,28.1035662,86.0,13.0,15.0,14.0,32.0
951,Alexandra activation,2026-08-28T10:45:49.000,-26.0995999,28.1035753,86.0,14.0,15.0,15.0,32.0
952,Alexandra activation,2026-08-28T10:45:54.000,-26.0995444,28.1036161,86.0,15.0,17.0,16.0,32.0
953,Alexandra activation,2026-08-28T10:45:59.000,-26.0995275,28.1036998,86.0,14.0,16.0,15.0,32.0
954,Alexandra activation,2026-08-28T10:46:04.000,-26.0995215,28.103729,86.0,14.0,16.0,15.0,32.0
955,Alexandra activation,2026-08-28T10:46:09.000,-26.0994906,28.1037543,86.0,13.0,14.0,14.0,32.0
956,Alexandra activation,2026-08-28T10:46:14.000,-26.0994525,28.1037559,86.0,13.0,14.0,14.0,32.0
957,Alexandra activation,2026-08-28T10:46:19.000,-26.099396,28.1037386,86.0,13.0,14.0,14.0,32.0
958,Alexandra activation,2026-08-28T10:46:24.000,-26.0993717,28.1037058,86.0,12.0,13.0,13.0,32.0
959,Alexandra activation,2026-08-28T10:46:29.000,-26.0993335,28.1037064,86.0,13.0,14.0,14.0,32.0
960,Alexandra activation,2026-08-28T10:46:34.000,-26.09927,28.1036575,86.0,12.0,13.0,13.0,32.0
961,Alexandra activation,2026-08-28T10:46:39.000,-26.0992181,28.1036532,86.0,12.0,13.0,13.0,33.0
962,Alexandra activation,2026-08-28T10:46:44.000,-26.0991669,28.1036665,86.0,12.0,13.0,13.0,32.0
963,Alexandra activation,2026-08-28T10:46:49.000,-26.0991297,28.1036526,86.0,13.0,14.0,14.0,32.0
964,Alexandra activation,2026-08-28T10:46:54.000,-26.0990755,28.1036302,86.0,13.0,14.0,14.0,32.0
965,Alexandra activation,2026-08-28T10:46:59.000,-26.0990286,28.1035988,86.0,13.0,14.0,14.0,32.0
966,Alexandra activation,2026-08-28T10:47:04.000,-26.0989808,28.1035876,86.0,13.0,14.0,14.0,32.0
967,Alexandra activation,2026-08-28T10:47:09.000,-26.0989475,28.1035737,86.0,13.0,14.0,14.0,32.0
968,Alexandra activation,2026-08-28T10:47:14.000,-26.0988999,28.1035729,86.0,12.0,13.0,13.0,32.0
969,Alexandra activation,2026-08-28T10:47:19.000,-26.0988377,28.1035698,86.0,12.0,13.0,13.0,32.0
970,Alexandra activation,2026-08-28T10:47:24.000,-26.098775,28.1035812,86.0,12.0,13.0,13.0,32.0
971,Alexandra activation,2026-08-28T10:47:29.000,-26.0987297,28.1035918,86.0,14.0,15.0,15.0,32.0
972,Alexandra activation,2026-08-28T10:47:34.000,-26.0986953,28.1036051,86.0,14.0,16.0,15.0,32.0
973,Alexandra activation,2026-08-28T10:47:39.000,-26.098644,28.103604,86.0,13.0,14.0,14.0,32.0
974,Alexandra activation,2026-08-28T10:47:44.000,-26.0985964,28.1036215,86.0,14.0,15.0,15.0,32.0
975,Alexandra activation,2026-08-28T10:47:49.000,-26.0985657,28.1036613,86.0,14.0,16.0,15.0,32.0
976,Alexandra activation,2026-08-28T10:47:54.000,-26.0985266,28.1036613,86.0,15.0,17.0,16.0,32.0
977,Alexandra activation,2026-08-28T10:47:59.000,-26.0984821,28.1036613,86.0,14.0,16.0,15.0,32.0
978,Alexandra activation,2026-08-28T10:48:04.000,-26.0984275,28.1036862,86.0,15.0,17.0,16.0,32.0
979,Alexandra activation,2026-08-28T10:48:09.000,-26.0983841,28.1037119,86.0,15.0,17.0,16.0,32.0
980,Alexandra activation,2026-08-28T10:48:14.000,-26.0983543,28.1037074,86.0,14.0,16.0,15.0,32.0
981,Alexandra activation,2026-08-28T10:48:19.000,-26.0983027,28.1037301,86.0,15.0,17.0,16.0,32.0
982,Alexandra activation,2026-08-28T10:48:24.000,-26.098245,28.1037349,86.0,15.0,17.0,16.0,32.0
983,Alexandra activation,2026-08-28T10:48:29.000,-26.0982049,28.1037534,86.0,13.0,14.0,14.0,31.0
984,Alexandra activation,2026-08-28T10:48:34.000,-26.0981453,28.1037632,86.0,13.0,14.0,14.0,31.0
985,Alexandra activation,2026-08-28T10:48:39.000,-26.0981068,28.1037749,86.0,13.0,15.0,14.0,31.0
986,Alexandra activation,2026-08-28T10:48:44.000,-26.0980755,28.1038013,86.0,14.0,15.0,15.0,31.0
987,Alexandra activation,2026-08-28T10:48:49.000,-26.0980496,28.1038529,86.0,13.0,14.0,14.0,31.0
988,Alexandra activation,2026-08-28T10:48:54.000,-26.0980188,28.103902,86.0,13.0,14.0,14.0,31.0
989,Alexandra activation,2026-08-28T10:48:59.000,-26.0979863,28.1039345,86.0,13.0,14.0,14.0,31.0
990,Alexandra activation,2026-08-28T10:49:04.000,-26.0979624,28.1039612,85.0,14.0,15.0,15.0,31.0
991,Alexandra activation,2026-08-28T10:49:09.000,-26.0979481,28.1039876,85.0,13.0,14.0,14.0,31.0
992,Alexandra activation,2026-08-28T10:49:14.000,-26.0979136,28.10401,85.0,13.0,14.0,14.0,31.0
993,Alexandra activation,2026-08-28T10:49:19.000,-26.0978951,28.10401,85.0,13.0,14.0,14.0,31.0
994,Alexandra activation,2026-08-28T10:49:24.000,-26.0978899,28.1040602,85.0,12.0,14.0,14.0,31.0
995,Alexandra activation,2026-08-28T10:49:29.000,-26.0978433,28.1041082,85.0,13.0,14.0,14.0,31.0
996,Alexandra activation,2026-08-28T10:49:34.000,-26.0978035,28.1041468,85.0,15.0,17.0,16.0,31.0
997,Alexandra activation,2026-08-28T10:49:39.000,-26.0977716,28.104176,85.0,16.0,18.0,17.0,31.0
998,Alexandra activation,2026-08-28T10:49:44.000,-26.0977703,28.1041816,85.0,16.0,18.0,17.0,32.0
999,Alexandra activation,2026-08-28T10:49:49.000,-26.0977753,28.1041861,85.0,16.0,18.0,17.0,31.0
1000,Alexandra activation,2026-08-28T10:49:54.000,-26.0977424,28.1042197,85.0,15.0,17.0,16.0,32.0
1001,Alexandra activation,2026-08-28T10:49:59.000,-26.0976997,28.1042796,85.0,14.0,16.0,15.0,32.0
1002,Alexandra activation,2026-08-28T10:50:04.000,-26.0976526,28.1043207,85.0,15.0,17.0,16.0,32.0
1003,Alexandra activation,2026-08-28T10:50:09.000,-26.0976098,28.1043424,85.0,13.0,14.0,14.0,32.0
1004,Alexandra activation,2026-08-28T10:50:14.000,-26.0975677,28.1043661,85.0,13.0,14.0,14.0,32.0
1005,Alexandra activation,2026-08-28T10:50:19.000,-26.0975409,28.1043772,85.0,12.0,14.0,13.0,32.0
1006,Alexandra activation,2026-08-28T10:50:24.000,-26.0975198,28.1043771,85.0,13.0,15.0,14.0,32.0
1007,Alexandra activation,2026-08-28T10:50:29.000,-26.0975242,28.1043913,85.0,13.0,14.0,14.0,31.0
1008,Alexandra activation,2026-08-28T10:50:34.000,-26.0975014,28.104451,85.0,12.0,13.0,13.0,31.0
1009,Alexandra activation,2026-08-28T10:50:39.000,-26.0975121,28.1044525,85.0,14.0,16.0,15.0,31.0
1010,Alexandra activation,2026-08-28T10:50:44.000,-26.0975103,28.1044499,85.0,16.0,18.0,17.0,31.0
1011,Alexandra activation,2026-08-28T10:50:49.000,-26.0975095,28.1044506,85.0,15.0,17.0,16.0,31.0
1012,Alexandra activation,2026-08-28T10:50:54.000,-26.0975097,28.1044502,85.0,15.0,17.0,16.0,31.0
1013,Alexandra activation,2026-08-28T10:50:59.000,-26.0975096,28.1044505,85.0,15.0,17.0,16.0,31.0
1014,Alexandra activation,2026-08-28T10:51:04.000,-26.0975089,28.1044508,85.0,16.0,18.0,17.0,32.0
1015,Alexandra activation,2026-08-28T10:51:09.000,-26.0975098,28.1044516,85.0,16.0,18.0,17.0,32.0
1016,Alexandra activation,2026-08-28T10:51:14.000,-26.0975097,28.104453,85.0,17.0,20.0,19.0,32.0
1017,Alexandra activation,2026-08-28T10:51:19.000,-26.0975106,28.1044516,85.0,17.0,19.0,18.0,32.0
1018,Alexandra activation,2026-08-28T10:51:24.000,-26.0975102,28.1044512,85.0,15.0,17.0,16.0,32.0
1019,Alexandra activation,2026-08-28T10:51:29.000,-26.0975103,28.10445,85.0,16.0,18.0,17.0,32.0
1020,Alexandra activation,2026-08-28T10:51:34.000,-26.0975099,28.1044506,85.0,16.0,18.0,17.0,32.0
1021,Alexandra activation,2026-08-28T10:51:39.000,-26.0975103,28.1044511,85.0,17.0,20.0,19.0,32.0
1022,Alexandra activation,2026-08-28T10:51:44.000,-26.0975084,28.1044512,85.0,18.0,21.0,20.0,32.0
1023,Alexandra activation,2026-08-28T10:51:49.000,-26.097508,28.1044524,85.0,19.0,22.0,21.0,32.0
1024,Alexandra activation,2026-08-28T10:51:54.000,-26.0975082,28.1044529,85.0,18.0,21.0,20.0,32.0
1025,Alexandra activation,2026-08-28T10:51:59.000,-26.0975082,28.1044536,85.0,18.0,20.0,19.0,32.0
1026,Alexandra activation,2026-08-28T10:52:04.000,-26.0975082,28.1044539,85.0,16.0,18.0,17.0,32.0
1027,Alexandra activation,2026-08-28T10:52:09.000,-26.0975081,28.1044539,85.0,20.0,24.0,22.0,32.0
1028,Alexandra activation,2026-08-28T10:52:14.000,-26.0975092,28.1044535,85.0,23.0,32.0,25.0,32.0
1029,Alexandra activation,2026-08-28T10:52:19.000,-26.0975086,28.1044529,85.0,26.0,37.0,28.0,32.0
1030,Alexandra activation,2026-08-28T10:52:24.000,-26.0975088,28.1044535,86.0,24.0,34.0,26.0,31.0
1031,Alexandra activation,2026-08-28T10:52:29.000,-26.0975083,28.1044538,86.0,22.0,30.0,24.0,31.0
1032,Alexandra activation,2026-08-28T10:52:34.000,-26.0975077,28.104454,86.0,20.0,24.0,22.0,31.0
1033,Alexandra activation,2026-08-28T10:52:39.000,-26.0975073,28.1044536,86.0,16.0,19.0,18.0,31.0
1034,Alexandra activation,2026-08-28T10:52:44.000,-26.0975077,28.1044538,86.0,16.0,18.0,17.0,31.0
1035,Alexandra activation,2026-08-28T10:52:49.000,-26.0975077,28.1044542,85.0,16.0,18.0,17.0,31.0
1036,Alexandra activation,2026-08-28T10:52:54.000,-26.0975071,28.1044543,85.0,16.0,18.0,17.0,31.0
1037,Alexandra activation,2026-08-28T10:52:59.000,-26.0975071,28.1044548,85.0,17.0,20.0,19.0,31.0
1038,Alexandra activation,2026-08-28T10:53:04.000,-26.0975071,28.1044547,85.0,19.0,22.0,21.0,31.0
1039,Alexandra activation,2026-08-28T10:53:09.000,-26.0975077,28.1044538,85.0,18.0,21.0,20.0,31.0
1040,Alexandra activation,2026-08-28T10:53:14.000,-26.0975081,28.1044535,85.0,16.0,18.0,17.0,31.0
1041,Alexandra activation,2026-08-28T10:53:19.000,-26.097508,28.1044533,85.0,14.0,16.0,16.0,31.0
1042,Alexandra activation,2026-08-28T10:53:24.000,-26.0975078,28.104453,85.0,14.0,16.0,15.0,32.0
1043,Alexandra activation,2026-08-28T10:53:29.000,-26.097508,28.1044518,85.0,14.0,16.0,15.0,32.0
1044,Alexandra activation,2026-08-28T10:53:34.000,-26.0975077,28.1044517,86.0,12.0,13.0,13.0,32.0
1045,Alexandra activation,2026-08-28T10:53:39.000,-26.0974772,28.1044419,85.0,14.0,15.0,15.0,31.0
1046,Alexandra activation,2026-08-28T10:53:44.000,-26.0974029,28.1044099,86.0,14.0,16.0,15.0,31.0
1047,Alexandra activation,2026-08-28T10:53:49.000,-26.097392,28.1043929,85.0,15.0,16.0,16.0,31.0
1048,Alexandra activation,2026-08-28T10:53:54.000,-26.0973922,28.1044004,85.0,14.0,15.0,15.0,32.0
1049,Alexandra activation,2026-08-28T10:53:59.000,-26.0973865,28.1044114,85.0,11.0,12.0,12.0,32.0
1050,Alexandra activation,2026-08-28T10:54:04.000,-26.0973942,28.1044112,85.0,12.0,13.0,13.0,33.0
1051,Alexandra activation,2026-08-28T10:54:09.000,-26.097461,28.1044371,85.0,14.0,16.0,15.0,33.0
1052,Alexandra activation,2026-08-28T10:54:14.000,-26.0975169,28.1044719,85.0,15.0,17.0,16.0,32.0
1053,Alexandra activation,2026-08-28T10:54:19.000,-26.0975394,28.1044537,85.0,15.0,17.0,16.0,32.0
1054,Alexandra activation,2026-08-28T10:54:24.000,-26.0975317,28.1044695,86.0,13.0,14.0,14.0,32.0
1055,Alexandra activation,2026-08-28T10:54:29.000,-26.0975126,28.1044639,86.0,12.0,13.0,13.0,32.0
1056,Alexandra activation,2026-08-28T10:54:34.000,-26.0975045,28.1044623,86.0,13.0,14.0,14.0,33.0
1057,Alexandra activation,2026-08-28T10:54:39.000,-26.0975045,28.1044692,86.0,15.0,17.0,16.0,32.0
1058,Alexandra activation,2026-08-28T10:54:44.000,-26.0975126,28.104472,86.0,14.0,16.0,15.0,32.0
1059,Alexandra activation,2026-08-28T10:54:49.000,-26.0975117,28.1044712,86.0,13.0,14.0,14.0,31.0
1060,Alexandra activation,2026-08-28T10:54:54.000,-26.097511,28.1044697,86.0,12.0,14.0,13.0,31.0
1061,Alexandra activation,2026-08-28T10:54:59.000,-26.0975115,28.1044718,86.0,13.0,14.0,14.0,31.0
1062,Alexandra activation,2026-08-28T10:55:04.000,-26.0975119,28.1044716,86.0,12.0,13.0,13.0,31.0
1063,Alexandra activation,2026-08-28T10:55:09.000,-26.0975118,28.1044714,86.0,12.0,13.0,13.0,31.0
1064,Alexandra activation,2026-08-28T10:55:14.000,-26.0975121,28.1044719,86.0,12.0,13.0,13.0,31.0
1065,Alexandra activation,2026-08-28T10:55:19.000,-26.0975119,28.104472,86.0,12.0,13.0,13.0,31.0
1066,Alexandra activation,2026-08-28T10:55:24.000,-26.097512,28.1044717,86.0,14.0,16.0,15.0,31.0
1067,Alexandra activation,2026-08-28T10:55:29.000,-26.0975117,28.1044712,86.0,15.0,17.0,16.0,31.0
1068,Alexandra activation,2026-08-28T10:55:34.000,-26.0975108,28.1044714,86.0,15.0,17.0,16.0,31.0
1069,Alexandra activation,2026-08-28T10:55:39.000,-26.0975106,28.1044708,86.0,14.0,16.0,15.0,31.0
1070,Alexandra activation,2026-08-28T10:55:44.000,-26.0975104,28.1044704,86.0,15.0,17.0,16.0,31.0
1071,Alexandra activation,2026-08-28T10:55:49.000,-26.0975097,28.1044697,86.0,14.0,15.0,15.0,31.0
1072,Alexandra activation,2026-08-28T10:55:54.000,-26.0975094,28.10447,86.0,12.0,13.0,13.0,31.0
1073,Alexandra activation,2026-08-28T10:55:59.000,-26.0975092,28.1044694,86.0,13.0,14.0,14.0,31.0
1074,Alexandra activation,2026-08-28T10:56:04.000,-26.0975087,28.104469,86.0,12.0,13.0,13.0,31.0
1075,Alexandra activation,2026-08-28T10:56:09.000,-26.0975082,28.1044702,86.0,14.0,16.0,15.0,31.0
1076,Alexandra activation,2026-08-28T10:56:14.000,-26.0975078,28.1044709,86.0,14.0,16.0,15.0,32.0
1077,Alexandra activation,2026-08-28T10:56:19.000,-26.0975081,28.1044704,86.0,13.0,15.0,14.0,32.0
1078,Alexandra activation,2026-08-28T10:56:24.000,-26.0975132,28.1044904,86.0,14.0,16.0,15.0,31.0
1079,Alexandra activation,2026-08-28T10:56:29.000,-26.097513,28.1044942,86.0,15.0,17.0,16.0,31.0
1080,Alexandra activation,2026-08-28T10:56:34.000,-26.0975132,28.1044939,86.0,15.0,17.0,16.0,31.0
1081,Alexandra activation,2026-08-28T10:56:39.000,-26.0975134,28.1044939,86.0,16.0,18.0,17.0,31.0
1082,Alexandra activation,2026-08-28T10:56:44.000,-26.0975069,28.1044845,86.0,16.0,18.0,17.0,31.0
1083,Alexandra activation,2026-08-28T10:56:49.000,-26.0975011,28.1044742,86.0,15.0,17.0,16.0,31.0
1084,Alexandra activation,2026-08-28T10:56:54.000,-26.0974983,28.1044713,85.0,16.0,18.0,17.0,31.0
1085,Alexandra activation,2026-08-28T10:56:59.000,-26.0974959,28.1044699,85.0,16.0,18.0,17.0,31.0
1086,Alexandra activation,2026-08-28T10:57:04.000,-26.0974946,28.1044695,85.0,16.0,18.0,17.0,31.0
1087,Alexandra activation,2026-08-28T10:57:09.000,-26.0974988,28.1044741,85.0,16.0,18.0,17.0,31.0
1088,Alexandra activation,2026-08-28T10:57:14.000,-26.0974966,28.104541,85.0,15.0,17.0,16.0,31.0
1089,Alexandra activation,2026-08-28T10:57:19.000,-26.0975077,28.1045742,85.0,17.0,19.0,18.0,31.0
1090,Alexandra activation,2026-08-28T10:57:24.000,-26.0975078,28.1045664,85.0,16.0,19.0,18.0,31.0
1091,Alexandra activation,2026-08-28T10:57:29.000,-26.0975133,28.1045636,85.0,14.0,16.0,15.0,31.0
1092,Alexandra activation,2026-08-28T10:57:34.000,-26.0975151,28.1045637,85.0,13.0,14.0,14.0,32.0
1093,Alexandra activation,2026-08-28T10:57:39.000,-26.0975159,28.1045653,85.0,14.0,16.0,15.0,32.0
1094,Alexandra activation,2026-08-28T10:57:44.000,-26.0975161,28.1045661,85.0,13.0,14.0,14.0,32.0
1095,Alexandra activation,2026-08-28T10:57:49.000,-26.0975163,28.1045655,85.0,13.0,14.0,14.0,32.0
1096,Alexandra activation,2026-08-28T10:57:54.000,-26.0975165,28.1045656,85.0,14.0,16.0,15.0,31.0
1097,Alexandra activation,2026-08-28T10:57:59.000,-26.0975082,28.1045768,85.0,14.0,16.0,15.0,31.0
1098,Alexandra activation,2026-08-28T10:58:04.000,-26.0975005,28.104588,85.0,14.0,16.0,15.0,31.0
1099,Alexandra activation,2026-08-28T10:58:09.000,-26.0974974,28.1045903,85.0,14.0,16.0,15.0,31.0
1100,Alexandra activation,2026-08-28T10:58:14.000,-26.0974962,28.104592,85.0,14.0,16.0,15.0,32.0
1101,Alexandra activation,2026-08-28T10:58:19.000,-26.0974926,28.1045943,85.0,14.0,16.0,15.0,31.0
1102,Alexandra activation,2026-08-28T10:58:24.000,-26.0974841,28.1045987,85.0,14.0,16.0,15.0,31.0
1103,Alexandra activation,2026-08-28T10:58:29.000,-26.0974831,28.1046026,85.0,13.0,15.0,14.0,32.0
1104,Alexandra activation,2026-08-28T10:58:34.000,-26.097486,28.1046023,85.0,13.0,15.0,14.0,32.0
1105,Alexandra activation,2026-08-28T10:58:39.000,-26.0974886,28.104602,85.0,16.0,18.0,17.0,33.0
1106,Alexandra activation,2026-08-28T10:58:44.000,-26.0974906,28.1046002,85.0,16.0,18.0,17.0,32.0
1107,Alexandra activation,2026-08-28T10:58:49.000,-26.0974913,28.1045998,85.0,15.0,17.0,16.0,32.0
1108,Alexandra activation,2026-08-28T10:58:54.000,-26.0974921,28.1045986,85.0,14.0,16.0,15.0,32.0
1109,Alexandra activation,2026-08-28T10:58:59.000,-26.097485,28.1046023,85.0,14.0,16.0,15.0,32.0
1110,Alexandra activation,2026-08-28T10:59:04.000,-26.0974716,28.104597,86.0,15.0,17.0,16.0,32.0
1111,Alexandra activation,2026-08-28T10:59:09.000,-26.097469,28.1045956,86.0,16.0,18.0,17.0,32.0
1112,Alexandra activation,2026-08-28T10:59:14.000,-26.0974719,28.1046077,86.0,15.0,17.0,16.0,32.0
1113,Alexandra activation,2026-08-28T10:59:19.000,-26.097472,28.1045959,86.0,15.0,17.0,16.0,32.0
1114,Alexandra activation,2026-08-28T10:59:24.000,-26.0974776,28.1045985,86.0,14.0,15.0,14.0,31.0
1115,Alexandra activation,2026-08-28T10:59:29.000,-26.097495,28.104588,86.0,14.0,16.0,15.0,31.0
1116,Alexandra activation,2026-08-28T10:59:34.000,-26.0974968,28.1045844,86.0,15.0,17.0,16.0,31.0
1117,Alexandra activation,2026-08-28T10:59:39.000,-26.0974973,28.104584,86.0,15.0,17.0,16.0,30.0
1118,Alexandra activation,2026-08-28T10:59:44.000,-26.097507,28.1045735,86.0,15.0,17.0,16.0,30.0
1119,Alexandra activation,2026-08-28T10:59:49.000,-26.0975094,28.1045625,86.0,14.0,16.0,15.0,30.0
1120,Alexandra activation,2026-08-28T10:59:54.000,-26.0975079,28.1045604,86.0,14.0,15.0,15.0,30.0
1121,Alexandra activation,2026-08-28T10:59:59.000,-26.0975094,28.1045589,86.0,13.0,14.0,14.0,31.0
1122,Alexandra activation,2026-08-28T11:00:04.000,-26.0975101,28.1045583,86.0,13.0,14.0,14.0,32.0
1123,Alexandra activation,2026-08-28T11:00:09.000,-26.097511,28.1045584,86.0,15.0,17.0,16.0,32.0
1124,Alexandra activation,2026-08-28T11:00:14.000,-26.0975113,28.104559,86.0,16.0,18.0,17.0,32.0
1125,Alexandra activation,2026-08-28T11:00:19.000,-26.0975115,28.1045591,86.0,16.0,18.0,17.0,31.0
1126,Alexandra activation,2026-08-28T11:00:24.000,-26.0975006,28.1045267,86.0,16.0,18.0,17.0,32.0
1127,Alexandra activation,2026-08-28T11:00:29.000,-26.0975139,28.1045024,86.0,16.0,18.0,17.0,32.0
1128,Alexandra activation,2026-08-28T11:00:34.000,-26.0975317,28.1044613,86.0,17.0,20.0,19.0,32.0
1129,Alexandra activation,2026-08-28T11:00:39.000,-26.0975577,28.1044228,86.0,17.0,19.0,18.0,31.0
1130,Alexandra activation,2026-08-28T11:00:44.000,-26.0975705,28.1044184,86.0,16.0,18.0,17.0,31.0
1131,Alexandra activation,2026-08-28T11:00:49.000,-26.0975973,28.1043989,86.0,14.0,16.0,16.0,30.0
1132,Alexandra activation,2026-08-28T11:00:54.000,-26.097607,28.1043827,86.0,14.0,16.0,15.0,30.0
1133,Alexandra activation,2026-08-28T11:00:59.000,-26.097589,28.1043864,86.0,15.0,17.0,16.0,30.0
1134,Alexandra activation,2026-08-28T11:01:04.000,-26.0975839,28.1043934,86.0,14.0,15.0,15.0,31.0
1135,Alexandra activation,2026-08-28T11:01:09.000,-26.0975899,28.1043901,86.0,14.0,16.0,15.0,31.0
1136,Alexandra activation,2026-08-28T11:01:14.000,-26.0976017,28.1043876,86.0,14.0,16.0,15.0,31.0
1137,Alexandra activation,2026-08-28T11:01:19.000,-26.097609,28.1043846,86.0,15.0,17.0,16.0,31.0
1138,Alexandra activation,2026-08-28T11:01:24.000,-26.0976102,28.104373,86.0,15.0,17.0,16.0,31.0
1139,Alexandra activation,2026-08-28T11:01:29.000,-26.0976095,28.104364,86.0,16.0,18.0,17.0,31.0
1140,Alexandra activation,2026-08-28T11:01:34.000,-26.0976109,28.1043593,86.0,16.0,18.0,17.0,30.0
1141,Alexandra activation,2026-08-28T11:01:39.000,-26.0976134,28.1043558,86.0,15.0,17.0,16.0,30.0
1142,Alexandra activation,2026-08-28T11:01:44.000,-26.0976135,28.1043621,86.0,15.0,17.0,16.0,30.0
1143,Alexandra activation,2026-08-28T11:01:49.000,-26.0976026,28.104389,86.0,15.0,17.0,16.0,30.0
1144,Alexandra activation,2026-08-28T11:01:54.000,-26.0975868,28.1043917,85.0,15.0,17.0,16.0,30.0
1145,Alexandra activation,2026-08-28T11:01:59.000,-26.0975768,28.1043856,85.0,16.0,18.0,17.0,30.0
1146,Alexandra activation,2026-08-28T11:02:04.000,-26.0975753,28.1043843,85.0,16.0,18.0,17.0,31.0
1147,Alexandra activation,2026-08-28T11:02:09.000,-26.0975836,28.1043688,85.0,16.0,18.0,17.0,31.0
1148,Alexandra activation,2026-08-28T11:02:14.000,-26.0975995,28.1043473,85.0,16.0,18.0,17.0,30.0
1149,Alexandra activation,2026-08-28T11:02:19.000,-26.0976049,28.1043444,85.0,16.0,18.0,17.0,30.0
1150,Alexandra activation,2026-08-28T11:02:24.000,-26.0976061,28.1043443,85.0,17.0,19.0,18.0,30.0
1151,Alexandra activation,2026-08-28T11:02:29.000,-26.0976075,28.1043438,85.0,17.0,19.0,18.0,30.0
1152,Alexandra activation,2026-08-28T11:02:34.000,-26.097608,28.104343,85.0,17.0,19.0,18.0,30.0
1153,Alexandra activation,2026-08-28T11:02:39.000,-26.0976075,28.1043498,85.0,16.0,18.0,17.0,31.0
1154,Alexandra activation,2026-08-28T11:02:44.000,-26.0975971,28.1043569,85.0,15.0,17.0,16.0,31.0
1155,Alexandra activation,2026-08-28T11:02:49.000,-26.0975938,28.1043577,85.0,14.0,16.0,15.0,30.0
1156,Alexandra activation,2026-08-28T11:02:54.000,-26.0975924,28.1043594,85.0,15.0,17.0,16.0,31.0
1157,Alexandra activation,2026-08-28T11:02:59.000,-26.0975902,28.1043618,85.0,16.0,18.0,17.0,31.0
1158,Alexandra activation,2026-08-28T11:03:04.000,-26.0975874,28.1043733,85.0,16.0,18.0,17.0,31.0
1159,Alexandra activation,2026-08-28T11:03:09.000,-26.0975873,28.1043829,85.0,17.0,19.0,18.0,30.0
1160,Alexandra activation,2026-08-28T11:03:14.000,-26.0975844,28.1043819,85.0,17.0,19.0,18.0,30.0
1161,Alexandra activation,2026-08-28T11:03:19.000,-26.0975817,28.1043751,85.0,17.0,19.0,18.0,30.0
1162,Alexandra activation,2026-08-28T11:03:24.000,-26.0975794,28.1043735,85.0,15.0,17.0,16.0,31.0
1163,Alexandra activation,2026-08-28T11:03:29.000,-26.0975789,28.1043716,85.0,14.0,15.0,15.0,31.0
1164,Alexandra activation,2026-08-28T11:03:34.000,-26.0975783,28.1043715,85.0,15.0,17.0,16.0,31.0
1165,Alexandra activation,2026-08-28T11:03:39.000,-26.0975781,28.1043711,85.0,16.0,18.0,17.0,31.0
1166,Alexandra activation,2026-08-28T11:03:44.000,-26.0975775,28.1043707,85.0,15.0,17.0,16.0,31.0
1167,Alexandra activation,2026-08-28T11:03:49.000,-26.0975776,28.1043715,85.0,15.0,17.0,16.0,31.0
1168,Alexandra activation,2026-08-28T11:03:54.000,-26.0975798,28.1043725,85.0,15.0,17.0,16.0,31.0
1169,Alexandra activation,2026-08-28T11:03:59.000,-26.0975789,28.1043716,85.0,15.0,17.0,16.0,31.0
1170,Alexandra activation,2026-08-28T11:04:04.000,-26.0975793,28.1043714,85.0,15.0,17.0,16.0,31.0
1171,Alexandra activation,2026-08-28T11:04:09.000,-26.0975921,28.1043763,85.0,15.0,17.0,16.0,31.0
1172,Alexandra activation,2026-08-28T11:04:14.000,-26.0975904,28.1043795,85.0,15.0,17.0,16.0,31.0
1173,Alexandra activation,2026-08-28T11:04:19.000,-26.0975869,28.1043817,85.0,14.0,16.0,15.0,31.0
1174,Alexandra activation,2026-08-28T11:04:24.000,-26.0975843,28.1043826,85.0,16.0,18.0,17.0,31.0
1175,Alexandra activation,2026-08-28T11:04:29.000,-26.0975828,28.1043834,85.0,18.0,21.0,20.0,31.0
1176,Alexandra activation,2026-08-28T11:04:34.000,-26.0975817,28.1043811,85.0,18.0,21.0,20.0,31.0
1177,Alexandra activation,2026-08-28T11:04:39.000,-26.0975823,28.1043757,85.0,16.0,18.0,17.0,31.0
1178,Alexandra activation,2026-08-28T11:04:44.000,-26.0975824,28.1043735,85.0,16.0,18.0,17.0,31.0
1179,Alexandra activation,2026-08-28T11:04:49.000,-26.0975825,28.1043724,85.0,16.0,18.0,17.0,31.0
1180,Alexandra activation,2026-08-28T11:04:54.000,-26.0975793,28.1043774,85.0,15.0,17.0,16.0,31.0
1181,Alexandra activation,2026-08-28T11:04:59.000,-26.0975768,28.104381,85.0,14.0,16.0,15.0,31.0
1182,Alexandra activation,2026-08-28T11:05:04.000,-26.0975741,28.1043847,85.0,14.0,15.0,15.0,31.0
1183,Alexandra activation,2026-08-28T11:05:09.000,-26.0975726,28.1043878,85.0,14.0,16.0,15.0,31.0
1184,Alexandra activation,2026-08-28T11:05:14.000,-26.0975712,28.1043882,85.0,15.0,17.0,16.0,31.0
1185,Alexandra activation,2026-08-28T11:05:19.000,-26.0975709,28.1043813,85.0,16.0,18.0,17.0,31.0
1186,Alexandra activation,2026-08-28T11:05:24.000,-26.0975719,28.1043753,85.0,17.0,20.0,18.0,31.0
1187,Alexandra activation,2026-08-28T11:05:29.000,-26.0975728,28.1043705,85.0,16.0,18.0,17.0,31.0
1188,Alexandra activation,2026-08-28T11:05:34.000,-26.0975731,28.1043674,85.0,16.0,18.0,17.0,31.0
1189,Alexandra activation,2026-08-28T11:05:39.000,-26.0975728,28.1043657,85.0,18.0,20.0,20.0,31.0
1190,Alexandra activation,2026-08-28T11:05:44.000,-26.0975741,28.1043676,85.0,18.0,20.0,19.0,31.0
1191,Alexandra activation,2026-08-28T11:05:49.000,-26.0975847,28.1043679,85.0,18.0,20.0,19.0,31.0
1192,Alexandra activation,2026-08-28T11:05:54.000,-26.0975906,28.1043673,85.0,16.0,18.0,18.0,31.0
1193,Alexandra activation,2026-08-28T11:05:59.000,-26.0975937,28.1043664,85.0,15.0,17.0,16.0,32.0
1194,Alexandra activation,2026-08-28T11:06:04.000,-26.0975964,28.1043661,85.0,17.0,19.0,18.0,32.0
1195,Alexandra activation,2026-08-28T11:06:09.000,-26.0975983,28.1043689,84.0,18.0,21.0,20.0,32.0
1196,Alexandra activation,2026-08-28T11:06:14.000,-26.0976002,28.1043723,84.0,18.0,21.0,20.0,32.0
1197,Alexandra activation,2026-08-28T11:06:19.000,-26.0976009,28.1043748,84.0,19.0,23.0,21.0,32.0
1198,Alexandra activation,2026-08-28T11:06:24.000,-26.0976011,28.1043767,84.0,19.0,22.0,21.0,32.0
1199,Alexandra activation,2026-08-28T11:06:29.000,-26.0976017,28.1043775,84.0,18.0,20.0,19.0,31.0
1200,Alexandra activation,2026-08-28T11:06:34.000,-26.0976021,28.1043772,84.0,17.0,19.0,18.0,31.0
1201,Alexandra activation,2026-08-28T11:06:39.000,-26.0976015,28.104379,84.0,16.0,18.0,17.0,31.0
1202,Alexandra activation,2026-08-28T11:06:44.000,-26.0975968,28.1043877,84.0,17.0,19.0,18.0,31.0
1203,Alexandra activation,2026-08-28T11:06:49.000,-26.0975939,28.1043902,84.0,17.0,19.0,18.0,31.0
1204,Alexandra activation,2026-08-28T11:06:54.000,-26.0975921,28.1043911,84.0,17.0,19.0,18.0,31.0
1205,Alexandra activation,2026-08-28T11:06:59.000,-26.0975913,28.1043923,84.0,16.0,18.0,17.0,31.0
1206,Alexandra activation,2026-08-28T11:07:04.000,-26.0975905,28.1043928,84.0,16.0,18.0,17.0,31.0
1207,Alexandra activation,2026-08-28T11:07:09.000,-26.09759,28.1043935,84.0,16.0,18.0,17.0,31.0
1208,Alexandra activation,2026-08-28T11:07:14.000,-26.0975892,28.1043936,84.0,17.0,19.0,18.0,31.0
1209,Alexandra activation,2026-08-28T11:07:19.000,-26.0975891,28.1043933,84.0,17.0,19.0,18.0,31.0
1210,Alexandra activation,2026-08-28T11:07:24.000,-26.0975863,28.1043889,84.0,17.0,19.0,18.0,31.0
1211,Alexandra activation,2026-08-28T11:07:29.000,-26.0975806,28.1043763,84.0,17.0,19.0,18.0,31.0
1212,Alexandra activation,2026-08-28T11:07:34.000,-26.0975778,28.1043717,84.0,17.0,19.0,18.0,32.0
1213,Alexandra activation,2026-08-28T11:07:39.000,-26.0975763,28.1043689,84.0,16.0,18.0,17.0,32.0
1214,Alexandra activation,2026-08-28T11:07:44.000,-26.0975758,28.1043648,83.0,15.0,17.0,16.0,32.0
1215,Alexandra activation,2026-08-28T11:07:49.000,-26.0975783,28.1043654,83.0,15.0,17.0,16.0,32.0
1216,Alexandra activation,2026-08-28T11:07:54.000,-26.0975805,28.104366,83.0,15.0,17.0,16.0,32.0
1217,Alexandra activation,2026-08-28T11:07:59.000,-26.0975823,28.104367,83.0,16.0,18.0,17.0,31.0
1218,Alexandra activation,2026-08-28T11:08:04.000,-26.0975834,28.1043682,83.0,15.0,17.0,16.0,31.0
1219,Alexandra activation,2026-08-28T11:08:09.000,-26.0975839,28.1043695,83.0,17.0,19.0,18.0,31.0
1220,Alexandra activation,2026-08-28T11:08:14.000,-26.0975848,28.1043702,83.0,16.0,18.0,17.0,31.0
1221,Alexandra activation,2026-08-28T11:08:19.000,-26.0975848,28.1043705,83.0,16.0,18.0,17.0,31.0
1222,Alexandra activation,2026-08-28T11:08:24.000,-26.0975843,28.1043706,83.0,16.0,18.0,17.0,31.0
1223,Alexandra activation,2026-08-28T11:08:29.000,-26.097584,28.1043709,83.0,16.0,18.0,17.0,31.0
1224,Alexandra activation,2026-08-28T11:08:34.000,-26.0975833,28.1043715,83.0,16.0,18.0,17.0,31.0
1225,Alexandra activation,2026-08-28T11:08:39.000,-26.0975831,28.1043716,83.0,16.0,18.0,17.0,31.0
1226,Alexandra activation,2026-08-28T11:08:44.000,-26.0975833,28.104372,83.0,17.0,20.0,19.0,31.0
1227,Alexandra activation,2026-08-28T11:08:49.000,-26.0975837,28.1043716,83.0,17.0,20.0,19.0,31.0
1228,Alexandra activation,2026-08-28T11:08:54.000,-26.0975872,28.1043708,83.0,16.0,18.0,18.0,31.0
1229,Alexandra activation,2026-08-28T11:08:59.000,-26.0975954,28.1043681,83.0,16.0,18.0,17.0,31.0
1230,Alexandra activation,2026-08-28T11:09:04.000,-26.0975988,28.1043667,83.0,16.0,18.0,17.0,31.0
1231,Alexandra activation,2026-08-28T11:09:09.000,-26.0976022,28.1043661,83.0,16.0,18.0,17.0,31.0
1232,Alexandra activation,2026-08-28T11:09:14.000,-26.0976049,28.1043665,83.0,17.0,19.0,18.0,31.0
1233,Alexandra activation,2026-08-28T11:09:19.000,-26.0976063,28.1043667,83.0,19.0,22.0,21.0,31.0
1234,Alexandra activation,2026-08-28T11:09:24.000,-26.0976073,28.1043667,83.0,19.0,22.0,21.0,31.0
1235,Alexandra activation,2026-08-28T11:09:29.000,-26.097608,28.1043664,83.0,17.0,20.0,19.0,31.0
1236,Alexandra activation,2026-08-28T11:09:34.000,-26.0975924,28.1043605,83.0,16.0,18.0,17.0,32.0
1237,Alexandra activation,2026-08-28T11:09:39.000,-26.0975791,28.1043612,83.0,15.0,18.0,17.0,32.0
1238,Alexandra activation,2026-08-28T11:09:44.000,-26.0975809,28.1043583,83.0,17.0,19.0,18.0,32.0
1239,Alexandra activation,2026-08-28T11:09:49.000,-26.097582,28.1043574,83.0,17.0,19.0,18.0,32.0
1240,Alexandra activation,2026-08-28T11:09:54.000,-26.0975828,28.1043567,83.0,16.0,18.0,17.0,32.0
1241,Alexandra activation,2026-08-28T11:09:59.000,-26.0975834,28.1043567,83.0,16.0,18.0,17.0,32.0
1242,Alexandra activation,2026-08-28T11:10:04.000,-26.0975846,28.1043562,83.0,16.0,18.0,17.0,32.0
1243,Alexandra activation,2026-08-28T11:10:09.000,-26.097579,28.1043617,83.0,17.0,19.0,18.0,32.0
1244,Alexandra activation,2026-08-28T11:10:14.000,-26.0975729,28.1043768,83.0,18.0,20.0,19.0,32.0
1245,Alexandra activation,2026-08-28T11:10:19.000,-26.0975667,28.1043838,83.0,17.0,20.0,19.0,32.0
1246,Alexandra activation,2026-08-28T11:10:24.000,-26.0975644,28.1043911,83.0,17.0,19.0,18.0,32.0
1247,Alexandra activation,2026-08-28T11:10:29.000,-26.0975664,28.1043908,83.0,17.0,20.0,19.0,32.0
1248,Alexandra activation,2026-08-28T11:10:34.000,-26.0975683,28.1043904,83.0,17.0,19.0,18.0,32.0
1249,Alexandra activation,2026-08-28T11:10:39.000,-26.0975693,28.1043894,83.0,16.0,18.0,17.0,32.0
1250,Alexandra activation,2026-08-28T11:10:44.000,-26.0975717,28.1043881,83.0,16.0,18.0,17.0,32.0
1251,Alexandra activation,2026-08-28T11:10:49.000,-26.0975731,28.1043879,83.0,17.0,19.0,18.0,32.0
1252,Alexandra activation,2026-08-28T11:10:54.000,-26.097575,28.1043849,83.0,17.0,20.0,19.0,32.0
1253,Alexandra activation,2026-08-28T11:10:59.000,-26.0975763,28.1043801,83.0,17.0,19.0,18.0,32.0
1254,Alexandra activation,2026-08-28T11:11:04.000,-26.097576,28.1043769,83.0,17.0,19.0,18.0,32.0
1255,Alexandra activation,2026-08-28T11:11:09.000,-26.0975751,28.104374,83.0,18.0,21.0,20.0,32.0
1256,Alexandra activation,2026-08-28T11:11:14.000,-26.0975745,28.1043709,83.0,19.0,23.0,21.0,32.0
1257,Alexandra activation,2026-08-28T11:11:19.000,-26.0975754,28.1043722,83.0,20.0,24.0,22.0,32.0
1258,Alexandra activation,2026-08-28T11:11:24.000,-26.0975754,28.1043714,83.0,18.0,21.0,20.0,32.0
1259,Alexandra activation,2026-08-28T11:11:29.000,-26.0975758,28.1043727,83.0,17.0,19.0,18.0,32.0
1260,Alexandra activation,2026-08-28T11:11:34.000,-26.0975752,28.1043712,83.0,17.0,19.0,18.0,32.0
1261,Alexandra activation,2026-08-28T11:11:39.000,-26.0975754,28.1043724,83.0,17.0,20.0,19.0,32.0
1262,Alexandra activation,2026-08-28T11:11:44.000,-26.0975758,28.1043724,83.0,19.0,23.0,21.0,33.0
1263,Alexandra activation,2026-08-28T11:11:49.000,-26.0975763,28.1043729,83.0,17.0,20.0,19.0,33.0
1264,Alexandra activation,2026-08-28T11:11:54.000,-26.09758,28.104373,83.0,16.0,18.0,17.0,33.0
1265,Alexandra activation,2026-08-28T11:11:59.000,-26.0975916,28.1043742,83.0,16.0,18.0,17.0,33.0
1266,Alexandra activation,2026-08-28T11:12:04.000,-26.0976054,28.1043721,83.0,18.0,21.0,20.0,33.0
1267,Alexandra activation,2026-08-28T11:12:09.000,-26.0975899,28.1043725,83.0,18.0,20.0,19.0,33.0
1268,Alexandra activation,2026-08-28T11:12:14.000,-26.097589,28.104373,83.0,17.0,19.0,18.0,33.0
1269,Alexandra activation,2026-08-28T11:12:19.000,-26.0975894,28.1043731,83.0,18.0,21.0,20.0,33.0
1270,Alexandra activation,2026-08-28T11:12:24.000,-26.0975897,28.1043726,83.0,19.0,23.0,21.0,33.0
