"session_id","latitude","longitude","time","pm2_5","pm10","pm1","rh","f","pm2_5_airquality"
1968078,"6.5751486","3.39544","2026-07-07 14:32:25","13","14","12","91","82","Moderate"
1968078,"6.575152","3.3954437","2026-07-07 14:32:26","14","14","13","91","81","Moderate"
1968078,"6.5751524","3.395445","2026-07-07 14:32:27","14","14","13","91","81","Moderate"
1968078,"6.575156","3.3954492","2026-07-07 14:32:28","14","14","13","91","81","Moderate"
1968078,"6.575157","3.3954506","2026-07-07 14:32:29","14","14","13","91","81","Moderate"
1968078,"6.5751586","3.3954525","2026-07-07 14:32:30","14","14","13","91","82","Moderate"
1968078,"6.5751524","3.39545","2026-07-07 14:32:31","14","14","13","91","82","Moderate"
1968078,"6.5751524","3.39545","2026-07-07 14:32:32","14","14","13","91","82","Moderate"
1968078,"6.575148","3.3954487","2026-07-07 14:32:33","14","14","13","91","82","Moderate"
1968078,"6.575147","3.3954499","2026-07-07 14:32:34","14","14","13","91","82","Moderate"
1968078,"6.575147","3.3954499","2026-07-07 14:32:35","14","14","13","91","82","Moderate"
1968078,"6.5751457","3.3954535","2026-07-07 14:32:36","14","14","13","91","82","Moderate"
1968078,"6.575145","3.395455","2026-07-07 14:32:37","14","14","13","91","82","Moderate"
1968078,"6.575145","3.3954563","2026-07-07 14:32:38","14","14","13","91","82","Moderate"
1968078,"6.5751452","3.3954592","2026-07-07 14:32:39","14","14","13","91","82","Moderate"
1968078,"6.575146","3.3954632","2026-07-07 14:32:40","13","13","12","91","82","Moderate"
1968078,"6.5751467","3.3954675","2026-07-07 14:32:41","13","13","12","91","82","Moderate"
1968078,"6.575147","3.3954706","2026-07-07 14:32:42","13","13","12","91","82","Moderate"
1968078,"6.575148","3.3954737","2026-07-07 14:32:43","13","13","12","91","82","Moderate"
1968078,"6.5751486","3.3954775","2026-07-07 14:32:44","13","13","12","91","82","Moderate"
1968078,"6.5751185","3.3954413","2026-07-07 14:32:45","14","14","13","91","82","Moderate"
1968078,"6.575111","3.3954356","2026-07-07 14:32:46","14","14","13","91","82","Moderate"
1968078,"6.5751066","3.395433","2026-07-07 14:32:47","14","14","13","91","82","Moderate"
1968078,"6.5751057","3.3954322","2026-07-07 14:32:48","14","14","13","91","82","Moderate"
1968078,"6.575106","3.3954334","2026-07-07 14:32:49","14","14","13","91","82","Moderate"
1968078,"6.575106","3.3954334","2026-07-07 14:32:50","15","16","14","91","82","Moderate"
1968078,"6.575106","3.3954334","2026-07-07 14:32:51","14","15","13","91","82","Moderate"
1968078,"6.575106","3.3954334","2026-07-07 14:32:52","14","14","13","90","82","Moderate"
1968078,"6.575106","3.3954334","2026-07-07 14:32:53","14","14","13","90","82","Moderate"
1968078,"6.575106","3.3954334","2026-07-07 14:32:54","14","14","13","90","82","Moderate"
1968078,"6.575106","3.3954334","2026-07-07 14:32:55","14","14","13","90","82","Moderate"
1968078,"6.575106","3.3954334","2026-07-07 14:32:56","14","14","13","90","82","Moderate"
1968078,"6.575106","3.3954334","2026-07-07 14:32:57","15","16","14","90","82","Moderate"
1968078,"6.575106","3.3954334","2026-07-07 14:32:58","15","16","14","90","82","Moderate"
1968078,"6.575106","3.3954334","2026-07-07 14:32:59","15","16","14","90","82","Moderate"
1968078,"6.575106","3.3954334","2026-07-07 14:33:00","15","16","14","90","82","Moderate"
1968078,"6.575106","3.3954334","2026-07-07 14:33:01","15","16","14","90","82","Moderate"
1968078,"6.575106","3.3954334","2026-07-07 14:33:02","15","16","14","90","82","Moderate"
1968078,"6.575106","3.3954334","2026-07-07 14:33:03","15","16","14","90","82","Moderate"
1968078,"6.575106","3.3954334","2026-07-07 14:33:04","14","14","13","89","82","Moderate"
1968078,"6.575106","3.3954334","2026-07-07 14:33:05","14","15","13","89","82","Moderate"
1968078,"6.575106","3.3954334","2026-07-07 14:33:06","14","14","13","89","82","Moderate"
1968078,"6.575106","3.3954334","2026-07-07 14:33:07","13","13","12","89","82","Moderate"
1968078,"6.575106","3.3954334","2026-07-07 14:33:08","13","13","12","89","82","Moderate"
1968078,"6.575106","3.3954334","2026-07-07 14:33:09","13","13","12","89","82","Moderate"
1968078,"6.575106","3.3954334","2026-07-07 14:33:10","13","13","12","89","82","Moderate"
1968078,"6.575106","3.3954334","2026-07-07 14:33:11","12","12","11","89","82","Good"
1968078,"6.575106","3.3954334","2026-07-07 14:33:12","12","12","11","89","82","Good"
1968078,"6.575106","3.3954334","2026-07-07 14:33:13","13","13","12","89","82","Moderate"
1968078,"6.575106","3.3954334","2026-07-07 14:33:14","13","13","12","89","82","Moderate"
1968078,"6.575106","3.3954334","2026-07-07 14:33:15","13","13","12","88","82","Moderate"
1968078,"6.575106","3.3954334","2026-07-07 14:33:16","13","13","12","88","82","Moderate"
1968078,"6.575106","3.3954334","2026-07-07 14:33:17","13","13","12","88","82","Moderate"
1968078,"6.575106","3.3954334","2026-07-07 14:33:18","13","13","12","88","82","Moderate"
1968078,"6.575106","3.3954334","2026-07-07 14:33:19","13","13","12","88","82","Moderate"
1968078,"6.575106","3.3954334","2026-07-07 14:33:20","13","13","12","88","82","Moderate"
1968078,"6.575106","3.3954334","2026-07-07 14:33:21","12","12","11","88","82","Good"
1968078,"6.575106","3.3954334","2026-07-07 14:33:22","12","12","11","88","82","Good"
1968078,"6.575106","3.3954334","2026-07-07 14:33:23","12","12","11","88","83","Good"
1968078,"6.575106","3.3954334","2026-07-07 14:33:24","12","12","11","88","82","Good"
1968078,"6.575106","3.3954334","2026-07-07 14:33:25","12","12","11","88","83","Good"
1968078,"6.575106","3.3954334","2026-07-07 14:33:26","12","12","11","88","83","Good"
1968078,"6.575106","3.3954334","2026-07-07 14:33:27","12","13","11","88","83","Good"
1968078,"6.575106","3.3954334","2026-07-07 14:33:28","14","14","13","89","83","Moderate"
1968078,"6.575106","3.3954334","2026-07-07 14:33:29","14","14","13","89","83","Moderate"
1968078,"6.575106","3.3954334","2026-07-07 14:33:30","14","14","13","89","83","Moderate"
1968078,"6.575106","3.3954334","2026-07-07 14:33:31","14","14","13","89","83","Moderate"
1968078,"6.575106","3.3954334","2026-07-07 14:33:32","14","14","13","89","83","Moderate"
1968078,"6.575106","3.3954334","2026-07-07 14:33:33","14","14","13","89","83","Moderate"
1968078,"6.575106","3.3954334","2026-07-07 14:33:34","14","14","13","89","83","Moderate"
1968078,"6.575106","3.3954334","2026-07-07 14:33:35","14","14","13","89","83","Moderate"
1968078,"6.575106","3.3954334","2026-07-07 14:33:36","14","14","13","89","83","Moderate"
1968078,"6.575106","3.3954334","2026-07-07 14:33:37","14","14","13","89","83","Moderate"
1968078,"6.575106","3.3954334","2026-07-07 14:33:38","14","14","13","89","83","Moderate"
1968078,"6.575106","3.3954334","2026-07-07 14:33:39","14","14","13","89","83","Moderate"
1968078,"6.575106","3.3954334","2026-07-07 14:33:40","14","14","13","89","83","Moderate"
1968078,"6.575106","3.3954334","2026-07-07 14:33:41","14","14","13","89","83","Moderate"
1968078,"6.575106","3.3954334","2026-07-07 14:33:42","13","13","12","89","83","Moderate"
1968078,"6.575106","3.3954334","2026-07-07 14:33:43","13","13","12","89","83","Moderate"
1968078,"6.575106","3.3954334","2026-07-07 14:33:44","13","13","12","89","83","Moderate"
1968078,"6.575106","3.3954334","2026-07-07 14:33:45","14","14","13","89","83","Moderate"
1968078,"6.575106","3.3954334","2026-07-07 14:33:46","14","14","13","89","83","Moderate"
1968078,"6.575106","3.3954334","2026-07-07 14:33:47","14","14","13","89","83","Moderate"
1968078,"6.575106","3.3954334","2026-07-07 14:33:48","14","14","13","89","83","Moderate"
1968078,"6.575106","3.3954334","2026-07-07 14:33:49","14","14","13","89","83","Moderate"
1968078,"6.575106","3.3954334","2026-07-07 14:33:50","14","14","13","89","83","Moderate"
1968078,"6.575106","3.3954334","2026-07-07 14:33:51","14","14","13","89","83","Moderate"
1968078,"6.575106","3.3954334","2026-07-07 14:33:52","14","14","13","89","83","Moderate"
1968078,"6.575106","3.3954334","2026-07-07 14:33:53","13","13","12","89","83","Moderate"
1968078,"6.575106","3.3954334","2026-07-07 14:33:54","13","13","12","89","83","Moderate"
1968078,"6.575106","3.3954334","2026-07-07 14:33:55","13","13","12","89","83","Moderate"
1968078,"6.575106","3.3954334","2026-07-07 14:33:56","13","13","12","89","83","Moderate"
1968078,"6.575106","3.3954334","2026-07-07 14:33:57","13","13","12","89","83","Moderate"
1968078,"6.575106","3.3954334","2026-07-07 14:33:58","14","14","13","89","83","Moderate"
1968078,"6.575106","3.3954334","2026-07-07 14:33:59","14","14","13","89","83","Moderate"
1968078,"6.575106","3.3954334","2026-07-07 14:34:00","14","14","13","89","83","Moderate"
1968078,"6.575106","3.3954334","2026-07-07 14:34:01","14","14","13","89","83","Moderate"
1968078,"6.575106","3.3954334","2026-07-07 14:34:02","14","14","13","89","83","Moderate"
1968078,"6.575106","3.3954334","2026-07-07 14:34:03","13","14","12","89","83","Moderate"
1968078,"6.575106","3.3954334","2026-07-07 14:34:04","13","13","12","89","83","Moderate"
1968078,"6.575106","3.3954334","2026-07-07 14:34:05","13","13","12","89","83","Moderate"
1968078,"6.575106","3.3954334","2026-07-07 14:34:06","14","14","13","89","83","Moderate"
1968078,"6.575106","3.3954334","2026-07-07 14:34:07","13","13","12","89","83","Moderate"
1968078,"6.575106","3.3954334","2026-07-07 14:34:08","13","13","12","89","83","Moderate"
1968078,"6.575106","3.3954334","2026-07-07 14:34:09","12","12","11","89","83","Good"
1968078,"6.575106","3.3954334","2026-07-07 14:34:10","12","12","11","89","83","Good"
1968078,"6.575106","3.3954334","2026-07-07 14:34:11","13","13","12","89","83","Moderate"
1968078,"6.575106","3.3954334","2026-07-07 14:34:12","14","14","13","89","83","Moderate"
1968078,"6.575106","3.3954334","2026-07-07 14:34:13","14","14","13","90","83","Moderate"
1968078,"6.575106","3.3954334","2026-07-07 14:34:14","14","14","13","90","83","Moderate"
1968078,"6.575106","3.3954334","2026-07-07 14:34:15","14","14","13","90","83","Moderate"
1968078,"6.575106","3.3954334","2026-07-07 14:34:16","14","14","13","90","84","Moderate"
1968078,"6.575106","3.3954334","2026-07-07 14:34:17","14","14","13","90","84","Moderate"
1968078,"6.575106","3.3954334","2026-07-07 14:34:18","13","13","12","90","84","Moderate"
1968078,"6.575106","3.3954334","2026-07-07 14:34:19","12","12","11","90","84","Good"
1968078,"6.575106","3.3954334","2026-07-07 14:34:20","12","12","11","90","84","Good"
1968078,"6.575106","3.3954334","2026-07-07 14:34:21","13","13","12","90","84","Moderate"
1968078,"6.575106","3.3954334","2026-07-07 14:34:22","13","13","12","90","84","Moderate"
1968078,"6.575106","3.3954334","2026-07-07 14:34:23","13","13","12","90","84","Moderate"
1968078,"6.575106","3.3954334","2026-07-07 14:34:24","13","13","12","90","84","Moderate"
1968078,"6.575106","3.3954334","2026-07-07 14:34:25","13","13","12","90","84","Moderate"
1968078,"6.575106","3.3954334","2026-07-07 14:34:26","13","13","12","90","84","Moderate"
1968078,"6.575106","3.3954334","2026-07-07 14:34:27","12","12","11","90","84","Good"
1968078,"6.575106","3.3954334","2026-07-07 14:34:28","10","11","10","90","84","Good"
1968078,"6.575106","3.3954334","2026-07-07 14:34:29","10","11","10","89","84","Good"
1968078,"6.575106","3.3954334","2026-07-07 14:34:30","10","11","10","89","84","Good"
1968078,"6.575106","3.3954334","2026-07-07 14:34:31","10","11","10","89","84","Good"
1968078,"6.575106","3.3954334","2026-07-07 14:34:32","10","11","10","89","84","Good"
1968078,"6.575106","3.3954334","2026-07-07 14:34:33","12","12","11","89","84","Good"
1968078,"6.575106","3.3954334","2026-07-07 14:34:34","12","12","11","89","84","Good"
1968078,"6.575106","3.3954334","2026-07-07 14:34:35","12","12","11","89","84","Good"
1968078,"6.575106","3.3954334","2026-07-07 14:34:36","12","12","11","89","84","Good"
1968078,"6.575106","3.3954334","2026-07-07 14:34:37","10","11","10","88","84","Good"
1968078,"6.575106","3.3954334","2026-07-07 14:34:38","10","11","10","88","84","Good"
1968078,"6.575106","3.3954334","2026-07-07 14:34:39","10","11","10","88","84","Good"
1968078,"6.575106","3.3954334","2026-07-07 14:34:40","10","11","10","88","84","Good"
1968078,"6.575106","3.3954334","2026-07-07 14:34:41","10","11","10","88","84","Good"
1968078,"6.575106","3.3954334","2026-07-07 14:34:42","12","12","11","88","84","Good"
1968078,"6.575106","3.3954334","2026-07-07 14:34:43","12","12","11","87","84","Good"
1968078,"6.575106","3.3954334","2026-07-07 14:34:44","13","13","12","87","84","Moderate"
1968078,"6.575106","3.3954334","2026-07-07 14:34:45","12","12","11","87","84","Good"
1968078,"6.575106","3.3954334","2026-07-07 14:34:46","12","12","11","87","84","Good"
1968078,"6.575106","3.3954334","2026-07-07 14:34:47","12","13","11","87","84","Good"
1968078,"6.575106","3.3954334","2026-07-07 14:34:48","13","13","12","87","84","Moderate"
1968078,"6.575106","3.3954334","2026-07-07 14:34:49","13","13","12","87","84","Moderate"
1968078,"6.575106","3.3954334","2026-07-07 14:34:50","13","13","12","87","84","Moderate"
1968078,"6.575106","3.3954334","2026-07-07 14:34:51","13","13","12","87","84","Moderate"
1968078,"6.575106","3.3954334","2026-07-07 14:34:52","13","13","12","87","84","Moderate"
1968078,"6.575106","3.3954334","2026-07-07 14:34:53","13","13","12","87","84","Moderate"
1968078,"6.575106","3.3954334","2026-07-07 14:34:54","14","15","13","87","84","Moderate"
1968078,"6.575106","3.3954334","2026-07-07 14:34:55","15","16","14","87","84","Moderate"
1968078,"6.575106","3.3954334","2026-07-07 14:34:56","15","16","14","87","84","Moderate"
1968078,"6.575106","3.3954334","2026-07-07 14:34:57","15","16","14","87","84","Moderate"
1968078,"6.575106","3.3954334","2026-07-07 14:34:58","15","16","14","87","84","Moderate"
1968078,"6.575106","3.3954334","2026-07-07 14:34:59","15","16","14","87","84","Moderate"
1968078,"6.575106","3.3954334","2026-07-07 14:35:00","15","16","14","87","84","Moderate"
1968078,"6.575106","3.3954334","2026-07-07 14:35:01","15","16","14","87","84","Moderate"
1968078,"6.575106","3.3954334","2026-07-07 14:35:02","14","14","13","88","84","Moderate"
1968078,"6.575106","3.3954334","2026-07-07 14:35:03","14","14","13","88","84","Moderate"
1968078,"6.575106","3.3954334","2026-07-07 14:35:04","14","14","13","88","84","Moderate"
1968078,"6.575106","3.3954334","2026-07-07 14:35:05","13","13","12","88","85","Moderate"
1968078,"6.575106","3.3954334","2026-07-07 14:35:06","13","13","12","88","85","Moderate"
1968078,"6.575106","3.3954334","2026-07-07 14:35:07","13","13","12","88","85","Moderate"
1968078,"6.575106","3.3954334","2026-07-07 14:35:08","13","13","12","88","85","Moderate"
1968078,"6.575106","3.3954334","2026-07-07 14:35:09","13","13","12","88","85","Moderate"
1968078,"6.575106","3.3954334","2026-07-07 14:35:10","13","13","12","88","85","Moderate"
1968078,"6.575106","3.3954334","2026-07-07 14:35:11","13","13","12","88","85","Moderate"
1968078,"6.575106","3.3954334","2026-07-07 14:35:12","12","12","11","88","85","Good"
1968078,"6.575106","3.3954334","2026-07-07 14:35:13","12","12","11","88","85","Good"
1968078,"6.575106","3.3954334","2026-07-07 14:35:14","12","12","11","88","85","Good"
1968078,"6.575106","3.3954334","2026-07-07 14:35:15","12","12","11","88","85","Good"
1968078,"6.575106","3.3954334","2026-07-07 14:35:16","13","13","12","88","85","Moderate"
1968078,"6.575106","3.3954334","2026-07-07 14:35:17","13","13","12","88","85","Moderate"
1968078,"6.575106","3.3954334","2026-07-07 14:35:18","13","13","12","88","85","Moderate"
1968078,"6.575106","3.3954334","2026-07-07 14:35:19","13","13","12","88","85","Moderate"
1968078,"6.575106","3.3954334","2026-07-07 14:35:20","13","13","12","88","85","Moderate"
1968078,"6.575106","3.3954334","2026-07-07 14:35:21","13","13","12","88","85","Moderate"
1968078,"6.575106","3.3954334","2026-07-07 14:35:22","13","13","12","87","85","Moderate"
1968078,"6.575106","3.3954334","2026-07-07 14:35:23","13","13","12","87","85","Moderate"
1968078,"6.575106","3.3954334","2026-07-07 14:35:24","13","13","12","87","85","Moderate"
1968078,"6.575106","3.3954334","2026-07-07 14:35:25","13","13","12","87","85","Moderate"
1968078,"6.575106","3.3954334","2026-07-07 14:35:26","13","13","12","87","85","Moderate"
1968078,"6.575106","3.3954334","2026-07-07 14:35:27","13","13","12","87","85","Moderate"
1968078,"6.575106","3.3954334","2026-07-07 14:35:28","12","12","11","86","85","Good"
1968078,"6.575106","3.3954334","2026-07-07 14:35:29","12","12","11","86","85","Good"
1968078,"6.575106","3.3954334","2026-07-07 14:35:30","12","12","11","86","85","Good"
1968078,"6.575106","3.3954334","2026-07-07 14:35:31","10","11","10","86","85","Good"
1968078,"6.575106","3.3954334","2026-07-07 14:35:32","10","11","10","86","85","Good"
1968078,"6.575106","3.3954334","2026-07-07 14:35:33","10","11","10","86","85","Good"
1968078,"6.575106","3.3954334","2026-07-07 14:35:34","10","11","10","86","85","Good"
1968078,"6.575106","3.3954334","2026-07-07 14:35:35","10","11","10","86","85","Good"
1968078,"6.575106","3.3954334","2026-07-07 14:35:36","9","10","8","86","85","Good"
1968078,"6.575106","3.3954334","2026-07-07 14:35:37","9","10","8","86","85","Good"
1968078,"6.575106","3.3954334","2026-07-07 14:35:38","10","11","10","86","85","Good"
1968078,"6.575106","3.3954334","2026-07-07 14:35:39","10","11","10","86","85","Good"
1968078,"6.575106","3.3954334","2026-07-07 14:35:40","10","11","10","85","85","Good"
1968078,"6.575106","3.3954334","2026-07-07 14:35:41","9","10","8","85","85","Good"
1968078,"6.575106","3.3954334","2026-07-07 14:35:42","9","10","8","85","85","Good"
1968078,"6.575106","3.3954334","2026-07-07 14:35:43","9","10","8","85","85","Good"
1968078,"6.575106","3.3954334","2026-07-07 14:35:44","10","11","10","85","85","Good"
1968078,"6.575106","3.3954334","2026-07-07 14:35:45","10","11","10","85","85","Good"
1968078,"6.575106","3.3954334","2026-07-07 14:35:46","10","11","10","85","85","Good"
1968078,"6.575106","3.3954334","2026-07-07 14:35:47","12","12","11","85","85","Good"
1968078,"6.575106","3.3954334","2026-07-07 14:35:48","12","12","11","85","85","Good"
1968078,"6.575106","3.3954334","2026-07-07 14:35:49","12","12","11","85","85","Good"
1968078,"6.575106","3.3954334","2026-07-07 14:35:50","10","11","10","85","85","Good"
1968078,"6.575106","3.3954334","2026-07-07 14:35:51","10","11","10","85","85","Good"
1968078,"6.575106","3.3954334","2026-07-07 14:35:52","9","10","8","85","85","Good"
1968078,"6.575106","3.3954334","2026-07-07 14:35:53","9","10","8","85","85","Good"
1968078,"6.575106","3.3954334","2026-07-07 14:35:54","9","10","8","85","85","Good"
1968078,"6.575106","3.3954334","2026-07-07 14:35:55","9","10","8","85","85","Good"
1968078,"6.575106","3.3954334","2026-07-07 14:35:56","12","12","11","85","85","Good"
1968078,"6.575106","3.3954334","2026-07-07 14:35:57","12","12","11","85","85","Good"
1968078,"6.575106","3.3954334","2026-07-07 14:35:58","12","12","11","85","85","Good"
1968078,"6.575106","3.3954334","2026-07-07 14:35:59","12","12","11","85","86","Good"
1968078,"6.575106","3.3954334","2026-07-07 14:36:00","12","12","11","85","86","Good"
1968078,"6.575106","3.3954334","2026-07-07 14:36:01","12","12","11","85","86","Good"
1968078,"6.575106","3.3954334","2026-07-07 14:36:02","12","12","11","85","86","Good"
1968078,"6.575106","3.3954334","2026-07-07 14:36:03","12","12","11","85","86","Good"
1968078,"6.575106","3.3954334","2026-07-07 14:36:04","12","12","11","85","86","Good"
1968078,"6.575106","3.3954334","2026-07-07 14:36:05","12","12","11","85","86","Good"
1968078,"6.575106","3.3954334","2026-07-07 14:36:06","12","12","11","85","86","Good"
1968078,"6.575106","3.3954334","2026-07-07 14:36:07","12","12","11","84","86","Good"
1968078,"6.575106","3.3954334","2026-07-07 14:36:08","12","12","11","84","86","Good"
1968078,"6.575106","3.3954334","2026-07-07 14:36:09","12","12","11","84","86","Good"
1968078,"6.575106","3.3954334","2026-07-07 14:36:10","13","13","12","84","86","Moderate"
1968078,"6.575106","3.3954334","2026-07-07 14:36:11","12","12","11","84","86","Good"
1968078,"6.575106","3.3954334","2026-07-07 14:36:12","12","12","11","84","86","Good"
1968078,"6.575106","3.3954334","2026-07-07 14:36:13","12","12","11","84","86","Good"
1968078,"6.575106","3.3954334","2026-07-07 14:36:14","12","12","11","84","86","Good"
1968078,"6.575106","3.3954334","2026-07-07 14:36:15","12","12","11","84","86","Good"
1968078,"6.575106","3.3954334","2026-07-07 14:36:16","12","12","11","84","86","Good"
1968078,"6.575106","3.3954334","2026-07-07 14:36:17","12","12","11","84","86","Good"
1968078,"6.575106","3.3954334","2026-07-07 14:36:18","12","12","11","84","86","Good"
1968078,"6.575106","3.3954334","2026-07-07 14:36:19","10","11","10","84","86","Good"
1968078,"6.575106","3.3954334","2026-07-07 14:36:20","12","12","11","84","86","Good"
1968078,"6.575106","3.3954334","2026-07-07 14:36:21","12","12","11","84","86","Good"
1968078,"6.575106","3.3954334","2026-07-07 14:36:22","12","12","11","84","86","Good"
1968078,"6.575106","3.3954334","2026-07-07 14:36:23","10","11","10","84","86","Good"
1968078,"6.575106","3.3954334","2026-07-07 14:36:24","10","11","10","84","86","Good"
1968078,"6.575106","3.3954334","2026-07-07 14:36:25","10","11","10","85","86","Good"
1968078,"6.575106","3.3954334","2026-07-07 14:36:26","12","12","11","85","86","Good"
1968078,"6.575106","3.3954334","2026-07-07 14:36:27","12","12","11","85","86","Good"
1968078,"6.575106","3.3954334","2026-07-07 14:36:28","10","11","10","84","86","Good"
1968078,"6.575106","3.3954334","2026-07-07 14:36:29","12","12","11","84","86","Good"
1968078,"6.575106","3.3954334","2026-07-07 14:36:30","12","12","11","84","86","Good"
1968078,"6.575106","3.3954334","2026-07-07 14:36:31","10","11","10","84","86","Good"
1968078,"6.575106","3.3954334","2026-07-07 14:36:32","9","10","8","84","86","Good"
1968078,"6.575106","3.3954334","2026-07-07 14:36:33","10","11","10","83","86","Good"
1968078,"6.575106","3.3954334","2026-07-07 14:36:34","10","11","10","83","86","Good"
1968078,"6.575106","3.3954334","2026-07-07 14:36:35","12","12","11","83","86","Good"
1968078,"6.575106","3.3954334","2026-07-07 14:36:36","13","13","12","83","86","Moderate"
1968078,"6.575106","3.3954334","2026-07-07 14:36:37","13","13","12","83","86","Moderate"
1968078,"6.575106","3.3954334","2026-07-07 14:36:38","14","14","13","83","86","Moderate"
1968078,"6.575106","3.3954334","2026-07-07 14:36:39","14","14","13","83","86","Moderate"
1968078,"6.575106","3.3954334","2026-07-07 14:36:40","14","14","13","83","86","Moderate"
1968078,"6.575106","3.3954334","2026-07-07 14:36:41","14","14","13","83","86","Moderate"
1968078,"6.575106","3.3954334","2026-07-07 14:36:42","13","13","12","83","86","Moderate"
1968078,"6.575106","3.3954334","2026-07-07 14:36:43","13","13","12","83","86","Moderate"
1968078,"6.575106","3.3954334","2026-07-07 14:36:44","13","13","12","82","86","Moderate"
1968078,"6.575106","3.3954334","2026-07-07 14:36:45","13","13","12","82","86","Moderate"
1968078,"6.575106","3.3954334","2026-07-07 14:36:46","13","13","12","82","86","Moderate"
1968078,"6.575106","3.3954334","2026-07-07 14:36:47","14","14","13","82","86","Moderate"
1968078,"6.575106","3.3954334","2026-07-07 14:36:48","14","14","13","82","86","Moderate"
1968078,"6.575106","3.3954334","2026-07-07 14:36:49","14","14","13","82","86","Moderate"
1968078,"6.575106","3.3954334","2026-07-07 14:36:50","13","14","12","82","86","Moderate"
1968078,"6.575106","3.3954334","2026-07-07 14:36:51","13","13","12","82","86","Moderate"
1968078,"6.575106","3.3954334","2026-07-07 14:36:52","13","13","12","82","86","Moderate"
1968078,"6.575106","3.3954334","2026-07-07 14:36:53","13","13","12","82","86","Moderate"
1968078,"6.575106","3.3954334","2026-07-07 14:36:54","13","13","12","82","86","Moderate"
1968078,"6.575106","3.3954334","2026-07-07 14:36:55","13","13","12","82","86","Moderate"
1968078,"6.575106","3.3954334","2026-07-07 14:36:56","12","12","11","82","86","Good"
1968078,"6.575106","3.3954334","2026-07-07 14:36:57","12","12","11","82","86","Good"
1968078,"6.575106","3.3954334","2026-07-07 14:36:58","12","12","11","82","86","Good"
1968078,"6.575106","3.3954334","2026-07-07 14:36:59","10","11","10","82","86","Good"
1968078,"6.575106","3.3954334","2026-07-07 14:37:00","10","11","10","82","86","Good"
1968078,"6.575106","3.3954334","2026-07-07 14:37:01","10","11","10","82","86","Good"
1968078,"6.575106","3.3954334","2026-07-07 14:37:02","9","10","8","82","87","Good"
1968078,"6.575106","3.3954334","2026-07-07 14:37:03","9","10","8","82","87","Good"
1968078,"6.575106","3.3954334","2026-07-07 14:37:04","9","10","8","82","86","Good"
1968078,"6.575106","3.3954334","2026-07-07 14:37:05","9","10","8","81","87","Good"
1968078,"6.575106","3.3954334","2026-07-07 14:37:06","9","10","8","81","87","Good"
1968078,"6.575106","3.3954334","2026-07-07 14:37:07","9","10","8","81","87","Good"
1968078,"6.575106","3.3954334","2026-07-07 14:37:08","8","8","7","81","87","Good"
1968078,"6.575106","3.3954334","2026-07-07 14:37:09","8","8","7","81","87","Good"
1968078,"6.575106","3.3954334","2026-07-07 14:37:10","8","8","7","81","87","Good"
1968078,"6.575106","3.3954334","2026-07-07 14:37:11","9","10","8","81","87","Good"
1968078,"6.575106","3.3954334","2026-07-07 14:37:12","9","10","8","81","87","Good"
1968078,"6.575106","3.3954334","2026-07-07 14:37:13","9","10","8","81","87","Good"
1968078,"6.575106","3.3954334","2026-07-07 14:37:14","9","10","8","81","87","Good"
1968078,"6.575106","3.3954334","2026-07-07 14:37:15","10","11","10","81","87","Good"
1968078,"6.575106","3.3954334","2026-07-07 14:37:16","10","11","10","81","87","Good"
1968078,"6.575106","3.3954334","2026-07-07 14:37:17","10","11","10","81","87","Good"
1968078,"6.575106","3.3954334","2026-07-07 14:37:18","10","11","10","81","87","Good"
1968078,"6.575106","3.3954334","2026-07-07 14:37:19","10","11","10","81","87","Good"
1968078,"6.575106","3.3954334","2026-07-07 14:37:20","12","12","11","81","87","Good"
1968078,"6.575106","3.3954334","2026-07-07 14:37:21","12","12","11","81","87","Good"
1968078,"6.575106","3.3954334","2026-07-07 14:37:22","10","11","10","81","87","Good"
1968078,"6.575106","3.3954334","2026-07-07 14:37:23","10","11","10","81","87","Good"
1968078,"6.575106","3.3954334","2026-07-07 14:37:24","10","11","10","81","87","Good"
1968078,"6.575106","3.3954334","2026-07-07 14:37:25","10","11","10","81","87","Good"
1968078,"6.575106","3.3954334","2026-07-07 14:37:26","12","12","11","81","87","Good"
1968078,"6.575106","3.3954334","2026-07-07 14:37:27","12","12","11","81","87","Good"
1968078,"6.575106","3.3954334","2026-07-07 14:37:28","12","12","11","81","87","Good"
1968078,"6.575106","3.3954334","2026-07-07 14:37:29","13","13","12","81","87","Moderate"
1968078,"6.575106","3.3954334","2026-07-07 14:37:30","13","13","12","81","87","Moderate"
1968078,"6.575106","3.3954334","2026-07-07 14:37:31","13","13","12","81","87","Moderate"
1968078,"6.575106","3.3954334","2026-07-07 14:37:32","12","12","11","81","87","Good"
1968078,"6.575106","3.3954334","2026-07-07 14:37:33","10","11","10","81","87","Good"
1968078,"6.575106","3.3954334","2026-07-07 14:37:34","10","11","10","81","87","Good"
1968078,"6.575106","3.3954334","2026-07-07 14:37:35","10","11","10","80","87","Good"
1968078,"6.575106","3.3954334","2026-07-07 14:37:36","12","12","11","80","87","Good"
1968078,"6.575106","3.3954334","2026-07-07 14:37:37","10","11","10","80","87","Good"
1968078,"6.575106","3.3954334","2026-07-07 14:37:38","9","10","8","80","87","Good"
1968078,"6.575106","3.3954334","2026-07-07 14:37:39","9","10","8","80","87","Good"
1968078,"6.575106","3.3954334","2026-07-07 14:37:40","11","11","10","80","87","Good"
1968078,"6.575106","3.3954334","2026-07-07 14:37:41","12","12","11","80","87","Good"
1968078,"6.575106","3.3954334","2026-07-07 14:37:42","12","12","11","80","87","Good"
1968078,"6.575106","3.3954334","2026-07-07 14:37:43","10","11","10","80","87","Good"
1968078,"6.575106","3.3954334","2026-07-07 14:37:44","10","11","10","80","87","Good"
1968078,"6.575106","3.3954334","2026-07-07 14:37:45","10","11","10","80","87","Good"
1968078,"6.575106","3.3954334","2026-07-07 14:37:46","10","11","10","80","87","Good"
1968078,"6.575106","3.3954334","2026-07-07 14:37:47","9","10","8","80","87","Good"
1968078,"6.575106","3.3954334","2026-07-07 14:37:48","9","10","8","80","87","Good"
1968078,"6.575106","3.3954334","2026-07-07 14:37:49","10","11","10","80","87","Good"
1968078,"6.575106","3.3954334","2026-07-07 14:37:50","12","12","11","80","87","Good"
1968078,"6.575106","3.3954334","2026-07-07 14:37:51","12","12","11","80","87","Good"
1968078,"6.575106","3.3954334","2026-07-07 14:37:52","12","12","11","80","87","Good"
1968078,"6.575106","3.3954334","2026-07-07 14:37:53","12","12","11","80","87","Good"
1968078,"6.575106","3.3954334","2026-07-07 14:37:54","12","12","11","80","87","Good"
1968078,"6.575106","3.3954334","2026-07-07 14:37:55","12","13","11","80","87","Good"
1968078,"6.575106","3.3954334","2026-07-07 14:37:56","12","12","11","80","87","Good"
1968078,"6.575106","3.3954334","2026-07-07 14:37:57","12","12","11","80","87","Good"
1968078,"6.575106","3.3954334","2026-07-07 14:37:58","10","11","10","80","87","Good"
1968078,"6.575106","3.3954334","2026-07-07 14:37:59","10","11","10","80","87","Good"
1968078,"6.575106","3.3954334","2026-07-07 14:38:00","10","11","10","80","87","Good"
1968078,"6.575106","3.3954334","2026-07-07 14:38:01","10","11","10","80","87","Good"
1968078,"6.575106","3.3954334","2026-07-07 14:38:02","10","11","10","80","87","Good"
1968078,"6.575106","3.3954334","2026-07-07 14:38:03","10","11","10","80","87","Good"
1968078,"6.575106","3.3954334","2026-07-07 14:38:04","10","11","10","80","87","Good"
1968078,"6.575106","3.3954334","2026-07-07 14:38:05","10","11","10","80","87","Good"
1968078,"6.575106","3.3954334","2026-07-07 14:38:06","10","11","10","80","87","Good"
1968078,"6.575106","3.3954334","2026-07-07 14:38:07","12","12","11","80","87","Good"
1968078,"6.575106","3.3954334","2026-07-07 14:38:08","12","12","11","80","87","Good"
1968078,"6.575106","3.3954334","2026-07-07 14:38:09","12","12","11","80","87","Good"
1968078,"6.575106","3.3954334","2026-07-07 14:38:10","13","13","12","80","87","Moderate"
1968078,"6.575106","3.3954334","2026-07-07 14:38:11","13","13","12","79","87","Moderate"
1968078,"6.575106","3.3954334","2026-07-07 14:38:12","13","13","12","79","87","Moderate"
1968078,"6.575106","3.3954334","2026-07-07 14:38:13","13","13","12","79","87","Moderate"
1968078,"6.575106","3.3954334","2026-07-07 14:38:14","13","13","12","79","87","Moderate"
1968078,"6.575106","3.3954334","2026-07-07 14:38:15","13","13","12","79","87","Moderate"
1968078,"6.575106","3.3954334","2026-07-07 14:38:16","13","13","12","79","87","Moderate"
1968078,"6.575106","3.3954334","2026-07-07 14:38:17","13","13","12","79","87","Moderate"
1968078,"6.575106","3.3954334","2026-07-07 14:38:18","13","13","12","79","87","Moderate"
1968078,"6.575106","3.3954334","2026-07-07 14:38:19","12","12","11","79","87","Good"
1968078,"6.575106","3.3954334","2026-07-07 14:38:20","12","12","11","79","87","Good"
1968078,"6.575106","3.3954334","2026-07-07 14:38:21","12","12","11","79","87","Good"
1968078,"6.575106","3.3954334","2026-07-07 14:38:22","13","13","12","79","87","Moderate"
1968078,"6.575106","3.3954334","2026-07-07 14:38:23","13","13","12","79","87","Moderate"
1968078,"6.575106","3.3954334","2026-07-07 14:38:24","12","12","11","79","87","Good"
1968078,"6.575106","3.3954334","2026-07-07 14:38:25","12","12","11","79","87","Good"
1968078,"6.575106","3.3954334","2026-07-07 14:38:26","12","12","11","79","87","Good"
1968078,"6.575106","3.3954334","2026-07-07 14:38:27","12","12","11","79","87","Good"
1968078,"6.575106","3.3954334","2026-07-07 14:38:28","12","12","11","79","88","Good"
1968078,"6.575106","3.3954334","2026-07-07 14:38:29","12","12","11","79","88","Good"
1968078,"6.575106","3.3954334","2026-07-07 14:38:30","12","12","11","79","88","Good"
1968078,"6.575106","3.3954334","2026-07-07 14:38:31","10","11","10","79","88","Good"
1968078,"6.575106","3.3954334","2026-07-07 14:38:32","10","11","10","79","88","Good"
1968078,"6.575106","3.3954334","2026-07-07 14:38:33","10","11","10","79","88","Good"
1968078,"6.575106","3.3954334","2026-07-07 14:38:34","12","12","11","79","88","Good"
1968078,"6.575106","3.3954334","2026-07-07 14:38:35","12","12","11","79","88","Good"
1968078,"6.575106","3.3954334","2026-07-07 14:38:36","12","12","11","79","88","Good"
1968078,"6.575106","3.3954334","2026-07-07 14:38:37","12","12","11","79","88","Good"
1968078,"6.575106","3.3954334","2026-07-07 14:38:38","12","12","11","79","88","Good"
1968078,"6.575106","3.3954334","2026-07-07 14:38:39","12","12","11","79","88","Good"
1968078,"6.575106","3.3954334","2026-07-07 14:38:40","12","12","11","79","88","Good"
1968078,"6.575106","3.3954334","2026-07-07 14:38:41","12","12","11","79","88","Good"
1968078,"6.575106","3.3954334","2026-07-07 14:38:42","13","13","12","79","88","Moderate"
1968078,"6.575106","3.3954334","2026-07-07 14:38:43","12","12","11","79","88","Good"
1968078,"6.575106","3.3954334","2026-07-07 14:38:44","12","12","11","79","88","Good"
1968078,"6.575106","3.3954334","2026-07-07 14:38:45","13","13","12","79","88","Moderate"
1968078,"6.575106","3.3954334","2026-07-07 14:38:46","13","13","12","79","88","Moderate"
1968078,"6.575106","3.3954334","2026-07-07 14:38:47","13","13","12","79","88","Moderate"
1968078,"6.575106","3.3954334","2026-07-07 14:38:48","13","13","12","79","88","Moderate"
1968078,"6.575106","3.3954334","2026-07-07 14:38:49","12","12","11","79","88","Good"
1968078,"6.575106","3.3954334","2026-07-07 14:38:50","12","12","11","79","88","Good"
1968078,"6.575106","3.3954334","2026-07-07 14:38:51","12","12","11","79","88","Good"
1968078,"6.575106","3.3954334","2026-07-07 14:38:52","12","12","11","79","88","Good"
1968078,"6.575106","3.3954334","2026-07-07 14:38:53","12","12","11","79","88","Good"
1968078,"6.575106","3.3954334","2026-07-07 14:38:54","10","11","10","79","88","Good"
1968078,"6.575106","3.3954334","2026-07-07 14:38:55","12","12","11","79","88","Good"
1968078,"6.575106","3.3954334","2026-07-07 14:38:56","13","13","12","79","88","Moderate"
1968078,"6.575106","3.3954334","2026-07-07 14:38:57","13","13","12","79","88","Moderate"
1968078,"6.575106","3.3954334","2026-07-07 14:38:58","13","13","12","79","88","Moderate"
1968078,"6.575106","3.3954334","2026-07-07 14:38:59","13","13","12","79","88","Moderate"
1968078,"6.575106","3.3954334","2026-07-07 14:39:00","13","13","12","79","88","Moderate"
1968078,"6.575106","3.3954334","2026-07-07 14:39:01","13","13","12","79","88","Moderate"
1968078,"6.575106","3.3954334","2026-07-07 14:39:02","13","13","12","79","88","Moderate"
1968078,"6.575106","3.3954334","2026-07-07 14:39:03","12","12","11","78","88","Good"
1968078,"6.575106","3.3954334","2026-07-07 14:39:04","13","13","12","78","88","Moderate"
1968078,"6.575106","3.3954334","2026-07-07 14:39:05","13","13","12","78","88","Moderate"
1968078,"6.575106","3.3954334","2026-07-07 14:39:06","12","12","11","78","88","Good"
1968078,"6.575106","3.3954334","2026-07-07 14:39:07","12","12","11","78","88","Good"
1968078,"6.575106","3.3954334","2026-07-07 14:39:08","12","12","11","78","88","Good"
1968078,"6.575106","3.3954334","2026-07-07 14:39:09","12","12","11","78","88","Good"
1968078,"6.575106","3.3954334","2026-07-07 14:39:10","12","12","11","78","88","Good"
1968078,"6.575106","3.3954334","2026-07-07 14:39:11","11","11","10","78","88","Good"
1968078,"6.575106","3.3954334","2026-07-07 14:39:12","10","11","10","78","88","Good"
1968078,"6.575106","3.3954334","2026-07-07 14:39:13","10","11","10","78","88","Good"
1968078,"6.575106","3.3954334","2026-07-07 14:39:14","10","11","10","78","88","Good"
1968078,"6.575106","3.3954334","2026-07-07 14:39:15","12","12","11","78","88","Good"
1968078,"6.575106","3.3954334","2026-07-07 14:39:16","12","12","11","78","88","Good"
1968078,"6.575106","3.3954334","2026-07-07 14:39:17","10","11","10","78","88","Good"
1968078,"6.575106","3.3954334","2026-07-07 14:39:18","10","10","9","78","88","Good"
1968078,"6.575106","3.3954334","2026-07-07 14:39:19","9","10","8","78","88","Good"
1968078,"6.575106","3.3954334","2026-07-07 14:39:20","10","11","10","78","88","Good"
1968078,"6.575106","3.3954334","2026-07-07 14:39:21","10","11","10","78","88","Good"
1968078,"6.575106","3.3954334","2026-07-07 14:39:22","10","11","10","78","88","Good"
1968078,"6.575106","3.3954334","2026-07-07 14:39:23","10","11","10","78","88","Good"
1968078,"6.575106","3.3954334","2026-07-07 14:39:24","12","12","11","78","88","Good"
1968078,"6.575106","3.3954334","2026-07-07 14:39:25","12","13","11","78","88","Good"
1968078,"6.575106","3.3954334","2026-07-07 14:39:26","13","13","12","78","88","Moderate"
1968078,"6.575106","3.3954334","2026-07-07 14:39:27","12","12","11","78","88","Good"
1968078,"6.575106","3.3954334","2026-07-07 14:39:28","12","12","11","78","88","Good"
1968078,"6.575106","3.3954334","2026-07-07 14:39:29","12","12","11","78","88","Good"
1968078,"6.575106","3.3954334","2026-07-07 14:39:30","12","12","11","78","88","Good"
1968078,"6.575106","3.3954334","2026-07-07 14:39:31","12","12","11","78","88","Good"
1968078,"6.575106","3.3954334","2026-07-07 14:39:32","12","12","11","78","88","Good"
1968078,"6.575106","3.3954334","2026-07-07 14:39:33","13","13","12","78","88","Moderate"
1968078,"6.575106","3.3954334","2026-07-07 14:39:34","13","13","12","78","88","Moderate"
1968078,"6.575106","3.3954334","2026-07-07 14:39:35","13","13","12","78","88","Moderate"
1968078,"6.575106","3.3954334","2026-07-07 14:39:36","12","12","11","78","88","Good"
1968078,"6.575106","3.3954334","2026-07-07 14:39:37","12","12","11","78","88","Good"
1968078,"6.575106","3.3954334","2026-07-07 14:39:38","12","12","11","78","88","Good"
1968078,"6.575106","3.3954334","2026-07-07 14:39:39","12","12","11","78","88","Good"
1968078,"6.575106","3.3954334","2026-07-07 14:39:40","12","12","11","78","88","Good"
1968078,"6.575106","3.3954334","2026-07-07 14:39:41","13","13","12","78","88","Moderate"
1968078,"6.575106","3.3954334","2026-07-07 14:39:42","12","12","11","78","88","Good"
1968078,"6.575106","3.3954334","2026-07-07 14:39:43","10","11","10","78","88","Good"
1968078,"6.575106","3.3954334","2026-07-07 14:39:44","10","11","10","78","88","Good"
1968078,"6.575106","3.3954334","2026-07-07 14:39:45","10","11","10","78","88","Good"
1968078,"6.575106","3.3954334","2026-07-07 14:39:46","12","12","11","78","88","Good"
1968078,"6.575106","3.3954334","2026-07-07 14:39:47","12","12","11","78","88","Good"
1968078,"6.575106","3.3954334","2026-07-07 14:39:48","13","13","12","78","88","Moderate"
1968078,"6.575106","3.3954334","2026-07-07 14:39:49","13","13","12","78","88","Moderate"
1968078,"6.575106","3.3954334","2026-07-07 14:39:50","13","13","12","78","88","Moderate"
1968078,"6.575106","3.3954334","2026-07-07 14:39:51","13","13","12","78","88","Moderate"
1968078,"6.575106","3.3954334","2026-07-07 14:39:52","13","13","12","78","88","Moderate"
1968078,"6.575106","3.3954334","2026-07-07 14:39:53","13","13","12","78","88","Moderate"
1968078,"6.575106","3.3954334","2026-07-07 14:39:54","12","12","11","78","88","Good"
1968078,"6.575106","3.3954334","2026-07-07 14:39:55","12","12","11","78","88","Good"
1968078,"6.575106","3.3954334","2026-07-07 14:39:56","12","12","11","78","88","Good"
1968078,"6.575106","3.3954334","2026-07-07 14:39:57","12","12","11","78","88","Good"
1968078,"6.575106","3.3954334","2026-07-07 14:39:58","12","12","11","78","88","Good"
1968078,"6.575106","3.3954334","2026-07-07 14:39:59","12","12","11","78","88","Good"
1968078,"6.575106","3.3954334","2026-07-07 14:40:00","12","12","11","78","88","Good"
1968078,"6.575106","3.3954334","2026-07-07 14:40:01","14","14","13","78","88","Moderate"
1968078,"6.575106","3.3954334","2026-07-07 14:40:02","13","13","12","78","88","Moderate"
1968078,"6.575106","3.3954334","2026-07-07 14:40:03","13","13","12","78","88","Moderate"
1968078,"6.575106","3.3954334","2026-07-07 14:40:04","14","14","13","77","88","Moderate"
1968078,"6.575106","3.3954334","2026-07-07 14:40:05","14","14","13","77","88","Moderate"
1968078,"6.575106","3.3954334","2026-07-07 14:40:06","12","12","11","77","88","Good"
1968078,"6.575106","3.3954334","2026-07-07 14:40:07","12","12","11","77","88","Good"
1968078,"6.575106","3.3954334","2026-07-07 14:40:08","12","12","11","77","88","Good"
1968078,"6.575106","3.3954334","2026-07-07 14:40:09","12","13","11","77","88","Good"
1968078,"6.575106","3.3954334","2026-07-07 14:40:10","13","13","12","77","88","Moderate"
1968078,"6.575106","3.3954334","2026-07-07 14:40:11","13","13","12","77","88","Moderate"
1968078,"6.575106","3.3954334","2026-07-07 14:40:12","13","13","12","77","88","Moderate"
1968078,"6.575106","3.3954334","2026-07-07 14:40:13","13","13","12","77","88","Moderate"
1968078,"6.575106","3.3954334","2026-07-07 14:40:14","13","13","12","77","88","Moderate"
1968078,"6.575106","3.3954334","2026-07-07 14:40:15","13","13","12","77","89","Moderate"
1968078,"6.575106","3.3954334","2026-07-07 14:40:16","13","13","12","77","89","Moderate"
1968078,"6.575106","3.3954334","2026-07-07 14:40:17","13","13","12","77","89","Moderate"
1968078,"6.575106","3.3954334","2026-07-07 14:40:18","13","13","12","77","89","Moderate"
1968078,"6.575106","3.3954334","2026-07-07 14:40:19","14","14","13","77","89","Moderate"
1968078,"6.575106","3.3954334","2026-07-07 14:40:20","14","14","13","77","89","Moderate"
1968078,"6.575106","3.3954334","2026-07-07 14:40:21","13","13","12","77","89","Moderate"
1968078,"6.575106","3.3954334","2026-07-07 14:40:22","13","13","12","77","89","Moderate"
1968078,"6.575106","3.3954334","2026-07-07 14:40:23","13","13","12","77","89","Moderate"
1968078,"6.575106","3.3954334","2026-07-07 14:40:24","14","14","13","77","89","Moderate"
1968078,"6.575106","3.3954334","2026-07-07 14:40:25","14","14","13","77","89","Moderate"
1968078,"6.575106","3.3954334","2026-07-07 14:40:26","13","13","12","77","89","Moderate"
1968078,"6.575106","3.3954334","2026-07-07 14:40:27","14","14","13","77","89","Moderate"
1968078,"6.575106","3.3954334","2026-07-07 14:40:28","14","14","13","77","89","Moderate"
1968078,"6.575106","3.3954334","2026-07-07 14:40:29","13","13","12","77","89","Moderate"
1968078,"6.575106","3.3954334","2026-07-07 14:40:30","13","13","12","77","89","Moderate"
1968078,"6.575106","3.3954334","2026-07-07 14:40:31","14","14","13","77","89","Moderate"
1968078,"6.575106","3.3954334","2026-07-07 14:40:32","14","14","13","77","89","Moderate"
1968078,"6.575106","3.3954334","2026-07-07 14:40:33","12","12","11","77","89","Good"
1968078,"6.575106","3.3954334","2026-07-07 14:40:34","13","13","12","77","89","Moderate"
1968078,"6.575106","3.3954334","2026-07-07 14:40:35","13","13","12","77","89","Moderate"
1968078,"6.575106","3.3954334","2026-07-07 14:40:36","13","13","12","77","89","Moderate"
1968078,"6.575106","3.3954334","2026-07-07 14:40:37","13","13","12","77","89","Moderate"
1968078,"6.575106","3.3954334","2026-07-07 14:40:38","12","12","11","77","89","Good"
1968078,"6.575106","3.3954334","2026-07-07 14:40:39","12","12","11","77","89","Good"
1968078,"6.575106","3.3954334","2026-07-07 14:40:40","12","12","11","77","89","Good"
1968078,"6.575106","3.3954334","2026-07-07 14:40:41","12","12","11","77","89","Good"
1968078,"6.575106","3.3954334","2026-07-07 14:40:42","12","12","11","77","89","Good"
1968078,"6.575106","3.3954334","2026-07-07 14:40:43","12","12","11","77","89","Good"
1968078,"6.575106","3.3954334","2026-07-07 14:40:44","12","12","11","77","89","Good"
1968078,"6.575106","3.3954334","2026-07-07 14:40:45","12","12","11","77","89","Good"
1968078,"6.575106","3.3954334","2026-07-07 14:40:46","12","12","11","77","89","Good"
1968078,"6.575106","3.3954334","2026-07-07 14:40:47","12","12","11","77","89","Good"
1968078,"6.575106","3.3954334","2026-07-07 14:40:48","12","12","11","77","89","Good"
1968078,"6.575106","3.3954334","2026-07-07 14:40:49","12","12","11","77","89","Good"
1968078,"6.575106","3.3954334","2026-07-07 14:40:50","12","12","11","77","89","Good"
1968078,"6.575106","3.3954334","2026-07-07 14:40:51","10","11","10","77","89","Good"
1968078,"6.575106","3.3954334","2026-07-07 14:40:52","9","10","8","77","89","Good"
1968078,"6.575106","3.3954334","2026-07-07 14:40:53","9","10","8","77","89","Good"
1968078,"6.575106","3.3954334","2026-07-07 14:40:54","12","12","11","77","89","Good"
1968078,"6.575106","3.3954334","2026-07-07 14:40:55","12","12","11","77","89","Good"
1968078,"6.575106","3.3954334","2026-07-07 14:40:56","12","12","11","77","89","Good"
1968078,"6.575106","3.3954334","2026-07-07 14:40:57","10","11","10","77","89","Good"
1968078,"6.575106","3.3954334","2026-07-07 14:40:58","10","11","10","77","89","Good"
1968078,"6.575106","3.3954334","2026-07-07 14:40:59","12","12","11","77","89","Good"
1968078,"6.575106","3.3954334","2026-07-07 14:41:00","10","11","10","77","89","Good"
1968078,"6.575106","3.3954334","2026-07-07 14:41:01","10","11","10","77","89","Good"
1968078,"6.575106","3.3954334","2026-07-07 14:41:02","10","11","10","77","89","Good"
1968078,"6.575106","3.3954334","2026-07-07 14:41:03","12","12","11","77","89","Good"
1968078,"6.575106","3.3954334","2026-07-07 14:41:04","12","12","11","77","89","Good"
1968078,"6.575106","3.3954334","2026-07-07 14:41:05","12","12","11","76","89","Good"
1968078,"6.575106","3.3954334","2026-07-07 14:41:06","10","11","10","76","89","Good"
1968078,"6.575106","3.3954334","2026-07-07 14:41:07","10","11","10","76","89","Good"
1968078,"6.575106","3.3954334","2026-07-07 14:41:08","10","11","10","76","89","Good"
1968078,"6.575106","3.3954334","2026-07-07 14:41:09","12","12","11","76","89","Good"
1968078,"6.575106","3.3954334","2026-07-07 14:41:10","12","12","11","76","89","Good"
1968078,"6.575106","3.3954334","2026-07-07 14:41:11","10","11","10","76","89","Good"
1968078,"6.575106","3.3954334","2026-07-07 14:41:12","10","11","10","76","89","Good"
1968078,"6.575106","3.3954334","2026-07-07 14:41:13","10","11","10","76","89","Good"
1968078,"6.575106","3.3954334","2026-07-07 14:41:14","10","11","10","76","89","Good"
1968078,"6.575106","3.3954334","2026-07-07 14:41:15","13","13","12","76","89","Moderate"
1968078,"6.575106","3.3954334","2026-07-07 14:41:16","13","13","12","76","89","Moderate"
1968078,"6.575106","3.3954334","2026-07-07 14:41:17","13","13","12","76","89","Moderate"
1968078,"6.575106","3.3954334","2026-07-07 14:41:18","12","12","11","76","89","Good"
1968078,"6.575106","3.3954334","2026-07-07 14:41:19","12","12","11","76","89","Good"
1968078,"6.575106","3.3954334","2026-07-07 14:41:20","13","13","12","76","89","Moderate"
1968078,"6.575106","3.3954334","2026-07-07 14:41:21","13","13","12","76","89","Moderate"
1968078,"6.575106","3.3954334","2026-07-07 14:41:22","13","13","12","76","89","Moderate"
1968078,"6.575106","3.3954334","2026-07-07 14:41:23","13","13","12","76","89","Moderate"
1968078,"6.575106","3.3954334","2026-07-07 14:41:24","10","11","10","76","89","Good"
1968078,"6.575106","3.3954334","2026-07-07 14:41:25","10","11","10","76","89","Good"
1968078,"6.575106","3.3954334","2026-07-07 14:41:26","12","12","11","76","89","Good"
1968078,"6.575106","3.3954334","2026-07-07 14:41:27","13","13","12","76","89","Moderate"
1968078,"6.575106","3.3954334","2026-07-07 14:41:28","13","13","12","76","89","Moderate"
1968078,"6.575106","3.3954334","2026-07-07 14:41:29","13","13","12","76","89","Moderate"
1968078,"6.575106","3.3954334","2026-07-07 14:41:30","13","13","12","76","89","Moderate"
1968078,"6.575106","3.3954334","2026-07-07 14:41:31","13","13","12","76","89","Moderate"
1968078,"6.575106","3.3954334","2026-07-07 14:41:32","13","13","12","76","89","Moderate"
1968078,"6.575106","3.3954334","2026-07-07 14:41:33","13","13","12","76","89","Moderate"
1968078,"6.575106","3.3954334","2026-07-07 14:41:34","13","13","12","76","89","Moderate"
1968078,"6.575106","3.3954334","2026-07-07 14:41:35","13","13","12","76","89","Moderate"
1968078,"6.575106","3.3954334","2026-07-07 14:41:36","12","12","11","76","89","Good"
1968078,"6.575106","3.3954334","2026-07-07 14:41:37","12","12","11","76","89","Good"
1968078,"6.575106","3.3954334","2026-07-07 14:41:38","12","12","11","76","89","Good"
1968078,"6.575106","3.3954334","2026-07-07 14:41:39","12","13","11","76","89","Good"
1968078,"6.575106","3.3954334","2026-07-07 14:41:40","12","12","11","76","89","Good"
1968078,"6.575106","3.3954334","2026-07-07 14:41:41","13","13","12","76","89","Moderate"
1968078,"6.575106","3.3954334","2026-07-07 14:41:42","13","13","12","76","89","Moderate"
1968078,"6.575106","3.3954334","2026-07-07 14:41:43","12","12","11","76","89","Good"
1968078,"6.575106","3.3954334","2026-07-07 14:41:44","12","12","11","76","89","Good"
1968078,"6.575106","3.3954334","2026-07-07 14:41:45","10","11","10","76","89","Good"
1968078,"6.575106","3.3954334","2026-07-07 14:41:46","10","11","10","76","89","Good"
1968078,"6.575106","3.3954334","2026-07-07 14:41:47","12","12","11","76","89","Good"
1968078,"6.575106","3.3954334","2026-07-07 14:41:48","12","12","11","76","89","Good"
1968078,"6.575106","3.3954334","2026-07-07 14:41:49","12","12","11","76","89","Good"
1968078,"6.575106","3.3954334","2026-07-07 14:41:50","10","11","10","76","89","Good"
1968078,"6.575106","3.3954334","2026-07-07 14:41:51","10","11","10","76","89","Good"
1968078,"6.575106","3.3954334","2026-07-07 14:41:52","10","11","10","76","89","Good"
1968078,"6.575106","3.3954334","2026-07-07 14:41:53","11","11","10","76","89","Good"
1968078,"6.575106","3.3954334","2026-07-07 14:41:54","12","12","11","76","89","Good"
1968078,"6.575106","3.3954334","2026-07-07 14:41:55","13","13","12","76","89","Moderate"
1968078,"6.575106","3.3954334","2026-07-07 14:41:56","13","13","12","76","89","Moderate"
1968078,"6.575106","3.3954334","2026-07-07 14:41:57","13","13","12","76","89","Moderate"
1968078,"6.575106","3.3954334","2026-07-07 14:41:58","13","13","12","76","89","Moderate"
1968078,"6.575106","3.3954334","2026-07-07 14:41:59","14","14","13","76","89","Moderate"
1968078,"6.575106","3.3954334","2026-07-07 14:42:00","14","14","13","76","89","Moderate"
1968078,"6.575106","3.3954334","2026-07-07 14:42:01","14","14","13","76","89","Moderate"
1968078,"6.575106","3.3954334","2026-07-07 14:42:02","13","13","12","76","89","Moderate"
1968078,"6.575106","3.3954334","2026-07-07 14:42:03","13","13","12","76","89","Moderate"
1968078,"6.575106","3.3954334","2026-07-07 14:42:04","13","13","12","76","89","Moderate"
1968078,"6.575106","3.3954334","2026-07-07 14:42:05","13","13","12","76","89","Moderate"
1968078,"6.575106","3.3954334","2026-07-07 14:42:06","13","13","12","76","89","Moderate"
1968078,"6.575106","3.3954334","2026-07-07 14:42:07","13","13","12","76","89","Moderate"
1968078,"6.575106","3.3954334","2026-07-07 14:42:08","13","14","12","75","89","Moderate"
1968078,"6.575106","3.3954334","2026-07-07 14:42:09","14","14","13","75","89","Moderate"
1968078,"6.575106","3.3954334","2026-07-07 14:42:10","14","14","13","75","89","Moderate"
1968078,"6.575106","3.3954334","2026-07-07 14:42:11","14","14","13","75","89","Moderate"
1968078,"6.575106","3.3954334","2026-07-07 14:42:12","14","14","13","75","89","Moderate"
1968078,"6.575106","3.3954334","2026-07-07 14:42:13","13","13","12","75","89","Moderate"
1968078,"6.575106","3.3954334","2026-07-07 14:42:14","13","13","12","75","89","Moderate"
1968078,"6.575106","3.3954334","2026-07-07 14:42:15","13","13","12","75","89","Moderate"
1968078,"6.575106","3.3954334","2026-07-07 14:42:16","13","13","12","75","89","Moderate"
1968078,"6.575106","3.3954334","2026-07-07 14:42:17","12","12","11","75","89","Good"
1968078,"6.575106","3.3954334","2026-07-07 14:42:18","12","12","11","75","89","Good"
1968078,"6.575106","3.3954334","2026-07-07 14:42:19","12","12","11","75","89","Good"
1968078,"6.575106","3.3954334","2026-07-07 14:42:20","12","12","11","75","89","Good"
1968078,"6.575106","3.3954334","2026-07-07 14:42:21","12","12","11","75","89","Good"
1968078,"6.575106","3.3954334","2026-07-07 14:42:22","12","12","11","75","89","Good"
1968078,"6.575106","3.3954334","2026-07-07 14:42:23","13","13","12","75","89","Moderate"
1968078,"6.575106","3.3954334","2026-07-07 14:42:24","13","13","12","75","89","Moderate"
1968078,"6.575106","3.3954334","2026-07-07 14:42:25","13","13","12","75","89","Moderate"
1968078,"6.575106","3.3954334","2026-07-07 14:42:26","12","12","11","75","89","Good"
1968078,"6.575106","3.3954334","2026-07-07 14:42:27","10","11","10","75","89","Good"
1968078,"6.575106","3.3954334","2026-07-07 14:42:28","10","11","10","75","90","Good"
1968078,"6.575148","3.3955083","2026-07-07 14:42:29","10","11","10","75","90","Good"
1968078,"6.575148","3.3955083","2026-07-07 14:42:30","10","11","10","75","90","Good"
1968078,"6.575148","3.3955083","2026-07-07 14:42:31","10","11","10","75","90","Good"
1968078,"6.575148","3.3955083","2026-07-07 14:42:32","12","12","11","75","90","Good"
1968078,"6.575148","3.3955083","2026-07-07 14:42:33","12","12","11","75","90","Good"
1968078,"6.5750675","3.395211","2026-07-07 14:42:34","10","11","10","75","90","Good"
1968078,"6.5750594","3.395255","2026-07-07 14:42:35","10","11","10","75","90","Good"
1968078,"6.575057","3.3952508","2026-07-07 14:42:36","10","11","10","75","90","Good"
1968078,"6.5750732","3.3952637","2026-07-07 14:42:37","10","11","10","75","90","Good"
1968078,"6.575189","3.3953643","2026-07-07 14:42:38","10","11","10","75","90","Good"
1968078,"6.5752087","3.3953817","2026-07-07 14:42:39","10","11","10","75","90","Good"
1968078,"6.5752153","3.395388","2026-07-07 14:42:40","10","11","10","75","90","Good"
1968078,"6.575217","3.3953917","2026-07-07 14:42:41","10","11","10","75","90","Good"
1968078,"6.5752177","3.3953948","2026-07-07 14:42:42","10","11","10","75","90","Good"
1968078,"6.5752177","3.3953948","2026-07-07 14:42:43","12","12","11","75","90","Good"
1968078,"6.5752206","3.3954017","2026-07-07 14:42:44","11","11","10","75","90","Good"
1968078,"6.5752225","3.3954055","2026-07-07 14:42:45","10","11","10","75","90","Good"
1968078,"6.575223","3.3954103","2026-07-07 14:42:46","10","11","10","75","90","Good"
1968078,"6.575224","3.3954155","2026-07-07 14:42:47","12","12","11","75","90","Good"
1968078,"6.575228","3.3954215","2026-07-07 14:42:48","12","12","11","75","90","Good"
1968078,"6.5751896","3.3954077","2026-07-07 14:42:49","12","12","11","75","90","Good"
1968078,"6.575169","3.3954003","2026-07-07 14:42:50","12","12","11","75","90","Good"
1968078,"6.575155","3.3953948","2026-07-07 14:42:51","12","13","11","75","90","Good"
1968078,"6.5751467","3.3953927","2026-07-07 14:42:52","13","13","12","75","90","Moderate"
1968078,"6.575142","3.3953922","2026-07-07 14:42:53","10","11","10","75","90","Good"
1968078,"6.575103","3.3953578","2026-07-07 14:42:54","10","11","10","75","90","Good"
1968078,"6.5751076","3.3953578","2026-07-07 14:42:55","12","12","11","75","90","Good"
1968078,"6.5751185","3.3953657","2026-07-07 14:42:56","12","12","11","75","90","Good"
1968078,"6.5751195","3.3953683","2026-07-07 14:42:57","12","12","11","75","90","Good"
1968078,"6.5751224","3.3953745","2026-07-07 14:42:58","12","12","11","75","90","Good"
1968078,"6.575122","3.3953803","2026-07-07 14:42:59","12","12","11","75","90","Good"
1968078,"6.575118","3.3953855","2026-07-07 14:43:00","10","11","10","75","90","Good"
1968078,"6.5751195","3.3953922","2026-07-07 14:43:01","10","11","10","75","90","Good"
1968078,"6.575139","3.3954072","2026-07-07 14:43:02","12","12","11","75","90","Good"
1968078,"6.5751524","3.3954167","2026-07-07 14:43:03","12","12","11","75","90","Good"
1968078,"6.575162","3.395423","2026-07-07 14:43:04","12","12","11","75","90","Good"
1968078,"6.5751667","3.3954253","2026-07-07 14:43:05","10","11","10","75","90","Good"
1968078,"6.5751667","3.3954253","2026-07-07 14:43:06","10","11","10","75","90","Good"
1968078,"6.5751667","3.3954253","2026-07-07 14:43:07","10","11","10","75","90","Good"
1968078,"6.5751667","3.3954253","2026-07-07 14:43:08","10","11","10","75","90","Good"
1968078,"6.5751667","3.3954253","2026-07-07 14:43:09","9","10","8","75","90","Good"
1968078,"6.5751667","3.3954253","2026-07-07 14:43:10","9","10","8","75","90","Good"
1968078,"6.5751667","3.3954253","2026-07-07 14:43:11","12","12","11","75","90","Good"
1968078,"6.5751667","3.3954253","2026-07-07 14:43:12","12","12","11","75","90","Good"
1968078,"6.5751667","3.3954253","2026-07-07 14:43:13","10","11","10","75","90","Good"
1968078,"6.5751667","3.3954253","2026-07-07 14:43:14","10","11","10","75","90","Good"
1968078,"6.5751667","3.3954253","2026-07-07 14:43:15","10","11","10","75","90","Good"
1968078,"6.5751667","3.3954253","2026-07-07 14:43:16","10","11","10","75","90","Good"
1968078,"6.5751667","3.3954253","2026-07-07 14:43:17","9","10","8","75","90","Good"
1968078,"6.5751667","3.3954253","2026-07-07 14:43:18","9","10","8","75","90","Good"
1968078,"6.5751667","3.3954253","2026-07-07 14:43:19","9","10","8","75","90","Good"
1968078,"6.5751667","3.3954253","2026-07-07 14:43:20","10","11","10","75","90","Good"
1968078,"6.5751667","3.3954253","2026-07-07 14:43:21","10","11","10","75","90","Good"
1968078,"6.5751667","3.3954253","2026-07-07 14:43:22","10","11","10","75","90","Good"
1968078,"6.5751667","3.3954253","2026-07-07 14:43:23","12","12","11","75","90","Good"
1968078,"6.5751667","3.3954253","2026-07-07 14:43:24","12","12","11","75","90","Good"
1968078,"6.5751667","3.3954253","2026-07-07 14:43:25","12","12","11","75","90","Good"
1968078,"6.5751667","3.3954253","2026-07-07 14:43:26","12","12","11","75","90","Good"
1968078,"6.5751667","3.3954253","2026-07-07 14:43:27","12","12","11","75","90","Good"
1968078,"6.5751667","3.3954253","2026-07-07 14:43:28","12","12","11","75","90","Good"
1968078,"6.5751667","3.3954253","2026-07-07 14:43:29","12","12","11","75","90","Good"
1968078,"6.5751667","3.3954253","2026-07-07 14:43:30","12","12","11","75","90","Good"
1968078,"6.5751667","3.3954253","2026-07-07 14:43:31","12","12","11","75","90","Good"
1968078,"6.5751667","3.3954253","2026-07-07 14:43:32","13","13","12","75","90","Moderate"
1968078,"6.5751667","3.3954253","2026-07-07 14:43:33","13","13","12","75","90","Moderate"
1968078,"6.5751667","3.3954253","2026-07-07 14:43:34","13","13","12","75","90","Moderate"
1968078,"6.5751667","3.3954253","2026-07-07 14:43:35","12","12","11","75","90","Good"
1968078,"6.5751667","3.3954253","2026-07-07 14:43:36","12","12","11","75","90","Good"
1968078,"6.5751667","3.3954253","2026-07-07 14:43:37","12","12","11","75","90","Good"
1968078,"6.5751667","3.3954253","2026-07-07 14:43:38","12","12","11","75","90","Good"
1968078,"6.5751667","3.3954253","2026-07-07 14:43:39","12","12","11","75","90","Good"
1968078,"6.5751667","3.3954253","2026-07-07 14:43:40","12","12","11","75","90","Good"
1968078,"6.5751667","3.3954253","2026-07-07 14:43:41","12","12","11","75","90","Good"
1968078,"6.5751667","3.3954253","2026-07-07 14:43:42","12","12","11","75","90","Good"
1968078,"6.5751667","3.3954253","2026-07-07 14:43:43","10","11","10","75","90","Good"
1968078,"6.5751667","3.3954253","2026-07-07 14:43:44","10","11","10","75","90","Good"
1968078,"6.5751667","3.3954253","2026-07-07 14:43:45","10","11","10","75","90","Good"
1968078,"6.5751667","3.3954253","2026-07-07 14:43:46","10","11","10","75","90","Good"
1968078,"6.5751667","3.3954253","2026-07-07 14:43:47","10","11","10","75","90","Good"
1968078,"6.5751667","3.3954253","2026-07-07 14:43:48","10","11","10","74","90","Good"
1968078,"6.5751667","3.3954253","2026-07-07 14:43:49","10","11","10","74","90","Good"
1968078,"6.5751667","3.3954253","2026-07-07 14:43:50","10","11","10","74","90","Good"
1968078,"6.5751667","3.3954253","2026-07-07 14:43:51","10","11","10","74","90","Good"
1968078,"6.5751667","3.3954253","2026-07-07 14:43:52","10","11","10","74","90","Good"
1968078,"6.5751667","3.3954253","2026-07-07 14:43:53","10","11","10","74","90","Good"
1968078,"6.5751667","3.3954253","2026-07-07 14:43:54","10","11","10","74","90","Good"
1968078,"6.5751667","3.3954253","2026-07-07 14:43:55","9","10","8","74","90","Good"
1968078,"6.5751667","3.3954253","2026-07-07 14:43:56","10","11","10","74","90","Good"
1968078,"6.5751667","3.3954253","2026-07-07 14:43:57","10","11","10","74","90","Good"
1968078,"6.5751667","3.3954253","2026-07-07 14:43:58","12","12","11","74","90","Good"
1968078,"6.5751667","3.3954253","2026-07-07 14:43:59","12","12","11","74","90","Good"
1968078,"6.5751667","3.3954253","2026-07-07 14:44:00","12","12","11","74","90","Good"
1968078,"6.5751667","3.3954253","2026-07-07 14:44:01","12","12","11","74","90","Good"
1968078,"6.5751667","3.3954253","2026-07-07 14:44:02","12","12","11","74","90","Good"
1968078,"6.5751667","3.3954253","2026-07-07 14:44:03","12","12","11","74","90","Good"
1968078,"6.5751667","3.3954253","2026-07-07 14:44:04","12","12","11","74","90","Good"
1968078,"6.5751667","3.3954253","2026-07-07 14:44:05","10","11","10","74","90","Good"
1968078,"6.5751667","3.3954253","2026-07-07 14:44:06","10","11","10","74","90","Good"
1968078,"6.5751667","3.3954253","2026-07-07 14:44:07","10","11","10","74","90","Good"
1968078,"6.5751667","3.3954253","2026-07-07 14:44:08","10","11","10","74","90","Good"
1968078,"6.5751667","3.3954253","2026-07-07 14:44:09","10","11","10","74","90","Good"
1968078,"6.5751667","3.3954253","2026-07-07 14:44:10","10","11","10","74","90","Good"
1968078,"6.5751667","3.3954253","2026-07-07 14:44:11","10","11","10","74","90","Good"
1968078,"6.5751667","3.3954253","2026-07-07 14:44:12","12","12","11","74","90","Good"
1968078,"6.5751667","3.3954253","2026-07-07 14:44:13","12","12","11","74","90","Good"
1968078,"6.5751667","3.3954253","2026-07-07 14:44:14","12","12","11","74","90","Good"
1968078,"6.5751667","3.3954253","2026-07-07 14:44:15","12","12","11","74","90","Good"
1968078,"6.5751667","3.3954253","2026-07-07 14:44:16","12","12","11","74","90","Good"
1968078,"6.5751667","3.3954253","2026-07-07 14:44:17","12","12","11","74","90","Good"
1968078,"6.5751667","3.3954253","2026-07-07 14:44:18","10","11","10","74","90","Good"
1968078,"6.5751667","3.3954253","2026-07-07 14:44:19","10","11","10","74","90","Good"
1968078,"6.5751667","3.3954253","2026-07-07 14:44:20","10","11","10","74","90","Good"
1968078,"6.5751667","3.3954253","2026-07-07 14:44:21","12","12","11","74","90","Good"
1968078,"6.5751667","3.3954253","2026-07-07 14:44:22","10","11","10","74","90","Good"
1968078,"6.5751667","3.3954253","2026-07-07 14:44:23","10","11","10","74","90","Good"
1968078,"6.5751667","3.3954253","2026-07-07 14:44:24","10","11","10","74","90","Good"
1968078,"6.5751667","3.3954253","2026-07-07 14:44:25","10","11","10","74","90","Good"
1968078,"6.5751667","3.3954253","2026-07-07 14:44:26","10","11","10","74","90","Good"
1968078,"6.5751667","3.3954253","2026-07-07 14:44:27","10","11","10","74","90","Good"
1968078,"6.5751667","3.3954253","2026-07-07 14:44:28","12","12","11","74","90","Good"
1968078,"6.5751667","3.3954253","2026-07-07 14:44:29","12","12","11","74","90","Good"
1968078,"6.5751667","3.3954253","2026-07-07 14:44:30","12","12","11","74","90","Good"
1968078,"6.5751667","3.3954253","2026-07-07 14:44:31","12","12","11","74","90","Good"
1968078,"6.5751667","3.3954253","2026-07-07 14:44:32","12","12","11","74","90","Good"
1968078,"6.5751667","3.3954253","2026-07-07 14:44:33","12","12","11","74","90","Good"
1968078,"6.5751667","3.3954253","2026-07-07 14:44:34","12","12","11","74","90","Good"
1968078,"6.5751667","3.3954253","2026-07-07 14:44:35","12","12","11","74","90","Good"
1968078,"6.5751667","3.3954253","2026-07-07 14:44:36","12","12","11","74","90","Good"
1968078,"6.5751667","3.3954253","2026-07-07 14:44:37","13","13","12","74","90","Moderate"
1968078,"6.5751667","3.3954253","2026-07-07 14:44:38","13","13","12","74","90","Moderate"
1968078,"6.5751667","3.3954253","2026-07-07 14:44:39","13","13","12","74","90","Moderate"
1968078,"6.5751667","3.3954253","2026-07-07 14:44:40","12","13","11","74","90","Good"
1968078,"6.5751667","3.3954253","2026-07-07 14:44:41","12","12","11","74","90","Good"
1968078,"6.5751667","3.3954253","2026-07-07 14:44:42","13","13","12","74","90","Moderate"
1968078,"6.5751667","3.3954253","2026-07-07 14:44:43","13","13","12","74","90","Moderate"
1968078,"6.5751667","3.3954253","2026-07-07 14:44:44","12","12","11","74","90","Good"
1968078,"6.5751667","3.3954253","2026-07-07 14:44:45","12","12","11","74","90","Good"
1968078,"6.5751667","3.3954253","2026-07-07 14:44:46","12","12","11","74","90","Good"
1968078,"6.5751667","3.3954253","2026-07-07 14:44:47","12","13","11","74","90","Good"
1968078,"6.5751667","3.3954253","2026-07-07 14:44:48","13","13","12","74","90","Moderate"
1968078,"6.5751667","3.3954253","2026-07-07 14:44:49","13","13","12","74","90","Moderate"
1968078,"6.5751667","3.3954253","2026-07-07 14:44:50","13","13","12","74","90","Moderate"
1968078,"6.5751667","3.3954253","2026-07-07 14:44:51","13","13","12","74","90","Moderate"
1968078,"6.5751667","3.3954253","2026-07-07 14:44:52","13","13","12","74","90","Moderate"
1968078,"6.5751667","3.3954253","2026-07-07 14:44:53","13","13","12","74","90","Moderate"
1968078,"6.5751667","3.3954253","2026-07-07 14:44:54","13","13","12","73","90","Moderate"
1968078,"6.5751667","3.3954253","2026-07-07 14:44:55","13","13","12","73","90","Moderate"
1968078,"6.5751667","3.3954253","2026-07-07 14:44:56","13","13","12","73","90","Moderate"
1968078,"6.5751667","3.3954253","2026-07-07 14:44:57","13","13","12","73","90","Moderate"
1968078,"6.5751667","3.3954253","2026-07-07 14:44:58","13","13","12","73","90","Moderate"
1968078,"6.5751667","3.3954253","2026-07-07 14:44:59","13","13","12","73","90","Moderate"
1968078,"6.5751667","3.3954253","2026-07-07 14:45:00","12","12","11","73","90","Good"
1968078,"6.5751667","3.3954253","2026-07-07 14:45:01","12","12","11","73","91","Good"
1968078,"6.5751667","3.3954253","2026-07-07 14:45:02","12","12","11","73","90","Good"
1968078,"6.5751667","3.3954253","2026-07-07 14:45:03","12","12","11","73","90","Good"
1968078,"6.5751667","3.3954253","2026-07-07 14:45:04","12","12","11","73","90","Good"
1968078,"6.5751667","3.3954253","2026-07-07 14:45:05","12","12","11","73","91","Good"
1968078,"6.5751667","3.3954253","2026-07-07 14:45:06","12","12","11","73","91","Good"
1968078,"6.5751667","3.3954253","2026-07-07 14:45:07","13","13","12","73","91","Moderate"
1968078,"6.5751667","3.3954253","2026-07-07 14:45:08","13","13","12","73","91","Moderate"
1968078,"6.5751667","3.3954253","2026-07-07 14:45:09","12","12","11","73","91","Good"
1968078,"6.5751667","3.3954253","2026-07-07 14:45:10","12","12","11","73","91","Good"
1968078,"6.5751667","3.3954253","2026-07-07 14:45:11","12","12","11","73","91","Good"
1968078,"6.5751667","3.3954253","2026-07-07 14:45:12","12","12","11","73","91","Good"
1968078,"6.5751667","3.3954253","2026-07-07 14:45:13","12","12","11","73","91","Good"
1968078,"6.5751667","3.3954253","2026-07-07 14:45:14","12","12","11","73","91","Good"
1968078,"6.5751667","3.3954253","2026-07-07 14:45:15","12","12","11","73","91","Good"
1968078,"6.5751667","3.3954253","2026-07-07 14:45:16","12","12","11","73","91","Good"
1968078,"6.5751667","3.3954253","2026-07-07 14:45:17","12","12","11","73","91","Good"
1968078,"6.5751667","3.3954253","2026-07-07 14:45:18","12","12","11","73","91","Good"
1968078,"6.5751667","3.3954253","2026-07-07 14:45:19","10","11","10","73","91","Good"
1968078,"6.5751667","3.3954253","2026-07-07 14:45:20","10","11","10","73","91","Good"
1968078,"6.5751667","3.3954253","2026-07-07 14:45:21","9","10","8","73","91","Good"
1968078,"6.5751667","3.3954253","2026-07-07 14:45:22","10","11","10","73","91","Good"
1968078,"6.5751667","3.3954253","2026-07-07 14:45:23","10","11","10","73","91","Good"
1968078,"6.5751667","3.3954253","2026-07-07 14:45:24","9","10","8","73","91","Good"
1968078,"6.5751667","3.3954253","2026-07-07 14:45:25","9","10","8","73","91","Good"
1968078,"6.5751667","3.3954253","2026-07-07 14:45:26","9","10","8","73","91","Good"
1968078,"6.5751667","3.3954253","2026-07-07 14:45:27","9","10","8","73","91","Good"
1968078,"6.5751667","3.3954253","2026-07-07 14:45:28","9","10","8","73","91","Good"
1968078,"6.5751667","3.3954253","2026-07-07 14:45:29","9","10","8","73","91","Good"
1968078,"6.5751667","3.3954253","2026-07-07 14:45:30","10","11","10","73","91","Good"
1968078,"6.5751667","3.3954253","2026-07-07 14:45:31","12","12","11","73","91","Good"
1968078,"6.5751667","3.3954253","2026-07-07 14:45:32","12","12","11","73","91","Good"
1968078,"6.5751667","3.3954253","2026-07-07 14:45:33","12","12","11","73","91","Good"
1968078,"6.5751667","3.3954253","2026-07-07 14:45:34","12","12","11","73","91","Good"
1968078,"6.5751667","3.3954253","2026-07-07 14:45:35","12","12","11","73","91","Good"
1968078,"6.5751667","3.3954253","2026-07-07 14:45:36","12","12","11","73","91","Good"
1968078,"6.5751667","3.3954253","2026-07-07 14:45:37","12","12","11","73","91","Good"
1968078,"6.5751667","3.3954253","2026-07-07 14:45:38","12","13","11","73","91","Good"
1968078,"6.5751667","3.3954253","2026-07-07 14:45:39","12","12","11","73","91","Good"
1968078,"6.5751667","3.3954253","2026-07-07 14:45:40","10","11","10","73","91","Good"
1968078,"6.5751667","3.3954253","2026-07-07 14:45:41","10","11","10","73","91","Good"
1968078,"6.5751667","3.3954253","2026-07-07 14:45:42","12","12","11","73","91","Good"
1968078,"6.5751667","3.3954253","2026-07-07 14:45:43","13","13","12","73","91","Moderate"
1968078,"6.5751667","3.3954253","2026-07-07 14:45:44","13","13","12","73","91","Moderate"
1968078,"6.5751667","3.3954253","2026-07-07 14:45:45","12","13","11","73","91","Good"
1968078,"6.5751667","3.3954253","2026-07-07 14:45:46","12","12","11","73","91","Good"
1968078,"6.5751667","3.3954253","2026-07-07 14:45:47","10","11","10","73","91","Good"
1968078,"6.5751667","3.3954253","2026-07-07 14:45:48","10","11","10","73","91","Good"
1968078,"6.5751667","3.3954253","2026-07-07 14:45:49","12","12","11","73","91","Good"
1968078,"6.5751667","3.3954253","2026-07-07 14:45:50","12","12","11","73","91","Good"
1968078,"6.5751667","3.3954253","2026-07-07 14:45:51","12","12","11","73","91","Good"
1968078,"6.5751667","3.3954253","2026-07-07 14:45:52","12","12","11","73","91","Good"
1968078,"6.5751667","3.3954253","2026-07-07 14:45:53","12","12","11","73","91","Good"
1968078,"6.5751667","3.3954253","2026-07-07 14:45:54","12","12","11","73","91","Good"
1968078,"6.5751667","3.3954253","2026-07-07 14:45:55","12","12","11","73","91","Good"
1968078,"6.5751667","3.3954253","2026-07-07 14:45:56","12","12","11","72","91","Good"
1968078,"6.5751667","3.3954253","2026-07-07 14:45:57","12","12","11","73","91","Good"
1968078,"6.5751667","3.3954253","2026-07-07 14:45:58","12","12","11","73","91","Good"
1968078,"6.5751667","3.3954253","2026-07-07 14:45:59","12","12","11","72","91","Good"
1968078,"6.5751667","3.3954253","2026-07-07 14:46:00","10","11","10","72","91","Good"
1968078,"6.5751667","3.3954253","2026-07-07 14:46:01","10","11","10","72","91","Good"
1968078,"6.5751667","3.3954253","2026-07-07 14:46:02","10","11","10","72","91","Good"
1968078,"6.5751667","3.3954253","2026-07-07 14:46:03","10","11","10","72","91","Good"
1968078,"6.5751667","3.3954253","2026-07-07 14:46:04","9","10","8","72","91","Good"
1968078,"6.5751667","3.3954253","2026-07-07 14:46:05","9","10","8","72","91","Good"
1968078,"6.5751667","3.3954253","2026-07-07 14:46:06","9","10","8","72","91","Good"
1968078,"6.5751667","3.3954253","2026-07-07 14:46:07","10","11","10","72","91","Good"
1968078,"6.5751667","3.3954253","2026-07-07 14:46:08","10","11","10","72","91","Good"
1968078,"6.5751667","3.3954253","2026-07-07 14:46:09","9","10","8","72","91","Good"
1968078,"6.5751667","3.3954253","2026-07-07 14:46:10","9","10","8","72","91","Good"
1968078,"6.5751667","3.3954253","2026-07-07 14:46:11","9","10","8","72","91","Good"
1968078,"6.5751667","3.3954253","2026-07-07 14:46:12","9","10","8","72","91","Good"
1968078,"6.5751667","3.3954253","2026-07-07 14:46:13","9","10","8","72","91","Good"
1968078,"6.5751667","3.3954253","2026-07-07 14:46:14","9","10","8","72","91","Good"
1968078,"6.5751667","3.3954253","2026-07-07 14:46:15","12","12","11","72","91","Good"
1968078,"6.5751667","3.3954253","2026-07-07 14:46:16","12","12","11","72","91","Good"
1968078,"6.5751667","3.3954253","2026-07-07 14:46:17","12","12","11","72","91","Good"
1968078,"6.5751667","3.3954253","2026-07-07 14:46:18","12","12","11","72","91","Good"
1968078,"6.5751667","3.3954253","2026-07-07 14:46:19","12","12","11","72","91","Good"
1968078,"6.5751667","3.3954253","2026-07-07 14:46:20","12","12","11","72","91","Good"
1968078,"6.5751667","3.3954253","2026-07-07 14:46:21","12","12","11","72","91","Good"
1968078,"6.5751667","3.3954253","2026-07-07 14:46:22","12","12","11","72","91","Good"
1968078,"6.5751667","3.3954253","2026-07-07 14:46:23","12","12","11","72","91","Good"
1968078,"6.5751667","3.3954253","2026-07-07 14:46:24","10","11","10","72","91","Good"
1968078,"6.5751667","3.3954253","2026-07-07 14:46:25","10","11","10","72","91","Good"
1968078,"6.5751667","3.3954253","2026-07-07 14:46:26","10","11","10","72","91","Good"
1968078,"6.5751667","3.3954253","2026-07-07 14:46:27","10","11","10","72","91","Good"
1968078,"6.5751667","3.3954253","2026-07-07 14:46:28","12","12","11","72","91","Good"
1968078,"6.5751667","3.3954253","2026-07-07 14:46:29","13","13","12","72","91","Moderate"
1968078,"6.5751667","3.3954253","2026-07-07 14:46:30","13","13","12","72","91","Moderate"
1968078,"6.5751667","3.3954253","2026-07-07 14:46:31","13","13","12","72","91","Moderate"
1968078,"6.5751667","3.3954253","2026-07-07 14:46:32","13","13","12","72","91","Moderate"
1968078,"6.5751667","3.3954253","2026-07-07 14:46:33","10","11","10","72","91","Good"
1968078,"6.5751667","3.3954253","2026-07-07 14:46:34","10","11","10","72","91","Good"
1968078,"6.5751667","3.3954253","2026-07-07 14:46:35","10","11","10","72","91","Good"
1968078,"6.5751667","3.3954253","2026-07-07 14:46:36","12","12","11","72","91","Good"
1968078,"6.5751667","3.3954253","2026-07-07 14:46:37","12","12","11","72","91","Good"
1968078,"6.5751667","3.3954253","2026-07-07 14:46:38","13","13","12","72","91","Moderate"
1968078,"6.5751667","3.3954253","2026-07-07 14:46:39","13","13","12","72","91","Moderate"
1968078,"6.5751667","3.3954253","2026-07-07 14:46:40","13","13","12","72","91","Moderate"
1968078,"6.5751667","3.3954253","2026-07-07 14:46:41","13","13","12","72","91","Moderate"
1968078,"6.5751667","3.3954253","2026-07-07 14:46:42","13","13","12","72","91","Moderate"
1968078,"6.5751667","3.3954253","2026-07-07 14:46:43","13","13","12","72","91","Moderate"
1968078,"6.5751667","3.3954253","2026-07-07 14:46:44","13","13","12","72","91","Moderate"
1968078,"6.5751667","3.3954253","2026-07-07 14:46:45","13","13","12","72","91","Moderate"
1968078,"6.5751667","3.3954253","2026-07-07 14:46:46","13","13","12","72","91","Moderate"
1968078,"6.5751667","3.3954253","2026-07-07 14:46:47","13","13","12","72","91","Moderate"
1968078,"6.5751667","3.3954253","2026-07-07 14:46:48","13","13","12","72","91","Moderate"
1968078,"6.5751667","3.3954253","2026-07-07 14:46:49","13","13","12","72","91","Moderate"
1968078,"6.5751667","3.3954253","2026-07-07 14:46:50","13","13","12","72","91","Moderate"
1968078,"6.5751667","3.3954253","2026-07-07 14:46:51","13","13","12","72","91","Moderate"
1968078,"6.5751667","3.3954253","2026-07-07 14:46:52","13","13","12","72","91","Moderate"
1968078,"6.5751667","3.3954253","2026-07-07 14:46:53","13","13","12","72","91","Moderate"
1968078,"6.5751667","3.3954253","2026-07-07 14:46:54","12","12","11","72","91","Good"
1968078,"6.5751667","3.3954253","2026-07-07 14:46:55","12","12","11","72","91","Good"
1968078,"6.5751667","3.3954253","2026-07-07 14:46:56","12","12","11","72","91","Good"
1968078,"6.5751667","3.3954253","2026-07-07 14:46:57","12","12","11","72","91","Good"
1968078,"6.5751667","3.3954253","2026-07-07 14:46:58","13","13","12","72","91","Moderate"
1968078,"6.5751667","3.3954253","2026-07-07 14:46:59","13","13","12","72","91","Moderate"
1968078,"6.5751667","3.3954253","2026-07-07 14:47:00","13","13","12","72","91","Moderate"
1968078,"6.5751667","3.3954253","2026-07-07 14:47:01","13","13","12","72","91","Moderate"
1968078,"6.5751667","3.3954253","2026-07-07 14:47:02","13","13","12","72","91","Moderate"
1968078,"6.5751667","3.3954253","2026-07-07 14:47:03","13","13","12","72","91","Moderate"
1968078,"6.5751667","3.3954253","2026-07-07 14:47:04","13","13","12","72","91","Moderate"
1968078,"6.5751667","3.3954253","2026-07-07 14:47:05","14","14","13","72","91","Moderate"
1968078,"6.5751667","3.3954253","2026-07-07 14:47:06","13","13","12","72","91","Moderate"
1968078,"6.5751667","3.3954253","2026-07-07 14:47:07","13","13","12","72","91","Moderate"
1968078,"6.5751667","3.3954253","2026-07-07 14:47:08","12","12","11","72","92","Good"
1968078,"6.5751667","3.3954253","2026-07-07 14:47:09","12","12","11","72","92","Good"
1968078,"6.5751667","3.3954253","2026-07-07 14:47:10","12","12","11","72","92","Good"
1968078,"6.5751667","3.3954253","2026-07-07 14:47:11","12","12","11","72","92","Good"
1968078,"6.5751667","3.3954253","2026-07-07 14:47:12","13","13","12","72","92","Moderate"
1968078,"6.5751667","3.3954253","2026-07-07 14:47:13","13","13","12","72","92","Moderate"
1968078,"6.5751667","3.3954253","2026-07-07 14:47:14","13","13","12","72","92","Moderate"
1968078,"6.5751667","3.3954253","2026-07-07 14:47:15","13","13","12","72","92","Moderate"
1968078,"6.5751667","3.3954253","2026-07-07 14:47:16","13","13","12","72","92","Moderate"
1968078,"6.5751667","3.3954253","2026-07-07 14:47:17","13","13","12","72","92","Moderate"
1968078,"6.5751667","3.3954253","2026-07-07 14:47:18","12","12","11","72","92","Good"
1968078,"6.5751667","3.3954253","2026-07-07 14:47:19","12","12","11","72","92","Good"
1968078,"6.5751667","3.3954253","2026-07-07 14:47:20","10","11","10","72","92","Good"
1968078,"6.5751667","3.3954253","2026-07-07 14:47:21","12","12","11","72","92","Good"
1968078,"6.5751667","3.3954253","2026-07-07 14:47:22","12","12","11","72","92","Good"
1968078,"6.5751667","3.3954253","2026-07-07 14:47:23","12","12","11","72","92","Good"
1968078,"6.5751667","3.3954253","2026-07-07 14:47:24","10","11","10","72","92","Good"
1968078,"6.5751667","3.3954253","2026-07-07 14:47:25","10","11","10","72","92","Good"
1968078,"6.5751667","3.3954253","2026-07-07 14:47:26","12","12","11","72","92","Good"
1968078,"6.5751667","3.3954253","2026-07-07 14:47:27","12","12","11","72","92","Good"
1968078,"6.5751667","3.3954253","2026-07-07 14:47:28","12","12","11","72","92","Good"
1968078,"6.5751667","3.3954253","2026-07-07 14:47:29","12","12","11","72","92","Good"
1968078,"6.5751667","3.3954253","2026-07-07 14:47:30","13","13","12","72","92","Moderate"
1968078,"6.5751667","3.3954253","2026-07-07 14:47:31","13","13","12","72","92","Moderate"
1968078,"6.5751667","3.3954253","2026-07-07 14:47:32","13","13","12","72","92","Moderate"
1968078,"6.5751667","3.3954253","2026-07-07 14:47:33","12","12","11","72","92","Good"
1968078,"6.5751667","3.3954253","2026-07-07 14:47:34","12","12","11","72","92","Good"
1968078,"6.5751667","3.3954253","2026-07-07 14:47:35","12","12","11","72","92","Good"
1968078,"6.5751667","3.3954253","2026-07-07 14:47:36","13","13","12","72","92","Moderate"
1968078,"6.5751667","3.3954253","2026-07-07 14:47:37","13","13","12","72","92","Moderate"
1968078,"6.5751667","3.3954253","2026-07-07 14:47:38","13","13","12","72","92","Moderate"
1968078,"6.5751667","3.3954253","2026-07-07 14:47:39","12","12","11","72","92","Good"
1968078,"6.5751667","3.3954253","2026-07-07 14:47:40","13","13","12","72","92","Moderate"
1968078,"6.5751667","3.3954253","2026-07-07 14:47:41","13","14","12","72","92","Moderate"
1968078,"6.5751667","3.3954253","2026-07-07 14:47:42","14","14","13","72","92","Moderate"
1968078,"6.5751667","3.3954253","2026-07-07 14:47:43","14","14","13","72","92","Moderate"
1968078,"6.5751667","3.3954253","2026-07-07 14:47:44","14","14","13","72","92","Moderate"
1968078,"6.5751667","3.3954253","2026-07-07 14:47:45","13","13","12","72","92","Moderate"
1968078,"6.5751667","3.3954253","2026-07-07 14:47:46","13","13","12","72","92","Moderate"
1968078,"6.5751667","3.3954253","2026-07-07 14:47:47","13","13","12","72","92","Moderate"
1968078,"6.5751667","3.3954253","2026-07-07 14:47:48","13","13","12","72","92","Moderate"
1968078,"6.5751667","3.3954253","2026-07-07 14:47:49","13","13","12","72","92","Moderate"
1968078,"6.5751667","3.3954253","2026-07-07 14:47:50","13","13","12","72","92","Moderate"
1968078,"6.5751667","3.3954253","2026-07-07 14:47:51","13","13","12","72","92","Moderate"
1968078,"6.5751667","3.3954253","2026-07-07 14:47:52","13","13","12","72","92","Moderate"
1968078,"6.5751667","3.3954253","2026-07-07 14:47:53","13","13","12","72","92","Moderate"
1968078,"6.5751667","3.3954253","2026-07-07 14:47:54","12","12","11","72","92","Good"
1968078,"6.5751667","3.3954253","2026-07-07 14:47:55","12","12","11","72","92","Good"
1968078,"6.5751667","3.3954253","2026-07-07 14:47:56","12","12","11","72","92","Good"
1968078,"6.5751667","3.3954253","2026-07-07 14:47:57","10","11","10","72","92","Good"
1968078,"6.5751667","3.3954253","2026-07-07 14:47:58","10","11","10","72","92","Good"
1968078,"6.5751667","3.3954253","2026-07-07 14:47:59","12","12","11","72","92","Good"
1968078,"6.5751667","3.3954253","2026-07-07 14:48:00","12","12","11","72","92","Good"
1968078,"6.5751667","3.3954253","2026-07-07 14:48:01","10","11","10","72","92","Good"
1968078,"6.5751667","3.3954253","2026-07-07 14:48:02","10","11","10","72","92","Good"
1968078,"6.5751667","3.3954253","2026-07-07 14:48:03","12","12","11","72","92","Good"
1968078,"6.5751667","3.3954253","2026-07-07 14:48:04","12","12","11","72","92","Good"
1968078,"6.5751667","3.3954253","2026-07-07 14:48:05","10","11","10","72","92","Good"
1968078,"6.5751667","3.3954253","2026-07-07 14:48:06","10","11","10","72","92","Good"
1968078,"6.5751667","3.3954253","2026-07-07 14:48:07","10","11","10","72","92","Good"
1968078,"6.5751667","3.3954253","2026-07-07 14:48:08","10","11","10","72","92","Good"
1968078,"6.5751667","3.3954253","2026-07-07 14:48:09","10","11","10","72","92","Good"
1968078,"6.5751667","3.3954253","2026-07-07 14:48:10","10","11","10","72","92","Good"
1968078,"6.5751667","3.3954253","2026-07-07 14:48:11","12","12","11","72","92","Good"
1968078,"6.5751667","3.3954253","2026-07-07 14:48:12","12","12","11","72","92","Good"
1968078,"6.5751667","3.3954253","2026-07-07 14:48:13","10","11","10","72","92","Good"
1968078,"6.5751667","3.3954253","2026-07-07 14:48:14","10","11","10","72","92","Good"
1968078,"6.5751667","3.3954253","2026-07-07 14:48:15","10","11","10","72","92","Good"
1968078,"6.5751667","3.3954253","2026-07-07 14:48:16","10","11","10","72","92","Good"
1968078,"6.5751667","3.3954253","2026-07-07 14:48:17","10","11","10","72","92","Good"
1968078,"6.5751667","3.3954253","2026-07-07 14:48:18","12","12","11","72","92","Good"
1968078,"6.5751667","3.3954253","2026-07-07 14:48:19","12","12","11","72","92","Good"
1968078,"6.5751667","3.3954253","2026-07-07 14:48:20","10","11","10","72","92","Good"
1968078,"6.5751667","3.3954253","2026-07-07 14:48:21","10","11","10","72","92","Good"
1968078,"6.5751667","3.3954253","2026-07-07 14:48:22","9","10","8","72","92","Good"
1968078,"6.5751667","3.3954253","2026-07-07 14:48:23","9","10","8","72","92","Good"
1968078,"6.5751667","3.3954253","2026-07-07 14:48:24","10","11","10","72","92","Good"
1968078,"6.5751667","3.3954253","2026-07-07 14:48:25","10","11","10","72","92","Good"
1968078,"6.5751667","3.3954253","2026-07-07 14:48:26","10","11","10","72","92","Good"
1968078,"6.5751667","3.3954253","2026-07-07 14:48:27","10","11","10","72","92","Good"
1968078,"6.5751667","3.3954253","2026-07-07 14:48:28","10","11","10","72","92","Good"
1968078,"6.5751667","3.3954253","2026-07-07 14:48:29","10","11","10","72","92","Good"
1968078,"6.5751667","3.3954253","2026-07-07 14:48:30","10","11","10","72","92","Good"
1968078,"6.5751667","3.3954253","2026-07-07 14:48:31","10","11","10","72","92","Good"
1968078,"6.5751667","3.3954253","2026-07-07 14:48:32","11","11","10","72","92","Good"
1968078,"6.5751667","3.3954253","2026-07-07 14:48:33","12","12","11","72","92","Good"
1968078,"6.5751667","3.3954253","2026-07-07 14:48:34","12","12","11","72","92","Good"
1968078,"6.5751667","3.3954253","2026-07-07 14:48:35","12","12","11","72","92","Good"
1968078,"6.5751667","3.3954253","2026-07-07 14:48:36","10","11","10","72","92","Good"
1968078,"6.5751667","3.3954253","2026-07-07 14:48:37","10","11","10","72","92","Good"
1968078,"6.5751667","3.3954253","2026-07-07 14:48:38","10","11","10","72","92","Good"
1968078,"6.5751667","3.3954253","2026-07-07 14:48:39","10","11","10","71","92","Good"
1968078,"6.5751667","3.3954253","2026-07-07 14:48:40","10","11","10","71","92","Good"
1968078,"6.5751667","3.3954253","2026-07-07 14:48:41","12","12","11","71","92","Good"
1968078,"6.5751667","3.3954253","2026-07-07 14:48:42","12","12","11","71","92","Good"
1968078,"6.5751667","3.3954253","2026-07-07 14:48:43","10","11","10","71","92","Good"
1968078,"6.5751667","3.3954253","2026-07-07 14:48:44","10","11","10","72","92","Good"
1968078,"6.5751667","3.3954253","2026-07-07 14:48:45","10","11","10","72","92","Good"
1968078,"6.5751667","3.3954253","2026-07-07 14:48:46","10","11","10","72","92","Good"
1968078,"6.5751667","3.3954253","2026-07-07 14:48:47","10","11","10","72","92","Good"
1968078,"6.5751667","3.3954253","2026-07-07 14:48:48","10","11","10","72","93","Good"
1968078,"6.575086","3.3951187","2026-07-07 14:48:49","10","11","10","71","93","Good"
1968078,"6.575086","3.3951187","2026-07-07 14:48:50","12","12","11","71","93","Good"
1968078,"6.575086","3.3951187","2026-07-07 14:48:51","12","12","11","71","93","Good"
1968078,"6.575086","3.3951187","2026-07-07 14:48:52","12","12","11","72","93","Good"
1968078,"6.5750275","3.3952024","2026-07-07 14:48:53","12","12","11","72","93","Good"
1968078,"6.5750275","3.3952024","2026-07-07 14:48:54","12","12","11","71","93","Good"
1968078,"6.5750275","3.3952024","2026-07-07 14:48:55","12","12","11","71","93","Good"
1968078,"6.575063","3.3952692","2026-07-07 14:48:56","12","12","11","71","93","Good"
1968078,"6.575063","3.3952692","2026-07-07 14:48:57","13","13","12","71","93","Moderate"
1968078,"6.575094","3.395355","2026-07-07 14:48:58","13","13","12","71","93","Moderate"
1968078,"6.575108","3.39538","2026-07-07 14:48:59","10","11","10","71","93","Good"
1968078,"6.575196","3.3955066","2026-07-07 14:49:00","10","11","10","71","93","Good"
1968078,"6.575206","3.395516","2026-07-07 14:49:01","10","11","10","71","93","Good"
1968078,"6.575206","3.395516","2026-07-07 14:49:02","12","12","11","71","93","Good"
1968078,"6.575206","3.395516","2026-07-07 14:49:03","12","12","11","71","93","Good"
1968078,"6.575206","3.395516","2026-07-07 14:49:04","13","13","12","71","93","Moderate"
1968078,"6.575206","3.395516","2026-07-07 14:49:05","13","13","12","71","93","Moderate"
1968078,"6.575206","3.395516","2026-07-07 14:49:06","13","13","12","71","93","Moderate"
1968078,"6.575206","3.395516","2026-07-07 14:49:07","13","13","12","71","93","Moderate"
1968078,"6.575206","3.395516","2026-07-07 14:49:08","12","13","11","71","93","Good"
1968078,"6.575206","3.395516","2026-07-07 14:49:09","12","12","11","71","93","Good"
1968078,"6.575206","3.395516","2026-07-07 14:49:10","12","12","11","71","93","Good"
1968078,"6.575206","3.395516","2026-07-07 14:49:11","13","13","12","71","93","Moderate"
1968078,"6.575206","3.395516","2026-07-07 14:49:12","13","13","12","71","93","Moderate"
1968078,"6.575206","3.395516","2026-07-07 14:49:13","12","12","11","71","93","Good"
1968078,"6.575206","3.395516","2026-07-07 14:49:14","12","12","11","71","93","Good"
1968078,"6.575206","3.395516","2026-07-07 14:49:15","12","12","11","71","93","Good"
1968078,"6.575206","3.395516","2026-07-07 14:49:16","13","13","12","71","93","Moderate"
1968078,"6.575206","3.395516","2026-07-07 14:49:17","12","12","11","71","93","Good"
1968078,"6.575206","3.395516","2026-07-07 14:49:18","12","12","11","71","93","Good"
1968078,"6.575206","3.395516","2026-07-07 14:49:19","12","12","11","71","93","Good"
1968078,"6.575206","3.395516","2026-07-07 14:49:20","12","12","11","71","93","Good"
1968078,"6.575206","3.395516","2026-07-07 14:49:21","12","12","11","71","93","Good"
1968078,"6.575206","3.395516","2026-07-07 14:49:22","10","11","10","71","93","Good"
1968078,"6.575206","3.395516","2026-07-07 14:49:23","11","11","10","71","93","Good"
1968078,"6.575206","3.395516","2026-07-07 14:49:24","12","12","11","71","93","Good"
1968078,"6.575206","3.395516","2026-07-07 14:49:25","12","12","11","71","93","Good"
1968078,"6.575206","3.395516","2026-07-07 14:49:26","12","12","11","71","93","Good"
1968078,"6.575206","3.395516","2026-07-07 14:49:27","12","12","11","71","93","Good"
1968078,"6.575206","3.395516","2026-07-07 14:49:28","12","12","11","71","93","Good"
1968078,"6.575206","3.395516","2026-07-07 14:49:29","9","10","8","71","93","Good"
1968078,"6.575206","3.395516","2026-07-07 14:49:30","10","11","10","71","93","Good"
1968078,"6.575206","3.395516","2026-07-07 14:49:31","10","11","10","71","93","Good"
1968078,"6.575206","3.395516","2026-07-07 14:49:32","12","12","11","71","93","Good"
1968078,"6.575206","3.395516","2026-07-07 14:49:33","12","12","11","71","93","Good"
1968078,"6.575206","3.395516","2026-07-07 14:49:34","12","12","11","71","93","Good"
1968078,"6.575206","3.395516","2026-07-07 14:49:35","12","12","11","70","93","Good"
1968078,"6.575206","3.395516","2026-07-07 14:49:36","12","12","11","70","93","Good"
1968078,"6.575206","3.395516","2026-07-07 14:49:37","12","12","11","70","93","Good"
1968078,"6.575206","3.395516","2026-07-07 14:49:38","12","12","11","70","93","Good"
1968078,"6.575206","3.395516","2026-07-07 14:49:39","12","12","11","70","93","Good"
1968078,"6.575206","3.395516","2026-07-07 14:49:40","12","12","11","70","93","Good"
1968078,"6.575206","3.395516","2026-07-07 14:49:41","10","11","10","70","93","Good"
1968078,"6.575206","3.395516","2026-07-07 14:49:42","10","11","10","70","93","Good"
1968078,"6.575206","3.395516","2026-07-07 14:49:43","10","11","10","70","93","Good"
1968078,"6.575206","3.395516","2026-07-07 14:49:44","10","10","9","70","93","Good"
1968078,"6.575206","3.395516","2026-07-07 14:49:45","9","10","8","70","93","Good"
1968078,"6.575206","3.395516","2026-07-07 14:49:46","9","10","8","70","93","Good"
1968078,"6.575206","3.395516","2026-07-07 14:49:47","10","11","10","70","93","Good"
1968078,"6.575206","3.395516","2026-07-07 14:49:48","10","11","10","70","93","Good"
1968078,"6.575206","3.395516","2026-07-07 14:49:49","10","11","10","70","93","Good"
1968078,"6.575206","3.395516","2026-07-07 14:49:50","10","11","10","70","93","Good"
1968078,"6.575206","3.395516","2026-07-07 14:49:51","10","11","10","70","93","Good"
1968078,"6.575206","3.395516","2026-07-07 14:49:52","10","10","9","70","93","Good"
1968078,"6.575206","3.395516","2026-07-07 14:49:53","9","10","8","70","93","Good"
1968078,"6.575206","3.395516","2026-07-07 14:49:54","9","10","8","70","93","Good"
1968078,"6.575206","3.395516","2026-07-07 14:49:55","9","10","8","70","93","Good"
1968078,"6.575206","3.395516","2026-07-07 14:49:56","10","11","10","70","93","Good"
1968078,"6.575206","3.395516","2026-07-07 14:49:57","12","12","11","70","93","Good"
1968078,"6.575206","3.395516","2026-07-07 14:49:58","12","12","11","70","93","Good"
1968078,"6.575206","3.395516","2026-07-07 14:49:59","10","11","10","70","93","Good"
1968078,"6.575206","3.395516","2026-07-07 14:50:00","12","12","11","70","93","Good"
1968078,"6.575206","3.395516","2026-07-07 14:50:01","12","12","11","70","93","Good"
1968078,"6.575206","3.395516","2026-07-07 14:50:02","12","12","11","70","93","Good"
1968078,"6.575206","3.395516","2026-07-07 14:50:03","12","12","11","70","93","Good"
1968078,"6.575206","3.395516","2026-07-07 14:50:04","12","12","11","70","93","Good"
1968078,"6.575206","3.395516","2026-07-07 14:50:05","12","12","11","70","93","Good"
1968078,"6.575206","3.395516","2026-07-07 14:50:06","10","11","10","70","93","Good"
1968078,"6.575206","3.395516","2026-07-07 14:50:07","10","11","10","70","93","Good"
1968078,"6.575206","3.395516","2026-07-07 14:50:08","10","11","10","69","93","Good"
1968078,"6.575206","3.395516","2026-07-07 14:50:09","10","11","10","69","93","Good"
1968078,"6.575206","3.395516","2026-07-07 14:50:10","10","11","10","69","93","Good"
1968078,"6.575206","3.395516","2026-07-07 14:50:11","12","12","11","69","93","Good"
1968078,"6.575206","3.395516","2026-07-07 14:50:12","12","12","11","69","93","Good"
1968078,"6.575206","3.395516","2026-07-07 14:50:13","10","11","10","69","93","Good"
1968078,"6.575206","3.395516","2026-07-07 14:50:14","9","10","8","68","93","Good"
1968078,"6.575206","3.395516","2026-07-07 14:50:15","9","10","8","68","93","Good"
1968078,"6.575206","3.395516","2026-07-07 14:50:16","9","10","8","68","93","Good"
1968078,"6.575206","3.395516","2026-07-07 14:50:17","9","10","8","68","93","Good"
1968078,"6.575206","3.395516","2026-07-07 14:50:18","8","8","7","68","93","Good"
1968078,"6.575206","3.395516","2026-07-07 14:50:19","8","8","7","68","93","Good"
1968078,"6.575206","3.395516","2026-07-07 14:50:20","9","10","8","68","93","Good"
1968078,"6.575206","3.395516","2026-07-07 14:50:21","10","11","10","69","93","Good"
1968078,"6.575206","3.395516","2026-07-07 14:50:22","10","11","10","69","93","Good"
1968078,"6.575206","3.395516","2026-07-07 14:50:23","10","11","10","69","93","Good"
1968078,"6.575206","3.395516","2026-07-07 14:50:24","10","11","10","69","93","Good"
1968078,"6.575206","3.395516","2026-07-07 14:50:25","9","10","8","69","93","Good"
1968078,"6.575206","3.395516","2026-07-07 14:50:26","9","10","8","69","93","Good"
1968078,"6.575206","3.395516","2026-07-07 14:50:27","10","11","10","69","93","Good"
1968078,"6.575206","3.395516","2026-07-07 14:50:28","9","10","8","69","93","Good"
1968078,"6.575206","3.395516","2026-07-07 14:50:29","9","10","8","69","93","Good"
1968078,"6.575206","3.395516","2026-07-07 14:50:30","9","10","8","69","93","Good"
1968078,"6.575206","3.395516","2026-07-07 14:50:31","9","10","8","69","93","Good"
1968078,"6.575206","3.395516","2026-07-07 14:50:32","9","10","8","69","93","Good"
1968078,"6.575206","3.395516","2026-07-07 14:50:33","9","10","8","69","93","Good"
1968078,"6.575206","3.395516","2026-07-07 14:50:34","9","10","8","69","93","Good"
1968078,"6.575206","3.395516","2026-07-07 14:50:35","10","11","10","69","93","Good"
1968078,"6.575206","3.395516","2026-07-07 14:50:36","10","11","10","69","93","Good"
1968078,"6.575206","3.395516","2026-07-07 14:50:37","10","11","10","69","93","Good"
1968078,"6.575206","3.395516","2026-07-07 14:50:38","10","11","10","68","93","Good"
1968078,"6.575206","3.395516","2026-07-07 14:50:39","10","11","10","68","93","Good"
1968078,"6.575206","3.395516","2026-07-07 14:50:40","10","11","10","68","93","Good"
1968078,"6.575206","3.395516","2026-07-07 14:50:41","9","10","8","68","93","Good"
1968078,"6.575206","3.395516","2026-07-07 14:50:42","10","10","9","68","93","Good"
1968078,"6.575206","3.395516","2026-07-07 14:50:43","10","11","10","68","93","Good"
1968078,"6.575206","3.395516","2026-07-07 14:50:44","9","10","8","68","93","Good"
1968078,"6.575206","3.395516","2026-07-07 14:50:45","9","10","8","68","93","Good"
1968078,"6.575206","3.395516","2026-07-07 14:50:46","9","10","8","68","93","Good"
1968078,"6.575206","3.395516","2026-07-07 14:50:47","9","10","8","68","93","Good"
1968078,"6.575206","3.395516","2026-07-07 14:50:48","9","10","8","68","93","Good"
1968078,"6.575206","3.395516","2026-07-07 14:50:49","9","10","8","68","93","Good"
1968078,"6.575206","3.395516","2026-07-07 14:50:50","10","11","10","68","93","Good"
1968078,"6.575206","3.395516","2026-07-07 14:50:51","10","11","10","68","93","Good"
1968078,"6.575206","3.395516","2026-07-07 14:50:52","10","11","10","68","93","Good"
1968078,"6.575206","3.395516","2026-07-07 14:50:53","10","11","10","68","93","Good"
1968078,"6.575206","3.395516","2026-07-07 14:50:54","10","11","10","68","93","Good"
1968078,"6.575206","3.395516","2026-07-07 14:50:55","10","11","10","68","93","Good"
1968078,"6.575206","3.395516","2026-07-07 14:50:56","10","11","10","68","93","Good"
1968078,"6.575206","3.395516","2026-07-07 14:50:57","9","10","8","68","93","Good"
1968078,"6.575206","3.395516","2026-07-07 14:50:58","9","10","8","68","93","Good"
1968078,"6.575206","3.395516","2026-07-07 14:50:59","9","10","8","68","93","Good"
1968078,"6.575206","3.395516","2026-07-07 14:51:00","10","11","10","68","93","Good"
1968078,"6.575206","3.395516","2026-07-07 14:51:01","10","11","10","68","93","Good"
1968078,"6.575206","3.395516","2026-07-07 14:51:02","9","10","8","68","93","Good"
1968078,"6.575206","3.395516","2026-07-07 14:51:03","9","10","8","68","93","Good"
1968078,"6.575206","3.395516","2026-07-07 14:51:04","10","11","10","68","93","Good"
1968078,"6.575206","3.395516","2026-07-07 14:51:05","10","11","10","68","93","Good"
1968078,"6.575206","3.395516","2026-07-07 14:51:06","10","11","10","68","93","Good"
1968078,"6.575206","3.395516","2026-07-07 14:51:07","10","11","10","68","93","Good"
1968078,"6.575206","3.395516","2026-07-07 14:51:08","10","11","10","68","93","Good"
1968078,"6.575206","3.395516","2026-07-07 14:51:09","9","10","8","68","93","Good"
1968078,"6.575206","3.395516","2026-07-07 14:51:10","9","10","8","68","93","Good"
1968078,"6.575206","3.395516","2026-07-07 14:51:11","10","11","10","68","93","Good"
1968078,"6.575206","3.395516","2026-07-07 14:51:12","10","11","10","68","93","Good"
1968078,"6.575206","3.395516","2026-07-07 14:51:13","10","11","10","68","93","Good"
1968078,"6.575206","3.395516","2026-07-07 14:51:14","10","11","10","68","93","Good"
1968078,"6.575206","3.395516","2026-07-07 14:51:15","10","11","10","68","93","Good"
1968078,"6.575206","3.395516","2026-07-07 14:51:16","12","12","11","68","93","Good"
1968078,"6.575206","3.395516","2026-07-07 14:51:17","12","12","11","68","93","Good"
1968078,"6.575206","3.395516","2026-07-07 14:51:18","10","11","10","68","93","Good"
1968078,"6.575206","3.395516","2026-07-07 14:51:19","11","11","10","68","93","Good"
1968078,"6.575206","3.395516","2026-07-07 14:51:20","12","12","11","68","93","Good"
1968078,"6.575206","3.395516","2026-07-07 14:51:21","10","11","10","68","93","Good"
1968078,"6.575206","3.395516","2026-07-07 14:51:22","10","11","10","68","93","Good"
1968078,"6.575206","3.395516","2026-07-07 14:51:23","10","11","10","68","94","Good"
1968078,"6.575206","3.395516","2026-07-07 14:51:24","10","11","10","68","93","Good"
1968078,"6.575206","3.395516","2026-07-07 14:51:25","9","10","8","68","93","Good"
1968078,"6.575206","3.395516","2026-07-07 14:51:26","9","10","8","68","93","Good"
1968078,"6.575206","3.395516","2026-07-07 14:51:27","9","10","8","68","93","Good"
1968078,"6.575206","3.395516","2026-07-07 14:51:28","10","11","10","68","93","Good"
1968078,"6.575206","3.395516","2026-07-07 14:51:29","10","11","10","68","93","Good"
1968078,"6.575206","3.395516","2026-07-07 14:51:30","10","11","10","68","93","Good"
1968078,"6.575206","3.395516","2026-07-07 14:51:31","10","11","10","68","93","Good"
1968078,"6.575206","3.395516","2026-07-07 14:51:32","12","12","11","68","93","Good"
1968078,"6.575206","3.395516","2026-07-07 14:51:33","12","12","11","68","93","Good"
1968078,"6.575206","3.395516","2026-07-07 14:51:34","12","12","11","68","93","Good"
1968078,"6.575206","3.395516","2026-07-07 14:51:35","13","13","12","68","93","Moderate"
1968078,"6.575206","3.395516","2026-07-07 14:51:36","13","13","12","68","93","Moderate"
1968078,"6.575206","3.395516","2026-07-07 14:51:37","12","12","11","68","94","Good"
1968078,"6.575206","3.395516","2026-07-07 14:51:38","12","12","11","68","93","Good"
1968078,"6.575206","3.395516","2026-07-07 14:51:39","12","12","11","67","93","Good"
1968078,"6.575206","3.395516","2026-07-07 14:51:40","12","12","11","67","94","Good"
1968078,"6.575206","3.395516","2026-07-07 14:51:41","11","11","10","67","94","Good"
1968078,"6.575206","3.395516","2026-07-07 14:51:42","9","10","8","68","94","Good"
1968078,"6.575206","3.395516","2026-07-07 14:51:43","12","12","11","68","94","Good"
1968078,"6.575206","3.395516","2026-07-07 14:51:44","12","12","11","68","94","Good"
1968078,"6.575206","3.395516","2026-07-07 14:51:45","12","12","11","68","94","Good"
1968078,"6.575206","3.395516","2026-07-07 14:51:46","12","12","11","68","94","Good"
1968078,"6.575206","3.395516","2026-07-07 14:51:47","12","12","11","68","94","Good"
1968078,"6.575206","3.395516","2026-07-07 14:51:48","12","12","11","68","94","Good"
1968078,"6.575206","3.395516","2026-07-07 14:51:49","12","12","11","68","94","Good"
1968078,"6.575206","3.395516","2026-07-07 14:51:50","10","11","10","68","94","Good"
1968078,"6.575206","3.395516","2026-07-07 14:51:51","10","11","10","68","94","Good"
1968078,"6.575206","3.395516","2026-07-07 14:51:52","10","11","10","68","94","Good"
1968078,"6.575206","3.395516","2026-07-07 14:51:53","12","12","11","68","94","Good"
1968078,"6.575206","3.395516","2026-07-07 14:51:54","12","12","11","68","94","Good"
1968078,"6.575206","3.395516","2026-07-07 14:51:55","12","12","11","68","94","Good"
1968078,"6.575206","3.395516","2026-07-07 14:51:56","12","12","11","68","94","Good"
1968078,"6.575206","3.395516","2026-07-07 14:51:57","13","13","12","68","94","Moderate"
1968078,"6.575206","3.395516","2026-07-07 14:51:58","13","13","12","68","94","Moderate"
1968078,"6.575206","3.395516","2026-07-07 14:51:59","13","13","12","68","94","Moderate"
1968078,"6.575206","3.395516","2026-07-07 14:52:00","13","13","12","68","94","Moderate"
1968078,"6.575206","3.395516","2026-07-07 14:52:01","13","13","12","68","94","Moderate"
1968078,"6.575206","3.395516","2026-07-07 14:52:02","13","13","12","68","94","Moderate"
1968078,"6.575206","3.395516","2026-07-07 14:52:03","13","13","12","68","94","Moderate"
1968078,"6.575206","3.395516","2026-07-07 14:52:04","14","14","13","68","94","Moderate"
1968078,"6.575206","3.395516","2026-07-07 14:52:05","14","14","13","68","94","Moderate"
1968078,"6.575206","3.395516","2026-07-07 14:52:06","13","13","12","68","94","Moderate"
1968078,"6.575206","3.395516","2026-07-07 14:52:07","13","13","12","68","94","Moderate"
1968078,"6.575206","3.395516","2026-07-07 14:52:08","13","13","12","68","94","Moderate"
1968078,"6.575206","3.395516","2026-07-07 14:52:09","14","14","13","68","94","Moderate"
1968078,"6.575206","3.395516","2026-07-07 14:52:10","14","14","13","68","94","Moderate"
1968078,"6.575206","3.395516","2026-07-07 14:52:11","14","14","13","68","94","Moderate"
1968078,"6.575206","3.395516","2026-07-07 14:52:12","14","14","13","68","94","Moderate"
1968078,"6.575206","3.395516","2026-07-07 14:52:13","14","14","13","68","94","Moderate"
1968078,"6.575206","3.395516","2026-07-07 14:52:14","14","14","13","68","94","Moderate"
1968078,"6.575206","3.395516","2026-07-07 14:52:15","14","14","13","68","94","Moderate"
1968078,"6.575206","3.395516","2026-07-07 14:52:16","15","16","14","68","94","Moderate"
1968078,"6.575206","3.395516","2026-07-07 14:52:17","15","16","14","68","94","Moderate"
1968078,"6.575206","3.395516","2026-07-07 14:52:18","15","16","14","68","94","Moderate"
1968078,"6.575206","3.395516","2026-07-07 14:52:19","15","16","14","68","94","Moderate"
1968078,"6.575206","3.395516","2026-07-07 14:52:20","15","16","14","68","94","Moderate"
1968078,"6.575206","3.395516","2026-07-07 14:52:21","14","14","13","68","94","Moderate"
1968078,"6.575206","3.395516","2026-07-07 14:52:22","14","14","13","68","94","Moderate"
1968078,"6.575206","3.395516","2026-07-07 14:52:23","15","16","14","67","94","Moderate"
1968078,"6.575206","3.395516","2026-07-07 14:52:24","15","16","14","67","94","Moderate"
1968078,"6.575206","3.395516","2026-07-07 14:52:25","16","17","15","67","94","Moderate"
1968078,"6.575206","3.395516","2026-07-07 14:52:26","16","17","15","67","94","Moderate"
1968078,"6.575206","3.395516","2026-07-07 14:52:27","16","17","15","67","94","Moderate"
1968078,"6.575206","3.395516","2026-07-07 14:52:28","16","17","15","67","94","Moderate"
1968078,"6.575206","3.395516","2026-07-07 14:52:29","16","17","15","67","94","Moderate"
1968078,"6.575206","3.395516","2026-07-07 14:52:30","15","16","14","67","94","Moderate"
1968078,"6.575206","3.395516","2026-07-07 14:52:31","14","14","13","67","94","Moderate"
1968078,"6.575206","3.395516","2026-07-07 14:52:32","14","14","13","67","94","Moderate"
1968078,"6.575206","3.395516","2026-07-07 14:52:33","14","14","13","67","94","Moderate"
1968078,"6.575206","3.395516","2026-07-07 14:52:34","14","14","13","68","94","Moderate"
1968078,"6.575206","3.395516","2026-07-07 14:52:35","14","14","13","68","94","Moderate"
1968078,"6.575206","3.395516","2026-07-07 14:52:36","15","16","14","68","94","Moderate"
1968078,"6.575206","3.395516","2026-07-07 14:52:37","15","16","14","68","94","Moderate"
1968078,"6.575206","3.395516","2026-07-07 14:52:38","15","16","14","68","94","Moderate"
1968078,"6.575206","3.395516","2026-07-07 14:52:39","15","16","14","68","94","Moderate"
1968078,"6.575206","3.395516","2026-07-07 14:52:40","15","16","14","68","94","Moderate"
1968078,"6.575206","3.395516","2026-07-07 14:52:41","15","16","14","68","94","Moderate"
1968078,"6.575206","3.395516","2026-07-07 14:52:42","15","16","14","68","94","Moderate"
1968078,"6.575206","3.395516","2026-07-07 14:52:43","15","16","14","68","94","Moderate"
1968078,"6.575206","3.395516","2026-07-07 14:52:44","15","16","14","68","94","Moderate"
1968078,"6.575206","3.395516","2026-07-07 14:52:45","15","16","14","68","94","Moderate"
1968078,"6.575206","3.395516","2026-07-07 14:52:46","14","14","13","68","94","Moderate"
1968078,"6.575206","3.395516","2026-07-07 14:52:47","14","14","13","68","94","Moderate"
1968078,"6.575206","3.395516","2026-07-07 14:52:48","15","16","14","68","94","Moderate"
1968078,"6.575206","3.395516","2026-07-07 14:52:49","16","17","15","68","94","Moderate"
1968078,"6.575206","3.395516","2026-07-07 14:52:50","16","17","15","68","94","Moderate"
1968078,"6.575206","3.395516","2026-07-07 14:52:51","15","16","14","68","94","Moderate"
1968078,"6.575206","3.395516","2026-07-07 14:52:52","15","16","14","68","94","Moderate"
1968078,"6.575206","3.395516","2026-07-07 14:52:53","15","16","14","68","94","Moderate"
1968078,"6.575206","3.395516","2026-07-07 14:52:54","15","16","14","68","94","Moderate"
1968078,"6.575206","3.395516","2026-07-07 14:52:55","15","16","14","68","94","Moderate"
1968078,"6.575206","3.395516","2026-07-07 14:52:56","15","16","14","68","94","Moderate"
1968078,"6.575206","3.395516","2026-07-07 14:52:57","14","14","13","68","94","Moderate"
1968078,"6.575206","3.395516","2026-07-07 14:52:58","14","14","13","68","94","Moderate"
1968078,"6.575206","3.395516","2026-07-07 14:52:59","14","14","13","68","94","Moderate"
1968078,"6.575206","3.395516","2026-07-07 14:53:00","15","16","14","68","94","Moderate"
1968078,"6.575206","3.395516","2026-07-07 14:53:01","15","16","14","68","94","Moderate"
1968078,"6.575206","3.395516","2026-07-07 14:53:02","14","14","13","68","94","Moderate"
1968078,"6.575206","3.395516","2026-07-07 14:53:03","14","15","13","68","94","Moderate"
1968078,"6.575206","3.395516","2026-07-07 14:53:04","15","16","14","68","94","Moderate"
1968078,"6.575206","3.395516","2026-07-07 14:53:05","15","16","14","68","94","Moderate"
1968078,"6.575206","3.395516","2026-07-07 14:53:06","15","16","14","68","94","Moderate"
1968078,"6.575206","3.395516","2026-07-07 14:53:07","15","16","14","68","94","Moderate"
1968078,"6.575206","3.395516","2026-07-07 14:53:08","15","16","14","68","94","Moderate"
1968078,"6.575206","3.395516","2026-07-07 14:53:09","16","17","15","68","94","Moderate"
1968078,"6.575206","3.395516","2026-07-07 14:53:10","15","16","14","68","94","Moderate"
1968078,"6.575206","3.395516","2026-07-07 14:53:11","15","16","14","68","94","Moderate"
1968078,"6.575206","3.395516","2026-07-07 14:53:12","16","17","15","68","94","Moderate"
1968078,"6.575206","3.395516","2026-07-07 14:53:13","16","17","15","68","94","Moderate"
1968078,"6.575206","3.395516","2026-07-07 14:53:14","16","17","15","68","94","Moderate"
1968078,"6.575206","3.395516","2026-07-07 14:53:15","16","17","15","67","94","Moderate"
1968078,"6.575206","3.395516","2026-07-07 14:53:16","16","17","15","67","94","Moderate"
1968078,"6.575206","3.395516","2026-07-07 14:53:17","16","17","15","67","94","Moderate"
1968078,"6.575206","3.395516","2026-07-07 14:53:18","15","16","14","67","94","Moderate"
1968078,"6.575206","3.395516","2026-07-07 14:53:19","15","16","14","67","94","Moderate"
1968078,"6.575206","3.395516","2026-07-07 14:53:20","15","16","14","67","94","Moderate"
1968078,"6.575206","3.395516","2026-07-07 14:53:21","15","16","14","67","94","Moderate"
1968078,"6.575206","3.395516","2026-07-07 14:53:22","15","16","14","67","94","Moderate"
1968078,"6.575206","3.395516","2026-07-07 14:53:23","14","14","13","67","94","Moderate"
1968078,"6.575206","3.395516","2026-07-07 14:53:24","14","14","13","67","94","Moderate"
1968078,"6.575206","3.395516","2026-07-07 14:53:25","14","14","13","67","94","Moderate"
1968078,"6.575206","3.395516","2026-07-07 14:53:26","13","13","12","67","94","Moderate"
1968078,"6.575206","3.395516","2026-07-07 14:53:27","12","12","11","67","94","Good"
1968078,"6.575206","3.395516","2026-07-07 14:53:28","12","12","11","67","94","Good"
1968078,"6.575206","3.395516","2026-07-07 14:53:29","12","12","11","67","94","Good"
1968078,"6.575206","3.395516","2026-07-07 14:53:30","10","11","10","67","94","Good"
1968078,"6.575206","3.395516","2026-07-07 14:53:31","10","11","10","67","94","Good"
1968078,"6.575206","3.395516","2026-07-07 14:53:32","12","12","11","67","94","Good"
1968078,"6.575206","3.395516","2026-07-07 14:53:33","13","13","12","67","94","Moderate"
1968078,"6.575206","3.395516","2026-07-07 14:53:34","13","13","12","67","94","Moderate"
1968078,"6.575206","3.395516","2026-07-07 14:53:35","13","13","12","67","94","Moderate"
1968078,"6.575206","3.395516","2026-07-07 14:53:36","13","13","12","67","94","Moderate"
1968078,"6.575206","3.395516","2026-07-07 14:53:37","13","13","12","67","94","Moderate"
1968078,"6.575206","3.395516","2026-07-07 14:53:38","13","13","12","67","94","Moderate"
1968078,"6.575206","3.395516","2026-07-07 14:53:39","13","13","12","67","94","Moderate"
1968078,"6.575206","3.395516","2026-07-07 14:53:40","13","13","12","67","94","Moderate"
1968078,"6.575206","3.395516","2026-07-07 14:53:41","13","13","12","67","94","Moderate"
1968078,"6.575206","3.395516","2026-07-07 14:53:42","12","12","11","67","94","Good"
1968078,"6.575206","3.395516","2026-07-07 14:53:43","12","12","11","67","94","Good"
1968078,"6.575206","3.395516","2026-07-07 14:53:44","13","13","12","67","94","Moderate"
1968078,"6.575206","3.395516","2026-07-07 14:53:45","13","13","12","67","94","Moderate"
1968078,"6.575206","3.395516","2026-07-07 14:53:46","13","13","12","67","94","Moderate"
1968078,"6.575206","3.395516","2026-07-07 14:53:47","13","14","12","67","94","Moderate"
1968078,"6.575206","3.395516","2026-07-07 14:53:48","15","16","14","67","94","Moderate"
1968078,"6.575206","3.395516","2026-07-07 14:53:49","15","16","14","67","94","Moderate"
1968078,"6.575206","3.395516","2026-07-07 14:53:50","15","16","14","67","94","Moderate"
1968078,"6.575206","3.395516","2026-07-07 14:53:51","14","14","13","67","94","Moderate"
1968078,"6.575206","3.395516","2026-07-07 14:53:52","14","14","13","67","94","Moderate"
1968078,"6.575206","3.395516","2026-07-07 14:53:53","15","16","14","67","94","Moderate"
1968078,"6.575206","3.395516","2026-07-07 14:53:54","15","16","14","67","94","Moderate"
1968078,"6.575206","3.395516","2026-07-07 14:53:55","15","16","14","67","94","Moderate"
1968078,"6.575206","3.395516","2026-07-07 14:53:56","15","16","14","67","94","Moderate"
1968078,"6.575206","3.395516","2026-07-07 14:53:57","15","16","14","67","94","Moderate"
1968078,"6.575206","3.395516","2026-07-07 14:53:58","15","16","14","67","94","Moderate"
1968078,"6.575206","3.395516","2026-07-07 14:53:59","15","16","14","67","94","Moderate"
1968078,"6.575206","3.395516","2026-07-07 14:54:00","15","16","14","67","94","Moderate"
1968078,"6.575206","3.395516","2026-07-07 14:54:01","15","16","14","67","94","Moderate"
1968078,"6.575206","3.395516","2026-07-07 14:54:02","14","14","13","67","94","Moderate"
1968078,"6.575206","3.395516","2026-07-07 14:54:03","13","13","12","67","94","Moderate"
1968078,"6.575206","3.395516","2026-07-07 14:54:04","13","13","12","67","94","Moderate"
1968078,"6.575206","3.395516","2026-07-07 14:54:05","13","13","12","67","94","Moderate"
1968078,"6.575206","3.395516","2026-07-07 14:54:06","12","12","11","67","94","Good"
1968078,"6.575206","3.395516","2026-07-07 14:54:07","12","12","11","67","94","Good"
1968078,"6.575206","3.395516","2026-07-07 14:54:08","12","12","11","67","94","Good"
1968078,"6.575206","3.395516","2026-07-07 14:54:09","13","13","12","67","94","Moderate"
1968078,"6.575206","3.395516","2026-07-07 14:54:10","12","12","11","67","94","Good"
1968078,"6.575206","3.395516","2026-07-07 14:54:11","12","12","11","67","94","Good"
1968078,"6.575206","3.395516","2026-07-07 14:54:12","10","11","10","67","94","Good"
1968078,"6.575206","3.395516","2026-07-07 14:54:13","10","11","10","67","94","Good"
1968078,"6.575206","3.395516","2026-07-07 14:54:14","12","12","11","67","94","Good"
1968078,"6.575206","3.395516","2026-07-07 14:54:15","12","12","11","67","94","Good"
1968078,"6.575206","3.395516","2026-07-07 14:54:16","12","12","11","67","94","Good"
1968078,"6.575206","3.395516","2026-07-07 14:54:17","13","13","12","67","94","Moderate"
1968078,"6.575206","3.395516","2026-07-07 14:54:18","14","14","13","68","94","Moderate"
1968078,"6.575206","3.395516","2026-07-07 14:54:19","14","14","13","68","94","Moderate"
1968078,"6.575206","3.395516","2026-07-07 14:54:20","14","14","13","68","94","Moderate"
1968078,"6.575206","3.395516","2026-07-07 14:54:21","14","14","13","68","94","Moderate"
1968078,"6.575206","3.395516","2026-07-07 14:54:22","14","14","13","68","94","Moderate"
1968078,"6.575206","3.395516","2026-07-07 14:54:23","14","14","13","68","94","Moderate"
1968078,"6.575206","3.395516","2026-07-07 14:54:24","14","14","13","68","94","Moderate"
1968078,"6.575206","3.395516","2026-07-07 14:54:25","14","14","13","68","94","Moderate"
1968078,"6.575206","3.395516","2026-07-07 14:54:26","14","14","13","68","94","Moderate"
1968078,"6.575206","3.395516","2026-07-07 14:54:27","13","13","12","68","94","Moderate"
1968078,"6.575206","3.395516","2026-07-07 14:54:28","14","14","13","68","94","Moderate"
1968078,"6.575206","3.395516","2026-07-07 14:54:29","14","14","13","68","94","Moderate"
1968078,"6.575206","3.395516","2026-07-07 14:54:30","13","13","12","68","94","Moderate"
1968078,"6.575206","3.395516","2026-07-07 14:54:31","13","13","12","68","94","Moderate"
1968078,"6.575206","3.395516","2026-07-07 14:54:32","14","14","13","68","94","Moderate"
1968078,"6.575206","3.395516","2026-07-07 14:54:33","14","14","13","68","94","Moderate"
1968078,"6.575206","3.395516","2026-07-07 14:54:34","14","14","13","68","94","Moderate"
1968078,"6.575206","3.395516","2026-07-07 14:54:35","13","13","12","68","94","Moderate"
1968078,"6.575206","3.395516","2026-07-07 14:54:36","12","12","11","68","94","Good"
1968078,"6.575206","3.395516","2026-07-07 14:54:37","12","12","11","68","94","Good"
1968078,"6.575206","3.395516","2026-07-07 14:54:38","12","13","11","68","94","Good"
1968078,"6.575206","3.395516","2026-07-07 14:54:39","13","13","12","68","94","Moderate"
1968078,"6.575206","3.395516","2026-07-07 14:54:40","13","13","12","68","94","Moderate"
1968078,"6.575206","3.395516","2026-07-07 14:54:41","13","13","12","68","94","Moderate"
1968078,"6.575206","3.395516","2026-07-07 14:54:42","13","13","12","68","94","Moderate"
1968078,"6.575206","3.395516","2026-07-07 14:54:43","13","13","12","68","94","Moderate"
1968078,"6.575206","3.395516","2026-07-07 14:54:44","13","13","12","68","94","Moderate"
1968078,"6.575206","3.395516","2026-07-07 14:54:45","13","13","12","68","94","Moderate"
1968078,"6.575206","3.395516","2026-07-07 14:54:46","13","13","12","68","94","Moderate"
1968078,"6.575206","3.395516","2026-07-07 14:54:47","12","12","11","68","94","Good"
1968078,"6.575206","3.395516","2026-07-07 14:54:48","12","12","11","68","94","Good"
1968078,"6.575206","3.395516","2026-07-07 14:54:49","10","11","10","68","94","Good"
1968078,"6.575206","3.395516","2026-07-07 14:54:50","10","11","10","68","94","Good"
1968078,"6.575206","3.395516","2026-07-07 14:54:51","13","13","12","68","94","Moderate"
1968078,"6.575206","3.395516","2026-07-07 14:54:52","14","14","13","68","94","Moderate"
1968078,"6.575206","3.395516","2026-07-07 14:54:53","14","14","13","68","94","Moderate"
1968078,"6.575206","3.395516","2026-07-07 14:54:54","14","14","13","68","94","Moderate"
1968078,"6.575206","3.395516","2026-07-07 14:54:55","14","14","13","68","94","Moderate"
1968078,"6.575206","3.395516","2026-07-07 14:54:56","13","13","12","68","94","Moderate"
1968078,"6.575206","3.395516","2026-07-07 14:54:57","12","12","11","68","94","Good"
1968078,"6.575206","3.395516","2026-07-07 14:54:58","13","13","12","68","94","Moderate"
1968078,"6.575206","3.395516","2026-07-07 14:54:59","14","14","13","68","94","Moderate"
1968078,"6.575206","3.395516","2026-07-07 14:55:00","14","14","13","68","94","Moderate"
1968078,"6.575206","3.395516","2026-07-07 14:55:01","13","13","12","68","94","Moderate"
1968078,"6.575206","3.395516","2026-07-07 14:55:02","14","14","13","68","94","Moderate"
1968078,"6.575206","3.395516","2026-07-07 14:55:03","15","16","14","68","94","Moderate"
1968078,"6.575206","3.395516","2026-07-07 14:55:04","15","16","14","68","94","Moderate"
1968078,"6.575206","3.395516","2026-07-07 14:55:05","15","16","14","68","94","Moderate"
1968078,"6.575206","3.395516","2026-07-07 14:55:06","15","16","14","68","94","Moderate"
1968078,"6.575206","3.395516","2026-07-07 14:55:07","15","16","14","68","94","Moderate"
1968078,"6.575206","3.395516","2026-07-07 14:55:08","15","16","14","68","94","Moderate"
1968078,"6.575206","3.395516","2026-07-07 14:55:09","14","14","13","68","94","Moderate"
1968078,"6.575206","3.395516","2026-07-07 14:55:10","14","14","13","68","94","Moderate"
1968078,"6.575206","3.395516","2026-07-07 14:55:11","15","16","14","68","94","Moderate"
1968078,"6.575206","3.395516","2026-07-07 14:55:12","15","16","14","68","94","Moderate"
1968078,"6.575206","3.395516","2026-07-07 14:55:13","15","16","14","68","94","Moderate"
1968078,"6.575206","3.395516","2026-07-07 14:55:14","13","13","12","68","94","Moderate"
1968078,"6.575206","3.395516","2026-07-07 14:55:15","13","13","12","68","94","Moderate"
1968078,"6.575206","3.395516","2026-07-07 14:55:16","13","13","12","68","94","Moderate"
1968078,"6.575206","3.395516","2026-07-07 14:55:17","13","14","12","68","94","Moderate"
1968078,"6.575206","3.395516","2026-07-07 14:55:18","14","14","13","68","94","Moderate"
1968078,"6.575206","3.395516","2026-07-07 14:55:19","13","13","12","68","94","Moderate"
1968078,"6.575206","3.395516","2026-07-07 14:55:20","13","13","12","68","94","Moderate"
1968078,"6.575206","3.395516","2026-07-07 14:55:21","13","13","12","68","94","Moderate"
1968078,"6.575206","3.395516","2026-07-07 14:55:22","13","13","12","68","94","Moderate"
1968078,"6.575206","3.395516","2026-07-07 14:55:23","13","13","12","68","94","Moderate"
1968078,"6.575206","3.395516","2026-07-07 14:55:24","12","12","11","68","94","Good"
1968078,"6.575206","3.395516","2026-07-07 14:55:25","12","12","11","68","94","Good"
1968078,"6.575206","3.395516","2026-07-07 14:55:26","13","13","12","68","94","Moderate"
1968078,"6.575206","3.395516","2026-07-07 14:55:27","13","13","12","68","94","Moderate"
1968078,"6.575206","3.395516","2026-07-07 14:55:28","13","13","12","68","94","Moderate"
1968078,"6.575206","3.395516","2026-07-07 14:55:29","13","13","12","68","94","Moderate"
1968078,"6.575206","3.395516","2026-07-07 14:55:30","14","14","13","68","94","Moderate"
1968078,"6.575206","3.395516","2026-07-07 14:55:31","14","14","13","68","94","Moderate"
1968078,"6.575206","3.395516","2026-07-07 14:55:32","14","14","13","68","94","Moderate"
1968078,"6.575206","3.395516","2026-07-07 14:55:33","13","13","12","68","94","Moderate"
1968078,"6.575206","3.395516","2026-07-07 14:55:34","13","13","12","67","94","Moderate"
1968078,"6.575206","3.395516","2026-07-07 14:55:35","12","12","11","67","94","Good"
1968078,"6.575206","3.395516","2026-07-07 14:55:36","12","12","11","67","94","Good"
1968078,"6.575206","3.395516","2026-07-07 14:55:37","12","12","11","67","94","Good"
1968078,"6.575206","3.395516","2026-07-07 14:55:38","12","12","11","67","94","Good"
1968078,"6.575206","3.395516","2026-07-07 14:55:39","13","13","12","67","94","Moderate"
1968078,"6.575206","3.395516","2026-07-07 14:55:40","13","13","12","67","94","Moderate"
1968078,"6.575206","3.395516","2026-07-07 14:55:41","13","13","12","67","94","Moderate"
1968078,"6.575206","3.395516","2026-07-07 14:55:42","13","13","12","67","94","Moderate"
1968078,"6.575206","3.395516","2026-07-07 14:55:43","13","13","12","67","94","Moderate"
1968078,"6.575206","3.395516","2026-07-07 14:55:44","12","12","11","67","94","Good"
1968078,"6.575206","3.395516","2026-07-07 14:55:45","12","12","11","67","94","Good"
1968078,"6.575206","3.395516","2026-07-07 14:55:46","12","12","11","67","94","Good"
1968078,"6.575206","3.395516","2026-07-07 14:55:47","12","12","11","67","94","Good"
1968078,"6.575206","3.395516","2026-07-07 14:55:48","12","12","11","67","94","Good"
1968078,"6.575206","3.395516","2026-07-07 14:55:49","10","11","10","67","94","Good"
1968078,"6.575206","3.395516","2026-07-07 14:55:50","10","11","10","67","94","Good"
1968078,"6.575206","3.395516","2026-07-07 14:55:51","12","12","11","67","94","Good"
1968078,"6.575206","3.395516","2026-07-07 14:55:52","12","12","11","67","94","Good"
1968078,"6.575206","3.395516","2026-07-07 14:55:53","12","12","11","67","94","Good"
1968078,"6.575206","3.395516","2026-07-07 14:55:54","12","12","11","67","94","Good"
1968078,"6.575206","3.395516","2026-07-07 14:55:55","12","12","11","67","94","Good"
1968078,"6.575206","3.395516","2026-07-07 14:55:56","13","13","12","67","94","Moderate"
1968078,"6.575206","3.395516","2026-07-07 14:55:57","13","13","12","67","94","Moderate"
1968078,"6.575206","3.395516","2026-07-07 14:55:58","12","12","11","67","94","Good"
1968078,"6.575206","3.395516","2026-07-07 14:55:59","12","12","11","67","94","Good"
1968078,"6.575206","3.395516","2026-07-07 14:56:00","12","12","11","67","94","Good"
1968078,"6.575206","3.395516","2026-07-07 14:56:01","12","13","11","67","94","Good"
1968078,"6.575206","3.395516","2026-07-07 14:56:02","13","13","12","67","94","Moderate"
1968078,"6.575206","3.395516","2026-07-07 14:56:03","13","13","12","67","94","Moderate"
1968078,"6.575206","3.395516","2026-07-07 14:56:04","13","13","12","67","94","Moderate"
1968078,"6.575206","3.395516","2026-07-07 14:56:05","13","13","12","67","94","Moderate"
1968078,"6.575206","3.395516","2026-07-07 14:56:06","13","13","12","67","94","Moderate"
1968078,"6.575206","3.395516","2026-07-07 14:56:07","13","13","12","67","94","Moderate"
1968078,"6.575206","3.395516","2026-07-07 14:56:08","12","13","11","67","94","Good"
1968078,"6.575206","3.395516","2026-07-07 14:56:09","12","12","11","67","94","Good"
1968078,"6.575206","3.395516","2026-07-07 14:56:10","12","12","11","67","95","Good"
1968078,"6.575206","3.395516","2026-07-07 14:56:11","12","12","11","67","94","Good"
1968078,"6.575206","3.395516","2026-07-07 14:56:12","12","12","11","67","95","Good"
1968078,"6.575206","3.395516","2026-07-07 14:56:13","12","12","11","67","95","Good"
1968078,"6.575206","3.395516","2026-07-07 14:56:14","10","11","10","67","95","Good"
1968078,"6.575206","3.395516","2026-07-07 14:56:15","11","11","10","67","95","Good"
1968078,"6.575206","3.395516","2026-07-07 14:56:16","12","12","11","67","95","Good"
1968078,"6.575206","3.395516","2026-07-07 14:56:17","10","11","10","67","95","Good"
1968078,"6.575206","3.395516","2026-07-07 14:56:18","10","11","10","67","95","Good"
1968078,"6.575206","3.395516","2026-07-07 14:56:19","12","12","11","67","95","Good"
1968078,"6.575206","3.395516","2026-07-07 14:56:20","12","12","11","67","95","Good"
1968078,"6.575206","3.395516","2026-07-07 14:56:21","9","10","8","67","95","Good"
1968078,"6.575206","3.395516","2026-07-07 14:56:22","9","10","8","67","95","Good"
1968078,"6.575206","3.395516","2026-07-07 14:56:23","9","10","8","67","95","Good"
1968078,"6.575206","3.395516","2026-07-07 14:56:24","10","11","10","67","95","Good"
1968078,"6.575206","3.395516","2026-07-07 14:56:25","10","11","10","67","95","Good"
1968078,"6.575206","3.395516","2026-07-07 14:56:26","10","11","10","67","95","Good"
1968078,"6.575206","3.395516","2026-07-07 14:56:27","10","11","10","67","95","Good"
1968078,"6.575206","3.395516","2026-07-07 14:56:28","12","12","11","67","95","Good"
1968078,"6.575206","3.395516","2026-07-07 14:56:29","13","13","12","67","95","Moderate"
1968078,"6.575206","3.395516","2026-07-07 14:56:30","13","13","12","67","95","Moderate"
1968078,"6.575206","3.395516","2026-07-07 14:56:31","14","14","13","67","95","Moderate"
1968078,"6.575206","3.395516","2026-07-07 14:56:32","13","13","12","67","95","Moderate"
1968078,"6.575206","3.395516","2026-07-07 14:56:33","12","12","11","67","95","Good"
1968078,"6.575206","3.395516","2026-07-07 14:56:34","12","12","11","67","95","Good"
1968078,"6.575206","3.395516","2026-07-07 14:56:35","13","13","12","67","95","Moderate"
1968078,"6.575206","3.395516","2026-07-07 14:56:36","13","13","12","67","95","Moderate"
1968078,"6.575206","3.395516","2026-07-07 14:56:37","12","13","11","67","95","Good"
1968078,"6.575206","3.395516","2026-07-07 14:56:38","12","12","11","67","95","Good"
1968078,"6.575206","3.395516","2026-07-07 14:56:39","12","12","11","67","95","Good"
1968078,"6.575206","3.395516","2026-07-07 14:56:40","12","12","11","67","95","Good"
1968078,"6.575206","3.395516","2026-07-07 14:56:41","12","12","11","67","95","Good"
1968078,"6.575206","3.395516","2026-07-07 14:56:42","12","12","11","66","95","Good"
1968078,"6.575206","3.395516","2026-07-07 14:56:43","12","12","11","66","95","Good"
1968078,"6.575206","3.395516","2026-07-07 14:56:44","12","12","11","66","95","Good"
1968078,"6.575206","3.395516","2026-07-07 14:56:45","12","12","11","66","95","Good"
1968078,"6.575206","3.395516","2026-07-07 14:56:46","12","12","11","66","95","Good"
1968078,"6.575206","3.395516","2026-07-07 14:56:47","12","12","11","66","95","Good"
1968078,"6.575206","3.395516","2026-07-07 14:56:48","12","12","11","66","95","Good"
1968078,"6.575206","3.395516","2026-07-07 14:56:49","12","12","11","66","95","Good"
1968078,"6.575206","3.395516","2026-07-07 14:56:50","12","12","11","66","95","Good"
1968078,"6.575206","3.395516","2026-07-07 14:56:51","12","12","11","66","95","Good"
1968078,"6.575206","3.395516","2026-07-07 14:56:52","12","12","11","66","95","Good"
1968078,"6.575206","3.395516","2026-07-07 14:56:53","12","12","11","66","95","Good"
1968078,"6.575206","3.395516","2026-07-07 14:56:54","13","13","12","66","95","Moderate"
1968078,"6.575206","3.395516","2026-07-07 14:56:55","13","13","12","66","95","Moderate"
1968078,"6.575206","3.395516","2026-07-07 14:56:56","13","13","12","66","95","Moderate"
1968078,"6.575206","3.395516","2026-07-07 14:56:57","13","13","12","66","95","Moderate"
1968078,"6.575206","3.395516","2026-07-07 14:56:58","12","12","11","66","95","Good"
1968078,"6.575206","3.395516","2026-07-07 14:56:59","10","11","10","66","95","Good"
1968078,"6.575206","3.395516","2026-07-07 14:57:00","10","11","10","66","95","Good"
1968078,"6.575206","3.395516","2026-07-07 14:57:01","10","11","10","66","95","Good"
1968078,"6.575206","3.395516","2026-07-07 14:57:02","10","11","10","66","95","Good"
1968078,"6.575206","3.395516","2026-07-07 14:57:03","10","11","10","66","95","Good"
1968078,"6.575206","3.395516","2026-07-07 14:57:04","10","11","10","66","95","Good"
1968078,"6.575206","3.395516","2026-07-07 14:57:05","12","12","11","66","95","Good"
1968078,"6.575206","3.395516","2026-07-07 14:57:06","12","12","11","66","95","Good"
1968078,"6.575206","3.395516","2026-07-07 14:57:07","12","12","11","66","95","Good"
1968078,"6.575206","3.395516","2026-07-07 14:57:08","12","12","11","66","95","Good"
1968078,"6.575206","3.395516","2026-07-07 14:57:09","12","12","11","66","95","Good"
1968078,"6.575206","3.395516","2026-07-07 14:57:10","12","12","11","66","95","Good"
1968078,"6.575206","3.395516","2026-07-07 14:57:11","12","12","11","66","95","Good"
1968078,"6.575206","3.395516","2026-07-07 14:57:12","12","12","11","66","95","Good"
1968078,"6.575206","3.395516","2026-07-07 14:57:13","12","12","11","66","95","Good"
1968078,"6.575206","3.395516","2026-07-07 14:57:14","12","12","11","66","95","Good"
1968078,"6.575206","3.395516","2026-07-07 14:57:15","12","12","11","66","95","Good"
1968078,"6.575206","3.395516","2026-07-07 14:57:16","12","12","11","66","95","Good"
1968078,"6.575206","3.395516","2026-07-07 14:57:17","10","11","10","66","95","Good"
1968078,"6.575206","3.395516","2026-07-07 14:57:18","10","11","10","66","95","Good"
1968078,"6.575206","3.395516","2026-07-07 14:57:19","10","11","10","66","95","Good"
1968078,"6.575206","3.395516","2026-07-07 14:57:20","9","10","8","66","95","Good"
1968078,"6.575206","3.395516","2026-07-07 14:57:21","9","10","8","66","95","Good"
1968078,"6.575206","3.395516","2026-07-07 14:57:22","9","10","8","66","95","Good"
1968078,"6.575206","3.395516","2026-07-07 14:57:23","9","10","8","66","95","Good"
1968078,"6.575206","3.395516","2026-07-07 14:57:24","10","11","10","66","95","Good"
1968078,"6.575206","3.395516","2026-07-07 14:57:25","10","11","10","66","95","Good"
1968078,"6.575206","3.395516","2026-07-07 14:57:26","9","10","8","66","95","Good"
1968078,"6.575206","3.395516","2026-07-07 14:57:27","9","10","8","66","95","Good"
1968078,"6.575206","3.395516","2026-07-07 14:57:28","9","10","8","66","95","Good"
1968078,"6.575206","3.395516","2026-07-07 14:57:29","9","10","8","66","95","Good"
1968078,"6.575206","3.395516","2026-07-07 14:57:30","9","10","8","66","95","Good"
1968078,"6.575206","3.395516","2026-07-07 14:57:31","10","11","10","66","95","Good"
1968078,"6.575206","3.395516","2026-07-07 14:57:32","10","11","10","66","95","Good"
1968078,"6.575206","3.395516","2026-07-07 14:57:33","10","11","10","66","95","Good"
1968078,"6.575206","3.395516","2026-07-07 14:57:34","10","11","10","66","95","Good"
1968078,"6.575206","3.395516","2026-07-07 14:57:35","12","12","11","66","95","Good"
1968078,"6.575206","3.395516","2026-07-07 14:57:36","12","12","11","66","95","Good"
1968078,"6.575206","3.395516","2026-07-07 14:57:37","13","13","12","66","95","Moderate"
1968078,"6.575206","3.395516","2026-07-07 14:57:38","14","14","13","66","95","Moderate"
1968078,"6.575206","3.395516","2026-07-07 14:57:39","14","14","13","66","95","Moderate"
1968078,"6.575206","3.395516","2026-07-07 14:57:40","14","14","13","66","95","Moderate"
1968078,"6.575206","3.395516","2026-07-07 14:57:41","14","14","13","66","95","Moderate"
1968078,"6.575206","3.395516","2026-07-07 14:57:42","14","14","13","66","95","Moderate"
1968078,"6.575206","3.395516","2026-07-07 14:57:43","14","14","13","66","95","Moderate"
1968078,"6.575206","3.395516","2026-07-07 14:57:44","14","14","13","66","95","Moderate"
1968078,"6.575206","3.395516","2026-07-07 14:57:45","14","14","13","66","95","Moderate"
1968078,"6.575206","3.395516","2026-07-07 14:57:46","14","14","13","66","95","Moderate"
1968078,"6.575206","3.395516","2026-07-07 14:57:47","14","14","13","66","95","Moderate"
1968078,"6.575206","3.395516","2026-07-07 14:57:48","14","14","13","66","95","Moderate"
1968078,"6.575206","3.395516","2026-07-07 14:57:49","15","16","14","66","95","Moderate"
1968078,"6.575206","3.395516","2026-07-07 14:57:50","15","16","14","66","95","Moderate"
1968078,"6.575206","3.395516","2026-07-07 14:57:51","15","16","14","66","95","Moderate"
1968078,"6.575206","3.395516","2026-07-07 14:57:52","14","14","13","66","95","Moderate"
1968078,"6.575206","3.395516","2026-07-07 14:57:53","14","14","13","66","95","Moderate"
1968078,"6.575206","3.395516","2026-07-07 14:57:54","15","16","14","66","95","Moderate"
1968078,"6.575206","3.395516","2026-07-07 14:57:55","14","14","13","66","95","Moderate"
1968078,"6.575206","3.395516","2026-07-07 14:57:56","14","14","13","66","95","Moderate"
1968078,"6.575206","3.395516","2026-07-07 14:57:57","13","14","12","66","95","Moderate"
1968078,"6.575206","3.395516","2026-07-07 14:57:58","14","14","13","66","95","Moderate"
1968078,"6.575206","3.395516","2026-07-07 14:57:59","14","14","13","66","95","Moderate"
1968078,"6.575206","3.395516","2026-07-07 14:58:00","14","14","13","66","95","Moderate"
1968078,"6.575206","3.395516","2026-07-07 14:58:01","14","14","13","66","95","Moderate"
1968078,"6.575206","3.395516","2026-07-07 14:58:02","14","14","13","66","95","Moderate"
1968078,"6.575206","3.395516","2026-07-07 14:58:03","14","14","13","66","95","Moderate"
1968078,"6.575206","3.395516","2026-07-07 14:58:04","14","14","13","66","95","Moderate"
1968078,"6.575206","3.395516","2026-07-07 14:58:05","14","14","13","66","95","Moderate"
1968078,"6.575206","3.395516","2026-07-07 14:58:06","13","13","12","66","95","Moderate"
1968078,"6.575206","3.395516","2026-07-07 14:58:07","13","13","12","66","95","Moderate"
1968078,"6.575206","3.395516","2026-07-07 14:58:08","14","14","13","66","95","Moderate"
1968078,"6.575206","3.395516","2026-07-07 14:58:09","14","14","13","66","95","Moderate"
1968078,"6.575206","3.395516","2026-07-07 14:58:10","14","14","13","66","95","Moderate"
1968078,"6.575206","3.395516","2026-07-07 14:58:11","13","14","12","66","95","Moderate"
1968078,"6.575206","3.395516","2026-07-07 14:58:12","13","13","12","66","95","Moderate"
1968078,"6.575206","3.395516","2026-07-07 14:58:13","13","13","12","66","95","Moderate"
1968078,"6.575206","3.395516","2026-07-07 14:58:14","13","13","12","66","95","Moderate"
1968078,"6.575206","3.395516","2026-07-07 14:58:15","13","13","12","66","95","Moderate"
1968078,"6.575206","3.395516","2026-07-07 14:58:16","12","12","11","66","95","Good"
1968078,"6.575206","3.395516","2026-07-07 14:58:17","13","13","12","66","95","Moderate"
1968078,"6.575206","3.395516","2026-07-07 14:58:18","13","13","12","66","95","Moderate"
1968078,"6.575206","3.395516","2026-07-07 14:58:19","13","13","12","66","95","Moderate"
1968078,"6.575206","3.395516","2026-07-07 14:58:20","13","13","12","66","95","Moderate"
1968078,"6.575206","3.395516","2026-07-07 14:58:21","13","13","12","66","95","Moderate"
1968078,"6.575206","3.395516","2026-07-07 14:58:22","13","13","12","66","95","Moderate"
1968078,"6.575206","3.395516","2026-07-07 14:58:23","13","13","12","66","95","Moderate"
1968078,"6.575206","3.395516","2026-07-07 14:58:24","13","13","12","66","95","Moderate"
1968078,"6.575206","3.395516","2026-07-07 14:58:25","13","13","12","66","95","Moderate"
1968078,"6.575206","3.395516","2026-07-07 14:58:26","13","13","12","66","95","Moderate"
1968078,"6.575206","3.395516","2026-07-07 14:58:27","13","13","12","66","95","Moderate"
1968078,"6.575206","3.395516","2026-07-07 14:58:28","13","13","12","66","95","Moderate"
1968078,"6.575206","3.395516","2026-07-07 14:58:29","13","13","12","66","95","Moderate"
1968078,"6.575206","3.395516","2026-07-07 14:58:30","13","13","12","66","95","Moderate"
1968078,"6.575206","3.395516","2026-07-07 14:58:31","14","14","13","66","95","Moderate"
1968078,"6.575206","3.395516","2026-07-07 14:58:32","14","14","13","66","95","Moderate"
1968078,"6.575206","3.395516","2026-07-07 14:58:33","14","14","13","66","95","Moderate"
1968078,"6.575206","3.395516","2026-07-07 14:58:34","14","14","13","66","95","Moderate"
1968078,"6.575206","3.395516","2026-07-07 14:58:35","14","14","13","66","95","Moderate"
1968078,"6.575206","3.395516","2026-07-07 14:58:36","14","14","13","66","95","Moderate"
1968078,"6.575206","3.395516","2026-07-07 14:58:37","14","14","13","66","95","Moderate"
1968078,"6.575206","3.395516","2026-07-07 14:58:38","14","14","13","66","95","Moderate"
1968078,"6.575206","3.395516","2026-07-07 14:58:39","14","14","13","66","95","Moderate"
1968078,"6.575206","3.395516","2026-07-07 14:58:40","14","14","13","66","95","Moderate"
1968078,"6.575206","3.395516","2026-07-07 14:58:41","14","14","13","66","95","Moderate"
1968078,"6.575206","3.395516","2026-07-07 14:58:42","14","14","13","66","95","Moderate"
1968078,"6.575206","3.395516","2026-07-07 14:58:43","13","13","12","66","95","Moderate"
1968078,"6.575206","3.395516","2026-07-07 14:58:44","13","13","12","66","95","Moderate"
1968078,"6.575206","3.395516","2026-07-07 14:58:45","14","14","13","66","95","Moderate"
1968078,"6.575206","3.395516","2026-07-07 14:58:46","14","14","13","66","95","Moderate"
1968078,"6.575206","3.395516","2026-07-07 14:58:47","13","13","12","66","95","Moderate"
1968078,"6.575206","3.395516","2026-07-07 14:58:48","12","12","11","66","95","Good"
1968078,"6.575206","3.395516","2026-07-07 14:58:49","12","12","11","66","95","Good"
1968078,"6.575206","3.395516","2026-07-07 14:58:50","10","11","10","66","95","Good"
1968078,"6.575206","3.395516","2026-07-07 14:58:51","10","11","10","66","95","Good"
1968078,"6.575206","3.395516","2026-07-07 14:58:52","12","12","11","66","95","Good"
1968078,"6.575206","3.395516","2026-07-07 14:58:53","12","12","11","66","95","Good"
1968078,"6.575206","3.395516","2026-07-07 14:58:54","12","12","11","66","95","Good"
1968078,"6.575206","3.395516","2026-07-07 14:58:55","12","12","11","66","95","Good"
1968078,"6.575206","3.395516","2026-07-07 14:58:56","12","12","11","66","95","Good"
1968078,"6.575206","3.395516","2026-07-07 14:58:57","10","11","10","66","95","Good"
1968078,"6.575206","3.395516","2026-07-07 14:58:58","10","11","10","66","95","Good"
1968078,"6.575206","3.395516","2026-07-07 14:58:59","10","11","10","66","95","Good"
1968078,"6.575206","3.395516","2026-07-07 14:59:00","10","11","10","66","95","Good"
1968078,"6.575206","3.395516","2026-07-07 14:59:01","12","12","11","66","95","Good"
1968078,"6.575206","3.395516","2026-07-07 14:59:02","12","12","11","66","95","Good"
1968078,"6.575206","3.395516","2026-07-07 14:59:03","12","12","11","66","95","Good"
1968078,"6.575206","3.395516","2026-07-07 14:59:04","12","12","11","66","95","Good"
1968078,"6.575206","3.395516","2026-07-07 14:59:05","12","12","11","66","95","Good"
1968078,"6.575206","3.395516","2026-07-07 14:59:06","10","11","10","66","95","Good"
1968078,"6.575206","3.395516","2026-07-07 14:59:07","9","10","8","66","95","Good"
1968078,"6.575206","3.395516","2026-07-07 14:59:08","10","11","10","66","95","Good"
1968078,"6.575206","3.395516","2026-07-07 14:59:09","10","11","10","66","95","Good"
1968078,"6.575206","3.395516","2026-07-07 14:59:10","10","11","10","66","95","Good"
1968078,"6.575206","3.395516","2026-07-07 14:59:11","10","11","10","66","95","Good"
1968078,"6.575206","3.395516","2026-07-07 14:59:12","10","11","10","66","95","Good"
1968078,"6.575206","3.395516","2026-07-07 14:59:13","9","10","8","66","95","Good"
1968078,"6.575206","3.395516","2026-07-07 14:59:14","9","10","8","66","95","Good"
1968078,"6.575206","3.395516","2026-07-07 14:59:15","9","10","8","66","95","Good"
1968078,"6.575206","3.395516","2026-07-07 14:59:16","10","11","10","66","95","Good"
1968078,"6.575206","3.395516","2026-07-07 14:59:17","12","12","11","66","95","Good"
1968078,"6.575206","3.395516","2026-07-07 14:59:18","12","12","11","66","95","Good"
1968078,"6.575206","3.395516","2026-07-07 14:59:19","12","12","11","66","95","Good"
1968078,"6.575206","3.395516","2026-07-07 14:59:20","12","12","11","66","95","Good"
1968078,"6.575206","3.395516","2026-07-07 14:59:21","12","12","11","66","95","Good"
1968078,"6.575206","3.395516","2026-07-07 14:59:22","12","12","11","66","95","Good"
1968078,"6.575206","3.395516","2026-07-07 14:59:23","12","12","11","66","95","Good"
1968078,"6.575206","3.395516","2026-07-07 14:59:24","11","11","10","66","95","Good"
1968078,"6.575206","3.395516","2026-07-07 14:59:25","10","11","10","66","95","Good"
1968078,"6.575206","3.395516","2026-07-07 14:59:26","10","11","10","66","95","Good"
1968078,"6.575206","3.395516","2026-07-07 14:59:27","10","11","10","66","95","Good"
1968078,"6.575206","3.395516","2026-07-07 14:59:28","10","11","10","66","95","Good"
1968078,"6.575206","3.395516","2026-07-07 14:59:29","10","11","10","66","95","Good"
1968078,"6.575206","3.395516","2026-07-07 14:59:30","10","11","10","66","95","Good"
1968078,"6.575206","3.395516","2026-07-07 14:59:31","12","12","11","66","95","Good"
1968078,"6.575206","3.395516","2026-07-07 14:59:32","13","13","12","66","95","Moderate"
1968078,"6.575206","3.395516","2026-07-07 14:59:33","13","13","12","66","95","Moderate"
1968078,"6.575206","3.395516","2026-07-07 14:59:34","12","12","11","66","95","Good"
1968078,"6.575206","3.395516","2026-07-07 14:59:35","12","12","11","66","95","Good"
1968078,"6.575206","3.395516","2026-07-07 14:59:36","12","12","11","66","95","Good"
1968078,"6.575206","3.395516","2026-07-07 14:59:37","10","11","10","66","95","Good"
1968078,"6.575206","3.395516","2026-07-07 14:59:38","9","10","8","66","95","Good"
1968078,"6.575206","3.395516","2026-07-07 14:59:39","12","12","11","66","95","Good"
1968078,"6.575206","3.395516","2026-07-07 14:59:40","12","12","11","66","95","Good"
1968078,"6.575206","3.395516","2026-07-07 14:59:41","10","11","10","66","95","Good"
1968078,"6.575206","3.395516","2026-07-07 14:59:42","10","11","10","66","95","Good"
1968078,"6.575206","3.395516","2026-07-07 14:59:43","10","11","10","66","95","Good"
1968078,"6.575206","3.395516","2026-07-07 14:59:44","10","11","10","66","95","Good"
1968078,"6.575206","3.395516","2026-07-07 14:59:45","10","10","9","66","95","Good"
1968078,"6.575206","3.395516","2026-07-07 14:59:46","9","10","8","66","95","Good"
1968078,"6.575206","3.395516","2026-07-07 14:59:47","9","10","8","66","95","Good"
1968078,"6.575206","3.395516","2026-07-07 14:59:48","9","10","8","66","95","Good"
1968078,"6.575206","3.395516","2026-07-07 14:59:49","9","10","8","66","95","Good"
1968078,"6.575206","3.395516","2026-07-07 14:59:50","9","10","8","66","95","Good"
1968078,"6.575206","3.395516","2026-07-07 14:59:51","9","10","8","66","95","Good"
1968078,"6.575206","3.395516","2026-07-07 14:59:52","10","11","10","66","95","Good"
1968078,"6.575206","3.395516","2026-07-07 14:59:53","11","11","10","66","95","Good"
1968078,"6.575206","3.395516","2026-07-07 14:59:54","12","12","11","66","95","Good"
1968078,"6.575206","3.395516","2026-07-07 14:59:55","12","12","11","66","95","Good"
1968078,"6.575206","3.395516","2026-07-07 14:59:56","12","12","11","66","95","Good"
1968078,"6.575206","3.395516","2026-07-07 14:59:57","12","12","11","66","95","Good"
1968078,"6.575206","3.395516","2026-07-07 14:59:58","12","12","11","66","95","Good"
1968078,"6.575206","3.395516","2026-07-07 14:59:59","12","12","11","66","95","Good"
1968078,"6.575206","3.395516","2026-07-07 15:00:00","11","11","10","66","95","Good"
1968078,"6.575206","3.395516","2026-07-07 15:00:01","10","11","10","66","95","Good"
1968078,"6.575206","3.395516","2026-07-07 15:00:02","12","12","11","66","95","Good"
1968078,"6.575206","3.395516","2026-07-07 15:00:03","12","12","11","66","95","Good"
1968078,"6.575206","3.395516","2026-07-07 15:00:04","12","12","11","66","95","Good"
1968078,"6.575206","3.395516","2026-07-07 15:00:05","12","12","11","66","95","Good"
1968078,"6.575206","3.395516","2026-07-07 15:00:06","12","12","11","66","95","Good"
1968078,"6.575206","3.395516","2026-07-07 15:00:07","12","12","11","66","95","Good"
1968078,"6.575206","3.395516","2026-07-07 15:00:08","12","12","11","66","95","Good"
1968078,"6.575206","3.395516","2026-07-07 15:00:09","10","11","10","66","95","Good"
1968078,"6.575206","3.395516","2026-07-07 15:00:10","10","11","10","66","95","Good"
1968078,"6.575206","3.395516","2026-07-07 15:00:11","10","11","10","66","95","Good"
1968078,"6.575206","3.395516","2026-07-07 15:00:12","10","11","10","66","95","Good"
1968078,"6.575206","3.395516","2026-07-07 15:00:13","9","10","8","66","95","Good"
1968078,"6.575206","3.395516","2026-07-07 15:00:14","9","10","8","66","95","Good"
1968078,"6.575206","3.395516","2026-07-07 15:00:15","11","11","10","66","95","Good"
1968078,"6.575206","3.395516","2026-07-07 15:00:16","12","12","11","66","95","Good"
1968078,"6.575206","3.395516","2026-07-07 15:00:17","12","12","11","66","95","Good"
1968078,"6.575206","3.395516","2026-07-07 15:00:18","12","12","11","66","96","Good"
1968078,"6.575206","3.395516","2026-07-07 15:00:19","12","12","11","66","95","Good"
1968078,"6.575206","3.395516","2026-07-07 15:00:20","12","12","11","66","95","Good"
1968078,"6.575206","3.395516","2026-07-07 15:00:21","10","11","10","66","95","Good"
1968078,"6.575206","3.395516","2026-07-07 15:00:22","10","11","10","66","95","Good"
1968078,"6.575206","3.395516","2026-07-07 15:00:23","12","12","11","66","95","Good"
1968078,"6.575206","3.395516","2026-07-07 15:00:24","13","13","12","65","96","Moderate"
1968078,"6.575206","3.395516","2026-07-07 15:00:25","13","13","12","65","95","Moderate"
1968078,"6.575206","3.395516","2026-07-07 15:00:26","13","13","12","65","96","Moderate"
1968078,"6.575206","3.395516","2026-07-07 15:00:27","13","13","12","65","96","Moderate"
1968078,"6.575206","3.395516","2026-07-07 15:00:28","13","13","12","65","96","Moderate"
1968078,"6.575206","3.395516","2026-07-07 15:00:29","13","13","12","65","95","Moderate"
1968078,"6.575206","3.395516","2026-07-07 15:00:30","14","14","13","65","95","Moderate"
1968078,"6.575206","3.395516","2026-07-07 15:00:31","14","14","13","65","96","Moderate"
1968078,"6.575206","3.395516","2026-07-07 15:00:32","14","14","13","65","96","Moderate"
1968078,"6.575206","3.395516","2026-07-07 15:00:33","14","14","13","65","96","Moderate"
1968078,"6.575206","3.395516","2026-07-07 15:00:34","13","13","12","65","96","Moderate"
1968078,"6.575206","3.395516","2026-07-07 15:00:35","13","13","12","65","96","Moderate"
1968078,"6.575206","3.395516","2026-07-07 15:00:36","13","13","12","65","96","Moderate"
1968078,"6.575206","3.395516","2026-07-07 15:00:37","13","13","12","65","96","Moderate"
1968078,"6.575206","3.395516","2026-07-07 15:00:38","13","13","12","65","96","Moderate"
1968078,"6.575206","3.395516","2026-07-07 15:00:39","14","14","13","65","96","Moderate"
1968078,"6.575206","3.395516","2026-07-07 15:00:40","14","14","13","65","96","Moderate"
1968078,"6.575206","3.395516","2026-07-07 15:00:41","14","14","13","65","96","Moderate"
1968078,"6.575206","3.395516","2026-07-07 15:00:42","14","14","13","65","96","Moderate"
1968078,"6.575206","3.395516","2026-07-07 15:00:43","14","14","13","65","96","Moderate"
1968078,"6.575206","3.395516","2026-07-07 15:00:44","14","14","13","65","96","Moderate"
1968078,"6.575206","3.395516","2026-07-07 15:00:45","13","13","12","65","96","Moderate"
1968078,"6.575206","3.395516","2026-07-07 15:00:46","13","13","12","65","96","Moderate"
1968078,"6.575206","3.395516","2026-07-07 15:00:47","13","13","12","65","96","Moderate"
1968078,"6.575206","3.395516","2026-07-07 15:00:48","14","14","13","65","96","Moderate"
1968078,"6.575206","3.395516","2026-07-07 15:00:49","14","14","13","65","96","Moderate"
1968078,"6.575206","3.395516","2026-07-07 15:00:50","14","14","13","65","96","Moderate"
1968078,"6.575206","3.395516","2026-07-07 15:00:51","14","14","13","65","96","Moderate"
1968078,"6.575206","3.395516","2026-07-07 15:00:52","14","14","13","65","96","Moderate"
1968078,"6.575206","3.395516","2026-07-07 15:00:53","14","14","13","65","96","Moderate"
1968078,"6.575206","3.395516","2026-07-07 15:00:54","13","13","12","65","96","Moderate"
1968078,"6.575206","3.395516","2026-07-07 15:00:55","13","13","12","65","96","Moderate"
1968078,"6.575206","3.395516","2026-07-07 15:00:56","13","13","12","65","96","Moderate"
1968078,"6.575206","3.395516","2026-07-07 15:00:57","12","12","11","65","96","Good"
1968078,"6.575206","3.395516","2026-07-07 15:00:58","11","11","10","65","96","Good"
1968078,"6.575206","3.395516","2026-07-07 15:00:59","10","11","10","65","96","Good"
1968078,"6.575206","3.395516","2026-07-07 15:01:00","10","11","10","65","96","Good"
1968078,"6.575206","3.395516","2026-07-07 15:01:01","10","11","10","65","96","Good"
1968078,"6.575206","3.395516","2026-07-07 15:01:02","12","12","11","65","96","Good"
1968078,"6.575206","3.395516","2026-07-07 15:01:03","13","13","12","65","96","Moderate"
1968078,"6.575206","3.395516","2026-07-07 15:01:04","13","13","12","65","96","Moderate"
1968078,"6.575206","3.395516","2026-07-07 15:01:05","13","13","12","65","96","Moderate"
1968078,"6.575206","3.395516","2026-07-07 15:01:06","13","13","12","65","96","Moderate"
1968078,"6.575206","3.395516","2026-07-07 15:01:07","12","12","11","65","96","Good"
1968078,"6.575206","3.395516","2026-07-07 15:01:08","12","12","11","65","96","Good"
1968078,"6.575206","3.395516","2026-07-07 15:01:09","12","12","11","65","96","Good"
1968078,"6.575206","3.395516","2026-07-07 15:01:10","12","12","11","65","96","Good"
1968078,"6.575206","3.395516","2026-07-07 15:01:11","12","12","11","65","96","Good"
1968078,"6.575206","3.395516","2026-07-07 15:01:12","12","12","11","65","96","Good"
1968078,"6.575206","3.395516","2026-07-07 15:01:13","12","12","11","65","96","Good"
1968078,"6.575206","3.395516","2026-07-07 15:01:14","10","11","10","65","96","Good"
1968078,"6.575206","3.395516","2026-07-07 15:01:15","10","11","10","65","96","Good"
1968078,"6.575206","3.395516","2026-07-07 15:01:16","12","12","11","65","96","Good"
1968078,"6.575206","3.395516","2026-07-07 15:01:17","12","12","11","65","96","Good"
1968078,"6.575206","3.395516","2026-07-07 15:01:18","13","13","12","65","96","Moderate"
1968078,"6.575206","3.395516","2026-07-07 15:01:19","13","13","12","65","96","Moderate"
1968078,"6.575206","3.395516","2026-07-07 15:01:20","12","12","11","65","96","Good"
1968078,"6.575206","3.395516","2026-07-07 15:01:21","12","12","11","65","96","Good"
1968078,"6.575206","3.395516","2026-07-07 15:01:22","12","12","11","65","96","Good"
1968078,"6.575206","3.395516","2026-07-07 15:01:23","12","12","11","65","96","Good"
1968078,"6.575206","3.395516","2026-07-07 15:01:24","10","11","10","65","96","Good"
1968078,"6.575206","3.395516","2026-07-07 15:01:25","12","12","11","65","96","Good"
1968078,"6.575206","3.395516","2026-07-07 15:01:26","12","12","11","65","96","Good"
1968078,"6.575206","3.395516","2026-07-07 15:01:27","13","13","12","65","96","Moderate"
1968078,"6.575206","3.395516","2026-07-07 15:01:28","13","13","12","65","96","Moderate"
1968078,"6.575206","3.395516","2026-07-07 15:01:29","12","12","11","65","96","Good"
1968078,"6.575206","3.395516","2026-07-07 15:01:30","13","13","12","65","96","Moderate"
1968078,"6.575206","3.395516","2026-07-07 15:01:31","13","13","12","65","96","Moderate"
1968078,"6.575206","3.395516","2026-07-07 15:01:32","12","12","11","65","96","Good"
1968078,"6.575206","3.395516","2026-07-07 15:01:33","13","13","12","65","96","Moderate"
1968078,"6.575206","3.395516","2026-07-07 15:01:34","13","13","12","65","96","Moderate"
1968078,"6.575206","3.395516","2026-07-07 15:01:35","13","13","12","65","96","Moderate"
1968078,"6.575206","3.395516","2026-07-07 15:01:36","13","13","12","65","96","Moderate"
1968078,"6.575206","3.395516","2026-07-07 15:01:37","13","13","12","65","96","Moderate"
1968078,"6.575206","3.395516","2026-07-07 15:01:38","13","13","12","65","96","Moderate"
1968078,"6.575206","3.395516","2026-07-07 15:01:39","10","11","10","65","96","Good"
1968078,"6.575206","3.395516","2026-07-07 15:01:40","10","11","10","65","96","Good"
1968078,"6.575206","3.395516","2026-07-07 15:01:41","10","11","10","64","96","Good"
1968078,"6.575206","3.395516","2026-07-07 15:01:42","10","11","10","64","96","Good"
1968078,"6.575206","3.395516","2026-07-07 15:01:43","10","11","10","64","96","Good"
1968078,"6.575206","3.395516","2026-07-07 15:01:44","10","11","10","64","96","Good"
1968078,"6.575206","3.395516","2026-07-07 15:01:45","10","11","10","64","96","Good"
1968078,"6.575206","3.395516","2026-07-07 15:01:46","9","10","8","64","96","Good"
1968078,"6.575206","3.395516","2026-07-07 15:01:47","9","10","8","64","96","Good"
1968078,"6.575206","3.395516","2026-07-07 15:01:48","9","10","8","64","96","Good"
1968078,"6.575206","3.395516","2026-07-07 15:01:49","9","10","8","64","96","Good"
1968078,"6.575206","3.395516","2026-07-07 15:01:50","9","10","8","64","96","Good"
1968078,"6.575206","3.395516","2026-07-07 15:01:51","9","10","8","64","96","Good"
1968078,"6.575206","3.395516","2026-07-07 15:01:52","9","10","8","64","96","Good"
1968078,"6.575206","3.395516","2026-07-07 15:01:53","9","10","8","64","96","Good"
1968078,"6.575206","3.395516","2026-07-07 15:01:54","9","10","8","64","96","Good"
1968078,"6.575206","3.395516","2026-07-07 15:01:55","10","11","10","64","96","Good"
1968078,"6.575206","3.395516","2026-07-07 15:01:56","10","11","10","64","96","Good"
1968078,"6.575206","3.395516","2026-07-07 15:01:57","10","11","10","64","96","Good"
1968078,"6.575206","3.395516","2026-07-07 15:01:58","9","10","8","64","96","Good"
1968078,"6.575206","3.395516","2026-07-07 15:01:59","9","10","8","64","96","Good"
1968078,"6.575206","3.395516","2026-07-07 15:02:00","10","11","10","64","96","Good"
1968078,"6.575206","3.395516","2026-07-07 15:02:01","10","11","10","64","96","Good"
1968078,"6.575206","3.395516","2026-07-07 15:02:02","9","10","8","64","96","Good"
1968078,"6.575206","3.395516","2026-07-07 15:02:03","10","11","10","64","96","Good"
1968078,"6.575206","3.395516","2026-07-07 15:02:04","10","11","10","64","96","Good"
1968078,"6.575206","3.395516","2026-07-07 15:02:05","10","11","10","65","96","Good"
1968078,"6.575206","3.395516","2026-07-07 15:02:06","10","11","10","65","96","Good"
1968078,"6.575206","3.395516","2026-07-07 15:02:07","10","11","10","65","96","Good"
1968078,"6.575206","3.395516","2026-07-07 15:02:08","10","11","10","65","96","Good"
1968078,"6.575206","3.395516","2026-07-07 15:02:09","10","11","10","65","96","Good"
1968078,"6.575206","3.395516","2026-07-07 15:02:10","10","11","10","65","96","Good"
1968078,"6.575206","3.395516","2026-07-07 15:02:11","9","10","8","65","96","Good"
1968078,"6.575206","3.395516","2026-07-07 15:02:12","9","10","8","65","96","Good"
1968078,"6.575206","3.395516","2026-07-07 15:02:13","9","10","8","65","96","Good"
1968078,"6.575206","3.395516","2026-07-07 15:02:14","9","10","8","65","96","Good"
1968078,"6.575206","3.395516","2026-07-07 15:02:15","9","10","8","65","96","Good"
1968078,"6.575206","3.395516","2026-07-07 15:02:16","9","10","8","65","96","Good"
1968078,"6.575206","3.395516","2026-07-07 15:02:17","9","10","8","65","96","Good"
1968078,"6.575206","3.395516","2026-07-07 15:02:18","9","10","8","65","96","Good"
1968078,"6.575206","3.395516","2026-07-07 15:02:19","9","10","8","65","96","Good"
1968078,"6.575206","3.395516","2026-07-07 15:02:20","10","11","10","65","96","Good"
1968078,"6.575206","3.395516","2026-07-07 15:02:21","10","11","10","65","96","Good"
1968078,"6.575206","3.395516","2026-07-07 15:02:22","10","11","10","65","96","Good"
1968078,"6.575206","3.395516","2026-07-07 15:02:23","10","11","10","65","96","Good"
1968078,"6.575206","3.395516","2026-07-07 15:02:24","10","11","10","65","96","Good"
1968078,"6.575206","3.395516","2026-07-07 15:02:25","12","12","11","64","96","Good"
1968078,"6.575206","3.395516","2026-07-07 15:02:26","12","12","11","64","96","Good"
1968078,"6.575206","3.395516","2026-07-07 15:02:27","12","12","11","64","96","Good"
1968078,"6.575206","3.395516","2026-07-07 15:02:28","13","13","12","64","96","Moderate"
1968078,"6.575206","3.395516","2026-07-07 15:02:29","12","12","11","64","96","Good"
1968078,"6.575206","3.395516","2026-07-07 15:02:30","10","11","10","64","96","Good"
1968078,"6.575206","3.395516","2026-07-07 15:02:31","10","11","10","64","96","Good"
1968078,"6.575206","3.395516","2026-07-07 15:02:32","10","11","10","65","96","Good"
1968078,"6.575206","3.395516","2026-07-07 15:02:33","10","11","10","65","96","Good"
1968078,"6.575206","3.395516","2026-07-07 15:02:34","10","11","10","65","96","Good"
1968078,"6.575206","3.395516","2026-07-07 15:02:35","12","12","11","65","96","Good"
1968078,"6.575206","3.395516","2026-07-07 15:02:36","12","12","11","65","96","Good"
1968078,"6.575206","3.395516","2026-07-07 15:02:37","12","12","11","65","96","Good"
1968078,"6.575206","3.395516","2026-07-07 15:02:38","12","12","11","65","96","Good"
1968078,"6.575206","3.395516","2026-07-07 15:02:39","12","12","11","65","96","Good"
1968078,"6.575206","3.395516","2026-07-07 15:02:40","10","11","10","65","96","Good"
1968078,"6.575206","3.395516","2026-07-07 15:02:41","10","11","10","65","96","Good"
1968078,"6.575206","3.395516","2026-07-07 15:02:42","10","11","10","64","96","Good"
1968078,"6.575206","3.395516","2026-07-07 15:02:43","10","11","10","64","96","Good"
1968078,"6.575206","3.395516","2026-07-07 15:02:44","10","11","10","64","96","Good"
1968078,"6.575206","3.395516","2026-07-07 15:02:45","10","11","10","64","96","Good"
1968078,"6.575206","3.395516","2026-07-07 15:02:46","9","10","8","64","96","Good"
1968078,"6.575206","3.395516","2026-07-07 15:02:47","9","10","8","64","96","Good"
1968078,"6.575206","3.395516","2026-07-07 15:02:48","9","10","8","64","96","Good"
1968078,"6.575206","3.395516","2026-07-07 15:02:49","9","10","8","64","96","Good"
1968078,"6.575206","3.395516","2026-07-07 15:02:50","8","8","7","64","96","Good"
1968078,"6.575206","3.395516","2026-07-07 15:02:51","8","8","7","64","96","Good"
1968078,"6.575206","3.395516","2026-07-07 15:02:52","8","8","7","64","96","Good"
1968078,"6.575206","3.395516","2026-07-07 15:02:53","8","8","7","64","96","Good"
1968078,"6.575206","3.395516","2026-07-07 15:02:54","8","8","7","64","96","Good"
1968078,"6.575206","3.395516","2026-07-07 15:02:55","9","10","8","64","96","Good"
1968078,"6.575206","3.395516","2026-07-07 15:02:56","9","10","8","64","96","Good"
1968078,"6.575206","3.395516","2026-07-07 15:02:57","9","10","8","64","96","Good"
1968078,"6.575206","3.395516","2026-07-07 15:02:58","10","11","10","64","96","Good"
1968078,"6.575206","3.395516","2026-07-07 15:02:59","10","11","10","64","96","Good"
1968078,"6.575206","3.395516","2026-07-07 15:03:00","10","11","10","64","96","Good"
1968078,"6.575206","3.395516","2026-07-07 15:03:01","10","11","10","64","96","Good"
1968078,"6.575206","3.395516","2026-07-07 15:03:02","10","11","10","64","96","Good"
1968078,"6.575206","3.395516","2026-07-07 15:03:03","10","11","10","64","96","Good"
1968078,"6.575206","3.395516","2026-07-07 15:03:04","10","11","10","64","96","Good"
1968078,"6.575206","3.395516","2026-07-07 15:03:05","10","11","10","64","96","Good"
1968078,"6.575206","3.395516","2026-07-07 15:03:06","10","11","10","64","96","Good"
1968078,"6.575206","3.395516","2026-07-07 15:03:07","10","11","10","64","96","Good"
1968078,"6.575206","3.395516","2026-07-07 15:03:08","9","10","8","64","96","Good"
1968078,"6.575206","3.395516","2026-07-07 15:03:09","9","10","8","64","96","Good"
1968078,"6.575206","3.395516","2026-07-07 15:03:10","8","8","7","64","96","Good"
1968078,"6.575206","3.395516","2026-07-07 15:03:11","9","10","8","64","96","Good"
1968078,"6.575206","3.395516","2026-07-07 15:03:12","9","10","8","64","96","Good"
1968078,"6.575206","3.395516","2026-07-07 15:03:13","9","10","8","64","96","Good"
1968078,"6.575206","3.395516","2026-07-07 15:03:14","8","8","7","64","96","Good"
1968078,"6.575206","3.395516","2026-07-07 15:03:15","8","8","7","64","96","Good"
1968078,"6.575206","3.395516","2026-07-07 15:03:16","8","8","7","64","96","Good"
1968078,"6.575206","3.395516","2026-07-07 15:03:17","8","8","7","64","96","Good"
1968078,"6.575206","3.395516","2026-07-07 15:03:18","8","8","7","64","96","Good"
1968078,"6.575206","3.395516","2026-07-07 15:03:19","8","8","7","64","96","Good"
1968078,"6.575206","3.395516","2026-07-07 15:03:20","9","10","8","64","96","Good"
1968078,"6.575206","3.395516","2026-07-07 15:03:21","9","10","8","64","96","Good"
1968078,"6.575206","3.395516","2026-07-07 15:03:22","9","10","8","64","96","Good"
1968078,"6.575206","3.395516","2026-07-07 15:03:23","8","8","7","64","96","Good"
1968078,"6.575206","3.395516","2026-07-07 15:03:24","8","8","7","64","96","Good"
1968078,"6.575206","3.395516","2026-07-07 15:03:25","8","8","7","64","96","Good"
1968078,"6.575206","3.395516","2026-07-07 15:03:26","10","11","10","64","96","Good"
1968078,"6.575206","3.395516","2026-07-07 15:03:27","10","11","10","64","96","Good"
1968078,"6.575206","3.395516","2026-07-07 15:03:28","10","11","10","64","96","Good"
1968078,"6.575206","3.395516","2026-07-07 15:03:29","10","11","10","64","96","Good"
1968078,"6.575206","3.395516","2026-07-07 15:03:30","10","11","10","64","96","Good"
1968078,"6.575206","3.395516","2026-07-07 15:03:31","10","11","10","64","96","Good"
1968078,"6.575206","3.395516","2026-07-07 15:03:32","10","11","10","64","96","Good"
1968078,"6.575206","3.395516","2026-07-07 15:03:33","10","11","10","64","96","Good"
1968078,"6.575206","3.395516","2026-07-07 15:03:34","10","11","10","64","96","Good"
1968078,"6.575206","3.395516","2026-07-07 15:03:35","12","12","11","64","96","Good"
1968078,"6.575206","3.395516","2026-07-07 15:03:36","12","12","11","64","96","Good"
1968078,"6.575206","3.395516","2026-07-07 15:03:37","10","11","10","64","96","Good"
1968078,"6.575206","3.395516","2026-07-07 15:03:38","9","10","8","64","96","Good"
1968078,"6.575206","3.395516","2026-07-07 15:03:39","9","10","8","64","96","Good"
1968078,"6.575206","3.395516","2026-07-07 15:03:40","9","10","8","64","96","Good"
1968078,"6.575206","3.395516","2026-07-07 15:03:41","9","10","8","64","96","Good"
1968078,"6.575206","3.395516","2026-07-07 15:03:42","10","11","10","64","96","Good"
1968078,"6.575206","3.395516","2026-07-07 15:03:43","10","11","10","64","96","Good"
1968078,"6.575206","3.395516","2026-07-07 15:03:44","10","11","10","64","96","Good"
1968078,"6.575206","3.395516","2026-07-07 15:03:45","10","11","10","64","96","Good"
1968078,"6.575206","3.395516","2026-07-07 15:03:46","10","11","10","64","96","Good"
1968078,"6.575206","3.395516","2026-07-07 15:03:47","12","12","11","64","96","Good"
1968078,"6.575206","3.395516","2026-07-07 15:03:48","12","12","11","64","96","Good"
1968078,"6.575206","3.395516","2026-07-07 15:03:49","12","12","11","64","96","Good"
1968078,"6.575206","3.395516","2026-07-07 15:03:50","12","12","11","64","96","Good"
1968078,"6.575206","3.395516","2026-07-07 15:03:51","10","11","10","64","96","Good"
1968078,"6.575206","3.395516","2026-07-07 15:03:52","10","10","9","64","96","Good"
1968078,"6.575206","3.395516","2026-07-07 15:03:53","9","10","8","64","96","Good"
1968078,"6.575206","3.395516","2026-07-07 15:03:54","10","11","10","64","96","Good"
1968078,"6.575206","3.395516","2026-07-07 15:03:55","12","12","11","64","96","Good"
1968078,"6.575206","3.395516","2026-07-07 15:03:56","10","11","10","64","96","Good"
1968078,"6.575206","3.395516","2026-07-07 15:03:57","10","11","10","64","96","Good"
1968078,"6.575206","3.395516","2026-07-07 15:03:58","10","11","10","64","96","Good"
1968078,"6.575206","3.395516","2026-07-07 15:03:59","9","10","8","64","96","Good"
1968078,"6.575206","3.395516","2026-07-07 15:04:00","9","10","8","64","96","Good"
1968078,"6.575206","3.395516","2026-07-07 15:04:01","10","11","10","64","96","Good"
1968078,"6.575206","3.395516","2026-07-07 15:04:02","10","11","10","64","96","Good"
1968078,"6.575206","3.395516","2026-07-07 15:04:03","10","11","10","64","96","Good"
1968078,"6.575206","3.395516","2026-07-07 15:04:04","10","11","10","64","96","Good"
1968078,"6.575206","3.395516","2026-07-07 15:04:05","8","8","7","64","96","Good"
1968078,"6.575206","3.395516","2026-07-07 15:04:06","8","8","7","64","96","Good"
1968078,"6.575206","3.395516","2026-07-07 15:04:07","8","8","7","64","96","Good"
1968078,"6.575206","3.395516","2026-07-07 15:04:08","8","8","7","64","96","Good"
1968078,"6.575206","3.395516","2026-07-07 15:04:09","8","8","7","64","96","Good"
1968078,"6.575206","3.395516","2026-07-07 15:04:10","8","8","7","64","96","Good"
1968078,"6.575206","3.395516","2026-07-07 15:04:11","8","8","7","63","96","Good"
1968078,"6.575206","3.395516","2026-07-07 15:04:12","8","8","7","63","96","Good"
1968078,"6.575206","3.395516","2026-07-07 15:04:13","8","8","7","63","96","Good"
1968078,"6.575206","3.395516","2026-07-07 15:04:14","9","10","8","64","96","Good"
1968078,"6.575206","3.395516","2026-07-07 15:04:15","9","10","8","64","96","Good"
1968078,"6.575206","3.395516","2026-07-07 15:04:16","9","10","8","64","96","Good"
1968078,"6.575206","3.395516","2026-07-07 15:04:17","9","10","8","64","96","Good"
1968078,"6.575206","3.395516","2026-07-07 15:04:18","9","10","8","64","96","Good"
1968078,"6.575206","3.395516","2026-07-07 15:04:19","9","10","8","64","96","Good"
1968078,"6.575206","3.395516","2026-07-07 15:04:20","9","10","8","64","96","Good"
1968078,"6.575206","3.395516","2026-07-07 15:04:21","9","10","8","64","96","Good"
1968078,"6.575206","3.395516","2026-07-07 15:04:22","8","8","7","64","96","Good"
1968078,"6.575206","3.395516","2026-07-07 15:04:23","8","8","7","64","96","Good"
1968078,"6.575206","3.395516","2026-07-07 15:04:24","9","10","8","64","96","Good"
1968078,"6.575206","3.395516","2026-07-07 15:04:25","9","10","8","64","96","Good"
1968078,"6.575206","3.395516","2026-07-07 15:04:26","9","10","8","64","96","Good"
1968078,"6.575206","3.395516","2026-07-07 15:04:27","9","10","8","64","96","Good"
1968078,"6.575206","3.395516","2026-07-07 15:04:28","9","9","8","64","96","Good"
1968078,"6.575206","3.395516","2026-07-07 15:04:29","7","7","6","64","96","Good"
1968078,"6.575206","3.395516","2026-07-07 15:04:30","7","7","6","64","96","Good"
1968078,"6.575206","3.395516","2026-07-07 15:04:31","7","7","6","64","96","Good"
1968078,"6.575206","3.395516","2026-07-07 15:04:32","7","7","6","64","96","Good"
1968078,"6.575206","3.395516","2026-07-07 15:04:33","7","7","6","64","96","Good"
1968078,"6.575206","3.395516","2026-07-07 15:04:34","8","8","7","64","96","Good"
1968078,"6.575206","3.395516","2026-07-07 15:04:35","8","8","7","64","96","Good"
1968078,"6.575206","3.395516","2026-07-07 15:04:36","8","8","7","64","96","Good"
1968078,"6.575206","3.395516","2026-07-07 15:04:37","8","8","7","64","96","Good"
1968078,"6.575206","3.395516","2026-07-07 15:04:38","8","8","7","64","96","Good"
1968078,"6.575206","3.395516","2026-07-07 15:04:39","8","8","7","64","96","Good"
1968078,"6.575206","3.395516","2026-07-07 15:04:40","8","8","7","64","96","Good"
1968078,"6.575206","3.395516","2026-07-07 15:04:41","9","10","8","64","96","Good"
1968078,"6.575206","3.395516","2026-07-07 15:04:42","9","10","8","64","96","Good"
1968078,"6.575206","3.395516","2026-07-07 15:04:43","9","10","8","64","96","Good"
1968078,"6.575206","3.395516","2026-07-07 15:04:44","10","10","9","64","96","Good"
1968078,"6.575206","3.395516","2026-07-07 15:04:45","9","10","8","64","96","Good"
1968078,"6.575206","3.395516","2026-07-07 15:04:46","10","11","10","63","96","Good"
1968078,"6.575206","3.395516","2026-07-07 15:04:47","10","11","10","64","96","Good"
1968078,"6.575206","3.395516","2026-07-07 15:04:48","10","11","10","64","96","Good"
1968078,"6.575206","3.395516","2026-07-07 15:04:49","9","10","8","64","96","Good"
1968078,"6.575206","3.395516","2026-07-07 15:04:50","8","8","7","64","96","Good"
1968078,"6.575206","3.395516","2026-07-07 15:04:51","8","8","7","64","96","Good"
1968078,"6.575206","3.395516","2026-07-07 15:04:52","9","10","8","64","96","Good"
1968078,"6.575206","3.395516","2026-07-07 15:04:53","9","10","8","64","96","Good"
1968078,"6.575206","3.395516","2026-07-07 15:04:54","9","10","8","64","96","Good"
1968078,"6.575206","3.395516","2026-07-07 15:04:55","9","10","8","64","96","Good"
1968078,"6.575206","3.395516","2026-07-07 15:04:56","9","10","8","64","96","Good"
1968078,"6.575206","3.395516","2026-07-07 15:04:57","9","10","8","64","96","Good"
1968078,"6.575206","3.395516","2026-07-07 15:04:58","9","10","8","64","96","Good"
1968078,"6.575206","3.395516","2026-07-07 15:04:59","9","10","8","64","96","Good"
1968078,"6.575206","3.395516","2026-07-07 15:05:00","9","10","8","64","96","Good"
1968078,"6.575206","3.395516","2026-07-07 15:05:01","9","10","8","64","96","Good"
1968078,"6.575206","3.395516","2026-07-07 15:05:02","9","10","8","64","97","Good"
1968078,"6.575206","3.395516","2026-07-07 15:05:03","10","11","10","64","97","Good"
1968078,"6.575206","3.395516","2026-07-07 15:05:04","10","11","10","64","96","Good"
1968078,"6.575206","3.395516","2026-07-07 15:05:05","10","11","10","64","96","Good"
1968078,"6.575206","3.395516","2026-07-07 15:05:06","10","11","10","64","97","Good"
1968078,"6.575206","3.395516","2026-07-07 15:05:07","10","11","10","64","97","Good"
1968078,"6.575206","3.395516","2026-07-07 15:05:08","10","11","10","64","97","Good"
1968078,"6.575206","3.395516","2026-07-07 15:05:09","10","11","10","64","97","Good"
1968078,"6.575206","3.395516","2026-07-07 15:05:10","10","11","10","64","97","Good"
1968078,"6.575206","3.395516","2026-07-07 15:05:11","10","11","10","64","97","Good"
1968078,"6.575206","3.395516","2026-07-07 15:05:12","10","11","10","64","97","Good"
1968078,"6.575206","3.395516","2026-07-07 15:05:13","9","10","8","64","97","Good"
1968078,"6.575206","3.395516","2026-07-07 15:05:14","8","8","7","64","97","Good"
1968078,"6.575206","3.395516","2026-07-07 15:05:15","8","8","7","64","97","Good"
1968078,"6.575206","3.395516","2026-07-07 15:05:16","9","10","8","64","97","Good"
1968078,"6.575206","3.395516","2026-07-07 15:05:17","9","10","8","64","97","Good"
1968078,"6.575206","3.395516","2026-07-07 15:05:18","9","10","8","64","97","Good"
1968078,"6.575206","3.395516","2026-07-07 15:05:19","10","11","10","64","97","Good"
1968078,"6.575206","3.395516","2026-07-07 15:05:20","10","11","10","64","97","Good"
1968078,"6.575206","3.395516","2026-07-07 15:05:21","10","11","10","64","97","Good"
1968078,"6.575206","3.395516","2026-07-07 15:05:22","9","10","8","64","97","Good"
1968078,"6.575206","3.395516","2026-07-07 15:05:23","9","10","8","64","97","Good"
1968078,"6.575206","3.395516","2026-07-07 15:05:24","9","10","8","64","97","Good"
1968078,"6.575206","3.395516","2026-07-07 15:05:25","10","11","10","64","97","Good"
1968078,"6.575206","3.395516","2026-07-07 15:05:26","10","11","10","64","97","Good"
1968078,"6.575206","3.395516","2026-07-07 15:05:27","10","11","10","64","97","Good"
1968078,"6.575206","3.395516","2026-07-07 15:05:28","10","11","10","64","97","Good"
1968078,"6.575206","3.395516","2026-07-07 15:05:29","10","11","10","64","97","Good"
1968078,"6.575206","3.395516","2026-07-07 15:05:30","9","10","8","64","97","Good"
1968078,"6.575206","3.395516","2026-07-07 15:05:31","9","10","8","64","97","Good"
1968078,"6.575206","3.395516","2026-07-07 15:05:32","9","10","8","64","97","Good"
1968078,"6.575206","3.395516","2026-07-07 15:05:33","9","10","8","64","97","Good"
1968078,"6.575206","3.395516","2026-07-07 15:05:34","9","10","8","64","97","Good"
1968078,"6.575206","3.395516","2026-07-07 15:05:35","10","11","10","64","97","Good"
1968078,"6.575206","3.395516","2026-07-07 15:05:36","10","11","10","64","97","Good"
1968078,"6.575206","3.395516","2026-07-07 15:05:37","10","11","10","64","97","Good"
1968078,"6.575206","3.395516","2026-07-07 15:05:38","10","11","10","64","97","Good"
1968078,"6.575206","3.395516","2026-07-07 15:05:39","10","11","10","64","97","Good"
1968078,"6.575206","3.395516","2026-07-07 15:05:40","10","11","10","64","97","Good"
1968078,"6.575206","3.395516","2026-07-07 15:05:41","10","11","10","64","97","Good"
1968078,"6.575206","3.395516","2026-07-07 15:05:42","9","10","8","64","97","Good"
1968078,"6.575206","3.395516","2026-07-07 15:05:43","8","8","7","64","97","Good"
1968078,"6.575206","3.395516","2026-07-07 15:05:44","8","8","7","64","97","Good"
1968078,"6.575206","3.395516","2026-07-07 15:05:45","8","8","7","64","97","Good"
1968078,"6.575206","3.395516","2026-07-07 15:05:46","8","8","7","64","97","Good"
1968078,"6.575206","3.395516","2026-07-07 15:05:47","9","10","8","64","97","Good"
1968078,"6.575206","3.395516","2026-07-07 15:05:48","9","10","8","64","97","Good"
1968078,"6.575206","3.395516","2026-07-07 15:05:49","10","11","10","64","97","Good"
1968078,"6.575206","3.395516","2026-07-07 15:05:50","10","11","10","64","97","Good"
1968078,"6.575206","3.395516","2026-07-07 15:05:51","9","10","8","64","97","Good"
1968078,"6.575206","3.395516","2026-07-07 15:05:52","8","8","7","64","97","Good"
1968078,"6.575206","3.395516","2026-07-07 15:05:53","8","8","7","64","97","Good"
1968078,"6.575206","3.395516","2026-07-07 15:05:54","8","8","7","64","97","Good"
1968078,"6.575206","3.395516","2026-07-07 15:05:55","8","8","7","64","97","Good"
1968078,"6.575206","3.395516","2026-07-07 15:05:56","8","8","7","64","97","Good"
1968078,"6.575206","3.395516","2026-07-07 15:05:57","8","8","7","64","97","Good"
1968078,"6.575206","3.395516","2026-07-07 15:05:58","8","8","7","64","97","Good"
1968078,"6.575206","3.395516","2026-07-07 15:05:59","8","8","7","64","97","Good"
1968078,"6.575206","3.395516","2026-07-07 15:06:00","7","7","6","64","97","Good"
1968078,"6.575206","3.395516","2026-07-07 15:06:01","7","7","6","63","97","Good"
1968078,"6.575206","3.395516","2026-07-07 15:06:02","7","7","6","63","97","Good"
1968078,"6.575206","3.395516","2026-07-07 15:06:03","8","8","7","63","97","Good"
1968078,"6.575206","3.395516","2026-07-07 15:06:04","8","8","7","63","97","Good"
1968078,"6.575206","3.395516","2026-07-07 15:06:05","8","8","7","63","97","Good"
1968078,"6.575206","3.395516","2026-07-07 15:06:06","8","8","7","63","97","Good"
1968078,"6.575206","3.395516","2026-07-07 15:06:07","8","8","7","63","97","Good"
1968078,"6.575206","3.395516","2026-07-07 15:06:08","8","8","7","63","97","Good"
1968078,"6.575206","3.395516","2026-07-07 15:06:09","9","10","8","63","97","Good"
1968078,"6.575206","3.395516","2026-07-07 15:06:10","9","10","8","63","97","Good"
1968078,"6.575206","3.395516","2026-07-07 15:06:11","9","10","8","63","97","Good"
1968078,"6.575206","3.395516","2026-07-07 15:06:12","9","10","8","63","97","Good"
1968078,"6.575206","3.395516","2026-07-07 15:06:13","9","10","8","63","97","Good"
1968078,"6.575206","3.395516","2026-07-07 15:06:14","9","10","8","63","97","Good"
1968078,"6.575206","3.395516","2026-07-07 15:06:15","8","8","7","63","97","Good"
1968078,"6.575206","3.395516","2026-07-07 15:06:16","8","8","7","63","97","Good"
1968078,"6.575206","3.395516","2026-07-07 15:06:17","8","8","7","63","97","Good"
1968078,"6.575206","3.395516","2026-07-07 15:06:18","8","8","7","63","97","Good"
1968078,"6.575206","3.395516","2026-07-07 15:06:19","9","10","8","63","97","Good"
1968078,"6.575206","3.395516","2026-07-07 15:06:20","9","10","8","63","97","Good"
1968078,"6.575206","3.395516","2026-07-07 15:06:21","9","9","8","63","97","Good"
1968078,"6.575206","3.395516","2026-07-07 15:06:22","9","10","8","63","97","Good"
1968078,"6.575206","3.395516","2026-07-07 15:06:23","9","10","8","63","97","Good"
1968078,"6.575206","3.395516","2026-07-07 15:06:24","9","10","8","63","97","Good"
1968078,"6.575206","3.395516","2026-07-07 15:06:25","9","10","8","63","97","Good"
1968078,"6.575206","3.395516","2026-07-07 15:06:26","9","10","8","63","97","Good"
1968078,"6.575206","3.395516","2026-07-07 15:06:27","9","10","8","63","97","Good"
1968078,"6.575206","3.395516","2026-07-07 15:06:28","9","10","8","63","97","Good"
1968078,"6.575206","3.395516","2026-07-07 15:06:29","9","10","8","63","97","Good"
1968078,"6.575206","3.395516","2026-07-07 15:06:30","9","10","8","63","97","Good"
1968078,"6.575206","3.395516","2026-07-07 15:06:31","9","10","8","63","97","Good"
1968078,"6.575206","3.395516","2026-07-07 15:06:32","9","10","8","63","97","Good"
1968078,"6.575206","3.395516","2026-07-07 15:06:33","9","10","8","63","97","Good"
1968078,"6.575206","3.395516","2026-07-07 15:06:34","9","10","8","63","97","Good"
1968078,"6.575206","3.395516","2026-07-07 15:06:35","9","10","8","63","97","Good"
1968078,"6.575206","3.395516","2026-07-07 15:06:36","7","7","6","63","97","Good"
1968078,"6.575206","3.395516","2026-07-07 15:06:37","7","7","6","63","97","Good"
1968078,"6.575206","3.395516","2026-07-07 15:06:38","7","7","6","63","97","Good"
1968078,"6.575206","3.395516","2026-07-07 15:06:39","7","7","6","63","97","Good"
1968078,"6.575206","3.395516","2026-07-07 15:06:40","8","8","7","63","97","Good"
1968078,"6.575206","3.395516","2026-07-07 15:06:41","8","8","7","63","97","Good"
1968078,"6.575206","3.395516","2026-07-07 15:06:42","8","8","7","63","97","Good"
1968078,"6.575206","3.395516","2026-07-07 15:06:43","9","10","8","63","97","Good"
1968078,"6.575206","3.395516","2026-07-07 15:06:44","9","10","8","63","97","Good"
1968078,"6.575206","3.395516","2026-07-07 15:06:45","8","8","7","63","97","Good"
1968078,"6.575206","3.395516","2026-07-07 15:06:46","8","8","7","63","97","Good"
1968078,"6.575206","3.395516","2026-07-07 15:06:47","8","8","7","63","97","Good"
1968078,"6.575206","3.395516","2026-07-07 15:06:48","8","8","7","63","97","Good"
1968078,"6.575206","3.395516","2026-07-07 15:06:49","8","8","7","63","97","Good"
1968078,"6.575206","3.395516","2026-07-07 15:06:50","8","8","7","63","97","Good"
1968078,"6.575206","3.395516","2026-07-07 15:06:51","9","10","8","63","97","Good"
1968078,"6.575206","3.395516","2026-07-07 15:06:52","9","10","8","63","97","Good"
1968078,"6.575206","3.395516","2026-07-07 15:06:53","9","10","8","63","97","Good"
1968078,"6.575206","3.395516","2026-07-07 15:06:54","8","8","7","63","97","Good"
1968078,"6.575206","3.395516","2026-07-07 15:06:55","8","8","7","63","97","Good"
1968078,"6.575206","3.395516","2026-07-07 15:06:56","9","10","8","63","97","Good"
1968078,"6.575206","3.395516","2026-07-07 15:06:57","9","10","8","63","97","Good"
1968078,"6.575206","3.395516","2026-07-07 15:06:58","9","10","8","63","98","Good"
1968078,"6.575206","3.395516","2026-07-07 15:06:59","9","10","8","63","97","Good"
1968078,"6.575206","3.395516","2026-07-07 15:07:00","8","8","7","63","97","Good"
1968078,"6.575206","3.395516","2026-07-07 15:07:01","7","7","6","63","97","Good"
1968078,"6.575206","3.395516","2026-07-07 15:07:02","7","7","6","64","97","Good"
1968078,"6.575206","3.395516","2026-07-07 15:07:03","7","7","6","64","97","Good"
1968078,"6.575206","3.395516","2026-07-07 15:07:04","7","8","7","64","97","Good"
1968078,"6.575206","3.395516","2026-07-07 15:07:05","8","8","7","63","97","Good"
1968078,"6.575206","3.395516","2026-07-07 15:07:06","9","10","8","63","97","Good"
1968078,"6.575206","3.395516","2026-07-07 15:07:07","9","10","8","63","97","Good"
1968078,"6.575206","3.395516","2026-07-07 15:07:08","9","10","8","63","98","Good"
1968078,"6.575206","3.395516","2026-07-07 15:07:09","8","8","7","63","97","Good"
1968078,"6.575206","3.395516","2026-07-07 15:07:10","8","8","7","63","97","Good"
1968078,"6.575206","3.395516","2026-07-07 15:07:11","8","8","7","63","97","Good"
1968078,"6.575206","3.395516","2026-07-07 15:07:12","9","9","8","63","97","Good"
1968078,"6.575206","3.395516","2026-07-07 15:07:13","9","10","8","63","98","Good"
1968078,"6.575206","3.395516","2026-07-07 15:07:14","9","10","8","63","98","Good"
1968078,"6.575206","3.395516","2026-07-07 15:07:15","9","10","8","63","97","Good"
1968078,"6.575206","3.395516","2026-07-07 15:07:16","9","10","8","63","98","Good"
1968078,"6.575206","3.395516","2026-07-07 15:07:17","8","8","7","62","97","Good"
1968078,"6.575206","3.395516","2026-07-07 15:07:18","8","8","7","62","98","Good"
1968078,"6.575206","3.395516","2026-07-07 15:07:19","9","10","8","62","98","Good"
1968078,"6.575206","3.395516","2026-07-07 15:07:20","8","8","7","63","98","Good"
1968078,"6.575206","3.395516","2026-07-07 15:07:21","8","8","7","63","98","Good"
1968078,"6.575206","3.395516","2026-07-07 15:07:22","8","8","7","63","98","Good"
1968078,"6.575206","3.395516","2026-07-07 15:07:23","8","8","7","63","98","Good"
1968078,"6.575206","3.395516","2026-07-07 15:07:24","8","8","7","63","97","Good"
1968078,"6.575206","3.395516","2026-07-07 15:07:25","8","8","7","63","98","Good"
1968078,"6.575206","3.395516","2026-07-07 15:07:26","8","8","7","63","98","Good"
1968078,"6.575206","3.395516","2026-07-07 15:07:27","7","7","6","63","98","Good"
1968078,"6.575206","3.395516","2026-07-07 15:07:28","7","7","6","63","98","Good"
1968078,"6.575206","3.395516","2026-07-07 15:07:29","8","8","7","63","98","Good"
1968078,"6.575206","3.395516","2026-07-07 15:07:30","8","8","7","63","98","Good"
1968078,"6.575206","3.395516","2026-07-07 15:07:31","7","7","6","63","98","Good"
1968078,"6.575206","3.395516","2026-07-07 15:07:32","7","7","6","63","98","Good"
1968078,"6.575206","3.395516","2026-07-07 15:07:33","9","10","8","63","98","Good"
1968078,"6.575206","3.395516","2026-07-07 15:07:34","9","10","8","63","98","Good"
1968078,"6.575206","3.395516","2026-07-07 15:07:35","9","10","8","63","98","Good"
1968078,"6.575206","3.395516","2026-07-07 15:07:36","8","8","7","63","98","Good"
1968078,"6.575206","3.395516","2026-07-07 15:07:37","8","8","7","63","98","Good"
1968078,"6.575206","3.395516","2026-07-07 15:07:38","9","10","8","63","98","Good"
1968078,"6.575206","3.395516","2026-07-07 15:07:39","9","10","8","63","98","Good"
1968078,"6.575206","3.395516","2026-07-07 15:07:40","8","8","7","63","98","Good"
1968078,"6.575206","3.395516","2026-07-07 15:07:41","8","8","7","63","98","Good"
1968078,"6.575206","3.395516","2026-07-07 15:07:42","8","8","7","63","98","Good"
1968078,"6.575206","3.395516","2026-07-07 15:07:43","9","10","8","63","98","Good"
1968078,"6.575206","3.395516","2026-07-07 15:07:44","9","10","8","63","98","Good"
1968078,"6.575206","3.395516","2026-07-07 15:07:45","8","8","7","63","98","Good"
1968078,"6.575206","3.395516","2026-07-07 15:07:46","8","8","7","63","98","Good"
1968078,"6.575206","3.395516","2026-07-07 15:07:47","8","8","7","63","98","Good"
1968078,"6.575206","3.395516","2026-07-07 15:07:48","9","9","8","62","98","Good"
1968078,"6.575206","3.395516","2026-07-07 15:07:49","9","10","8","62","98","Good"
1968078,"6.575206","3.395516","2026-07-07 15:07:50","9","10","8","62","98","Good"
1968078,"6.575206","3.395516","2026-07-07 15:07:51","9","10","8","62","98","Good"
1968078,"6.575206","3.395516","2026-07-07 15:07:52","9","10","8","62","98","Good"
1968078,"6.575206","3.395516","2026-07-07 15:07:53","9","10","8","61","98","Good"
1968078,"6.575206","3.395516","2026-07-07 15:07:54","8","8","7","61","97","Good"
1968078,"6.575206","3.395516","2026-07-07 15:07:55","8","8","7","61","98","Good"
1968078,"6.575206","3.395516","2026-07-07 15:07:56","8","8","7","61","98","Good"
1968078,"6.575206","3.395516","2026-07-07 15:07:57","7","7","6","61","98","Good"
1968078,"6.575206","3.395516","2026-07-07 15:07:58","7","7","6","62","98","Good"
1968078,"6.575206","3.395516","2026-07-07 15:07:59","8","8","7","62","98","Good"
1968078,"6.575206","3.395516","2026-07-07 15:08:00","9","10","8","62","98","Good"
1968078,"6.575206","3.395516","2026-07-07 15:08:01","8","8","7","62","98","Good"
1968078,"6.575206","3.395516","2026-07-07 15:08:02","8","8","7","62","98","Good"
1968078,"6.575206","3.395516","2026-07-07 15:08:03","8","8","7","61","98","Good"
1968078,"6.575206","3.395516","2026-07-07 15:08:04","8","8","7","61","98","Good"
1968078,"6.575206","3.395516","2026-07-07 15:08:05","8","8","7","61","98","Good"
1968078,"6.575206","3.395516","2026-07-07 15:08:06","7","7","6","61","98","Good"
1968078,"6.575206","3.395516","2026-07-07 15:08:07","7","7","6","62","98","Good"
1968078,"6.575206","3.395516","2026-07-07 15:08:08","7","7","6","62","98","Good"
1968078,"6.575206","3.395516","2026-07-07 15:08:09","7","7","6","62","98","Good"
1968078,"6.575206","3.395516","2026-07-07 15:08:10","7","7","6","62","98","Good"
1968078,"6.575206","3.395516","2026-07-07 15:08:11","7","7","6","62","98","Good"
1968078,"6.575206","3.395516","2026-07-07 15:08:12","7","7","6","62","98","Good"
1968078,"6.575206","3.395516","2026-07-07 15:08:13","7","7","6","62","98","Good"
1968078,"6.575206","3.395516","2026-07-07 15:08:14","7","7","6","62","98","Good"
1968078,"6.575206","3.395516","2026-07-07 15:08:15","9","10","8","62","98","Good"
1968078,"6.575206","3.395516","2026-07-07 15:08:16","9","10","8","62","98","Good"
1968078,"6.575206","3.395516","2026-07-07 15:08:17","9","10","8","62","98","Good"
1968078,"6.575206","3.395516","2026-07-07 15:08:18","9","10","8","62","98","Good"
1968078,"6.575206","3.395516","2026-07-07 15:08:19","9","10","8","62","98","Good"
1968078,"6.575206","3.395516","2026-07-07 15:08:20","9","10","8","62","98","Good"
1968078,"6.575206","3.395516","2026-07-07 15:08:21","9","10","8","62","98","Good"
1968078,"6.575206","3.395516","2026-07-07 15:08:22","8","8","7","62","98","Good"
1968078,"6.575206","3.395516","2026-07-07 15:08:23","8","8","7","62","98","Good"
1968078,"6.575206","3.395516","2026-07-07 15:08:24","8","8","7","62","98","Good"
1968078,"6.575206","3.395516","2026-07-07 15:08:25","7","7","6","62","98","Good"
1968078,"6.575206","3.395516","2026-07-07 15:08:26","7","7","6","62","98","Good"
1968078,"6.575206","3.395516","2026-07-07 15:08:27","7","7","6","62","98","Good"
1968078,"6.575206","3.395516","2026-07-07 15:08:28","7","7","6","62","98","Good"
1968078,"6.575206","3.395516","2026-07-07 15:08:29","7","7","6","62","98","Good"
1968078,"6.575206","3.395516","2026-07-07 15:08:30","6","6","5","62","98","Good"
1968078,"6.575206","3.395516","2026-07-07 15:08:31","6","6","5","62","98","Good"
1968078,"6.575206","3.395516","2026-07-07 15:08:32","6","6","5","62","98","Good"
1968078,"6.575206","3.395516","2026-07-07 15:08:33","6","6","5","62","98","Good"
1968078,"6.575206","3.395516","2026-07-07 15:08:34","6","6","5","62","98","Good"
1968078,"6.575206","3.395516","2026-07-07 15:08:35","6","6","5","62","98","Good"
1968078,"6.575206","3.395516","2026-07-07 15:08:36","6","6","5","62","98","Good"
1968078,"6.575206","3.395516","2026-07-07 15:08:37","6","6","5","62","98","Good"
1968078,"6.575206","3.395516","2026-07-07 15:08:38","7","8","7","62","98","Good"
1968078,"6.575206","3.395516","2026-07-07 15:08:39","8","8","7","62","98","Good"
1968078,"6.575206","3.395516","2026-07-07 15:08:40","8","8","7","62","98","Good"
1968078,"6.575206","3.395516","2026-07-07 15:08:41","8","8","7","62","98","Good"
1968078,"6.575206","3.395516","2026-07-07 15:08:42","8","8","7","62","98","Good"
1968078,"6.575206","3.395516","2026-07-07 15:08:43","8","8","7","62","98","Good"
1968078,"6.575206","3.395516","2026-07-07 15:08:44","8","8","7","62","98","Good"
1968078,"6.575206","3.395516","2026-07-07 15:08:45","8","8","7","62","98","Good"
1968078,"6.575206","3.395516","2026-07-07 15:08:46","8","8","7","62","98","Good"
1968078,"6.575206","3.395516","2026-07-07 15:08:47","8","8","7","62","98","Good"
1968078,"6.575206","3.395516","2026-07-07 15:08:48","8","8","7","62","98","Good"
1968078,"6.575206","3.395516","2026-07-07 15:08:49","8","8","7","62","98","Good"
1968078,"6.575206","3.395516","2026-07-07 15:08:50","8","8","7","62","98","Good"
1968078,"6.575206","3.395516","2026-07-07 15:08:51","8","8","7","62","98","Good"
1968078,"6.575206","3.395516","2026-07-07 15:08:52","8","8","7","62","98","Good"
1968078,"6.575206","3.395516","2026-07-07 15:08:53","9","9","8","62","98","Good"
1968078,"6.575206","3.395516","2026-07-07 15:08:54","9","10","8","62","98","Good"
1968078,"6.575206","3.395516","2026-07-07 15:08:55","8","8","7","62","98","Good"
1968078,"6.575206","3.395516","2026-07-07 15:08:56","8","8","7","62","98","Good"
1968078,"6.575206","3.395516","2026-07-07 15:08:57","8","8","7","62","98","Good"
1968078,"6.575206","3.395516","2026-07-07 15:08:58","8","8","7","62","98","Good"
1968078,"6.575206","3.395516","2026-07-07 15:08:59","8","8","7","62","98","Good"
1968078,"6.575206","3.395516","2026-07-07 15:09:00","8","8","7","62","98","Good"
1968078,"6.575206","3.395516","2026-07-07 15:09:01","8","8","7","62","98","Good"
1968078,"6.575206","3.395516","2026-07-07 15:09:02","8","8","7","62","98","Good"
1968078,"6.575206","3.395516","2026-07-07 15:09:03","8","8","7","62","98","Good"
1968078,"6.575206","3.395516","2026-07-07 15:09:04","8","8","7","62","98","Good"
1968078,"6.575206","3.395516","2026-07-07 15:09:05","7","7","6","62","98","Good"
1968078,"6.575206","3.395516","2026-07-07 15:09:06","7","7","6","62","98","Good"
1968078,"6.575206","3.395516","2026-07-07 15:09:07","7","7","6","62","98","Good"
1968078,"6.575206","3.395516","2026-07-07 15:09:08","6","7","6","62","98","Good"
1968078,"6.575206","3.395516","2026-07-07 15:09:09","7","7","6","62","98","Good"
1968078,"6.575206","3.395516","2026-07-07 15:09:10","7","7","6","62","98","Good"
1968078,"6.575206","3.395516","2026-07-07 15:09:11","7","7","6","63","98","Good"
1968078,"6.575206","3.395516","2026-07-07 15:09:12","7","7","6","63","98","Good"
1968078,"6.575206","3.395516","2026-07-07 15:09:13","7","7","6","63","98","Good"
1968078,"6.575206","3.395516","2026-07-07 15:09:14","7","7","6","63","98","Good"
1968078,"6.575206","3.395516","2026-07-07 15:09:15","6","6","5","63","98","Good"
1968078,"6.575206","3.395516","2026-07-07 15:09:16","6","6","5","63","98","Good"
1968078,"6.575206","3.395516","2026-07-07 15:09:17","6","6","5","63","98","Good"
1968078,"6.575206","3.395516","2026-07-07 15:09:18","6","6","5","63","98","Good"
1968078,"6.575206","3.395516","2026-07-07 15:09:19","6","6","5","63","98","Good"
1968078,"6.575206","3.395516","2026-07-07 15:09:20","7","7","6","63","98","Good"
1968078,"6.575206","3.395516","2026-07-07 15:09:21","7","7","6","63","98","Good"
1968078,"6.575206","3.395516","2026-07-07 15:09:22","7","7","6","63","98","Good"
1968078,"6.575206","3.395516","2026-07-07 15:09:23","7","7","6","63","98","Good"
1968078,"6.575206","3.395516","2026-07-07 15:09:24","7","7","6","63","98","Good"
1968078,"6.575206","3.395516","2026-07-07 15:09:25","7","7","6","63","98","Good"
1968078,"6.575206","3.395516","2026-07-07 15:09:26","7","7","6","63","98","Good"
1968078,"6.575206","3.395516","2026-07-07 15:09:27","7","7","6","62","98","Good"
1968078,"6.575206","3.395516","2026-07-07 15:09:28","7","7","6","62","98","Good"
1968078,"6.575206","3.395516","2026-07-07 15:09:29","7","7","6","62","98","Good"
1968078,"6.575206","3.395516","2026-07-07 15:09:30","7","7","6","62","98","Good"
1968078,"6.575206","3.395516","2026-07-07 15:09:31","7","7","6","62","98","Good"
1968078,"6.575206","3.395516","2026-07-07 15:09:32","7","7","6","62","98","Good"
1968078,"6.575206","3.395516","2026-07-07 15:09:33","7","7","6","62","98","Good"
1968078,"6.575206","3.395516","2026-07-07 15:09:34","8","8","7","62","98","Good"
1968078,"6.575206","3.395516","2026-07-07 15:09:35","8","8","7","62","98","Good"
1968078,"6.575206","3.395516","2026-07-07 15:09:36","8","8","7","62","98","Good"
1968078,"6.575206","3.395516","2026-07-07 15:09:37","8","8","7","62","98","Good"
1968078,"6.575206","3.395516","2026-07-07 15:09:38","8","8","7","62","98","Good"
1968078,"6.575206","3.395516","2026-07-07 15:09:39","8","8","7","62","98","Good"
1968078,"6.575206","3.395516","2026-07-07 15:09:40","8","8","7","61","98","Good"
1968078,"6.575206","3.395516","2026-07-07 15:09:41","8","8","7","61","98","Good"
1968078,"6.575206","3.395516","2026-07-07 15:09:42","8","8","7","61","98","Good"
1968078,"6.575206","3.395516","2026-07-07 15:09:43","8","8","7","61","98","Good"
1968078,"6.575206","3.395516","2026-07-07 15:09:44","8","8","7","61","98","Good"
1968078,"6.575206","3.395516","2026-07-07 15:09:45","8","8","7","61","98","Good"
1968078,"6.575206","3.395516","2026-07-07 15:09:46","8","8","7","61","98","Good"
1968078,"6.575206","3.395516","2026-07-07 15:09:47","7","7","6","61","98","Good"
1968078,"6.575206","3.395516","2026-07-07 15:09:48","7","7","6","60","98","Good"
1968078,"6.575206","3.395516","2026-07-07 15:09:49","7","7","6","60","98","Good"
1968078,"6.575206","3.395516","2026-07-07 15:09:50","7","7","6","60","98","Good"
1968078,"6.575206","3.395516","2026-07-07 15:09:51","7","7","6","60","98","Good"
1968078,"6.575206","3.395516","2026-07-07 15:09:52","7","7","6","60","97","Good"
1968078,"6.575206","3.395516","2026-07-07 15:09:53","8","8","7","60","98","Good"
1968078,"6.575206","3.395516","2026-07-07 15:09:54","8","8","7","60","98","Good"
1968078,"6.575206","3.395516","2026-07-07 15:09:55","9","10","8","61","98","Good"
1968078,"6.575206","3.395516","2026-07-07 15:09:56","8","8","7","61","98","Good"
1968078,"6.575206","3.395516","2026-07-07 15:09:57","8","8","7","61","98","Good"
1968078,"6.575206","3.395516","2026-07-07 15:09:58","8","8","7","61","98","Good"
1968078,"6.575206","3.395516","2026-07-07 15:09:59","8","8","7","61","98","Good"
1968078,"6.575206","3.395516","2026-07-07 15:10:00","8","8","7","61","98","Good"
1968078,"6.575206","3.395516","2026-07-07 15:10:01","8","8","7","61","98","Good"
1968078,"6.575206","3.395516","2026-07-07 15:10:02","7","7","6","61","98","Good"
1968078,"6.575206","3.395516","2026-07-07 15:10:03","7","7","6","61","98","Good"
1968078,"6.575206","3.395516","2026-07-07 15:10:04","7","7","6","61","98","Good"
1968078,"6.575206","3.395516","2026-07-07 15:10:05","7","7","6","61","98","Good"
1968078,"6.575206","3.395516","2026-07-07 15:10:06","7","7","6","61","98","Good"
1968078,"6.575206","3.395516","2026-07-07 15:10:07","6","6","5","61","98","Good"
1968078,"6.575206","3.395516","2026-07-07 15:10:08","6","6","5","61","98","Good"
1968078,"6.575206","3.395516","2026-07-07 15:10:09","7","7","6","61","98","Good"
1968078,"6.575206","3.395516","2026-07-07 15:10:10","7","7","6","61","98","Good"
1968078,"6.575206","3.395516","2026-07-07 15:10:11","7","7","6","61","98","Good"
1968078,"6.575206","3.395516","2026-07-07 15:10:12","7","7","6","61","98","Good"
1968078,"6.575206","3.395516","2026-07-07 15:10:13","6","6","5","61","98","Good"
1968078,"6.575206","3.395516","2026-07-07 15:10:14","6","6","5","61","98","Good"
1968078,"6.575206","3.395516","2026-07-07 15:10:15","6","6","5","61","98","Good"
1968078,"6.575206","3.395516","2026-07-07 15:10:16","6","6","5","62","98","Good"
1968078,"6.575206","3.395516","2026-07-07 15:10:17","6","6","5","62","98","Good"
1968078,"6.575206","3.395516","2026-07-07 15:10:18","6","6","5","62","98","Good"
1968078,"6.575206","3.395516","2026-07-07 15:10:19","6","6","5","62","98","Good"
1968078,"6.575206","3.395516","2026-07-07 15:10:20","7","7","6","62","98","Good"
1968078,"6.575206","3.395516","2026-07-07 15:10:21","8","8","7","62","98","Good"
1968078,"6.575206","3.395516","2026-07-07 15:10:22","8","8","7","62","98","Good"
1968078,"6.575206","3.395516","2026-07-07 15:10:23","8","8","7","62","98","Good"
1968078,"6.575206","3.395516","2026-07-07 15:10:24","8","8","7","62","98","Good"
1968078,"6.575206","3.395516","2026-07-07 15:10:25","8","8","7","62","98","Good"
1968078,"6.575206","3.395516","2026-07-07 15:10:26","7","7","6","62","98","Good"
1968078,"6.575206","3.395516","2026-07-07 15:10:27","6","6","5","62","98","Good"
1968078,"6.575206","3.395516","2026-07-07 15:10:28","7","7","6","62","98","Good"
1968078,"6.575206","3.395516","2026-07-07 15:10:29","7","7","6","62","98","Good"
1968078,"6.575206","3.395516","2026-07-07 15:10:30","7","7","6","62","98","Good"
1968078,"6.575206","3.395516","2026-07-07 15:10:31","7","7","6","62","98","Good"
1968078,"6.575206","3.395516","2026-07-07 15:10:32","7","7","6","62","98","Good"
1968078,"6.575206","3.395516","2026-07-07 15:10:33","7","7","6","62","98","Good"
1968078,"6.575206","3.395516","2026-07-07 15:10:34","7","7","6","62","98","Good"
1968078,"6.575206","3.395516","2026-07-07 15:10:35","6","6","5","62","98","Good"
1968078,"6.575206","3.395516","2026-07-07 15:10:36","6","6","5","62","98","Good"
1968078,"6.575206","3.395516","2026-07-07 15:10:37","6","6","5","62","98","Good"
1968078,"6.575206","3.395516","2026-07-07 15:10:38","6","6","5","62","98","Good"
1968078,"6.575206","3.395516","2026-07-07 15:10:39","6","6","5","62","98","Good"
1968078,"6.575206","3.395516","2026-07-07 15:10:40","6","6","5","62","98","Good"
1968078,"6.575206","3.395516","2026-07-07 15:10:41","7","7","6","62","98","Good"
1968078,"6.575206","3.395516","2026-07-07 15:10:42","7","7","6","62","98","Good"
1968078,"6.575206","3.395516","2026-07-07 15:10:43","7","7","6","62","98","Good"
1968078,"6.575206","3.395516","2026-07-07 15:10:44","7","7","6","62","98","Good"
1968078,"6.575206","3.395516","2026-07-07 15:10:45","7","7","6","62","98","Good"
1968078,"6.575206","3.395516","2026-07-07 15:10:46","7","7","6","62","98","Good"
1968078,"6.575206","3.395516","2026-07-07 15:10:47","7","7","6","62","98","Good"
1968078,"6.575206","3.395516","2026-07-07 15:10:48","7","7","6","62","98","Good"
1968078,"6.575206","3.395516","2026-07-07 15:10:49","7","8","7","62","98","Good"
1968078,"6.575206","3.395516","2026-07-07 15:10:50","8","8","7","62","98","Good"
1968078,"6.575206","3.395516","2026-07-07 15:10:51","8","8","7","61","98","Good"
1968078,"6.575206","3.395516","2026-07-07 15:10:52","8","8","7","61","98","Good"
1968078,"6.575206","3.395516","2026-07-07 15:10:53","8","8","7","61","98","Good"
1968078,"6.575206","3.395516","2026-07-07 15:10:54","8","8","7","61","98","Good"
1968078,"6.575206","3.395516","2026-07-07 15:10:55","8","8","7","61","98","Good"
1968078,"6.575206","3.395516","2026-07-07 15:10:56","8","8","7","61","98","Good"
1968078,"6.575206","3.395516","2026-07-07 15:10:57","8","8","7","61","98","Good"
1968078,"6.575206","3.395516","2026-07-07 15:10:58","8","8","7","61","98","Good"
1968078,"6.575206","3.395516","2026-07-07 15:10:59","8","8","7","61","98","Good"
1968078,"6.575206","3.395516","2026-07-07 15:11:00","8","8","7","61","98","Good"
1968078,"6.575206","3.395516","2026-07-07 15:11:01","8","8","7","61","98","Good"
1968078,"6.575206","3.395516","2026-07-07 15:11:02","7","7","6","61","98","Good"
1968078,"6.575206","3.395516","2026-07-07 15:11:03","7","7","6","61","98","Good"
1968078,"6.575206","3.395516","2026-07-07 15:11:04","7","7","6","61","98","Good"
1968078,"6.575206","3.395516","2026-07-07 15:11:05","7","7","6","61","98","Good"
1968078,"6.575206","3.395516","2026-07-07 15:11:06","7","7","6","61","98","Good"
1968078,"6.575206","3.395516","2026-07-07 15:11:07","7","7","6","61","98","Good"
1968078,"6.575206","3.395516","2026-07-07 15:11:08","7","7","6","61","98","Good"
1968078,"6.575206","3.395516","2026-07-07 15:11:09","7","7","6","61","98","Good"
1968078,"6.575206","3.395516","2026-07-07 15:11:10","7","7","6","61","98","Good"
1968078,"6.575206","3.395516","2026-07-07 15:11:11","6","6","5","61","98","Good"
1968078,"6.575206","3.395516","2026-07-07 15:11:12","6","6","5","61","98","Good"
1968078,"6.575206","3.395516","2026-07-07 15:11:13","7","7","6","61","98","Good"
1968078,"6.575206","3.395516","2026-07-07 15:11:14","7","7","6","61","98","Good"
1968078,"6.575206","3.395516","2026-07-07 15:11:15","7","7","6","61","98","Good"
1968078,"6.575206","3.395516","2026-07-07 15:11:16","7","7","6","61","98","Good"
1968078,"6.575206","3.395516","2026-07-07 15:11:17","7","7","6","62","98","Good"
1968078,"6.575206","3.395516","2026-07-07 15:11:18","8","8","7","62","98","Good"
1968078,"6.575206","3.395516","2026-07-07 15:11:19","8","8","7","62","98","Good"
1968078,"6.575206","3.395516","2026-07-07 15:11:20","8","8","7","62","98","Good"
1968078,"6.575206","3.395516","2026-07-07 15:11:21","8","8","7","62","98","Good"
1968078,"6.575206","3.395516","2026-07-07 15:11:22","8","8","7","62","98","Good"
1968078,"6.575206","3.395516","2026-07-07 15:11:23","8","8","7","62","98","Good"
1968078,"6.575206","3.395516","2026-07-07 15:11:24","8","8","7","62","98","Good"
1968078,"6.575206","3.395516","2026-07-07 15:11:25","8","8","7","62","98","Good"
1968078,"6.575206","3.395516","2026-07-07 15:11:26","9","10","8","62","98","Good"
1968078,"6.575206","3.395516","2026-07-07 15:11:27","9","10","8","61","98","Good"
1968078,"6.575206","3.395516","2026-07-07 15:11:28","9","10","8","61","98","Good"
1968078,"6.575206","3.395516","2026-07-07 15:11:29","9","10","8","61","98","Good"
1968078,"6.575206","3.395516","2026-07-07 15:11:30","9","10","8","61","98","Good"
1968078,"6.575206","3.395516","2026-07-07 15:11:31","9","10","8","62","98","Good"
1968078,"6.575206","3.395516","2026-07-07 15:11:32","9","10","8","62","98","Good"
1968078,"6.575206","3.395516","2026-07-07 15:11:33","9","10","8","62","98","Good"
1968078,"6.575206","3.395516","2026-07-07 15:11:34","10","11","10","62","98","Good"
1968078,"6.575206","3.395516","2026-07-07 15:11:35","10","11","10","62","98","Good"
1968078,"6.575206","3.395516","2026-07-07 15:11:36","10","11","10","62","98","Good"
1968078,"6.575206","3.395516","2026-07-07 15:11:37","10","11","10","62","98","Good"
1968078,"6.575206","3.395516","2026-07-07 15:11:38","10","11","10","62","98","Good"
1968078,"6.575206","3.395516","2026-07-07 15:11:39","9","10","8","62","98","Good"
1968078,"6.575206","3.395516","2026-07-07 15:11:40","10","10","9","62","98","Good"
1968078,"6.575206","3.395516","2026-07-07 15:11:41","10","11","10","62","98","Good"
1968078,"6.575206","3.395516","2026-07-07 15:11:42","10","11","10","62","98","Good"
1968078,"6.575206","3.395516","2026-07-07 15:11:43","9","10","8","62","98","Good"
1968078,"6.575206","3.395516","2026-07-07 15:11:44","8","8","7","62","98","Good"
1968078,"6.575206","3.395516","2026-07-07 15:11:45","8","8","7","62","98","Good"
1968078,"6.575206","3.395516","2026-07-07 15:11:46","8","8","7","62","98","Good"
1968078,"6.575206","3.395516","2026-07-07 15:11:47","8","8","7","62","99","Good"
1968078,"6.575206","3.395516","2026-07-07 15:11:48","8","8","7","62","99","Good"
1968078,"6.575206","3.395516","2026-07-07 15:11:49","9","10","8","62","98","Good"
1968078,"6.575206","3.395516","2026-07-07 15:11:50","9","10","8","62","98","Good"
1968078,"6.575206","3.395516","2026-07-07 15:11:51","10","11","10","62","98","Good"
1968078,"6.575206","3.395516","2026-07-07 15:11:52","10","11","10","62","98","Good"
1968078,"6.575206","3.395516","2026-07-07 15:11:53","10","11","10","62","98","Good"
1968078,"6.575206","3.395516","2026-07-07 15:11:54","10","11","10","62","99","Good"
1968078,"6.575206","3.395516","2026-07-07 15:11:55","9","10","8","62","98","Good"
1968078,"6.575206","3.395516","2026-07-07 15:11:56","9","10","8","62","99","Good"
1968078,"6.575206","3.395516","2026-07-07 15:11:57","9","10","8","62","99","Good"
1968078,"6.575206","3.395516","2026-07-07 15:11:58","9","10","8","62","99","Good"
1968078,"6.575206","3.395516","2026-07-07 15:11:59","9","10","8","62","98","Good"
1968078,"6.575206","3.395516","2026-07-07 15:12:00","9","10","8","62","99","Good"
1968078,"6.575206","3.395516","2026-07-07 15:12:01","8","8","7","62","99","Good"
1968078,"6.575206","3.395516","2026-07-07 15:12:02","8","8","7","61","99","Good"
1968078,"6.575206","3.395516","2026-07-07 15:12:03","8","8","7","61","99","Good"
1968078,"6.575206","3.395516","2026-07-07 15:12:04","9","10","8","61","99","Good"
1968078,"6.575206","3.395516","2026-07-07 15:12:05","9","10","8","61","98","Good"
1968078,"6.5758867","3.3933878","2026-07-07 15:12:06","9","10","8","61","98","Good"
1968078,"6.57586","3.3933725","2026-07-07 15:12:07","9","10","8","61","98","Good"
1968078,"6.57586","3.3933725","2026-07-07 15:12:08","9","10","8","61","98","Good"
1968078,"6.57586","3.3933725","2026-07-07 15:12:09","9","10","8","61","98","Good"
1968078,"6.576411","3.3938413","2026-07-07 15:12:10","10","11","10","60","98","Good"
1968078,"6.57642","3.393811","2026-07-07 15:12:11","10","11","10","60","98","Good"
1968078,"6.5764165","3.3938124","2026-07-07 15:12:12","10","11","10","60","98","Good"
1968078,"6.5764256","3.393838","2026-07-07 15:12:13","9","10","8","60","98","Good"
1968078,"6.576435","3.3938491","2026-07-07 15:12:14","8","8","7","61","99","Good"
1968078,"6.576435","3.3938491","2026-07-07 15:12:15","8","8","7","61","99","Good"
1968078,"6.576429","3.393845","2026-07-07 15:12:16","8","8","7","61","99","Good"
1968078,"6.5764356","3.3938375","2026-07-07 15:12:17","8","8","7","61","99","Good"
1968078,"6.5764346","3.393823","2026-07-07 15:12:18","8","8","7","61","99","Good"
1968078,"6.5764346","3.3938203","2026-07-07 15:12:19","8","8","7","61","99","Good"
1968078,"6.576429","3.3938153","2026-07-07 15:12:20","8","8","7","61","99","Good"
1968078,"6.5764284","3.3938143","2026-07-07 15:12:21","9","10","8","61","99","Good"
1968078,"6.576429","3.3938155","2026-07-07 15:12:22","9","10","8","61","99","Good"
1968078,"6.576433","3.3938215","2026-07-07 15:12:23","9","10","8","61","99","Good"
1968078,"6.5764365","3.3938239","2026-07-07 15:12:24","7","7","6","61","99","Good"
1968078,"6.576439","3.3938258","2026-07-07 15:12:25","7","7","6","61","99","Good"
1968078,"6.576439","3.3938255","2026-07-07 15:12:26","7","7","6","61","99","Good"
1968078,"6.576438","3.3938277","2026-07-07 15:12:27","7","7","6","61","99","Good"
1968078,"6.576437","3.39383","2026-07-07 15:12:28","7","7","6","62","99","Good"
1968078,"6.576437","3.3938327","2026-07-07 15:12:29","7","7","6","62","99","Good"
1968078,"6.576437","3.3938348","2026-07-07 15:12:30","7","7","6","62","99","Good"
1968078,"6.5764365","3.393836","2026-07-07 15:12:31","7","7","6","62","99","Good"
1968078,"6.576436","3.3938363","2026-07-07 15:12:32","7","7","6","62","99","Good"
1968078,"6.5764346","3.3938358","2026-07-07 15:12:33","8","8","7","62","99","Good"
1968078,"6.5764346","3.3938355","2026-07-07 15:12:34","8","8","7","62","99","Good"
1968078,"6.576433","3.3938358","2026-07-07 15:12:35","8","8","7","62","99","Good"
1968078,"6.5764327","3.3938358","2026-07-07 15:12:36","8","8","7","62","99","Good"
1968078,"6.5764327","3.3938358","2026-07-07 15:12:37","10","11","10","62","99","Good"
1968078,"6.576432","3.3938355","2026-07-07 15:12:38","10","11","10","62","99","Good"
1968078,"6.5764313","3.3938348","2026-07-07 15:12:39","10","11","10","62","99","Good"
1968078,"6.576431","3.3938334","2026-07-07 15:12:40","10","11","10","62","99","Good"
1968078,"6.57643","3.3938322","2026-07-07 15:12:41","10","11","10","61","99","Good"
1968078,"6.5764284","3.393832","2026-07-07 15:12:42","10","11","10","62","99","Good"
1968078,"6.5764275","3.393832","2026-07-07 15:12:43","10","11","10","62","99","Good"
1968078,"6.5764265","3.393832","2026-07-07 15:12:44","10","11","10","62","99","Good"
1968078,"6.5764265","3.393831","2026-07-07 15:12:45","10","11","10","62","99","Good"
1968078,"6.576427","3.3938296","2026-07-07 15:12:46","10","11","10","62","99","Good"
1968078,"6.5764284","3.393828","2026-07-07 15:12:47","10","11","10","62","99","Good"
1968078,"6.5764284","3.393828","2026-07-07 15:12:48","10","11","10","62","99","Good"
1968078,"6.5764284","3.393828","2026-07-07 15:12:49","9","10","8","62","99","Good"
1968078,"6.5764284","3.393828","2026-07-07 15:12:50","9","10","8","62","99","Good"
1968078,"6.5764284","3.393828","2026-07-07 15:12:51","9","10","8","62","99","Good"
1968078,"6.5764284","3.393828","2026-07-07 15:12:52","9","9","8","62","99","Good"
1968078,"6.5764284","3.393828","2026-07-07 15:12:53","8","8","7","61","99","Good"
1968078,"6.5764284","3.393828","2026-07-07 15:12:54","8","8","7","61","99","Good"
1968078,"6.5764284","3.393828","2026-07-07 15:12:55","8","8","7","61","99","Good"
1968078,"6.5764284","3.393828","2026-07-07 15:12:56","7","7","6","61","99","Good"
1968078,"6.5764284","3.393828","2026-07-07 15:12:57","7","7","6","61","99","Good"
1968078,"6.5764284","3.393828","2026-07-07 15:12:58","7","7","6","61","99","Good"
1968078,"6.5764284","3.393828","2026-07-07 15:12:59","7","7","6","61","99","Good"
1968078,"6.5764284","3.393828","2026-07-07 15:13:00","7","8","7","61","99","Good"
1968078,"6.5764284","3.393828","2026-07-07 15:13:01","9","10","8","61","99","Good"
1968078,"6.5764284","3.393828","2026-07-07 15:13:02","9","10","8","61","99","Good"
1968078,"6.5764284","3.393828","2026-07-07 15:13:03","9","10","8","61","99","Good"
1968078,"6.5764284","3.393828","2026-07-07 15:13:04","9","10","8","61","99","Good"
1968078,"6.5764284","3.393828","2026-07-07 15:13:05","9","10","8","60","99","Good"
1968078,"6.5764284","3.393828","2026-07-07 15:13:06","9","10","8","60","99","Good"
1968078,"6.5764284","3.393828","2026-07-07 15:13:07","8","8","7","60","99","Good"
1968078,"6.5764284","3.393828","2026-07-07 15:13:08","8","8","7","60","99","Good"
1968078,"6.5764284","3.393828","2026-07-07 15:13:09","7","7","6","60","99","Good"
1968078,"6.5764284","3.393828","2026-07-07 15:13:10","7","7","6","60","99","Good"
1968078,"6.5764284","3.393828","2026-07-07 15:13:11","7","7","6","60","99","Good"
1968078,"6.5764284","3.393828","2026-07-07 15:13:12","8","8","7","60","99","Good"
1968078,"6.5764284","3.393828","2026-07-07 15:13:13","8","8","7","60","99","Good"
1968078,"6.5764284","3.393828","2026-07-07 15:13:14","9","10","8","60","99","Good"
1968078,"6.5764284","3.393828","2026-07-07 15:13:15","9","10","8","60","99","Good"
1968078,"6.5764284","3.393828","2026-07-07 15:13:16","9","10","8","60","99","Good"
1968078,"6.5764284","3.393828","2026-07-07 15:13:17","9","10","8","59","99","Good"
1968078,"6.5764284","3.393828","2026-07-07 15:13:18","9","10","8","59","99","Good"
1968078,"6.5764284","3.393828","2026-07-07 15:13:19","9","10","8","59","99","Good"
1968078,"6.5764284","3.393828","2026-07-07 15:13:20","9","10","8","59","99","Good"
1968078,"6.5764284","3.393828","2026-07-07 15:13:21","9","10","8","59","99","Good"
1968078,"6.5764284","3.393828","2026-07-07 15:13:22","9","10","8","59","99","Good"
1968078,"6.5764284","3.393828","2026-07-07 15:13:23","9","10","8","59","99","Good"
1968078,"6.5764284","3.393828","2026-07-07 15:13:24","8","8","7","59","99","Good"
1968078,"6.5764284","3.393828","2026-07-07 15:13:25","8","8","7","59","99","Good"
1968078,"6.5764284","3.393828","2026-07-07 15:13:26","8","8","7","59","99","Good"
1968078,"6.5764284","3.393828","2026-07-07 15:13:27","8","8","7","59","99","Good"
1968078,"6.5764284","3.393828","2026-07-07 15:13:28","9","10","8","59","99","Good"
1968078,"6.5764284","3.393828","2026-07-07 15:13:29","9","10","8","59","99","Good"
1968078,"6.5764284","3.393828","2026-07-07 15:13:30","8","8","7","59","99","Good"
1968078,"6.5764284","3.393828","2026-07-07 15:13:31","7","7","6","59","99","Good"
1968078,"6.5764284","3.393828","2026-07-07 15:13:32","7","7","6","59","99","Good"
1968078,"6.5764284","3.393828","2026-07-07 15:13:33","8","8","7","59","99","Good"
1968078,"6.5764284","3.393828","2026-07-07 15:13:34","8","8","7","59","99","Good"
1968078,"6.5764284","3.393828","2026-07-07 15:13:35","9","10","8","59","99","Good"
1968078,"6.5764284","3.393828","2026-07-07 15:13:36","9","10","8","59","99","Good"
1968078,"6.5764284","3.393828","2026-07-07 15:13:37","9","10","8","60","99","Good"
1968078,"6.5764284","3.393828","2026-07-07 15:13:38","9","10","8","59","99","Good"
1968078,"6.5764284","3.393828","2026-07-07 15:13:39","8","8","7","59","99","Good"
1968078,"6.5764284","3.393828","2026-07-07 15:13:40","8","8","7","59","99","Good"
1968078,"6.5764284","3.393828","2026-07-07 15:13:41","8","8","7","59","99","Good"
1968078,"6.5764284","3.393828","2026-07-07 15:13:42","9","10","8","59","99","Good"
1968078,"6.5764284","3.393828","2026-07-07 15:13:43","9","10","8","59","99","Good"
1968078,"6.5764284","3.393828","2026-07-07 15:13:44","9","10","8","59","99","Good"
1968078,"6.5764284","3.393828","2026-07-07 15:13:45","9","10","8","59","99","Good"
1968078,"6.5764284","3.393828","2026-07-07 15:13:46","9","10","8","59","99","Good"
1968078,"6.5764284","3.393828","2026-07-07 15:13:47","9","10","8","59","99","Good"
1968078,"6.5764284","3.393828","2026-07-07 15:13:48","9","10","8","59","99","Good"
1968078,"6.5764284","3.393828","2026-07-07 15:13:49","9","10","8","59","99","Good"
1968078,"6.5764284","3.393828","2026-07-07 15:13:50","9","10","8","59","99","Good"
1968078,"6.5764284","3.393828","2026-07-07 15:13:51","9","10","8","59","99","Good"
1968078,"6.5764284","3.393828","2026-07-07 15:13:52","9","10","8","59","99","Good"
1968078,"6.5764284","3.393828","2026-07-07 15:13:53","9","10","8","59","99","Good"
1968078,"6.5764284","3.393828","2026-07-07 15:13:54","8","8","7","60","99","Good"
1968078,"6.5764284","3.393828","2026-07-07 15:13:55","8","8","7","60","99","Good"
1968078,"6.5764284","3.393828","2026-07-07 15:13:56","9","10","8","60","99","Good"
1968078,"6.5764284","3.393828","2026-07-07 15:13:57","10","11","10","60","99","Good"
1968078,"6.5764284","3.393828","2026-07-07 15:13:58","10","11","10","60","99","Good"
1968078,"6.5764284","3.393828","2026-07-07 15:13:59","10","11","10","60","99","Good"
1968078,"6.5764284","3.393828","2026-07-07 15:14:00","10","11","10","60","99","Good"
1968078,"6.5764284","3.393828","2026-07-07 15:14:01","10","11","10","60","99","Good"
1968078,"6.5764284","3.393828","2026-07-07 15:14:02","10","11","10","60","99","Good"
1968078,"6.5764284","3.393828","2026-07-07 15:14:03","9","10","8","60","99","Good"
1968078,"6.5764284","3.393828","2026-07-07 15:14:04","9","10","8","60","99","Good"
1968078,"6.5764284","3.393828","2026-07-07 15:14:05","9","10","8","60","99","Good"
1968078,"6.5764284","3.393828","2026-07-07 15:14:06","8","8","7","60","99","Good"
1968078,"6.5764284","3.393828","2026-07-07 15:14:07","8","8","7","60","99","Good"
1968078,"6.5764284","3.393828","2026-07-07 15:14:08","8","8","7","60","99","Good"
1968078,"6.5764284","3.393828","2026-07-07 15:14:09","8","8","7","60","99","Good"
1968078,"6.5764284","3.393828","2026-07-07 15:14:10","8","8","7","60","99","Good"
1968078,"6.5764284","3.393828","2026-07-07 15:14:11","8","8","7","60","99","Good"
1968078,"6.5764284","3.393828","2026-07-07 15:14:12","8","8","7","60","99","Good"
1968078,"6.5764284","3.393828","2026-07-07 15:14:13","8","8","7","60","99","Good"
1968078,"6.5764284","3.393828","2026-07-07 15:14:14","8","8","7","60","99","Good"
1968078,"6.5764284","3.393828","2026-07-07 15:14:15","8","8","7","60","99","Good"
1968078,"6.5764284","3.393828","2026-07-07 15:14:16","8","8","7","60","99","Good"
1968078,"6.5764284","3.393828","2026-07-07 15:14:17","8","8","7","60","99","Good"
1968078,"6.5764284","3.393828","2026-07-07 15:14:18","8","8","7","60","99","Good"
1968078,"6.5764284","3.393828","2026-07-07 15:14:19","8","8","7","60","99","Good"
1968078,"6.5764284","3.393828","2026-07-07 15:14:20","8","8","7","60","99","Good"
1968078,"6.5764284","3.393828","2026-07-07 15:14:21","8","8","7","60","99","Good"
1968078,"6.5764284","3.393828","2026-07-07 15:14:22","8","8","7","59","99","Good"
1968078,"6.5764284","3.393828","2026-07-07 15:14:23","8","8","7","59","99","Good"
1968078,"6.5764284","3.393828","2026-07-07 15:14:24","6","6","5","59","99","Good"
1968078,"6.5764284","3.393828","2026-07-07 15:14:25","6","6","5","59","99","Good"
1968078,"6.5764284","3.393828","2026-07-07 15:14:26","7","7","6","59","99","Good"
1968078,"6.5764284","3.393828","2026-07-07 15:14:27","7","7","6","59","99","Good"
1968078,"6.5764284","3.393828","2026-07-07 15:14:28","7","7","6","59","99","Good"
1968078,"6.5764284","3.393828","2026-07-07 15:14:29","8","8","7","59","99","Good"
1968078,"6.5764284","3.393828","2026-07-07 15:14:30","9","10","8","60","99","Good"
1968078,"6.5764284","3.393828","2026-07-07 15:14:31","9","10","8","60","99","Good"
1968078,"6.5764284","3.393828","2026-07-07 15:14:32","9","10","8","60","99","Good"
1968078,"6.5764284","3.393828","2026-07-07 15:14:33","9","10","8","60","99","Good"
1968078,"6.5764284","3.393828","2026-07-07 15:14:34","10","11","10","60","99","Good"
1968078,"6.5764284","3.393828","2026-07-07 15:14:35","10","11","10","60","99","Good"
1968078,"6.5764284","3.393828","2026-07-07 15:14:36","10","11","10","60","99","Good"
1968078,"6.5764284","3.393828","2026-07-07 15:14:37","10","11","10","60","99","Good"
1968078,"6.5764284","3.393828","2026-07-07 15:14:38","10","11","10","61","99","Good"
1968078,"6.5764284","3.393828","2026-07-07 15:14:39","10","11","10","61","99","Good"
1968078,"6.5764284","3.393828","2026-07-07 15:14:40","9","10","8","61","99","Good"
1968078,"6.5764284","3.393828","2026-07-07 15:14:41","9","10","8","61","99","Good"
1968078,"6.5764284","3.393828","2026-07-07 15:14:42","9","10","8","61","99","Good"
1968078,"6.5764284","3.393828","2026-07-07 15:14:43","9","10","8","61","99","Good"
1968078,"6.5764284","3.393828","2026-07-07 15:14:44","9","10","8","61","99","Good"
1968078,"6.5764284","3.393828","2026-07-07 15:14:45","8","8","7","61","99","Good"
1968078,"6.5764284","3.393828","2026-07-07 15:14:46","8","8","7","61","99","Good"
1968078,"6.5764284","3.393828","2026-07-07 15:14:47","8","8","7","61","100","Good"
1968078,"6.5764284","3.393828","2026-07-07 15:14:48","8","8","7","61","100","Good"
1968078,"6.5764284","3.393828","2026-07-07 15:14:49","8","8","7","61","100","Good"
1968078,"6.5764284","3.393828","2026-07-07 15:14:50","7","7","6","61","100","Good"
1968078,"6.5764284","3.393828","2026-07-07 15:14:51","7","7","6","60","100","Good"
1968078,"6.5764284","3.393828","2026-07-07 15:14:52","7","7","6","60","100","Good"
1968078,"6.5764284","3.393828","2026-07-07 15:14:53","7","7","6","60","100","Good"
1968078,"6.5764284","3.393828","2026-07-07 15:14:54","7","7","6","60","100","Good"
1968078,"6.5764284","3.393828","2026-07-07 15:14:55","7","7","6","60","100","Good"
1968078,"6.5764284","3.393828","2026-07-07 15:14:56","7","7","6","59","100","Good"
1968078,"6.5764284","3.393828","2026-07-07 15:14:57","8","8","7","59","100","Good"
1968078,"6.5764284","3.393828","2026-07-07 15:14:58","8","8","7","59","99","Good"
1968078,"6.5764284","3.393828","2026-07-07 15:14:59","8","8","7","59","99","Good"
1968078,"6.5764284","3.393828","2026-07-07 15:15:00","8","8","7","59","99","Good"
1968078,"6.5764284","3.393828","2026-07-07 15:15:01","8","8","7","59","99","Good"
1968078,"6.5764284","3.393828","2026-07-07 15:15:02","9","10","8","59","99","Good"
1968078,"6.5764284","3.393828","2026-07-07 15:15:03","9","10","8","59","99","Good"
1968078,"6.5764284","3.393828","2026-07-07 15:15:04","10","11","10","59","99","Good"
1968078,"6.5764284","3.393828","2026-07-07 15:15:05","10","11","10","59","99","Good"
1968078,"6.5764284","3.393828","2026-07-07 15:15:06","10","11","10","59","99","Good"
1968078,"6.5764284","3.393828","2026-07-07 15:15:07","10","11","10","59","99","Good"
1968078,"6.5764284","3.393828","2026-07-07 15:15:08","10","11","10","59","99","Good"
1968078,"6.5764284","3.393828","2026-07-07 15:15:09","12","12","11","59","99","Good"
1968078,"6.5764284","3.393828","2026-07-07 15:15:10","10","11","10","59","99","Good"
1968078,"6.5764284","3.393828","2026-07-07 15:15:11","10","11","10","58","99","Good"
1968078,"6.5764284","3.393828","2026-07-07 15:15:12","10","11","10","58","99","Good"
1968078,"6.5764284","3.393828","2026-07-07 15:15:13","10","11","10","58","99","Good"
1968078,"6.5764284","3.393828","2026-07-07 15:15:14","10","10","9","58","99","Good"
1968078,"6.5764284","3.393828","2026-07-07 15:15:15","8","8","7","58","99","Good"
1968078,"6.5764284","3.393828","2026-07-07 15:15:16","8","8","7","58","99","Good"
1968078,"6.5764284","3.393828","2026-07-07 15:15:17","9","10","8","58","99","Good"
1968078,"6.5764284","3.393828","2026-07-07 15:15:18","9","10","8","58","99","Good"
1968078,"6.5764284","3.393828","2026-07-07 15:15:19","9","10","8","58","99","Good"
1968078,"6.5764284","3.393828","2026-07-07 15:15:20","9","10","8","58","99","Good"
1968078,"6.5764284","3.393828","2026-07-07 15:15:21","9","10","8","58","99","Good"
1968078,"6.5764284","3.393828","2026-07-07 15:15:22","9","10","8","58","99","Good"
1968078,"6.5764284","3.393828","2026-07-07 15:15:23","9","10","8","58","99","Good"
1968078,"6.5764284","3.393828","2026-07-07 15:15:24","8","8","7","58","99","Good"
1968078,"6.5764284","3.393828","2026-07-07 15:15:25","8","8","7","58","99","Good"
1968078,"6.5764284","3.393828","2026-07-07 15:15:26","9","10","8","58","99","Good"
1968078,"6.5764284","3.393828","2026-07-07 15:15:27","8","8","7","58","99","Good"
1968078,"6.5764284","3.393828","2026-07-07 15:15:28","8","8","7","59","99","Good"
1968078,"6.5764284","3.393828","2026-07-07 15:15:29","8","8","7","58","99","Good"
1968078,"6.5764284","3.393828","2026-07-07 15:15:30","8","8","7","58","99","Good"
1968078,"6.5764284","3.393828","2026-07-07 15:15:31","8","8","7","58","99","Good"
1968078,"6.5764284","3.393828","2026-07-07 15:15:32","8","8","7","58","99","Good"
1968078,"6.5764284","3.393828","2026-07-07 15:15:33","8","8","7","58","99","Good"
1968078,"6.5764284","3.393828","2026-07-07 15:15:34","8","8","7","58","99","Good"
1968078,"6.5764284","3.393828","2026-07-07 15:15:35","9","10","8","58","99","Good"
1968078,"6.5764284","3.393828","2026-07-07 15:15:36","9","10","8","58","99","Good"
1968078,"6.5764284","3.393828","2026-07-07 15:15:37","9","10","8","58","99","Good"
1968078,"6.5764284","3.393828","2026-07-07 15:15:38","9","10","8","58","99","Good"
1968078,"6.5764284","3.393828","2026-07-07 15:15:39","9","10","8","58","99","Good"
1968078,"6.5764284","3.393828","2026-07-07 15:15:40","9","10","8","58","99","Good"
1968078,"6.5764284","3.393828","2026-07-07 15:15:41","9","10","8","58","99","Good"
1968078,"6.5764284","3.393828","2026-07-07 15:15:42","10","11","10","58","99","Good"
1968078,"6.5764284","3.393828","2026-07-07 15:15:43","10","11","10","58","99","Good"
1968078,"6.5764284","3.393828","2026-07-07 15:15:44","10","11","10","58","99","Good"
1968078,"6.5764284","3.393828","2026-07-07 15:15:45","10","11","10","58","99","Good"
1968078,"6.5764284","3.393828","2026-07-07 15:15:46","10","11","10","58","99","Good"
1968078,"6.5764284","3.393828","2026-07-07 15:15:47","12","12","11","58","99","Good"
1968078,"6.5764284","3.393828","2026-07-07 15:15:48","12","12","11","58","99","Good"
1968078,"6.5764284","3.393828","2026-07-07 15:15:49","12","12","11","58","99","Good"
1968078,"6.5764284","3.393828","2026-07-07 15:15:50","13","13","12","58","98","Moderate"
1968078,"6.5764284","3.393828","2026-07-07 15:15:51","13","13","12","58","98","Moderate"
1968078,"6.5764284","3.393828","2026-07-07 15:15:52","12","12","11","58","98","Good"
1968078,"6.5764284","3.393828","2026-07-07 15:15:53","12","12","11","58","98","Good"
1968078,"6.5764284","3.393828","2026-07-07 15:15:54","13","13","12","58","98","Moderate"
1968078,"6.5764284","3.393828","2026-07-07 15:15:55","13","13","12","58","98","Moderate"
1968078,"6.5764284","3.393828","2026-07-07 15:15:56","12","12","11","58","98","Good"
1968078,"6.5764284","3.393828","2026-07-07 15:15:57","12","12","11","58","99","Good"
1968078,"6.5764284","3.393828","2026-07-07 15:15:58","12","12","11","58","99","Good"
1968078,"6.5764284","3.393828","2026-07-07 15:15:59","12","12","11","58","99","Good"
1968078,"6.5764284","3.393828","2026-07-07 15:16:00","12","12","11","58","99","Good"
1968078,"6.5764284","3.393828","2026-07-07 15:16:01","12","12","11","58","99","Good"
1968078,"6.5764284","3.393828","2026-07-07 15:16:02","13","13","12","58","99","Moderate"
1968078,"6.5764284","3.393828","2026-07-07 15:16:03","13","13","12","58","99","Moderate"
1968078,"6.5764284","3.393828","2026-07-07 15:16:04","13","13","12","58","99","Moderate"
1968078,"6.5764284","3.393828","2026-07-07 15:16:05","13","13","12","58","99","Moderate"
1968078,"6.5764284","3.393828","2026-07-07 15:16:06","13","13","12","58","99","Moderate"
1968078,"6.5764284","3.393828","2026-07-07 15:16:07","13","13","12","58","99","Moderate"
1968078,"6.5764284","3.393828","2026-07-07 15:16:08","12","12","11","58","99","Good"
1968078,"6.5764284","3.393828","2026-07-07 15:16:09","12","12","11","59","99","Good"
1968078,"6.5764284","3.393828","2026-07-07 15:16:10","10","11","10","59","99","Good"
1968078,"6.5764284","3.393828","2026-07-07 15:16:11","10","11","10","59","99","Good"
1968078,"6.5764284","3.393828","2026-07-07 15:16:12","10","11","10","59","99","Good"
1968078,"6.5764284","3.393828","2026-07-07 15:16:13","10","11","10","59","99","Good"
1968078,"6.5764284","3.393828","2026-07-07 15:16:14","10","11","10","59","99","Good"
1968078,"6.5764284","3.393828","2026-07-07 15:16:15","10","11","10","59","99","Good"
1968078,"6.5764284","3.393828","2026-07-07 15:16:16","12","12","11","59","99","Good"
1968078,"6.5764284","3.393828","2026-07-07 15:16:17","12","12","11","59","99","Good"
1968078,"6.5764284","3.393828","2026-07-07 15:16:18","10","11","10","59","99","Good"
1968078,"6.5764284","3.393828","2026-07-07 15:16:19","12","12","11","59","99","Good"
1968078,"6.5764284","3.393828","2026-07-07 15:16:20","12","12","11","59","99","Good"
1968078,"6.5764284","3.393828","2026-07-07 15:16:21","12","12","11","59","99","Good"
1968078,"6.5764284","3.393828","2026-07-07 15:16:22","12","12","11","59","99","Good"
1968078,"6.5764284","3.393828","2026-07-07 15:16:23","12","12","11","59","99","Good"
1968078,"6.5764284","3.393828","2026-07-07 15:16:24","10","11","10","59","99","Good"
1968078,"6.5764284","3.393828","2026-07-07 15:16:25","10","11","10","59","99","Good"
1968078,"6.5764284","3.393828","2026-07-07 15:16:26","10","11","10","59","99","Good"
1968078,"6.5764284","3.393828","2026-07-07 15:16:27","10","11","10","59","99","Good"
1968078,"6.5764284","3.393828","2026-07-07 15:16:28","12","12","11","59","99","Good"
1968078,"6.5764284","3.393828","2026-07-07 15:16:29","12","12","11","59","99","Good"
1968078,"6.5764284","3.393828","2026-07-07 15:16:30","12","12","11","59","99","Good"
1968078,"6.5764284","3.393828","2026-07-07 15:16:31","10","11","10","59","99","Good"
1968078,"6.5764284","3.393828","2026-07-07 15:16:32","9","10","8","59","99","Good"
1968078,"6.5764284","3.393828","2026-07-07 15:16:33","10","11","10","59","99","Good"
1968078,"6.5764284","3.393828","2026-07-07 15:16:34","10","11","10","59","99","Good"
1968078,"6.5764284","3.393828","2026-07-07 15:16:35","10","11","10","59","99","Good"
1968078,"6.5764284","3.393828","2026-07-07 15:16:36","10","11","10","59","99","Good"
1968078,"6.5764284","3.393828","2026-07-07 15:16:37","10","11","10","59","99","Good"
1968078,"6.5764284","3.393828","2026-07-07 15:16:38","10","11","10","59","99","Good"
1968078,"6.5764284","3.393828","2026-07-07 15:16:39","10","11","10","59","99","Good"
1968078,"6.5764284","3.393828","2026-07-07 15:16:40","10","11","10","59","99","Good"
1968078,"6.5764284","3.393828","2026-07-07 15:16:41","10","11","10","59","99","Good"
1968078,"6.5764284","3.393828","2026-07-07 15:16:42","12","12","11","59","99","Good"
1968078,"6.5764284","3.393828","2026-07-07 15:16:43","12","12","11","59","99","Good"
1968078,"6.5764284","3.393828","2026-07-07 15:16:44","12","12","11","59","99","Good"
1968078,"6.5764284","3.393828","2026-07-07 15:16:45","12","12","11","59","99","Good"
1968078,"6.5764284","3.393828","2026-07-07 15:16:46","12","12","11","59","99","Good"
1968078,"6.5764284","3.393828","2026-07-07 15:16:47","13","13","12","59","99","Moderate"
1968078,"6.5764284","3.393828","2026-07-07 15:16:48","13","13","12","59","99","Moderate"
1968078,"6.5764284","3.393828","2026-07-07 15:16:49","13","13","12","59","99","Moderate"
1968078,"6.5764284","3.393828","2026-07-07 15:16:50","13","13","12","59","99","Moderate"
1968078,"6.5764284","3.393828","2026-07-07 15:16:51","13","13","12","59","99","Moderate"
1968078,"6.5764284","3.393828","2026-07-07 15:16:52","12","12","11","59","99","Good"
1968078,"6.5764284","3.393828","2026-07-07 15:16:53","12","12","11","58","99","Good"
1968078,"6.5764284","3.393828","2026-07-07 15:16:54","12","12","11","58","99","Good"
1968078,"6.5764284","3.393828","2026-07-07 15:16:55","12","12","11","58","99","Good"
1968078,"6.5764284","3.393828","2026-07-07 15:16:56","10","11","10","59","99","Good"
1968078,"6.5764284","3.393828","2026-07-07 15:16:57","10","11","10","59","99","Good"
1968078,"6.5764284","3.393828","2026-07-07 15:16:58","10","10","9","59","99","Good"
1968078,"6.5764284","3.393828","2026-07-07 15:16:59","9","10","8","59","99","Good"
1968078,"6.5764284","3.393828","2026-07-07 15:17:00","9","10","8","59","99","Good"
1968078,"6.5764284","3.393828","2026-07-07 15:17:01","8","8","7","59","99","Good"
1968078,"6.5764284","3.393828","2026-07-07 15:17:02","8","8","7","59","99","Good"
1968078,"6.5764284","3.393828","2026-07-07 15:17:03","8","8","7","59","99","Good"
1968078,"6.5764284","3.393828","2026-07-07 15:17:04","8","8","7","59","99","Good"
1968078,"6.5764284","3.393828","2026-07-07 15:17:05","10","11","10","59","99","Good"
1968078,"6.5764284","3.393828","2026-07-07 15:17:06","9","10","8","59","99","Good"
1968078,"6.5764284","3.393828","2026-07-07 15:17:07","9","10","8","59","99","Good"
1968078,"6.5764284","3.393828","2026-07-07 15:17:08","9","10","8","59","99","Good"
1968078,"6.5764284","3.393828","2026-07-07 15:17:09","9","10","8","59","99","Good"
1968078,"6.5764284","3.393828","2026-07-07 15:17:10","9","10","8","59","99","Good"
1968078,"6.5764284","3.393828","2026-07-07 15:17:11","9","10","8","59","99","Good"
1968078,"6.5764284","3.393828","2026-07-07 15:17:12","10","11","10","59","99","Good"
1968078,"6.5764284","3.393828","2026-07-07 15:17:13","10","11","10","59","99","Good"
1968078,"6.5764284","3.393828","2026-07-07 15:17:14","10","11","10","59","99","Good"
1968078,"6.5764284","3.393828","2026-07-07 15:17:15","10","11","10","59","99","Good"
1968078,"6.5764284","3.393828","2026-07-07 15:17:16","10","11","10","59","99","Good"
1968078,"6.5764284","3.393828","2026-07-07 15:17:17","10","11","10","59","99","Good"
1968078,"6.5764284","3.393828","2026-07-07 15:17:18","10","11","10","59","99","Good"
1968078,"6.5764284","3.393828","2026-07-07 15:17:19","10","11","10","59","99","Good"
1968078,"6.5764284","3.393828","2026-07-07 15:17:20","10","11","10","59","99","Good"
1968078,"6.5764284","3.393828","2026-07-07 15:17:21","10","11","10","59","99","Good"
1968078,"6.5764284","3.393828","2026-07-07 15:17:22","10","11","10","59","99","Good"
1968078,"6.5764284","3.393828","2026-07-07 15:17:23","10","11","10","59","99","Good"
1968078,"6.5764284","3.393828","2026-07-07 15:17:24","10","11","10","59","99","Good"
1968078,"6.5764284","3.393828","2026-07-07 15:17:25","10","11","10","59","99","Good"
1968078,"6.5764284","3.393828","2026-07-07 15:17:26","9","10","8","59","99","Good"
1968078,"6.5764284","3.393828","2026-07-07 15:17:27","9","10","8","59","99","Good"
1968078,"6.5764284","3.393828","2026-07-07 15:17:28","9","10","8","59","99","Good"
1968078,"6.5764284","3.393828","2026-07-07 15:17:29","9","10","8","59","99","Good"
1968078,"6.5764284","3.393828","2026-07-07 15:17:30","9","10","8","59","99","Good"
1968078,"6.5764284","3.393828","2026-07-07 15:17:31","8","8","7","59","99","Good"
1968078,"6.5764284","3.393828","2026-07-07 15:17:32","8","8","7","59","99","Good"
1968078,"6.5764284","3.393828","2026-07-07 15:17:33","8","8","7","59","99","Good"
1968078,"6.5764284","3.393828","2026-07-07 15:17:34","8","8","7","59","99","Good"
1968078,"6.5764284","3.393828","2026-07-07 15:17:35","9","10","8","59","99","Good"
1968078,"6.5764284","3.393828","2026-07-07 15:17:36","9","10","8","59","99","Good"
1968078,"6.5764284","3.393828","2026-07-07 15:17:37","9","10","8","58","99","Good"
1968078,"6.5764284","3.393828","2026-07-07 15:17:38","9","10","8","58","99","Good"
1968078,"6.5764284","3.393828","2026-07-07 15:17:39","9","10","8","58","99","Good"
1968078,"6.5764284","3.393828","2026-07-07 15:17:40","9","10","8","58","99","Good"
1968078,"6.5764284","3.393828","2026-07-07 15:17:41","10","11","10","59","99","Good"
1968078,"6.5764284","3.393828","2026-07-07 15:17:42","10","11","10","59","99","Good"
1968078,"6.5764284","3.393828","2026-07-07 15:17:43","10","10","9","59","99","Good"
1968078,"6.5764284","3.393828","2026-07-07 15:17:44","9","10","8","59","99","Good"
1968078,"6.5764284","3.393828","2026-07-07 15:17:45","9","10","8","59","99","Good"
1968078,"6.5764284","3.393828","2026-07-07 15:17:46","8","8","7","59","99","Good"
1968078,"6.5764284","3.393828","2026-07-07 15:17:47","8","8","7","59","99","Good"
1968078,"6.5764284","3.393828","2026-07-07 15:17:48","9","10","8","59","99","Good"
1968078,"6.5764284","3.393828","2026-07-07 15:17:49","9","10","8","59","99","Good"
1968078,"6.5764284","3.393828","2026-07-07 15:17:50","9","10","8","59","99","Good"
1968078,"6.5764284","3.393828","2026-07-07 15:17:51","8","8","7","59","99","Good"
1968078,"6.5764284","3.393828","2026-07-07 15:17:52","9","9","8","58","99","Good"
1968078,"6.5764284","3.393828","2026-07-07 15:17:53","9","10","8","58","99","Good"
1968078,"6.5764284","3.393828","2026-07-07 15:17:54","9","10","8","59","99","Good"
1968078,"6.5764284","3.393828","2026-07-07 15:17:55","9","10","8","58","99","Good"
1968078,"6.5764284","3.393828","2026-07-07 15:17:56","9","10","8","58","99","Good"
1968078,"6.5764284","3.393828","2026-07-07 15:17:57","9","10","8","58","99","Good"
1968078,"6.5764284","3.393828","2026-07-07 15:17:58","9","10","8","58","99","Good"
1968078,"6.5764284","3.393828","2026-07-07 15:17:59","9","10","8","58","99","Good"
1968078,"6.5764284","3.393828","2026-07-07 15:18:00","9","10","8","58","99","Good"
1968078,"6.5764284","3.393828","2026-07-07 15:18:01","9","10","8","58","99","Good"
1968078,"6.5764284","3.393828","2026-07-07 15:18:02","9","10","8","58","99","Good"
1968078,"6.5764284","3.393828","2026-07-07 15:18:03","9","10","8","58","99","Good"
1968078,"6.5764284","3.393828","2026-07-07 15:18:04","9","10","8","58","99","Good"
1968078,"6.5764284","3.393828","2026-07-07 15:18:05","9","10","8","58","99","Good"
1968078,"6.5764284","3.393828","2026-07-07 15:18:06","9","10","8","58","99","Good"
1968078,"6.5764284","3.393828","2026-07-07 15:18:07","9","10","8","58","99","Good"
1968078,"6.5764284","3.393828","2026-07-07 15:18:08","9","10","8","58","99","Good"
1968078,"6.5764284","3.393828","2026-07-07 15:18:09","9","10","8","58","99","Good"
1968078,"6.5764284","3.393828","2026-07-07 15:18:10","9","10","8","59","99","Good"
1968078,"6.5764284","3.393828","2026-07-07 15:18:11","9","10","8","59","99","Good"
1968078,"6.5764284","3.393828","2026-07-07 15:18:12","9","10","8","59","99","Good"
1968078,"6.5764284","3.393828","2026-07-07 15:18:13","9","10","8","59","99","Good"
1968078,"6.5764284","3.393828","2026-07-07 15:18:14","9","10","8","58","99","Good"
1968078,"6.5764284","3.393828","2026-07-07 15:18:15","9","10","8","58","99","Good"
1968078,"6.5764284","3.393828","2026-07-07 15:18:16","9","10","8","59","99","Good"
1968078,"6.5764284","3.393828","2026-07-07 15:18:17","9","10","8","59","99","Good"
1968078,"6.5764284","3.393828","2026-07-07 15:18:18","9","10","8","59","99","Good"
1968078,"6.5764284","3.393828","2026-07-07 15:18:19","9","10","8","59","99","Good"
1968078,"6.5764284","3.393828","2026-07-07 15:18:20","9","10","8","59","99","Good"
1968078,"6.5764284","3.393828","2026-07-07 15:18:21","10","11","10","59","99","Good"
1968078,"6.5764284","3.393828","2026-07-07 15:18:22","9","10","8","58","99","Good"
1968078,"6.5764284","3.393828","2026-07-07 15:18:23","9","10","8","58","99","Good"
1968078,"6.5764284","3.393828","2026-07-07 15:18:24","9","10","8","58","99","Good"
1968078,"6.5764284","3.393828","2026-07-07 15:18:25","10","11","10","58","99","Good"
1968078,"6.5764284","3.393828","2026-07-07 15:18:26","12","12","11","58","99","Good"
1968078,"6.5764284","3.393828","2026-07-07 15:18:27","12","12","11","58","99","Good"
1968078,"6.5764284","3.393828","2026-07-07 15:18:28","12","12","11","59","99","Good"
1968078,"6.5764284","3.393828","2026-07-07 15:18:29","12","12","11","59","99","Good"
1968078,"6.5764284","3.393828","2026-07-07 15:18:30","12","12","11","59","99","Good"
1968078,"6.5764284","3.393828","2026-07-07 15:18:31","13","13","12","59","99","Moderate"
1968078,"6.5764284","3.393828","2026-07-07 15:18:32","13","13","12","59","99","Moderate"
1968078,"6.5764284","3.393828","2026-07-07 15:18:33","13","13","12","59","99","Moderate"
1968078,"6.5764284","3.393828","2026-07-07 15:18:34","13","13","12","59","99","Moderate"
1968078,"6.5764284","3.393828","2026-07-07 15:18:35","12","12","11","59","99","Good"
1968078,"6.5764284","3.393828","2026-07-07 15:18:36","12","12","11","59","99","Good"
1968078,"6.5764284","3.393828","2026-07-07 15:18:37","12","12","11","59","99","Good"
1968078,"6.5764284","3.393828","2026-07-07 15:18:38","10","11","10","59","99","Good"
1968078,"6.5764284","3.393828","2026-07-07 15:18:39","10","11","10","59","99","Good"
1968078,"6.5764284","3.393828","2026-07-07 15:18:40","10","11","10","59","99","Good"
1968078,"6.5764284","3.393828","2026-07-07 15:18:41","10","11","10","59","99","Good"
1968078,"6.5764284","3.393828","2026-07-07 15:18:42","9","10","8","59","99","Good"
1968078,"6.5764284","3.393828","2026-07-07 15:18:43","8","8","7","59","99","Good"
1968078,"6.5764284","3.393828","2026-07-07 15:18:44","8","8","7","59","99","Good"
1968078,"6.5764284","3.393828","2026-07-07 15:18:45","8","8","7","59","99","Good"
1968078,"6.5764284","3.393828","2026-07-07 15:18:46","8","8","7","59","99","Good"
1968078,"6.5764284","3.393828","2026-07-07 15:18:47","9","10","8","59","98","Good"
1968078,"6.5764284","3.393828","2026-07-07 15:18:48","9","10","8","58","98","Good"
1968078,"6.5764284","3.393828","2026-07-07 15:18:49","9","10","8","58","98","Good"
1968078,"6.5764284","3.393828","2026-07-07 15:18:50","9","10","8","58","98","Good"
1968078,"6.5764284","3.393828","2026-07-07 15:18:51","10","11","10","58","98","Good"
1968078,"6.5764284","3.393828","2026-07-07 15:18:52","9","10","8","58","98","Good"
1968078,"6.5764284","3.393828","2026-07-07 15:18:53","9","10","8","58","99","Good"
1968078,"6.5764284","3.393828","2026-07-07 15:18:54","10","11","10","59","99","Good"
1968078,"6.5764284","3.393828","2026-07-07 15:18:55","10","11","10","59","99","Good"
1968078,"6.5764284","3.393828","2026-07-07 15:18:56","12","12","11","59","99","Good"
1968078,"6.5764284","3.393828","2026-07-07 15:18:57","12","12","11","59","99","Good"
1968078,"6.5764284","3.393828","2026-07-07 15:18:58","10","11","10","59","99","Good"
1968078,"6.5764284","3.393828","2026-07-07 15:18:59","10","11","10","59","99","Good"
1968078,"6.5764284","3.393828","2026-07-07 15:19:00","10","11","10","59","98","Good"
1968078,"6.5764284","3.393828","2026-07-07 15:19:01","10","11","10","59","99","Good"
1968078,"6.5764284","3.393828","2026-07-07 15:19:02","10","11","10","59","98","Good"
1968078,"6.5764284","3.393828","2026-07-07 15:19:03","9","10","8","59","99","Good"
1968078,"6.5764284","3.393828","2026-07-07 15:19:04","9","10","8","59","99","Good"
1968078,"6.5764284","3.393828","2026-07-07 15:19:05","9","10","8","59","99","Good"
1968078,"6.5764284","3.393828","2026-07-07 15:19:06","8","8","7","59","99","Good"
1968078,"6.5764284","3.393828","2026-07-07 15:19:07","8","8","7","59","99","Good"
1968078,"6.5764284","3.393828","2026-07-07 15:19:08","8","8","7","59","99","Good"
1968078,"6.5764284","3.393828","2026-07-07 15:19:09","8","8","7","59","99","Good"
1968078,"6.5764284","3.393828","2026-07-07 15:19:10","10","11","10","59","99","Good"
1968078,"6.5764284","3.393828","2026-07-07 15:19:11","10","11","10","59","99","Good"
1968078,"6.5764284","3.393828","2026-07-07 15:19:12","10","10","9","59","99","Good"
1968078,"6.5764284","3.393828","2026-07-07 15:19:13","8","8","7","59","98","Good"
1968078,"6.5764284","3.393828","2026-07-07 15:19:14","8","8","7","59","98","Good"
1968078,"6.5764284","3.393828","2026-07-07 15:19:15","8","8","7","59","98","Good"
1968078,"6.5764284","3.393828","2026-07-07 15:19:16","8","8","7","59","98","Good"
1968078,"6.5764284","3.393828","2026-07-07 15:19:17","9","10","8","59","99","Good"
1968078,"6.5764284","3.393828","2026-07-07 15:19:18","9","10","8","59","98","Good"
1968078,"6.5764284","3.393828","2026-07-07 15:19:19","10","11","10","59","98","Good"
1968078,"6.5764284","3.393828","2026-07-07 15:19:20","10","11","10","59","98","Good"
1968078,"6.5764284","3.393828","2026-07-07 15:19:21","9","10","8","59","98","Good"
1968078,"6.5764284","3.393828","2026-07-07 15:19:22","9","10","8","59","98","Good"
1968078,"6.5764284","3.393828","2026-07-07 15:19:23","9","10","8","59","98","Good"
1968078,"6.5764284","3.393828","2026-07-07 15:19:24","9","10","8","59","98","Good"
1968078,"6.5764284","3.393828","2026-07-07 15:19:25","9","10","8","59","98","Good"
1968078,"6.5764284","3.393828","2026-07-07 15:19:26","9","10","8","59","98","Good"
1968078,"6.5764284","3.393828","2026-07-07 15:19:27","10","11","10","59","98","Good"
1968078,"6.5764284","3.393828","2026-07-07 15:19:28","10","11","10","59","98","Good"
1968078,"6.5764284","3.393828","2026-07-07 15:19:29","10","11","10","59","98","Good"
1968078,"6.5764284","3.393828","2026-07-07 15:19:30","10","11","10","59","98","Good"
1968078,"6.5764284","3.393828","2026-07-07 15:19:31","9","10","8","59","98","Good"
1968078,"6.5764284","3.393828","2026-07-07 15:19:32","9","10","8","59","98","Good"
1968078,"6.5764284","3.393828","2026-07-07 15:19:33","9","10","8","59","98","Good"
1968078,"6.5764284","3.393828","2026-07-07 15:19:34","10","10","9","59","99","Good"
1968078,"6.5764284","3.393828","2026-07-07 15:19:35","9","10","8","59","99","Good"
1968078,"6.5764284","3.393828","2026-07-07 15:19:36","9","10","8","59","99","Good"
1968078,"6.5764284","3.393828","2026-07-07 15:19:37","9","10","8","59","99","Good"
1968078,"6.5764284","3.393828","2026-07-07 15:19:38","9","10","8","59","99","Good"
1968078,"6.5764284","3.393828","2026-07-07 15:19:39","9","10","8","59","98","Good"
1968078,"6.5764284","3.393828","2026-07-07 15:19:40","10","11","10","59","99","Good"
1968078,"6.5764284","3.393828","2026-07-07 15:19:41","10","10","9","59","98","Good"
1968078,"6.5764284","3.393828","2026-07-07 15:19:42","8","8","7","59","98","Good"
1968078,"6.5764284","3.393828","2026-07-07 15:19:43","8","8","7","59","98","Good"
1968078,"6.5764284","3.393828","2026-07-07 15:19:44","8","8","7","59","98","Good"
1968078,"6.5764284","3.393828","2026-07-07 15:19:45","8","8","7","59","98","Good"
1968078,"6.5764284","3.393828","2026-07-07 15:19:46","8","8","7","59","99","Good"
1968078,"6.5764284","3.393828","2026-07-07 15:19:47","8","8","7","59","99","Good"
1968078,"6.5764284","3.393828","2026-07-07 15:19:48","8","8","7","59","99","Good"
1968078,"6.5764284","3.393828","2026-07-07 15:19:49","8","8","7","59","99","Good"
1968078,"6.5764284","3.393828","2026-07-07 15:19:50","8","8","7","59","99","Good"
1968078,"6.5764284","3.393828","2026-07-07 15:19:51","8","8","7","59","99","Good"
1968078,"6.5764284","3.393828","2026-07-07 15:19:52","8","8","7","59","99","Good"
1968078,"6.5764284","3.393828","2026-07-07 15:19:53","8","8","7","59","99","Good"
1968078,"6.5764284","3.393828","2026-07-07 15:19:54","8","8","7","59","99","Good"
1968078,"6.5764284","3.393828","2026-07-07 15:19:55","8","8","7","59","99","Good"
1968078,"6.5764284","3.393828","2026-07-07 15:19:56","8","8","7","59","99","Good"
1968078,"6.5764284","3.393828","2026-07-07 15:19:57","8","8","7","59","99","Good"
1968078,"6.5764284","3.393828","2026-07-07 15:19:58","8","8","7","59","99","Good"
1968078,"6.5764284","3.393828","2026-07-07 15:19:59","7","7","6","59","99","Good"
1968078,"6.5764284","3.393828","2026-07-07 15:20:00","6","6","5","59","99","Good"
1968078,"6.5764284","3.393828","2026-07-07 15:20:01","7","7","6","59","99","Good"
1968078,"6.5764284","3.393828","2026-07-07 15:20:02","7","7","6","59","99","Good"
1968078,"6.5764284","3.393828","2026-07-07 15:20:03","7","7","6","59","99","Good"
1968078,"6.5764284","3.393828","2026-07-07 15:20:04","7","7","6","59","99","Good"
1968078,"6.5764284","3.393828","2026-07-07 15:20:05","7","7","6","59","99","Good"
1968078,"6.5764284","3.393828","2026-07-07 15:20:06","8","8","7","59","99","Good"
1968078,"6.5764284","3.393828","2026-07-07 15:20:07","8","8","7","59","99","Good"
1968078,"6.5764284","3.393828","2026-07-07 15:20:08","9","10","8","59","99","Good"
1968078,"6.5764284","3.393828","2026-07-07 15:20:09","9","10","8","59","99","Good"
1968078,"6.5764284","3.393828","2026-07-07 15:20:10","9","10","8","59","99","Good"
1968078,"6.5764284","3.393828","2026-07-07 15:20:11","10","11","10","59","99","Good"
1968078,"6.5764284","3.393828","2026-07-07 15:20:12","10","11","10","59","99","Good"
1968078,"6.5764284","3.393828","2026-07-07 15:20:13","10","11","10","59","99","Good"
1968078,"6.5764284","3.393828","2026-07-07 15:20:14","10","11","10","59","99","Good"
1968078,"6.5764284","3.393828","2026-07-07 15:20:15","9","10","8","59","99","Good"
1968078,"6.5764284","3.393828","2026-07-07 15:20:16","9","10","8","59","99","Good"
1968078,"6.5764284","3.393828","2026-07-07 15:20:17","10","11","10","59","99","Good"
1968078,"6.5764284","3.393828","2026-07-07 15:20:18","10","11","10","59","99","Good"
1968078,"6.5764284","3.393828","2026-07-07 15:20:19","10","11","10","59","99","Good"
1968078,"6.5764284","3.393828","2026-07-07 15:20:20","10","11","10","59","99","Good"
1968078,"6.5764284","3.393828","2026-07-07 15:20:21","10","11","10","59","99","Good"
1968078,"6.5764284","3.393828","2026-07-07 15:20:22","10","11","10","59","99","Good"
1968078,"6.5764284","3.393828","2026-07-07 15:20:23","10","11","10","59","99","Good"
1968078,"6.5764284","3.393828","2026-07-07 15:20:24","10","11","10","59","99","Good"
1968078,"6.5764284","3.393828","2026-07-07 15:20:25","12","12","11","59","99","Good"
1968078,"6.5764284","3.393828","2026-07-07 15:20:26","12","12","11","59","99","Good"
1968078,"6.5764284","3.393828","2026-07-07 15:20:27","12","12","11","59","99","Good"
1968078,"6.5764284","3.393828","2026-07-07 15:20:28","12","12","11","59","99","Good"
1968078,"6.5764284","3.393828","2026-07-07 15:20:29","12","12","11","59","99","Good"
1968078,"6.5764284","3.393828","2026-07-07 15:20:30","12","12","11","59","99","Good"
1968078,"6.5764284","3.393828","2026-07-07 15:20:31","12","12","11","59","99","Good"
1968078,"6.5764284","3.393828","2026-07-07 15:20:32","12","12","11","59","99","Good"
1968078,"6.5764284","3.393828","2026-07-07 15:20:33","12","12","11","59","99","Good"
1968078,"6.5764284","3.393828","2026-07-07 15:20:34","10","11","10","59","99","Good"
1968078,"6.5764284","3.393828","2026-07-07 15:20:35","10","11","10","59","99","Good"
1968078,"6.5764284","3.393828","2026-07-07 15:20:36","10","11","10","59","99","Good"
1968078,"6.5764284","3.393828","2026-07-07 15:20:37","10","11","10","59","99","Good"
1968078,"6.5764284","3.393828","2026-07-07 15:20:38","10","11","10","59","99","Good"
1968078,"6.5764284","3.393828","2026-07-07 15:20:39","11","11","10","59","99","Good"
1968078,"6.5764284","3.393828","2026-07-07 15:20:40","12","12","11","59","99","Good"
1968078,"6.5764284","3.393828","2026-07-07 15:20:41","12","12","11","59","99","Good"
1968078,"6.5764284","3.393828","2026-07-07 15:20:42","10","11","10","59","99","Good"
1968078,"6.5764284","3.393828","2026-07-07 15:20:43","13","13","12","59","99","Moderate"
1968078,"6.5764284","3.393828","2026-07-07 15:20:44","13","13","12","59","99","Moderate"
1968078,"6.5764284","3.393828","2026-07-07 15:20:45","13","13","12","59","99","Moderate"
1968078,"6.5764284","3.393828","2026-07-07 15:20:46","13","13","12","59","99","Moderate"
1968078,"6.5764284","3.393828","2026-07-07 15:20:47","13","13","12","59","99","Moderate"
1968078,"6.5764284","3.393828","2026-07-07 15:20:48","13","13","12","59","99","Moderate"
1968078,"6.5764284","3.393828","2026-07-07 15:20:49","13","13","12","59","99","Moderate"
1968078,"6.5764284","3.393828","2026-07-07 15:20:50","13","13","12","59","99","Moderate"
1968078,"6.5764284","3.393828","2026-07-07 15:20:51","13","13","12","59","99","Moderate"
1968078,"6.5764284","3.393828","2026-07-07 15:20:52","13","13","12","59","99","Moderate"
1968078,"6.5764284","3.393828","2026-07-07 15:20:53","13","13","12","59","99","Moderate"
1968078,"6.5764284","3.393828","2026-07-07 15:20:54","13","13","12","59","99","Moderate"
1968078,"6.5764284","3.393828","2026-07-07 15:20:55","13","13","12","59","99","Moderate"
1968078,"6.5764284","3.393828","2026-07-07 15:20:56","13","13","12","59","99","Moderate"
1968078,"6.5764284","3.393828","2026-07-07 15:20:57","13","13","12","59","99","Moderate"
1968078,"6.5764284","3.393828","2026-07-07 15:20:58","13","13","12","59","99","Moderate"
1968078,"6.5764284","3.393828","2026-07-07 15:20:59","13","13","12","59","99","Moderate"
1968078,"6.5764284","3.393828","2026-07-07 15:21:00","14","14","13","59","99","Moderate"
1968078,"6.5764284","3.393828","2026-07-07 15:21:01","12","12","11","59","99","Good"
1968078,"6.5764284","3.393828","2026-07-07 15:21:02","12","12","11","59","99","Good"
1968078,"6.5764284","3.393828","2026-07-07 15:21:03","12","12","11","59","99","Good"
1968078,"6.5764284","3.393828","2026-07-07 15:21:04","10","11","10","59","99","Good"
1968078,"6.5764284","3.393828","2026-07-07 15:21:05","10","11","10","59","99","Good"
1968078,"6.5764284","3.393828","2026-07-07 15:21:06","10","11","10","59","99","Good"
1968078,"6.5764284","3.393828","2026-07-07 15:21:07","10","11","10","59","99","Good"
1968078,"6.5764284","3.393828","2026-07-07 15:21:08","10","10","9","59","99","Good"
1968078,"6.5764284","3.393828","2026-07-07 15:21:09","9","10","8","59","99","Good"
1968078,"6.5764284","3.393828","2026-07-07 15:21:10","9","10","8","59","99","Good"
1968078,"6.5764284","3.393828","2026-07-07 15:21:11","8","8","7","59","99","Good"
1968078,"6.5764284","3.393828","2026-07-07 15:21:12","8","8","7","59","99","Good"
1968078,"6.5764284","3.393828","2026-07-07 15:21:13","8","8","7","59","99","Good"
1968078,"6.5764284","3.393828","2026-07-07 15:21:14","8","8","7","59","99","Good"
1968078,"6.5764284","3.393828","2026-07-07 15:21:15","9","10","8","59","99","Good"
1968078,"6.5764284","3.393828","2026-07-07 15:21:16","9","10","8","60","99","Good"
1968078,"6.5764284","3.393828","2026-07-07 15:21:17","9","10","8","60","99","Good"
1968078,"6.5764284","3.393828","2026-07-07 15:21:18","10","11","10","60","99","Good"
1968078,"6.5764284","3.393828","2026-07-07 15:21:19","10","11","10","60","99","Good"
1968078,"6.5764284","3.393828","2026-07-07 15:21:20","10","11","10","60","99","Good"
1968078,"6.5764284","3.393828","2026-07-07 15:21:21","12","12","11","59","99","Good"
1968078,"6.5764284","3.393828","2026-07-07 15:21:22","12","12","11","59","99","Good"
1968078,"6.5764284","3.393828","2026-07-07 15:21:23","12","12","11","59","99","Good"
1968078,"6.5764284","3.393828","2026-07-07 15:21:24","12","12","11","59","99","Good"
1968078,"6.5764284","3.393828","2026-07-07 15:21:25","12","12","11","59","99","Good"
1968078,"6.5764284","3.393828","2026-07-07 15:21:26","12","12","11","59","99","Good"
1968078,"6.5764284","3.393828","2026-07-07 15:21:27","12","12","11","59","99","Good"
1968078,"6.5764284","3.393828","2026-07-07 15:21:28","12","12","11","60","99","Good"
1968078,"6.5764284","3.393828","2026-07-07 15:21:29","12","12","11","59","99","Good"
1968078,"6.5764284","3.393828","2026-07-07 15:21:30","12","12","11","59","99","Good"
1968078,"6.5764284","3.393828","2026-07-07 15:21:31","12","12","11","59","99","Good"
1968078,"6.5764284","3.393828","2026-07-07 15:21:32","12","12","11","59","99","Good"
1968078,"6.5764284","3.393828","2026-07-07 15:21:33","12","12","11","59","99","Good"
1968078,"6.5764284","3.393828","2026-07-07 15:21:34","12","12","11","59","99","Good"
1968078,"6.5764284","3.393828","2026-07-07 15:21:35","12","12","11","59","99","Good"
1968078,"6.5764284","3.393828","2026-07-07 15:21:36","10","11","10","59","99","Good"
1968078,"6.5764284","3.393828","2026-07-07 15:21:37","10","11","10","59","99","Good"
1968078,"6.5764284","3.393828","2026-07-07 15:21:38","12","12","11","59","99","Good"
1968078,"6.5764284","3.393828","2026-07-07 15:21:39","10","11","10","59","99","Good"
1968078,"6.5764284","3.393828","2026-07-07 15:21:40","10","11","10","59","99","Good"
1968078,"6.5764284","3.393828","2026-07-07 15:21:41","10","11","10","59","99","Good"
1968078,"6.5764284","3.393828","2026-07-07 15:21:42","10","11","10","59","99","Good"
1968078,"6.5764284","3.393828","2026-07-07 15:21:43","10","11","10","59","99","Good"
1968078,"6.5764284","3.393828","2026-07-07 15:21:44","10","11","10","59","99","Good"
1968078,"6.5764284","3.393828","2026-07-07 15:21:45","10","11","10","59","99","Good"
1968078,"6.5764284","3.393828","2026-07-07 15:21:46","9","10","8","59","99","Good"
1968078,"6.5764284","3.393828","2026-07-07 15:21:47","10","11","10","59","99","Good"
1968078,"6.5764284","3.393828","2026-07-07 15:21:48","10","11","10","59","99","Good"
1968078,"6.5764284","3.393828","2026-07-07 15:21:49","10","11","10","59","99","Good"
1968078,"6.5764284","3.393828","2026-07-07 15:21:50","10","11","10","59","99","Good"
1968078,"6.5764284","3.393828","2026-07-07 15:21:51","10","11","10","59","99","Good"
1968078,"6.5764284","3.393828","2026-07-07 15:21:52","9","10","8","59","99","Good"
1968078,"6.5764284","3.393828","2026-07-07 15:21:53","9","10","8","59","99","Good"
1968078,"6.5764284","3.393828","2026-07-07 15:21:54","9","10","8","59","99","Good"
1968078,"6.5764284","3.393828","2026-07-07 15:21:55","8","8","7","59","99","Good"
1968078,"6.5764284","3.393828","2026-07-07 15:21:56","8","8","7","59","99","Good"
1968078,"6.5764284","3.393828","2026-07-07 15:21:57","8","8","7","59","99","Good"
1968078,"6.5764284","3.393828","2026-07-07 15:21:58","8","8","7","59","99","Good"
1968078,"6.5764284","3.393828","2026-07-07 15:21:59","7","8","7","59","98","Good"
1968078,"6.5764284","3.393828","2026-07-07 15:22:00","7","7","6","59","98","Good"
1968078,"6.5764284","3.393828","2026-07-07 15:22:01","7","7","6","59","98","Good"
1968078,"6.5764284","3.393828","2026-07-07 15:22:02","7","7","6","59","98","Good"
1968078,"6.5764284","3.393828","2026-07-07 15:22:03","7","7","6","59","98","Good"
1968078,"6.5764284","3.393828","2026-07-07 15:22:04","7","7","6","59","98","Good"
1968078,"6.5764284","3.393828","2026-07-07 15:22:05","7","7","6","59","98","Good"
1968078,"6.5764284","3.393828","2026-07-07 15:22:06","8","8","7","59","98","Good"
1968078,"6.5764284","3.393828","2026-07-07 15:22:07","8","8","7","59","98","Good"
1968078,"6.5764284","3.393828","2026-07-07 15:22:08","8","8","7","59","98","Good"
1968078,"6.5764284","3.393828","2026-07-07 15:22:09","7","7","6","59","98","Good"
1968078,"6.5764284","3.393828","2026-07-07 15:22:10","7","7","6","59","98","Good"
1968078,"6.5764284","3.393828","2026-07-07 15:22:11","8","8","7","59","98","Good"
1968078,"6.5764284","3.393828","2026-07-07 15:22:12","8","8","7","59","98","Good"
1968078,"6.5764284","3.393828","2026-07-07 15:22:13","8","8","7","59","98","Good"
1968078,"6.5764284","3.393828","2026-07-07 15:22:14","8","8","7","59","98","Good"
1968078,"6.5764284","3.393828","2026-07-07 15:22:15","8","8","7","59","98","Good"
1968078,"6.5764284","3.393828","2026-07-07 15:22:16","8","8","7","59","98","Good"
1968078,"6.5764284","3.393828","2026-07-07 15:22:17","8","8","7","59","98","Good"
1968078,"6.5764284","3.393828","2026-07-07 15:22:18","8","8","7","59","98","Good"
1968078,"6.5764284","3.393828","2026-07-07 15:22:19","8","8","7","59","98","Good"
1968078,"6.5764284","3.393828","2026-07-07 15:22:20","8","8","7","59","98","Good"
1968078,"6.5764284","3.393828","2026-07-07 15:22:21","7","7","6","59","98","Good"
1968078,"6.5764284","3.393828","2026-07-07 15:22:22","7","7","6","59","98","Good"
1968078,"6.5764284","3.393828","2026-07-07 15:22:23","7","7","6","59","98","Good"
1968078,"6.5764284","3.393828","2026-07-07 15:22:24","7","7","6","59","98","Good"
1968078,"6.5764284","3.393828","2026-07-07 15:22:25","7","7","6","59","98","Good"
1968078,"6.5764284","3.393828","2026-07-07 15:22:26","8","8","7","59","98","Good"
1968078,"6.5764284","3.393828","2026-07-07 15:22:27","9","10","8","59","98","Good"
1968078,"6.5764284","3.393828","2026-07-07 15:22:28","10","10","9","59","98","Good"
1968078,"6.5764284","3.393828","2026-07-07 15:22:29","9","10","8","59","98","Good"
1968078,"6.5764284","3.393828","2026-07-07 15:22:30","9","10","8","59","98","Good"
1968078,"6.5764284","3.393828","2026-07-07 15:22:31","9","10","8","59","98","Good"
1968078,"6.5764284","3.393828","2026-07-07 15:22:32","8","8","7","59","98","Good"
1968078,"6.5764284","3.393828","2026-07-07 15:22:33","8","8","7","59","98","Good"
1968078,"6.5764284","3.393828","2026-07-07 15:22:34","8","8","7","59","98","Good"
1968078,"6.5764284","3.393828","2026-07-07 15:22:35","8","8","7","59","98","Good"
1968078,"6.5764284","3.393828","2026-07-07 15:22:36","8","8","7","59","98","Good"
1968078,"6.5764284","3.393828","2026-07-07 15:22:37","8","8","7","59","98","Good"
1968078,"6.5764284","3.393828","2026-07-07 15:22:38","9","10","8","59","98","Good"
1968078,"6.5764284","3.393828","2026-07-07 15:22:39","9","10","8","59","98","Good"
1968078,"6.5764284","3.393828","2026-07-07 15:22:40","9","10","8","59","98","Good"
1968078,"6.5764284","3.393828","2026-07-07 15:22:41","9","10","8","59","98","Good"
1968078,"6.5764284","3.393828","2026-07-07 15:22:42","9","10","8","59","98","Good"
1968078,"6.5764284","3.393828","2026-07-07 15:22:43","9","10","8","59","98","Good"
1968078,"6.5764284","3.393828","2026-07-07 15:22:44","8","8","7","59","98","Good"
1968078,"6.5764284","3.393828","2026-07-07 15:22:45","8","8","7","59","98","Good"
1968078,"6.5764284","3.393828","2026-07-07 15:22:46","8","8","7","59","98","Good"
1968078,"6.5764284","3.393828","2026-07-07 15:22:47","8","8","7","59","98","Good"
1968078,"6.5764284","3.393828","2026-07-07 15:22:48","9","10","8","59","98","Good"
1968078,"6.5764284","3.393828","2026-07-07 15:22:49","9","10","8","59","98","Good"
1968078,"6.5764284","3.393828","2026-07-07 15:22:50","9","10","8","59","98","Good"
1968078,"6.5764284","3.393828","2026-07-07 15:22:51","9","10","8","59","98","Good"
1968078,"6.5764284","3.393828","2026-07-07 15:22:52","9","10","8","59","98","Good"
1968078,"6.5764284","3.393828","2026-07-07 15:22:53","9","10","8","59","98","Good"
1968078,"6.5764284","3.393828","2026-07-07 15:22:54","9","10","8","59","98","Good"
1968078,"6.5764284","3.393828","2026-07-07 15:22:55","10","11","10","59","98","Good"
1968078,"6.5764284","3.393828","2026-07-07 15:22:56","9","10","8","59","98","Good"
1968078,"6.5764284","3.393828","2026-07-07 15:22:57","9","10","8","59","98","Good"
1968078,"6.5764284","3.393828","2026-07-07 15:22:58","9","10","8","59","98","Good"
1968078,"6.5764284","3.393828","2026-07-07 15:22:59","9","10","8","59","98","Good"
1968078,"6.5764284","3.393828","2026-07-07 15:23:00","10","11","10","59","98","Good"
1968078,"6.5764284","3.393828","2026-07-07 15:23:01","10","11","10","59","98","Good"
1968078,"6.5764284","3.393828","2026-07-07 15:23:02","10","11","10","59","98","Good"
1968078,"6.5764284","3.393828","2026-07-07 15:23:03","10","11","10","59","98","Good"
1968078,"6.5764284","3.393828","2026-07-07 15:23:04","10","11","10","59","98","Good"
1968078,"6.5764284","3.393828","2026-07-07 15:23:05","8","8","7","59","98","Good"
1968078,"6.5764284","3.393828","2026-07-07 15:23:06","8","8","7","59","98","Good"
1968078,"6.5764284","3.393828","2026-07-07 15:23:07","8","8","7","59","98","Good"
1968078,"6.5764284","3.393828","2026-07-07 15:23:08","8","8","7","59","98","Good"
1968078,"6.5764284","3.393828","2026-07-07 15:23:09","8","8","7","60","98","Good"
1968078,"6.5764284","3.393828","2026-07-07 15:23:10","8","8","7","60","98","Good"
1968078,"6.5764284","3.393828","2026-07-07 15:23:11","8","8","7","60","98","Good"
1968078,"6.5764284","3.393828","2026-07-07 15:23:12","7","7","6","60","98","Good"
1968078,"6.5764284","3.393828","2026-07-07 15:23:13","7","7","6","60","98","Good"
1968078,"6.5764284","3.393828","2026-07-07 15:23:14","7","7","6","60","98","Good"
1968078,"6.5764284","3.393828","2026-07-07 15:23:15","7","7","6","60","98","Good"
1968078,"6.5764284","3.393828","2026-07-07 15:23:16","7","7","6","60","98","Good"
1968078,"6.5764284","3.393828","2026-07-07 15:23:17","7","7","6","60","98","Good"
1968078,"6.5764284","3.393828","2026-07-07 15:23:18","8","8","7","60","98","Good"
1968078,"6.5764284","3.393828","2026-07-07 15:23:19","8","8","7","60","98","Good"
1968078,"6.5764284","3.393828","2026-07-07 15:23:20","8","8","7","60","98","Good"
1968078,"6.5764284","3.393828","2026-07-07 15:23:21","8","8","7","60","98","Good"
1968078,"6.5764284","3.393828","2026-07-07 15:23:22","8","8","7","60","98","Good"
1968078,"6.5764284","3.393828","2026-07-07 15:23:23","9","10","8","60","98","Good"
1968078,"6.5764284","3.393828","2026-07-07 15:23:24","9","10","8","60","98","Good"
1968078,"6.5764284","3.393828","2026-07-07 15:23:25","9","10","8","60","98","Good"
1968078,"6.5764284","3.393828","2026-07-07 15:23:26","10","10","9","60","98","Good"
1968078,"6.5764284","3.393828","2026-07-07 15:23:27","10","11","10","60","98","Good"
1968078,"6.5764284","3.393828","2026-07-07 15:23:28","10","11","10","60","98","Good"
1968078,"6.5764284","3.393828","2026-07-07 15:23:29","10","11","10","60","98","Good"
1968078,"6.5764284","3.393828","2026-07-07 15:23:30","10","11","10","60","98","Good"
1968078,"6.5764284","3.393828","2026-07-07 15:23:31","10","11","10","60","98","Good"
1968078,"6.5764284","3.393828","2026-07-07 15:23:32","10","11","10","59","98","Good"
1968078,"6.5764284","3.393828","2026-07-07 15:23:33","10","11","10","59","98","Good"
1968078,"6.5764284","3.393828","2026-07-07 15:23:34","10","10","9","59","98","Good"
1968078,"6.5764284","3.393828","2026-07-07 15:23:35","9","10","8","59","98","Good"
1968078,"6.5764284","3.393828","2026-07-07 15:23:36","9","10","8","59","98","Good"
1968078,"6.5764284","3.393828","2026-07-07 15:23:37","9","10","8","59","98","Good"
1968078,"6.5764284","3.393828","2026-07-07 15:23:38","10","11","10","59","98","Good"
1968078,"6.5764284","3.393828","2026-07-07 15:23:39","10","11","10","59","98","Good"
1968078,"6.5764284","3.393828","2026-07-07 15:23:40","10","11","10","59","98","Good"
1968078,"6.5764284","3.393828","2026-07-07 15:23:41","9","10","8","60","98","Good"
1968078,"6.5764284","3.393828","2026-07-07 15:23:42","9","10","8","60","98","Good"
1968078,"6.5764284","3.393828","2026-07-07 15:23:43","9","10","8","60","98","Good"
1968078,"6.5764284","3.393828","2026-07-07 15:23:44","8","8","7","60","98","Good"
1968078,"6.5764284","3.393828","2026-07-07 15:23:45","8","8","7","60","98","Good"
1968078,"6.5764284","3.393828","2026-07-07 15:23:46","8","8","7","60","98","Good"
1968078,"6.5764284","3.393828","2026-07-07 15:23:47","9","10","8","60","98","Good"
1968078,"6.5764284","3.393828","2026-07-07 15:23:48","10","11","10","60","98","Good"
1968078,"6.5764284","3.393828","2026-07-07 15:23:49","9","10","8","59","98","Good"
1968078,"6.5764284","3.393828","2026-07-07 15:23:50","9","10","8","59","98","Good"
1968078,"6.5764284","3.393828","2026-07-07 15:23:51","9","10","8","59","98","Good"
1968078,"6.5764284","3.393828","2026-07-07 15:23:52","9","10","8","59","98","Good"
1968078,"6.5764284","3.393828","2026-07-07 15:23:53","8","8","7","59","98","Good"
1968078,"6.5764284","3.393828","2026-07-07 15:23:54","8","8","7","59","98","Good"
1968078,"6.5764284","3.393828","2026-07-07 15:23:55","9","10","8","59","98","Good"
1968078,"6.5764284","3.393828","2026-07-07 15:23:56","9","10","8","59","98","Good"
1968078,"6.5764284","3.393828","2026-07-07 15:23:57","9","10","8","59","98","Good"
1968078,"6.5764284","3.393828","2026-07-07 15:23:58","10","11","10","59","98","Good"
1968078,"6.5764284","3.393828","2026-07-07 15:23:59","10","11","10","59","98","Good"
1968078,"6.5764284","3.393828","2026-07-07 15:24:00","10","11","10","59","98","Good"
1968078,"6.5764284","3.393828","2026-07-07 15:24:01","10","11","10","59","98","Good"
1968078,"6.5764284","3.393828","2026-07-07 15:24:02","10","11","10","59","98","Good"
1968078,"6.5764284","3.393828","2026-07-07 15:24:03","12","12","11","59","98","Good"
1968078,"6.5764284","3.393828","2026-07-07 15:24:04","10","11","10","59","98","Good"
1968078,"6.5764284","3.393828","2026-07-07 15:24:05","9","10","8","59","98","Good"
1968078,"6.5764284","3.393828","2026-07-07 15:24:06","9","10","8","59","98","Good"
1968078,"6.5764284","3.393828","2026-07-07 15:24:07","10","11","10","59","98","Good"
1968078,"6.5764284","3.393828","2026-07-07 15:24:08","12","12","11","59","98","Good"
1968078,"6.5764284","3.393828","2026-07-07 15:24:09","12","12","11","59","98","Good"
1968078,"6.5764284","3.393828","2026-07-07 15:24:10","12","12","11","59","98","Good"
1968078,"6.5764284","3.393828","2026-07-07 15:24:11","12","12","11","59","98","Good"
1968078,"6.5764284","3.393828","2026-07-07 15:24:12","12","12","11","59","98","Good"
1968078,"6.5764284","3.393828","2026-07-07 15:24:13","10","11","10","59","98","Good"
1968078,"6.5764284","3.393828","2026-07-07 15:24:14","10","11","10","59","98","Good"
1968078,"6.5764284","3.393828","2026-07-07 15:24:15","10","11","10","59","98","Good"
1968078,"6.5764284","3.393828","2026-07-07 15:24:16","10","11","10","59","98","Good"
1968078,"6.5764284","3.393828","2026-07-07 15:24:17","10","11","10","59","98","Good"
1968078,"6.5764284","3.393828","2026-07-07 15:24:18","10","11","10","59","98","Good"
1968078,"6.5764284","3.393828","2026-07-07 15:24:19","10","11","10","59","98","Good"
1968078,"6.5764284","3.393828","2026-07-07 15:24:20","10","11","10","60","98","Good"
1968078,"6.5764284","3.393828","2026-07-07 15:24:21","9","10","8","60","98","Good"
1968078,"6.5764284","3.393828","2026-07-07 15:24:22","9","10","8","60","98","Good"
1968078,"6.5764284","3.393828","2026-07-07 15:24:23","12","12","11","60","98","Good"
1968078,"6.5764284","3.393828","2026-07-07 15:24:24","12","12","11","60","98","Good"
1968078,"6.5764284","3.393828","2026-07-07 15:24:25","12","12","11","60","98","Good"
1968078,"6.5764284","3.393828","2026-07-07 15:24:26","12","12","11","60","98","Good"
1968078,"6.5764284","3.393828","2026-07-07 15:24:27","12","12","11","60","98","Good"
1968078,"6.5764284","3.393828","2026-07-07 15:24:28","10","11","10","60","98","Good"
1968078,"6.5764284","3.393828","2026-07-07 15:24:29","10","11","10","60","98","Good"
1968078,"6.5764284","3.393828","2026-07-07 15:24:30","9","10","8","60","98","Good"
1968078,"6.5764284","3.393828","2026-07-07 15:24:31","9","10","8","60","98","Good"
1968078,"6.5764284","3.393828","2026-07-07 15:24:32","10","11","10","60","98","Good"
1968078,"6.5764284","3.393828","2026-07-07 15:24:33","10","11","10","59","98","Good"
1968078,"6.5764284","3.393828","2026-07-07 15:24:34","12","12","11","59","98","Good"
1968078,"6.5764284","3.393828","2026-07-07 15:24:35","12","12","11","59","98","Good"
1968078,"6.5764284","3.393828","2026-07-07 15:24:36","12","12","11","59","98","Good"
1968078,"6.5764284","3.393828","2026-07-07 15:24:37","12","12","11","59","98","Good"
1968078,"6.5764284","3.393828","2026-07-07 15:24:38","12","12","11","59","98","Good"
1968078,"6.5764284","3.393828","2026-07-07 15:24:39","12","12","11","59","98","Good"
1968078,"6.5764284","3.393828","2026-07-07 15:24:40","12","12","11","59","98","Good"
1968078,"6.5764284","3.393828","2026-07-07 15:24:41","12","12","11","59","98","Good"
1968078,"6.5764284","3.393828","2026-07-07 15:24:42","12","12","11","60","98","Good"
1968078,"6.5764284","3.393828","2026-07-07 15:24:43","12","12","11","60","98","Good"
1968078,"6.5764284","3.393828","2026-07-07 15:24:44","13","13","12","60","98","Moderate"
1968078,"6.5764284","3.393828","2026-07-07 15:24:45","13","13","12","60","98","Moderate"
1968078,"6.5764284","3.393828","2026-07-07 15:24:46","12","12","11","59","98","Good"
1968078,"6.5764284","3.393828","2026-07-07 15:24:47","12","12","11","59","98","Good"
1968078,"6.5764284","3.393828","2026-07-07 15:24:48","12","12","11","59","98","Good"
1968078,"6.5764284","3.393828","2026-07-07 15:24:49","12","12","11","59","98","Good"
1968078,"6.5764284","3.393828","2026-07-07 15:24:50","12","12","11","60","98","Good"
1968078,"6.5764284","3.393828","2026-07-07 15:24:51","10","11","10","60","98","Good"
1968078,"6.5764284","3.393828","2026-07-07 15:24:52","10","11","10","60","98","Good"
1968078,"6.5764284","3.393828","2026-07-07 15:24:53","10","11","10","60","98","Good"
1968078,"6.5764284","3.393828","2026-07-07 15:24:54","10","11","10","60","98","Good"
1968078,"6.5764284","3.393828","2026-07-07 15:24:55","10","11","10","60","98","Good"
1968078,"6.5764284","3.393828","2026-07-07 15:24:56","12","12","11","60","98","Good"
1968078,"6.5764284","3.393828","2026-07-07 15:24:57","12","12","11","60","98","Good"
1968078,"6.5764284","3.393828","2026-07-07 15:24:58","12","12","11","60","98","Good"
1968078,"6.5764284","3.393828","2026-07-07 15:24:59","10","11","10","60","98","Good"
1968078,"6.5764284","3.393828","2026-07-07 15:25:00","10","11","10","60","98","Good"
1968078,"6.5764284","3.393828","2026-07-07 15:25:01","10","11","10","60","98","Good"
1968078,"6.5764284","3.393828","2026-07-07 15:25:02","12","12","11","60","98","Good"
1968078,"6.5764284","3.393828","2026-07-07 15:25:03","10","11","10","60","98","Good"
1968078,"6.5764284","3.393828","2026-07-07 15:25:04","10","11","10","60","98","Good"
1968078,"6.5764284","3.393828","2026-07-07 15:25:05","10","11","10","60","98","Good"
1968078,"6.5764284","3.393828","2026-07-07 15:25:06","9","10","8","60","98","Good"
1968078,"6.5764284","3.393828","2026-07-07 15:25:07","10","11","10","60","98","Good"
1968078,"6.5764284","3.393828","2026-07-07 15:25:08","10","11","10","60","98","Good"
1968078,"6.5764284","3.393828","2026-07-07 15:25:09","10","11","10","60","98","Good"
1968078,"6.5764284","3.393828","2026-07-07 15:25:10","10","11","10","60","98","Good"
1968078,"6.5764284","3.393828","2026-07-07 15:25:11","12","12","11","60","98","Good"
1968078,"6.5764284","3.393828","2026-07-07 15:25:12","10","11","10","60","98","Good"
1968078,"6.5764284","3.393828","2026-07-07 15:25:13","10","11","10","60","98","Good"
1968078,"6.5764284","3.393828","2026-07-07 15:25:14","12","12","11","60","98","Good"
1968078,"6.5764284","3.393828","2026-07-07 15:25:15","12","12","11","60","98","Good"
1968078,"6.5764284","3.393828","2026-07-07 15:25:16","10","11","10","60","98","Good"
1968078,"6.5764284","3.393828","2026-07-07 15:25:17","10","11","10","60","98","Good"
1968078,"6.5764284","3.393828","2026-07-07 15:25:18","10","11","10","60","98","Good"
1968078,"6.5764284","3.393828","2026-07-07 15:25:19","10","11","10","60","98","Good"
1968078,"6.5764284","3.393828","2026-07-07 15:25:20","10","11","10","60","98","Good"
1968078,"6.5764284","3.393828","2026-07-07 15:25:21","10","11","10","60","98","Good"
1968078,"6.5764284","3.393828","2026-07-07 15:25:22","12","12","11","60","98","Good"
1968078,"6.5764284","3.393828","2026-07-07 15:25:23","12","12","11","60","98","Good"
1968078,"6.5764284","3.393828","2026-07-07 15:25:24","12","12","11","60","98","Good"
1968078,"6.5764284","3.393828","2026-07-07 15:25:25","12","12","11","60","98","Good"
1968078,"6.5764284","3.393828","2026-07-07 15:25:26","11","11","10","60","98","Good"
1968078,"6.5764284","3.393828","2026-07-07 15:25:27","10","11","10","60","98","Good"
1968078,"6.5764284","3.393828","2026-07-07 15:25:28","9","10","8","60","98","Good"
1968078,"6.5764284","3.393828","2026-07-07 15:25:29","9","10","8","60","98","Good"
1968078,"6.5764284","3.393828","2026-07-07 15:25:30","10","11","10","60","98","Good"
1968078,"6.5764284","3.393828","2026-07-07 15:25:31","10","11","10","60","98","Good"
1968078,"6.5764284","3.393828","2026-07-07 15:25:32","10","11","10","60","98","Good"
1968078,"6.5764284","3.393828","2026-07-07 15:25:33","10","11","10","60","98","Good"
1968078,"6.5764284","3.393828","2026-07-07 15:25:34","10","11","10","60","98","Good"
1968078,"6.5764284","3.393828","2026-07-07 15:25:35","10","11","10","60","98","Good"
1968078,"6.5764284","3.393828","2026-07-07 15:25:36","10","11","10","60","98","Good"
1968078,"6.5764284","3.393828","2026-07-07 15:25:37","13","13","12","60","98","Moderate"
1968078,"6.5764284","3.393828","2026-07-07 15:25:38","13","13","12","60","98","Moderate"
1968078,"6.5764284","3.393828","2026-07-07 15:25:39","12","12","11","60","98","Good"
1968078,"6.5764284","3.393828","2026-07-07 15:25:40","10","11","10","60","98","Good"
1968078,"6.5764284","3.393828","2026-07-07 15:25:41","10","11","10","60","98","Good"
1968078,"6.5764284","3.393828","2026-07-07 15:25:42","12","12","11","60","98","Good"
1968078,"6.5764284","3.393828","2026-07-07 15:25:43","13","13","12","60","98","Moderate"
1968078,"6.5764284","3.393828","2026-07-07 15:25:44","14","14","13","60","98","Moderate"
1968078,"6.5764284","3.393828","2026-07-07 15:25:45","14","14","13","60","98","Moderate"
1968078,"6.5764284","3.393828","2026-07-07 15:25:46","15","16","14","60","98","Moderate"
1968078,"6.5764284","3.393828","2026-07-07 15:25:47","15","16","14","60","98","Moderate"
1968078,"6.5764284","3.393828","2026-07-07 15:25:48","13","14","12","60","98","Moderate"
1968078,"6.5764284","3.393828","2026-07-07 15:25:49","13","13","12","60","98","Moderate"
1968078,"6.5764284","3.393828","2026-07-07 15:25:50","13","13","12","60","98","Moderate"
1968078,"6.5764284","3.393828","2026-07-07 15:25:51","14","14","13","60","98","Moderate"
1968078,"6.5764284","3.393828","2026-07-07 15:25:52","14","14","13","60","98","Moderate"
1968078,"6.5764284","3.393828","2026-07-07 15:25:53","43","66","38","60","98","Unhealthy for Sensitive Groups"
1968078,"6.5764284","3.393828","2026-07-07 15:25:54","84","150","70","60","98","Unhealthy"
1968078,"6.5764284","3.393828","2026-07-07 15:25:55","109","198","89","60","98","Unhealthy"
1968078,"6.5764284","3.393828","2026-07-07 15:25:56","134","248","109","60","98","Unhealthy"
1968078,"6.5764284","3.393828","2026-07-07 15:25:57","150","281","121","60","98","Unhealthy"
1968078,"6.5764284","3.393828","2026-07-07 15:25:58","159","298","128","60","98","Very Unhealthy"
1968078,"6.5764284","3.393828","2026-07-07 15:25:59","174","329","139","60","98","Very Unhealthy"
1968078,"6.5764284","3.393828","2026-07-07 15:26:00","215","411","167","60","98","Very Unhealthy"
1968078,"6.5764284","3.393828","2026-07-07 15:26:01","267","515","203","60","98","Hazardous"
1968078,"6.5764284","3.393828","2026-07-07 15:26:02","285","550","216","60","98","Hazardous"
1968078,"6.5764284","3.393828","2026-07-07 15:26:03","292","566","221","60","98","Hazardous"
1968078,"6.5764284","3.393828","2026-07-07 15:26:04","290","562","220","60","98","Hazardous"
1968078,"6.5764284","3.393828","2026-07-07 15:26:05","314","608","236","60","98","Hazardous"
1968078,"6.5749593","3.3921003","2026-07-07 15:26:06","314","608","236","60","98","Hazardous"
1968078,"6.5749593","3.3921003","2026-07-07 15:26:07","349","678","260","60","98","Hazardous"
1968078,"6.5749593","3.3921003","2026-07-07 15:26:08","368","717","273","60","98","Hazardous"
1968078,"6.5749593","3.3921003","2026-07-07 15:26:09","387","756","287","60","98","Hazardous"
1968078,"6.57553","3.391998","2026-07-07 15:26:10","436","852","320","60","98","Hazardous"
1968078,"6.575423","3.3919885","2026-07-07 15:26:11","411","802","303","60","98","Hazardous"
1968078,"6.5752788","3.3919933","2026-07-07 15:26:12","356","694","265","60","98","Hazardous"
1968078,"6.5752788","3.3919933","2026-07-07 15:26:13","327","635","245","60","98","Hazardous"
1968078,"6.5751934","3.392007","2026-07-07 15:26:14","300","581","226","60","98","Hazardous"
1968078,"6.575169","3.3920176","2026-07-07 15:26:15","269","519","205","60","98","Hazardous"
1968078,"6.5751405","3.3920302","2026-07-07 15:26:16","263","508","201","60","98","Hazardous"
1968078,"6.5751405","3.3920302","2026-07-07 15:26:17","256","492","195","60","98","Hazardous"
1968078,"6.575136","3.3920317","2026-07-07 15:26:18","244","469","187","60","98","Very Unhealthy"
1968078,"6.5751348","3.3920314","2026-07-07 15:26:19","228","438","177","60","98","Very Unhealthy"
1968078,"6.575135","3.39203","2026-07-07 15:26:20","215","411","167","60","98","Very Unhealthy"
1968078,"6.575135","3.3920283","2026-07-07 15:26:21","201","384","158","60","98","Very Unhealthy"
1968078,"6.5751357","3.392028","2026-07-07 15:26:22","188","357","148","60","98","Very Unhealthy"
1968078,"6.5751357","3.392028","2026-07-07 15:26:23","174","329","139","60","98","Very Unhealthy"
1968078,"6.5751367","3.392028","2026-07-07 15:26:24","159","298","128","60","98","Very Unhealthy"
1968078,"6.5751376","3.3920279","2026-07-07 15:26:25","143","267","116","60","98","Unhealthy"
1968078,"6.5751386","3.3920276","2026-07-07 15:26:26","131","243","107","60","98","Unhealthy"
1968078,"6.57514","3.3920276","2026-07-07 15:26:27","117","215","96","60","98","Unhealthy"
1968078,"6.5751405","3.3920276","2026-07-07 15:26:28","110","201","91","60","98","Unhealthy"
1968078,"6.5751414","3.3920274","2026-07-07 15:26:29","107","195","88","60","98","Unhealthy"
1968078,"6.575142","3.3920276","2026-07-07 15:26:30","98","177","81","60","98","Unhealthy"
1968078,"6.5751424","3.392028","2026-07-07 15:26:31","98","177","81","60","98","Unhealthy"
1968078,"6.575143","3.3920288","2026-07-07 15:26:32","98","177","81","60","98","Unhealthy"
1968078,"6.575143","3.3920293","2026-07-07 15:26:33","93","167","77","60","98","Unhealthy"
1968078,"6.575143","3.39203","2026-07-07 15:26:34","91","164","76","60","98","Unhealthy"
1968078,"6.5751433","3.3920307","2026-07-07 15:26:35","91","164","76","60","98","Unhealthy"
1968078,"6.5751433","3.392032","2026-07-07 15:26:36","84","150","70","60","98","Unhealthy"
1968078,"6.5751433","3.3920326","2026-07-07 15:26:37","84","150","70","60","98","Unhealthy"
1968078,"6.5751433","3.3920329","2026-07-07 15:26:38","84","150","70","60","98","Unhealthy"
1968078,"6.575144","3.3920333","2026-07-07 15:26:39","84","150","70","60","98","Unhealthy"
1968078,"6.5751443","3.3920338","2026-07-07 15:26:40","93","167","77","60","98","Unhealthy"
1968078,"6.5751443","3.392034","2026-07-07 15:26:41","93","167","77","60","98","Unhealthy"
1968078,"6.5751443","3.3920343","2026-07-07 15:26:42","90","160","74","60","98","Unhealthy"
1968078,"6.5751443","3.3920345","2026-07-07 15:26:43","88","157","73","60","98","Unhealthy"
1968078,"6.575145","3.392035","2026-07-07 15:26:44","88","157","73","60","98","Unhealthy"
1968078,"6.575145","3.392035","2026-07-07 15:26:45","86","153","72","60","98","Unhealthy"
1968078,"6.575145","3.3920355","2026-07-07 15:26:46","88","157","73","60","98","Unhealthy"
1968078,"6.5751452","3.3920357","2026-07-07 15:26:47","90","160","74","60","98","Unhealthy"
1968078,"6.5751452","3.392036","2026-07-07 15:26:48","93","167","77","60","98","Unhealthy"
1968078,"6.575146","3.3920367","2026-07-07 15:26:49","96","174","80","60","98","Unhealthy"
1968078,"6.5751467","3.392037","2026-07-07 15:26:50","100","181","82","60","98","Unhealthy"
1968078,"6.5751467","3.392037","2026-07-07 15:26:51","98","177","81","60","98","Unhealthy"
1968078,"6.5751467","3.392037","2026-07-07 15:26:52","98","177","81","60","98","Unhealthy"
1968078,"6.5751467","3.392037","2026-07-07 15:26:53","100","181","82","60","98","Unhealthy"
1968078,"6.5751467","3.392037","2026-07-07 15:26:54","105","191","86","60","98","Unhealthy"
1968078,"6.5751467","3.392037","2026-07-07 15:26:55","102","184","84","60","98","Unhealthy"
1968078,"6.5751467","3.392037","2026-07-07 15:26:56","100","181","82","60","98","Unhealthy"
1968078,"6.5751467","3.392037","2026-07-07 15:26:57","96","174","80","60","98","Unhealthy"
1968078,"6.5751467","3.392037","2026-07-07 15:26:58","93","167","77","60","98","Unhealthy"
1968078,"6.5751467","3.392037","2026-07-07 15:26:59","90","160","74","60","98","Unhealthy"
1968078,"6.5751467","3.392037","2026-07-07 15:27:00","84","150","70","60","98","Unhealthy"
1968078,"6.5751467","3.392037","2026-07-07 15:27:01","83","146","69","60","98","Unhealthy"
1968078,"6.5751467","3.392037","2026-07-07 15:27:02","79","139","66","60","98","Unhealthy"
1968078,"6.5751147","3.3920138","2026-07-07 15:27:03","76","133","64","60","98","Unhealthy"
1968078,"6.5751147","3.3920138","2026-07-07 15:27:04","74","129","62","60","98","Unhealthy"
1968078,"6.575102","3.3920133","2026-07-07 15:27:05","71","123","60","60","98","Unhealthy"
1968078,"6.575102","3.3920133","2026-07-07 15:27:06","65","110","55","60","98","Unhealthy"
1968078,"6.5751104","3.3920126","2026-07-07 15:27:07","65","110","55","60","98","Unhealthy"
1968078,"6.5751104","3.3920126","2026-07-07 15:27:08","62","104","53","60","98","Unhealthy"
1968078,"6.5751104","3.3920126","2026-07-07 15:27:09","58","98","50","60","98","Unhealthy"
1968078,"6.575111","3.3920126","2026-07-07 15:27:10","54","88","46","60","98","Unhealthy for Sensitive Groups"
1968078,"6.575111","3.3920128","2026-07-07 15:27:11","52","85","45","60","98","Unhealthy for Sensitive Groups"
1968078,"6.575111","3.3920133","2026-07-07 15:27:12","52","85","45","60","98","Unhealthy for Sensitive Groups"
1968078,"6.5751114","3.392014","2026-07-07 15:27:13","52","85","45","60","98","Unhealthy for Sensitive Groups"
1968078,"6.5751114","3.3920143","2026-07-07 15:27:14","49","79","43","60","98","Unhealthy for Sensitive Groups"
1968078,"6.575112","3.3920145","2026-07-07 15:27:15","46","73","40","60","98","Unhealthy for Sensitive Groups"
1968078,"6.575109","3.3920145","2026-07-07 15:27:16","43","66","38","60","98","Unhealthy for Sensitive Groups"
1968078,"6.575108","3.3920147","2026-07-07 15:27:17","41","63","37","60","98","Unhealthy for Sensitive Groups"
1968078,"6.575108","3.3920152","2026-07-07 15:27:18","39","60","35","60","98","Unhealthy for Sensitive Groups"
1968078,"6.5751085","3.3920157","2026-07-07 15:27:19","39","60","35","60","98","Unhealthy for Sensitive Groups"
1968078,"6.575109","3.3920162","2026-07-07 15:27:20","39","60","35","60","98","Unhealthy for Sensitive Groups"
1968078,"6.57511","3.3920166","2026-07-07 15:27:21","43","66","38","60","98","Unhealthy for Sensitive Groups"
1968078,"6.5751104","3.3920176","2026-07-07 15:27:22","43","66","38","60","98","Unhealthy for Sensitive Groups"
1968078,"6.575111","3.3920188","2026-07-07 15:27:23","39","60","35","60","98","Unhealthy for Sensitive Groups"
1968078,"6.575112","3.3920197","2026-07-07 15:27:24","39","60","35","60","98","Unhealthy for Sensitive Groups"
1968078,"6.575113","3.3920214","2026-07-07 15:27:25","36","54","33","60","98","Unhealthy for Sensitive Groups"
1968078,"6.5751133","3.3920224","2026-07-07 15:27:26","33","47","30","60","98","Moderate"
1968078,"6.5751143","3.3920233","2026-07-07 15:27:27","30","42","28","60","98","Moderate"
1968078,"6.5751147","3.392025","2026-07-07 15:27:28","30","42","28","60","98","Moderate"
1968078,"6.5751157","3.392027","2026-07-07 15:27:29","30","42","28","60","98","Moderate"
1968078,"6.5751166","3.3920279","2026-07-07 15:27:30","28","37","26","60","98","Moderate"
1968078,"6.5751176","3.3920286","2026-07-07 15:27:31","28","37","26","60","98","Moderate"
1968078,"6.5751266","3.3920405","2026-07-07 15:27:32","25","32","23","60","98","Moderate"
1968078,"6.575128","3.3920465","2026-07-07 15:27:33","33","47","30","60","98","Moderate"
1968078,"6.575128","3.3920512","2026-07-07 15:27:34","33","47","30","60","98","Moderate"
1968078,"6.575128","3.392053","2026-07-07 15:27:35","30","42","28","60","98","Moderate"
1968078,"6.5751276","3.3920565","2026-07-07 15:27:36","28","37","26","60","98","Moderate"
1968078,"6.5751276","3.3920588","2026-07-07 15:27:37","28","37","26","60","98","Moderate"
1968078,"6.5751276","3.3920593","2026-07-07 15:27:38","28","37","26","60","98","Moderate"
1968078,"6.575128","3.392062","2026-07-07 15:27:39","25","32","23","60","98","Moderate"
1968078,"6.575128","3.392064","2026-07-07 15:27:40","24","29","22","60","98","Moderate"
1968078,"6.5751276","3.3920655","2026-07-07 15:27:41","24","29","22","60","98","Moderate"
1968078,"6.575128","3.3920672","2026-07-07 15:27:42","23","27","21","60","98","Moderate"
1968078,"6.5751276","3.3920677","2026-07-07 15:27:43","23","27","21","60","98","Moderate"
1968078,"6.5751276","3.3920684","2026-07-07 15:27:44","23","27","21","60","98","Moderate"
1968078,"6.5751276","3.3920684","2026-07-07 15:27:45","23","27","21","60","98","Moderate"
1968078,"6.5751266","3.392069","2026-07-07 15:27:46","22","25","20","60","98","Moderate"
1968078,"6.575126","3.3920698","2026-07-07 15:27:47","21","24","20","60","98","Moderate"
1968078,"6.5751257","3.3920693","2026-07-07 15:27:48","21","22","19","60","98","Moderate"
1968078,"6.575125","3.392069","2026-07-07 15:27:49","21","22","19","60","98","Moderate"
1968078,"6.575125","3.3920689","2026-07-07 15:27:50","21","22","19","60","98","Moderate"
1968078,"6.575125","3.3920698","2026-07-07 15:27:51","21","22","19","60","98","Moderate"
1968078,"6.5751243","3.3920693","2026-07-07 15:27:52","21","22","19","60","98","Moderate"
1968078,"6.5751243","3.3920693","2026-07-07 15:27:53","21","24","20","60","98","Moderate"
1968078,"6.5751243","3.3920693","2026-07-07 15:27:54","21","22","19","60","98","Moderate"
1968078,"6.5751243","3.3920693","2026-07-07 15:27:55","21","22","19","60","98","Moderate"
1968078,"6.5751243","3.3920693","2026-07-07 15:27:56","20","21","18","60","98","Moderate"
1968078,"6.5751243","3.3920693","2026-07-07 15:27:57","20","21","18","60","98","Moderate"
1968078,"6.5751243","3.3920693","2026-07-07 15:27:58","20","21","18","60","98","Moderate"
1968078,"6.5751243","3.3920693","2026-07-07 15:27:59","20","21","18","60","98","Moderate"
1968078,"6.5751243","3.3920693","2026-07-07 15:28:00","20","21","18","60","98","Moderate"
1968078,"6.5751243","3.3920693","2026-07-07 15:28:01","20","21","18","60","98","Moderate"
1968078,"6.5751243","3.3920693","2026-07-07 15:28:02","20","21","18","60","98","Moderate"
1968078,"6.5751243","3.3920693","2026-07-07 15:28:03","21","22","19","60","98","Moderate"
1968078,"6.5751243","3.3920693","2026-07-07 15:28:04","21","22","19","60","98","Moderate"
1968078,"6.5751243","3.3920693","2026-07-07 15:28:05","20","21","18","60","98","Moderate"
1968078,"6.5751243","3.3920693","2026-07-07 15:28:06","20","21","18","60","98","Moderate"
1968078,"6.5751243","3.3920693","2026-07-07 15:28:07","20","21","18","60","98","Moderate"
1968078,"6.5751243","3.3920693","2026-07-07 15:28:08","18","19","17","60","98","Moderate"
1968078,"6.5751243","3.3920693","2026-07-07 15:28:09","17","18","16","60","98","Moderate"
1968078,"6.5751243","3.3920693","2026-07-07 15:28:10","16","17","15","60","98","Moderate"
1968078,"6.5751243","3.3920693","2026-07-07 15:28:11","16","17","15","60","98","Moderate"
1968078,"6.5751243","3.3920693","2026-07-07 15:28:12","16","17","15","59","98","Moderate"
1968078,"6.5751243","3.3920693","2026-07-07 15:28:13","16","17","15","59","98","Moderate"
1968078,"6.5751243","3.3920693","2026-07-07 15:28:14","16","17","15","60","98","Moderate"
1968078,"6.5751243","3.3920693","2026-07-07 15:28:15","15","16","14","60","98","Moderate"
1968078,"6.5751243","3.3920693","2026-07-07 15:28:16","15","16","14","59","98","Moderate"
1968078,"6.5751243","3.3920693","2026-07-07 15:28:17","16","17","15","59","98","Moderate"
1968078,"6.5751243","3.3920693","2026-07-07 15:28:18","16","17","15","59","98","Moderate"
1968078,"6.5751243","3.3920693","2026-07-07 15:28:19","15","16","14","60","98","Moderate"
1968078,"6.5751243","3.3920693","2026-07-07 15:28:20","15","16","14","60","98","Moderate"
1968078,"6.5751243","3.3920693","2026-07-07 15:28:21","15","16","14","60","98","Moderate"
1968078,"6.5751243","3.3920693","2026-07-07 15:28:22","15","16","14","60","98","Moderate"
1968078,"6.5751243","3.3920693","2026-07-07 15:28:23","14","15","13","60","98","Moderate"
1968078,"6.5751243","3.3920693","2026-07-07 15:28:24","14","14","13","60","98","Moderate"
1968078,"6.5751243","3.3920693","2026-07-07 15:28:25","14","14","13","60","98","Moderate"
1968078,"6.5751243","3.3920693","2026-07-07 15:28:26","13","13","12","60","98","Moderate"
1968078,"6.5751243","3.3920693","2026-07-07 15:28:27","13","13","12","60","98","Moderate"
1968078,"6.5751243","3.3920693","2026-07-07 15:28:28","15","16","14","60","98","Moderate"
1968078,"6.5751243","3.3920693","2026-07-07 15:28:29","15","16","14","60","98","Moderate"
1968078,"6.5751243","3.3920693","2026-07-07 15:28:30","18","19","17","60","98","Moderate"
1968078,"6.5751243","3.3920693","2026-07-07 15:28:31","24","28","22","60","98","Moderate"
1968078,"6.5751243","3.3920693","2026-07-07 15:28:32","28","37","26","60","98","Moderate"
1968078,"6.5751243","3.3920693","2026-07-07 15:28:33","33","47","30","60","98","Moderate"
1968078,"6.5751243","3.3920693","2026-07-07 15:28:34","39","60","35","60","98","Unhealthy for Sensitive Groups"
1968078,"6.5751243","3.3920693","2026-07-07 15:28:35","39","60","35","60","98","Unhealthy for Sensitive Groups"
1968078,"6.5751243","3.3920693","2026-07-07 15:28:36","39","60","35","60","98","Unhealthy for Sensitive Groups"
1968078,"6.5751243","3.3920693","2026-07-07 15:28:37","43","66","38","60","98","Unhealthy for Sensitive Groups"
1968078,"6.5751243","3.3920693","2026-07-07 15:28:38","43","66","38","60","98","Unhealthy for Sensitive Groups"
1968078,"6.5751243","3.3920693","2026-07-07 15:28:39","39","60","35","60","98","Unhealthy for Sensitive Groups"
1968078,"6.5751243","3.3920693","2026-07-07 15:28:40","39","60","35","60","98","Unhealthy for Sensitive Groups"
1968078,"6.5751243","3.3920693","2026-07-07 15:28:41","33","47","30","60","98","Moderate"
1968078,"6.5751243","3.3920693","2026-07-07 15:28:42","28","37","26","60","98","Moderate"
1968078,"6.5751243","3.3920693","2026-07-07 15:28:43","28","37","26","60","98","Moderate"
1968078,"6.5751243","3.3920693","2026-07-07 15:28:44","28","37","26","60","98","Moderate"
1968078,"6.5751243","3.3920693","2026-07-07 15:28:45","28","37","26","60","98","Moderate"
1968078,"6.5751243","3.3920693","2026-07-07 15:28:46","25","32","23","60","98","Moderate"
1968078,"6.5751243","3.3920693","2026-07-07 15:28:47","25","32","23","60","98","Moderate"
1968078,"6.5751243","3.3920693","2026-07-07 15:28:48","24","29","22","60","98","Moderate"
1968078,"6.5751243","3.3920693","2026-07-07 15:28:49","24","29","22","60","98","Moderate"
1968078,"6.5751243","3.3920693","2026-07-07 15:28:50","25","32","23","60","98","Moderate"
1968078,"6.5751243","3.3920693","2026-07-07 15:28:51","24","29","22","60","98","Moderate"
1968078,"6.5751243","3.3920693","2026-07-07 15:28:52","24","29","22","60","98","Moderate"
1968078,"6.5751243","3.3920693","2026-07-07 15:28:53","22","25","20","60","98","Moderate"
1968078,"6.5751243","3.3920693","2026-07-07 15:28:54","22","25","20","60","98","Moderate"
1968078,"6.5751243","3.3920693","2026-07-07 15:28:55","21","22","19","60","98","Moderate"
1968078,"6.5751243","3.3920693","2026-07-07 15:28:56","20","21","18","60","98","Moderate"
1968078,"6.5751243","3.3920693","2026-07-07 15:28:57","20","21","18","60","98","Moderate"
1968078,"6.5751243","3.3920693","2026-07-07 15:28:58","17","18","16","60","98","Moderate"
1968078,"6.5751243","3.3920693","2026-07-07 15:28:59","16","17","15","60","98","Moderate"
1968078,"6.5751243","3.3920693","2026-07-07 15:29:00","15","16","14","60","98","Moderate"
1968078,"6.5751243","3.3920693","2026-07-07 15:29:01","15","16","14","60","98","Moderate"
1968078,"6.5751243","3.3920693","2026-07-07 15:29:02","14","14","13","60","98","Moderate"
1968078,"6.5751243","3.3920693","2026-07-07 15:29:03","13","13","12","60","98","Moderate"
1968078,"6.5751243","3.3920693","2026-07-07 15:29:04","13","13","12","60","98","Moderate"
1968078,"6.5751243","3.3920693","2026-07-07 15:29:05","13","13","12","60","98","Moderate"
1968078,"6.5751243","3.3920693","2026-07-07 15:29:06","13","13","12","60","98","Moderate"
1968078,"6.5751243","3.3920693","2026-07-07 15:29:07","13","13","12","60","98","Moderate"
1968078,"6.5751243","3.3920693","2026-07-07 15:29:08","13","13","12","60","98","Moderate"
1968078,"6.5751243","3.3920693","2026-07-07 15:29:09","12","12","11","60","98","Good"
1968078,"6.5751243","3.3920693","2026-07-07 15:29:10","12","13","11","60","98","Good"
1968078,"6.5751243","3.3920693","2026-07-07 15:29:11","13","13","12","60","98","Moderate"
1968078,"6.5751243","3.3920693","2026-07-07 15:29:12","13","13","12","60","98","Moderate"
1968078,"6.5751243","3.3920693","2026-07-07 15:29:13","13","13","12","60","98","Moderate"
1968078,"6.5751243","3.3920693","2026-07-07 15:29:14","13","13","12","60","98","Moderate"
1968078,"6.5751243","3.3920693","2026-07-07 15:29:15","13","13","12","60","98","Moderate"
1968078,"6.5751243","3.3920693","2026-07-07 15:29:16","14","14","13","60","98","Moderate"
1968078,"6.5751243","3.3920693","2026-07-07 15:29:17","14","15","13","60","98","Moderate"
1968078,"6.5751243","3.3920693","2026-07-07 15:29:18","15","16","14","60","98","Moderate"
1968078,"6.5751243","3.3920693","2026-07-07 15:29:19","15","16","14","60","98","Moderate"
1968078,"6.5751243","3.3920693","2026-07-07 15:29:20","15","16","14","60","98","Moderate"
1968078,"6.5751243","3.3920693","2026-07-07 15:29:21","16","17","15","60","98","Moderate"
1968078,"6.5751243","3.3920693","2026-07-07 15:29:22","16","17","15","60","98","Moderate"
1968078,"6.5751243","3.3920693","2026-07-07 15:29:23","17","18","16","60","98","Moderate"
1968078,"6.5751243","3.3920693","2026-07-07 15:29:24","17","18","16","60","98","Moderate"
1968078,"6.5751243","3.3920693","2026-07-07 15:29:25","17","18","16","60","98","Moderate"
1968078,"6.5751243","3.3920693","2026-07-07 15:29:26","16","17","15","60","98","Moderate"
1968078,"6.5751243","3.3920693","2026-07-07 15:29:27","16","17","15","60","98","Moderate"
1968078,"6.5751243","3.3920693","2026-07-07 15:29:28","16","17","15","60","98","Moderate"
1968078,"6.5751243","3.3920693","2026-07-07 15:29:29","16","17","15","60","98","Moderate"
1968078,"6.5751243","3.3920693","2026-07-07 15:29:30","15","16","14","60","98","Moderate"
1968078,"6.5751243","3.3920693","2026-07-07 15:29:31","15","16","14","60","98","Moderate"
1968078,"6.5751243","3.3920693","2026-07-07 15:29:32","15","16","14","60","98","Moderate"
1968078,"6.5751243","3.3920693","2026-07-07 15:29:33","14","14","13","60","98","Moderate"
1968078,"6.5751243","3.3920693","2026-07-07 15:29:34","14","14","13","60","98","Moderate"
1968078,"6.5751243","3.3920693","2026-07-07 15:29:35","14","14","13","60","98","Moderate"
1968078,"6.5751243","3.3920693","2026-07-07 15:29:36","14","14","13","60","98","Moderate"
1968078,"6.5751243","3.3920693","2026-07-07 15:29:37","14","14","13","60","98","Moderate"
1968078,"6.5751243","3.3920693","2026-07-07 15:29:38","14","14","13","60","98","Moderate"
1968078,"6.5751243","3.3920693","2026-07-07 15:29:39","14","14","13","60","98","Moderate"
1968078,"6.5751243","3.3920693","2026-07-07 15:29:40","15","16","14","60","98","Moderate"
1968078,"6.5751243","3.3920693","2026-07-07 15:29:41","16","17","15","60","98","Moderate"
1968078,"6.5751243","3.3920693","2026-07-07 15:29:42","16","17","15","60","98","Moderate"
1968078,"6.5751243","3.3920693","2026-07-07 15:29:43","16","17","15","60","98","Moderate"
1968078,"6.5751243","3.3920693","2026-07-07 15:29:44","16","17","15","60","98","Moderate"
1968078,"6.5751243","3.3920693","2026-07-07 15:29:45","16","17","15","60","98","Moderate"
1968078,"6.5751243","3.3920693","2026-07-07 15:29:46","17","18","16","60","98","Moderate"
1968078,"6.5751243","3.3920693","2026-07-07 15:29:47","20","21","18","60","98","Moderate"
1968078,"6.5751243","3.3920693","2026-07-07 15:29:48","20","21","18","60","98","Moderate"
1968078,"6.5751243","3.3920693","2026-07-07 15:29:49","21","22","19","60","98","Moderate"
1968078,"6.5751243","3.3920693","2026-07-07 15:29:50","20","21","18","60","98","Moderate"
1968078,"6.5751243","3.3920693","2026-07-07 15:29:51","20","21","18","60","98","Moderate"
1968078,"6.5751243","3.3920693","2026-07-07 15:29:52","20","21","18","60","98","Moderate"
1968078,"6.5751243","3.3920693","2026-07-07 15:29:53","18","19","17","60","98","Moderate"
1968078,"6.5751243","3.3920693","2026-07-07 15:29:54","18","19","17","60","98","Moderate"
1968078,"6.5751243","3.3920693","2026-07-07 15:29:55","18","19","17","60","98","Moderate"
1968078,"6.5751243","3.3920693","2026-07-07 15:29:56","18","19","17","60","98","Moderate"
1968078,"6.5751243","3.3920693","2026-07-07 15:29:57","18","19","17","60","98","Moderate"
1968078,"6.5751243","3.3920693","2026-07-07 15:29:58","17","18","16","60","98","Moderate"
1968078,"6.5751243","3.3920693","2026-07-07 15:29:59","16","17","15","60","98","Moderate"
1968078,"6.5751243","3.3920693","2026-07-07 15:30:00","16","17","15","60","98","Moderate"
1968078,"6.5751243","3.3920693","2026-07-07 15:30:01","16","17","15","60","98","Moderate"
1968078,"6.5751243","3.3920693","2026-07-07 15:30:02","16","17","15","60","98","Moderate"
1968078,"6.5751243","3.3920693","2026-07-07 15:30:03","15","16","14","60","98","Moderate"
1968078,"6.5751243","3.3920693","2026-07-07 15:30:04","15","16","14","60","98","Moderate"
1968078,"6.5751243","3.3920693","2026-07-07 15:30:05","14","14","13","60","98","Moderate"
1968078,"6.5751243","3.3920693","2026-07-07 15:30:07","14",NULL,"13","60","98","Moderate"
1968078,"6.5751243","3.3920693","2026-07-07 15:30:08","15","16","14","60","98","Moderate"
1968078,"6.5751243","3.3920693","2026-07-07 15:30:09","15","16","14","60","98","Moderate"
1968078,"6.5751243","3.3920693","2026-07-07 15:30:10","16","17","15","60","98","Moderate"
1968078,"6.5751243","3.3920693","2026-07-07 15:30:11","16","17","15","60","98","Moderate"
1968078,"6.5751243","3.3920693","2026-07-07 15:30:12","15","16","14","60","98","Moderate"
1968078,"6.5751243","3.3920693","2026-07-07 15:30:13","15","16","14","60","98","Moderate"
1968078,"6.5751243","3.3920693","2026-07-07 15:30:14","15","16","14","60","98","Moderate"
1968078,"6.5751243","3.3920693","2026-07-07 15:30:15","17","18","15","60","98","Moderate"
1968078,"6.5751243","3.3920693","2026-07-07 15:30:16","16","17","15","60","98","Moderate"
1968078,"6.5751243","3.3920693","2026-07-07 15:30:17","16","17","15","60","98","Moderate"
1968078,"6.5751243","3.3920693","2026-07-07 15:30:18","17","18","16","60","98","Moderate"
1968078,"6.5751243","3.3920693","2026-07-07 15:30:19","18","19","17","60","98","Moderate"
1968078,"6.5751243","3.3920693","2026-07-07 15:30:20","17","18","16","60","98","Moderate"
1968078,"6.5751243","3.3920693","2026-07-07 15:30:21","17","18","16","60","98","Moderate"
1968078,"6.5751243","3.3920693","2026-07-07 15:30:22","18","19","17","60","98","Moderate"
1968078,"6.5751243","3.3920693","2026-07-07 15:30:23","21","22","19","60","98","Moderate"
1968078,"6.5751243","3.3920693","2026-07-07 15:30:24","22","25","20","60","98","Moderate"
1968078,"6.5751243","3.3920693","2026-07-07 15:30:25","22","25","20","60","98","Moderate"
1968078,"6.5751243","3.3920693","2026-07-07 15:30:26","24","28","22","60","98","Moderate"
1968078,"6.5751243","3.3920693","2026-07-07 15:30:27","24","29","22","60","98","Moderate"
1968078,"6.5751243","3.3920693","2026-07-07 15:30:28","25","32","23","60","98","Moderate"
1968078,"6.5751243","3.3920693","2026-07-07 15:30:29","25","32","23","60","98","Moderate"
1968078,"6.5751243","3.3920693","2026-07-07 15:30:30","25","32","23","60","98","Moderate"
1968078,"6.5751243","3.3920693","2026-07-07 15:30:31","25","32","23","60","98","Moderate"
1968078,"6.5751243","3.3920693","2026-07-07 15:30:32","30","42","28","60","98","Moderate"
1968078,"6.5751243","3.3920693","2026-07-07 15:30:33","32","45","29","60","98","Moderate"
1968078,"6.5751243","3.3920693","2026-07-07 15:30:34","33","47","30","60","98","Moderate"
1968078,"6.5751243","3.3920693","2026-07-07 15:30:35","33","47","30","60","98","Moderate"
1968078,"6.5751243","3.3920693","2026-07-07 15:30:36","33","47","30","60","98","Moderate"
1968078,"6.5751243","3.3920693","2026-07-07 15:30:37","33","47","30","60","98","Moderate"
1968078,"6.5751243","3.3920693","2026-07-07 15:30:38","28","37","26","60","98","Moderate"
1968078,"6.5751243","3.3920693","2026-07-07 15:30:39","30","42","28","60","98","Moderate"
1968078,"6.5751243","3.3920693","2026-07-07 15:30:40","30","42","28","60","98","Moderate"
1968078,"6.5751243","3.3920693","2026-07-07 15:30:41","30","42","28","60","98","Moderate"
1968078,"6.5751243","3.3920693","2026-07-07 15:30:42","33","47","30","60","98","Moderate"
1968078,"6.5751243","3.3920693","2026-07-07 15:30:43","33","47","30","60","98","Moderate"
1968078,"6.5751243","3.3920693","2026-07-07 15:30:44","33","47","30","60","98","Moderate"
1968078,"6.5751243","3.3920693","2026-07-07 15:30:45","33","47","30","60","98","Moderate"
1968078,"6.5751243","3.3920693","2026-07-07 15:30:46","30","42","28","60","98","Moderate"
1968078,"6.5751243","3.3920693","2026-07-07 15:30:47","36","54","33","60","98","Unhealthy for Sensitive Groups"
1968078,"6.5751243","3.3920693","2026-07-07 15:30:48","36","54","33","60","98","Unhealthy for Sensitive Groups"
1968078,"6.5751243","3.3920693","2026-07-07 15:30:49","36","54","33","60","98","Unhealthy for Sensitive Groups"
1968078,"6.5751243","3.3920693","2026-07-07 15:30:50","36","54","33","60","98","Unhealthy for Sensitive Groups"
1968078,"6.5751243","3.3920693","2026-07-07 15:30:51","33","47","30","60","98","Moderate"
1968078,"6.5751243","3.3920693","2026-07-07 15:30:52","33","47","30","60","98","Moderate"
1968078,"6.5751243","3.3920693","2026-07-07 15:30:53","30","42","28","60","98","Moderate"
1968078,"6.5751243","3.3920693","2026-07-07 15:30:54","30","42","28","60","98","Moderate"
1968078,"6.5751243","3.3920693","2026-07-07 15:30:55","30","42","28","60","98","Moderate"
1968078,"6.5751243","3.3920693","2026-07-07 15:30:56","28","37","26","60","98","Moderate"
1968078,"6.5751243","3.3920693","2026-07-07 15:30:57","28","37","26","60","98","Moderate"
1968078,"6.5751243","3.3920693","2026-07-07 15:30:58","28","37","26","60","98","Moderate"
1968078,"6.5751243","3.3920693","2026-07-07 15:30:59","28","37","26","60","98","Moderate"
1968078,"6.5751243","3.3920693","2026-07-07 15:31:00","25","32","23","60","98","Moderate"
1968078,"6.5751243","3.3920693","2026-07-07 15:31:01","25","32","23","60","98","Moderate"
1968078,"6.5751243","3.3920693","2026-07-07 15:31:02","24","29","22","60","98","Moderate"
1968078,"6.5751243","3.3920693","2026-07-07 15:31:03","24","29","22","60","98","Moderate"
1968078,"6.5751243","3.3920693","2026-07-07 15:31:04","24","29","22","60","98","Moderate"
1968078,"6.5751243","3.3920693","2026-07-07 15:31:05","23","27","21","60","98","Moderate"
1968078,"6.5751243","3.3920693","2026-07-07 15:31:06","23","27","21","60","98","Moderate"
1968078,"6.5751243","3.3920693","2026-07-07 15:31:07","23","27","21","60","98","Moderate"
1968078,"6.5751243","3.3920693","2026-07-07 15:31:08","23","27","21","60","99","Moderate"
1968078,"6.5751243","3.3920693","2026-07-07 15:31:09","23","27","21","60","98","Moderate"
1968078,"6.5751243","3.3920693","2026-07-07 15:31:10","23","27","21","60","99","Moderate"
1968078,"6.5751243","3.3920693","2026-07-07 15:31:11","23","27","21","60","99","Moderate"
1968078,"6.5751243","3.3920693","2026-07-07 15:31:12","22","25","20","60","99","Moderate"
1968078,"6.5751243","3.3920693","2026-07-07 15:31:13","22","25","20","60","99","Moderate"
1968078,"6.5751243","3.3920693","2026-07-07 15:31:14","23","27","21","60","99","Moderate"
1968078,"6.5751243","3.3920693","2026-07-07 15:31:15","23","27","21","60","99","Moderate"
1968078,"6.5751243","3.3920693","2026-07-07 15:31:16","24","28","22","60","99","Moderate"
1968078,"6.5751243","3.3920693","2026-07-07 15:31:17","25","32","23","60","99","Moderate"
1968078,"6.5751243","3.3920693","2026-07-07 15:31:18","25","32","23","60","99","Moderate"
1968078,"6.5751243","3.3920693","2026-07-07 15:31:19","24","29","22","60","99","Moderate"
1968078,"6.5751243","3.3920693","2026-07-07 15:31:20","24","29","22","60","99","Moderate"
1968078,"6.5751243","3.3920693","2026-07-07 15:31:21","24","29","22","60","99","Moderate"
1968078,"6.5751243","3.3920693","2026-07-07 15:31:22","24","29","22","60","99","Moderate"
1968078,"6.5751243","3.3920693","2026-07-07 15:31:23","24","29","22","60","99","Moderate"
1968078,"6.5751243","3.3920693","2026-07-07 15:31:24","24","29","22","60","99","Moderate"
1968078,"6.5751243","3.3920693","2026-07-07 15:31:25","24","29","22","60","99","Moderate"
1968078,"6.5751243","3.3920693","2026-07-07 15:31:26","24","29","22","60","99","Moderate"
1968078,"6.5751243","3.3920693","2026-07-07 15:31:27","24","29","22","60","99","Moderate"
1968078,"6.5751243","3.3920693","2026-07-07 15:31:28","23","27","21","60","99","Moderate"
1968078,"6.5751243","3.3920693","2026-07-07 15:31:29","23","27","21","60","99","Moderate"
1968078,"6.5751243","3.3920693","2026-07-07 15:31:30","23","27","21","60","99","Moderate"
1968078,"6.5751243","3.3920693","2026-07-07 15:31:31","23","27","21","60","99","Moderate"
1968078,"6.5751243","3.3920693","2026-07-07 15:31:32","22","25","20","60","99","Moderate"
1968078,"6.5751243","3.3920693","2026-07-07 15:31:33","22","25","20","60","99","Moderate"
1968078,"6.5751243","3.3920693","2026-07-07 15:31:34","25","32","23","60","99","Moderate"
1968078,"6.5751243","3.3920693","2026-07-07 15:31:35","25","32","23","60","99","Moderate"
1968078,"6.5751243","3.3920693","2026-07-07 15:31:36","28","37","26","60","99","Moderate"
1968078,"6.5751243","3.3920693","2026-07-07 15:31:37","28","37","26","60","99","Moderate"
1968078,"6.5751243","3.3920693","2026-07-07 15:31:38","28","37","26","60","99","Moderate"
1968078,"6.5751243","3.3920693","2026-07-07 15:31:39","30","42","28","60","99","Moderate"
1968078,"6.5751243","3.3920693","2026-07-07 15:31:40","28","37","26","60","99","Moderate"
1968078,"6.5751243","3.3920693","2026-07-07 15:31:41","28","37","26","60","99","Moderate"
1968078,"6.5751243","3.3920693","2026-07-07 15:31:42","28","37","26","60","99","Moderate"
1968078,"6.5751243","3.3920693","2026-07-07 15:31:43","30","42","28","60","99","Moderate"
1968078,"6.5751243","3.3920693","2026-07-07 15:31:44","30","42","28","60","99","Moderate"
1968078,"6.5751243","3.3920693","2026-07-07 15:31:45","30","42","28","60","99","Moderate"
1968078,"6.5751243","3.3920693","2026-07-07 15:31:46","30","42","28","60","99","Moderate"
1968078,"6.5751243","3.3920693","2026-07-07 15:31:47","30","42","28","60","99","Moderate"
1968078,"6.5751243","3.3920693","2026-07-07 15:31:48","30","42","28","60","99","Moderate"
1968078,"6.5751243","3.3920693","2026-07-07 15:31:49","29","39","27","60","99","Moderate"
1968078,"6.5751243","3.3920693","2026-07-07 15:31:50","28","37","26","60","99","Moderate"
1968078,"6.5751243","3.3920693","2026-07-07 15:31:51","25","32","23","60","99","Moderate"
1968078,"6.5751243","3.3920693","2026-07-07 15:31:52","28","37","26","60","99","Moderate"
1968078,"6.5751243","3.3920693","2026-07-07 15:31:53","25","32","23","60","99","Moderate"
1968078,"6.5751243","3.3920693","2026-07-07 15:31:54","24","29","22","60","99","Moderate"
1968078,"6.5751243","3.3920693","2026-07-07 15:31:55","24","29","22","60","99","Moderate"
1968078,"6.5751243","3.3920693","2026-07-07 15:31:56","24","29","22","60","99","Moderate"
1968078,"6.5751243","3.3920693","2026-07-07 15:31:57","23","27","21","60","99","Moderate"
1968078,"6.5751243","3.3920693","2026-07-07 15:31:58","22","25","20","60","99","Moderate"
1968078,"6.5751243","3.3920693","2026-07-07 15:31:59","20","21","18","60","99","Moderate"
1968078,"6.5751243","3.3920693","2026-07-07 15:32:00","21","22","19","60","99","Moderate"
1968078,"6.5751243","3.3920693","2026-07-07 15:32:01","21","22","19","60","99","Moderate"
1968078,"6.5751243","3.3920693","2026-07-07 15:32:02","21","22","19","60","99","Moderate"
1968078,"6.5751243","3.3920693","2026-07-07 15:32:03","21","22","19","60","99","Moderate"
1968078,"6.5751243","3.3920693","2026-07-07 15:32:04","21","22","19","60","99","Moderate"
1968078,"6.5751243","3.3920693","2026-07-07 15:32:05","21","22","19","60","99","Moderate"
1968078,"6.5751243","3.3920693","2026-07-07 15:32:06","21","22","19","60","99","Moderate"
1968078,"6.5751243","3.3920693","2026-07-07 15:32:07","22","25","20","60","99","Moderate"
1968078,"6.5751243","3.3920693","2026-07-07 15:32:08","22","25","20","60","99","Moderate"
1968078,"6.5751243","3.3920693","2026-07-07 15:32:09","22","25","20","60","99","Moderate"
1968078,"6.5751243","3.3920693","2026-07-07 15:32:10","23","27","21","60","99","Moderate"
1968078,"6.5751243","3.3920693","2026-07-07 15:32:11","23","27","21","59","99","Moderate"
1968078,"6.5751243","3.3920693","2026-07-07 15:32:12","23","27","21","59","99","Moderate"
1968078,"6.5751243","3.3920693","2026-07-07 15:32:13","24","29","22","59","99","Moderate"
1968078,"6.5751243","3.3920693","2026-07-07 15:32:14","24","29","22","59","99","Moderate"
1968078,"6.5751243","3.3920693","2026-07-07 15:32:15","24","29","22","59","98","Moderate"
1968078,"6.5751243","3.3920693","2026-07-07 15:32:16","39","60","35","59","98","Unhealthy for Sensitive Groups"
1968078,"6.5751243","3.3920693","2026-07-07 15:32:17","46","73","40","59","98","Unhealthy for Sensitive Groups"
1968078,"6.5751243","3.3920693","2026-07-07 15:32:18","55","91","48","59","98","Unhealthy for Sensitive Groups"
1968078,"6.5751243","3.3920693","2026-07-07 15:32:19","55","91","48","59","98","Unhealthy for Sensitive Groups"
1968078,"6.5751243","3.3920693","2026-07-07 15:32:20","65","110","55","59","98","Unhealthy"
1968078,"6.5751243","3.3920693","2026-07-07 15:32:21","76","133","64","59","98","Unhealthy"
1968078,"6.5751243","3.3920693","2026-07-07 15:32:22","84","150","70","59","98","Unhealthy"
1968078,"6.5751243","3.3920693","2026-07-07 15:32:23","84","150","70","60","98","Unhealthy"
1968078,"6.5751243","3.3920693","2026-07-07 15:32:24","86","153","72","60","98","Unhealthy"
1968078,"6.5751243","3.3920693","2026-07-07 15:32:25","79","139","66","60","98","Unhealthy"
1968078,"6.5751243","3.3920693","2026-07-07 15:32:26","76","133","64","60","98","Unhealthy"
1968078,"6.5751243","3.3920693","2026-07-07 15:32:27","68","117","57","60","98","Unhealthy"
1968078,"6.5751243","3.3920693","2026-07-07 15:32:28","62","104","53","60","98","Unhealthy"
1968078,"6.5751243","3.3920693","2026-07-07 15:32:29","58","98","50","60","98","Unhealthy"
1968078,"6.5751243","3.3920693","2026-07-07 15:32:30","58","98","50","60","98","Unhealthy"
1968078,"6.5751243","3.3920693","2026-07-07 15:32:31","52","85","45","60","98","Unhealthy for Sensitive Groups"
1968078,"6.5751243","3.3920693","2026-07-07 15:32:32","50","82","44","60","99","Unhealthy for Sensitive Groups"
1968078,"6.5751243","3.3920693","2026-07-07 15:32:33","52","85","45","60","99","Unhealthy for Sensitive Groups"
1968078,"6.5751243","3.3920693","2026-07-07 15:32:34","49","79","43","60","99","Unhealthy for Sensitive Groups"
1968078,"6.5751243","3.3920693","2026-07-07 15:32:35","49","79","43","60","99","Unhealthy for Sensitive Groups"
1968078,"6.5751243","3.3920693","2026-07-07 15:32:36","52","85","45","60","99","Unhealthy for Sensitive Groups"
1968078,"6.5751243","3.3920693","2026-07-07 15:32:37","52","85","45","60","99","Unhealthy for Sensitive Groups"
1968078,"6.5751243","3.3920693","2026-07-07 15:32:38","52","85","45","60","99","Unhealthy for Sensitive Groups"
1968078,"6.5751243","3.3920693","2026-07-07 15:32:39","52","85","45","60","99","Unhealthy for Sensitive Groups"
1968078,"6.5751243","3.3920693","2026-07-07 15:32:40","62","104","53","60","99","Unhealthy"
1968078,"6.5751243","3.3920693","2026-07-07 15:32:41","65","110","55","60","99","Unhealthy"
1968078,"6.5751243","3.3920693","2026-07-07 15:32:42","58","98","50","60","99","Unhealthy"
1968078,"6.5751243","3.3920693","2026-07-07 15:32:43","58","98","50","60","99","Unhealthy"
1968078,"6.5751243","3.3920693","2026-07-07 15:32:44","55","91","48","59","99","Unhealthy for Sensitive Groups"
1968078,"6.5751243","3.3920693","2026-07-07 15:32:45","55","91","48","59","99","Unhealthy for Sensitive Groups"
1968078,"6.5751243","3.3920693","2026-07-07 15:32:47","58","98","50","59","99","Unhealthy"
1968078,"6.5751243","3.3920693","2026-07-07 15:32:48","58","98","50","59","99","Unhealthy"
1968078,"6.5751243","3.3920693","2026-07-07 15:32:49","58","98","50","60","99","Unhealthy"
1968078,"6.5751243","3.3920693","2026-07-07 15:32:51","57","95","49","59","99","Unhealthy"
1968078,"6.5751243","3.3920693","2026-07-07 15:32:52","52","85","45","60","99","Unhealthy for Sensitive Groups"
1968078,"6.5751243","3.3920693","2026-07-07 15:32:53","52","85","45","60","99","Unhealthy for Sensitive Groups"
1968078,"6.5751243","3.3920693","2026-07-07 15:32:54","52","85","45","60","99","Unhealthy for Sensitive Groups"
1968078,"6.5751243","3.3920693","2026-07-07 15:32:55","46","73","40","60","99","Unhealthy for Sensitive Groups"
1968078,"6.5751243","3.3920693","2026-07-07 15:32:56","46","73","40","60","99","Unhealthy for Sensitive Groups"
1968078,"6.5751243","3.3920693","2026-07-07 15:32:57","46","73","40","60","99","Unhealthy for Sensitive Groups"
1968078,"6.5751243","3.3920693","2026-07-07 15:32:58","55","91","48","60","99","Unhealthy for Sensitive Groups"
1968078,"6.5751243","3.3920693","2026-07-07 15:32:59","62","104","53","60","99","Unhealthy"
1968078,"6.5751243","3.3920693","2026-07-07 15:33:00","58","98","50","60","99","Unhealthy"
1968078,"6.5751243","3.3920693","2026-07-07 15:33:01","62","104","53","60","99","Unhealthy"
1968078,"6.5751243","3.3920693","2026-07-07 15:33:03","65","110","55","61","99","Unhealthy"
1968078,"6.5751243","3.3920693","2026-07-07 15:33:04","65","110","55","61","99","Unhealthy"
1968078,"6.5751243","3.3920693","2026-07-07 15:33:05","68","117","57","61","99","Unhealthy"
1968078,"6.5751243","3.3920693","2026-07-07 15:33:06","71","123","60","61","99","Unhealthy"
1968078,"6.5751243","3.3920693","2026-07-07 15:33:07","77","136","65","61","99","Unhealthy"
1968078,"6.5751243","3.3920693","2026-07-07 15:33:08","79","139","66","61","99","Unhealthy"
1968078,"6.5751243","3.3920693","2026-07-07 15:33:09","79","139","66","61","99","Unhealthy"
1968078,"6.5751243","3.3920693","2026-07-07 15:33:10","79","139","66","61","99","Unhealthy"
1968078,"6.5751243","3.3920693","2026-07-07 15:33:11","81","143","68","61","99","Unhealthy"
1968078,"6.5751243","3.3920693","2026-07-07 15:33:12","81","143","68","61","99","Unhealthy"
1968078,"6.5751243","3.3920693","2026-07-07 15:33:13","81","143","68","61","99","Unhealthy"
1968078,"6.5751243","3.3920693","2026-07-07 15:33:15","83","146","69","61","99","Unhealthy"
1968078,"6.5751243","3.3920693","2026-07-07 15:33:16","83","146","69","61","99","Unhealthy"
1968078,"6.5751243","3.3920693","2026-07-07 15:33:17","86","153","72","61","99","Unhealthy"
1968078,"6.5751243","3.3920693","2026-07-07 15:33:18","88","157","73","61","99","Unhealthy"
1968078,"6.5751243","3.3920693","2026-07-07 15:33:19","96","174","80","60","99","Unhealthy"
1968078,"6.5751243","3.3920693","2026-07-07 15:33:20","100","181","82","60","99","Unhealthy"
1968078,"6.5751243","3.3920693","2026-07-07 15:33:21","105","191","86","60","99","Unhealthy"
1968078,"6.5751243","3.3920693","2026-07-07 15:33:22","107","195","88","60","99","Unhealthy"
1968078,"6.5751243","3.3920693","2026-07-07 15:33:23","107","195","88","60","99","Unhealthy"
1968078,"6.5751243","3.3920693","2026-07-07 15:33:24","110","201","91","60","99","Unhealthy"
1968078,"6.5751243","3.3920693","2026-07-07 15:33:25","109","198","89","60","99","Unhealthy"
1968078,"6.5751243","3.3920693","2026-07-07 15:33:26","110","201","91","60","99","Unhealthy"
1968078,"6.5751243","3.3920693","2026-07-07 15:33:27","109","200","90","60","99","Unhealthy"
1968078,"6.5751243","3.3920693","2026-07-07 15:33:28","110","201","91","60","99","Unhealthy"
1968078,"6.5751243","3.3920693","2026-07-07 15:33:29","110","201","91","60","99","Unhealthy"
1968078,"6.5751243","3.3920693","2026-07-07 15:33:30","105","191","86","60","99","Unhealthy"
1968078,"6.5751243","3.3920693","2026-07-07 15:33:31","105","191","86","60","99","Unhealthy"
1968078,"6.5751243","3.3920693","2026-07-07 15:33:32","103","188","85","60","99","Unhealthy"
1968078,"6.5751243","3.3920693","2026-07-07 15:33:33","109","198","89","60","99","Unhealthy"
1968078,"6.5751243","3.3920693","2026-07-07 15:33:34","105","191","86","61","99","Unhealthy"
1968078,"6.5751243","3.3920693","2026-07-07 15:33:35","105","191","86","61","99","Unhealthy"
1968078,"6.5751243","3.3920693","2026-07-07 15:33:36","108","196","88","61","99","Unhealthy"
1968078,"6.5751243","3.3920693","2026-07-07 15:33:37","107","195","88","61","99","Unhealthy"
1968078,"6.5751243","3.3920693","2026-07-07 15:33:38","105","191","86","61","99","Unhealthy"
1968078,"6.5751243","3.3920693","2026-07-07 15:33:39","105","191","86","60","99","Unhealthy"
1968078,"6.5751243","3.3920693","2026-07-07 15:33:40","105","191","86","60","99","Unhealthy"
1968078,"6.5751243","3.3920693","2026-07-07 15:33:41","109","198","89","60","99","Unhealthy"
1968078,"6.5751243","3.3920693","2026-07-07 15:33:42","110","201","91","60","99","Unhealthy"
1968078,"6.5751243","3.3920693","2026-07-07 15:33:43","112","205","92","60","99","Unhealthy"
1968078,"6.5751243","3.3920693","2026-07-07 15:33:44","117","215","96","60","99","Unhealthy"
1968078,"6.5751243","3.3920693","2026-07-07 15:33:45","115","212","95","60","99","Unhealthy"
1968078,"6.5751243","3.3920693","2026-07-07 15:33:46","114","208","93","61","99","Unhealthy"
1968078,"6.5751243","3.3920693","2026-07-07 15:33:47","112","205","92","61","99","Unhealthy"
1968078,"6.5751243","3.3920693","2026-07-07 15:33:48","105","191","86","61","99","Unhealthy"
1968078,"6.5751243","3.3920693","2026-07-07 15:33:49","100","181","82","60","99","Unhealthy"
1968078,"6.5751243","3.3920693","2026-07-07 15:33:50","96","174","80","60","99","Unhealthy"
1968078,"6.5751243","3.3920693","2026-07-07 15:33:51","95","170","78","60","99","Unhealthy"
1968078,"6.5751243","3.3920693","2026-07-07 15:33:52","90","160","74","60","99","Unhealthy"
1968078,"6.5751243","3.3920693","2026-07-07 15:33:53","86","153","72","60","99","Unhealthy"
1968078,"6.5751243","3.3920693","2026-07-07 15:33:54","76","133","64","60","99","Unhealthy"
1968078,"6.5751243","3.3920693","2026-07-07 15:33:55","71","123","60","60","99","Unhealthy"
1968078,"6.5751243","3.3920693","2026-07-07 15:33:56","65","110","55","60","99","Unhealthy"
1968078,"6.5751243","3.3920693","2026-07-07 15:33:57","65","110","55","60","99","Unhealthy"
1968078,"6.5751243","3.3920693","2026-07-07 15:33:58","68","117","57","60","99","Unhealthy"
1968078,"6.5751243","3.3920693","2026-07-07 15:33:59","65","110","55","60","99","Unhealthy"
1968078,"6.5751243","3.3920693","2026-07-07 15:34:00","65","110","55","60","99","Unhealthy"
1968078,"6.5751243","3.3920693","2026-07-07 15:34:01","68","117","57","60","99","Unhealthy"
1968078,"6.5751243","3.3920693","2026-07-07 15:34:02","68","117","57","60","99","Unhealthy"
1968078,"6.5751243","3.3920693","2026-07-07 15:34:03","68","117","57","60","99","Unhealthy"
1968078,"6.5751243","3.3920693","2026-07-07 15:34:04","68","117","57","60","99","Unhealthy"
1968078,"6.5751243","3.3920693","2026-07-07 15:34:05","68","117","57","60","99","Unhealthy"
1968078,"6.5751243","3.3920693","2026-07-07 15:34:06","71","123","60","60","99","Unhealthy"
1968078,"6.5751243","3.3920693","2026-07-07 15:34:07","71","123","60","60","99","Unhealthy"
1968078,"6.5751243","3.3920693","2026-07-07 15:34:08","68","117","57","60","99","Unhealthy"
1968078,"6.5751243","3.3920693","2026-07-07 15:34:09","68","117","57","60","99","Unhealthy"
1968078,"6.5751243","3.3920693","2026-07-07 15:34:10","71","123","60","61","99","Unhealthy"
1968078,"6.5751243","3.3920693","2026-07-07 15:34:11","74","129","62","61","99","Unhealthy"
1968078,"6.5751243","3.3920693","2026-07-07 15:34:12","74","129","62","61","99","Unhealthy"
1968078,"6.5751243","3.3920693","2026-07-07 15:34:13","77","136","65","61","99","Unhealthy"
1968078,"6.5751243","3.3920693","2026-07-07 15:34:14","81","143","68","61","99","Unhealthy"
1968078,"6.5751243","3.3920693","2026-07-07 15:34:15","93","167","77","61","99","Unhealthy"
1968078,"6.5751243","3.3920693","2026-07-07 15:34:16","105","191","86","61","99","Unhealthy"
1968078,"6.5751243","3.3920693","2026-07-07 15:34:17","112","205","92","61","99","Unhealthy"
1968078,"6.5751243","3.3920693","2026-07-07 15:34:18","115","212","95","61","99","Unhealthy"
1968078,"6.5751243","3.3920693","2026-07-07 15:34:19","119","219","97","61","99","Unhealthy"
1968078,"6.5751243","3.3920693","2026-07-07 15:34:20","119","219","97","61","99","Unhealthy"
1968078,"6.5751243","3.3920693","2026-07-07 15:34:21","126","233","103","60","99","Unhealthy"
1968078,"6.5751243","3.3920693","2026-07-07 15:34:22","127","236","104","60","99","Unhealthy"
1968078,"6.5751243","3.3920693","2026-07-07 15:34:23","127","236","104","60","99","Unhealthy"
1968078,"6.5751243","3.3920693","2026-07-07 15:34:24","126","233","103","60","99","Unhealthy"
1968078,"6.5751243","3.3920693","2026-07-07 15:34:25","124","229","101","60","99","Unhealthy"
1968078,"6.5751243","3.3920693","2026-07-07 15:34:26","109","198","89","60","99","Unhealthy"
1968078,"6.5751243","3.3920693","2026-07-07 15:34:27","100","181","82","60","99","Unhealthy"
1968078,"6.5751243","3.3920693","2026-07-07 15:34:28","96","174","80","60","99","Unhealthy"
1968078,"6.5751243","3.3920693","2026-07-07 15:34:29","91","164","76","60","99","Unhealthy"
1968078,"6.5751243","3.3920693","2026-07-07 15:34:30","86","153","72","60","99","Unhealthy"
1968078,"6.5751243","3.3920693","2026-07-07 15:34:31","86","153","72","60","99","Unhealthy"
1968078,"6.5751243","3.3920693","2026-07-07 15:34:32","88","157","73","61","99","Unhealthy"
1968078,"6.5751243","3.3920693","2026-07-07 15:34:33","91","164","76","61","99","Unhealthy"
1968078,"6.5751243","3.3920693","2026-07-07 15:34:34","105","191","86","60","99","Unhealthy"
1968078,"6.5751243","3.3920693","2026-07-07 15:34:35","122","226","100","60","99","Unhealthy"
1968078,"6.5751243","3.3920693","2026-07-07 15:34:36","133","246","108","60","99","Unhealthy"
1968078,"6.5751243","3.3920693","2026-07-07 15:34:37","146","272","118","60","99","Unhealthy"
1968078,"6.5751243","3.3920693","2026-07-07 15:34:38","153","288","124","60","99","Very Unhealthy"
1968078,"6.5751243","3.3920693","2026-07-07 15:34:39","157","295","127","60","99","Very Unhealthy"
1968078,"6.5751243","3.3920693","2026-07-07 15:34:40","157","295","127","60","99","Very Unhealthy"
1968078,"6.5751243","3.3920693","2026-07-07 15:34:41","152","284","123","60","99","Very Unhealthy"
1968078,"6.5751243","3.3920693","2026-07-07 15:34:42","138","257","112","60","99","Unhealthy"
1968078,"6.5751243","3.3920693","2026-07-07 15:34:43","126","233","103","60","99","Unhealthy"
1968078,"6.5751243","3.3920693","2026-07-07 15:34:44","115","212","95","60","99","Unhealthy"
1968078,"6.5751243","3.3920693","2026-07-07 15:34:45","115","212","95","60","99","Unhealthy"
1968078,"6.5751243","3.3920693","2026-07-07 15:34:47","112","205","92","60","99","Unhealthy"
1968078,"6.5751243","3.3920693","2026-07-07 15:34:49","119","219","97","60","99","Unhealthy"
1968078,"6.5751243","3.3920693","2026-07-07 15:34:50","117","215","96","60","99","Unhealthy"
1968078,"6.5751243","3.3920693","2026-07-07 15:34:51","121","222","99","60","99","Unhealthy"
1968078,"6.5751243","3.3920693","2026-07-07 15:34:52","124","229","101","60","99","Unhealthy"
1968078,"6.5751243","3.3920693","2026-07-07 15:34:53","124","229","101","60","99","Unhealthy"
1968078,"6.5751243","3.3920693","2026-07-07 15:34:54","119","219","97","60","99","Unhealthy"
1968078,"6.5751243","3.3920693","2026-07-07 15:34:55","133","246","108","60","99","Unhealthy"
1968078,"6.5751243","3.3920693","2026-07-07 15:34:56","145","270","117","60","99","Unhealthy"
1968078,"6.5751243","3.3920693","2026-07-07 15:34:57","155","291","125","61","99","Very Unhealthy"
1968078,"6.5751243","3.3920693","2026-07-07 15:34:59","155","291","125","61","99","Very Unhealthy"
1968078,"6.5751243","3.3920693","2026-07-07 15:35:00","146","274","119","60","99","Unhealthy"
1968078,"6.5751243","3.3920693","2026-07-07 15:35:01","141","264","115","60","99","Unhealthy"
1968078,"6.5751243","3.3920693","2026-07-07 15:35:02","141","264","115","60","99","Unhealthy"
1968078,"6.5751243","3.3920693","2026-07-07 15:35:03","138","257","112","60","99","Unhealthy"
1968078,"6.5751243","3.3920693","2026-07-07 15:35:04","136","253","111","60","99","Unhealthy"
1968078,"6.5751243","3.3920693","2026-07-07 15:35:05","117","215","96","60","99","Unhealthy"
1968078,"6.5751243","3.3920693","2026-07-07 15:35:06","91","164","76","60","99","Unhealthy"
1968078,"6.5751243","3.3920693","2026-07-07 15:35:07","74","129","62","60","99","Unhealthy"
1968078,"6.5751243","3.3920693","2026-07-07 15:35:08","58","98","50","60","99","Unhealthy"
1968078,"6.5751243","3.3920693","2026-07-07 15:35:10","52","85","45","60","99","Unhealthy for Sensitive Groups"
1968078,"6.5751243","3.3920693","2026-07-07 15:35:11","55","91","48","60","99","Unhealthy for Sensitive Groups"
1968078,"6.5751243","3.3920693","2026-07-07 15:35:12","52","85","45","60","99","Unhealthy for Sensitive Groups"
1968078,"6.5751243","3.3920693","2026-07-07 15:35:13","52","85","45","60","99","Unhealthy for Sensitive Groups"
1968078,"6.5751243","3.3920693","2026-07-07 15:35:14","65","110","55","60","99","Unhealthy"
1968078,"6.5751243","3.3920693","2026-07-07 15:35:15","79","139","66","60","99","Unhealthy"
1968078,"6.5751243","3.3920693","2026-07-07 15:35:16","90","160","74","60","99","Unhealthy"
1968078,"6.5751243","3.3920693","2026-07-07 15:35:17","90","160","74","60","99","Unhealthy"
1968078,"6.5751243","3.3920693","2026-07-07 15:35:19","111","203","91","60","99","Unhealthy"
1968078,"6.5751243","3.3920693","2026-07-07 15:35:20","131","243","107","60","99","Unhealthy"
1968078,"6.5751243","3.3920693","2026-07-07 15:35:21","153","288","124","60","99","Very Unhealthy"
1968078,"6.5751243","3.3920693","2026-07-07 15:35:22","176","333","140","60","99","Very Unhealthy"
1968078,"6.5751243","3.3920693","2026-07-07 15:35:23","190","360","150","60","99","Very Unhealthy"
1968078,"6.5751243","3.3920693","2026-07-07 15:35:24","207","395","162","60","99","Very Unhealthy"
1968078,"6.5751243","3.3920693","2026-07-07 15:35:25","223","426","173","60","99","Very Unhealthy"
1968078,"6.5751243","3.3920693","2026-07-07 15:35:26","248","477","190","60","99","Very Unhealthy"
1968078,"6.5751243","3.3920693","2026-07-07 15:35:27","294","570","222","60","99","Hazardous"
1968078,"6.5751243","3.3920693","2026-07-07 15:35:28","308","597","232","60","99","Hazardous"
1968078,"6.5751243","3.3920693","2026-07-07 15:35:29","313","606","235","60","99","Hazardous"
1968078,"6.5751243","3.3920693","2026-07-07 15:35:31","265","512","202","60","99","Hazardous"
1968078,"6.5751243","3.3920693","2026-07-07 15:35:32","240","461","185","60","99","Very Unhealthy"
1968078,"6.5751243","3.3920693","2026-07-07 15:35:33","211","403","164","60","99","Very Unhealthy"
1968078,"6.5751243","3.3920693","2026-07-07 15:35:34","184","349","146","60","99","Very Unhealthy"
1968078,"6.5751243","3.3920693","2026-07-07 15:35:35","150","281","121","60","99","Unhealthy"
1968078,"6.5751243","3.3920693","2026-07-07 15:35:36","119","219","97","60","99","Unhealthy"
1968078,"6.5751243","3.3920693","2026-07-07 15:35:37","95","170","78","60","99","Unhealthy"
1968078,"6.5751243","3.3920693","2026-07-07 15:35:38","83","146","69","60","99","Unhealthy"
1968078,"6.5751243","3.3920693","2026-07-07 15:35:39","77","136","65","60","99","Unhealthy"
1968078,"6.5751243","3.3920693","2026-07-07 15:35:40","81","143","68","60","99","Unhealthy"
1968078,"6.5751243","3.3920693","2026-07-07 15:35:41","93","167","77","60","99","Unhealthy"
1968078,"6.5751243","3.3920693","2026-07-07 15:35:42","100","181","82","60","99","Unhealthy"
1968078,"6.5751243","3.3920693","2026-07-07 15:35:43","103","188","85","60","99","Unhealthy"
1968078,"6.5751243","3.3920693","2026-07-07 15:35:44","105","191","86","60","99","Unhealthy"
1968078,"6.5751243","3.3920693","2026-07-07 15:35:45","107","195","88","60","99","Unhealthy"
1968078,"6.5751243","3.3920693","2026-07-07 15:35:46","109","198","89","60","99","Unhealthy"
1968078,"6.5751243","3.3920693","2026-07-07 15:35:47","107","195","88","60","99","Unhealthy"
1968078,"6.5751243","3.3920693","2026-07-07 15:35:48","107","195","88","60","99","Unhealthy"
1968078,"6.5751243","3.3920693","2026-07-07 15:35:49","102","184","84","60","99","Unhealthy"
1968078,"6.5751243","3.3920693","2026-07-07 15:35:50","96","174","80","60","99","Unhealthy"
1968078,"6.5751243","3.3920693","2026-07-07 15:35:51","88","157","73","60","99","Unhealthy"
1968078,"6.5751243","3.3920693","2026-07-07 15:35:52","79","139","66","60","99","Unhealthy"
1968078,"6.5751243","3.3920693","2026-07-07 15:35:53","76","133","64","60","99","Unhealthy"
1968078,"6.5751243","3.3920693","2026-07-07 15:35:54","71","123","60","60","99","Unhealthy"
1968078,"6.5751243","3.3920693","2026-07-07 15:35:55","71","123","60","60","99","Unhealthy"
1968078,"6.5751243","3.3920693","2026-07-07 15:35:56","76","133","64","60","99","Unhealthy"
1968078,"6.5751243","3.3920693","2026-07-07 15:35:57","77","136","65","60","99","Unhealthy"
1968078,"6.5751243","3.3920693","2026-07-07 15:35:58","77","136","65","60","99","Unhealthy"
1968078,"6.5751243","3.3920693","2026-07-07 15:35:59","74","129","62","60","99","Unhealthy"
1968078,"6.5751243","3.3920693","2026-07-07 15:36:00","74","129","62","60","99","Unhealthy"
1968078,"6.5751243","3.3920693","2026-07-07 15:36:01","76","133","64","60","99","Unhealthy"
1968078,"6.5751243","3.3920693","2026-07-07 15:36:02","77","136","65","60","99","Unhealthy"
1968078,"6.5751243","3.3920693","2026-07-07 15:36:03","77","136","65","60","99","Unhealthy"
1968078,"6.5751243","3.3920693","2026-07-07 15:36:04","77","136","65","60","99","Unhealthy"
1968078,"6.5751243","3.3920693","2026-07-07 15:36:05","71","123","60","60","99","Unhealthy"
1968078,"6.5751243","3.3920693","2026-07-07 15:36:06","62","104","53","60","99","Unhealthy"
1968078,"6.5751243","3.3920693","2026-07-07 15:36:07","58","98","50","60","99","Unhealthy"
1968078,"6.5751243","3.3920693","2026-07-07 15:36:08","62","104","53","60","99","Unhealthy"
1968078,"6.5751243","3.3920693","2026-07-07 15:36:09","62","104","53","60","99","Unhealthy"
1968078,"6.5751243","3.3920693","2026-07-07 15:36:10","62","104","53","60","99","Unhealthy"
1968078,"6.5751243","3.3920693","2026-07-07 15:36:11","55","91","48","60","99","Unhealthy for Sensitive Groups"
1968078,"6.5751243","3.3920693","2026-07-07 15:36:12","49","79","43","60","99","Unhealthy for Sensitive Groups"
1968078,"6.5751243","3.3920693","2026-07-07 15:36:13","46","73","40","60","99","Unhealthy for Sensitive Groups"
1968078,"6.5751243","3.3920693","2026-07-07 15:36:14","52","85","45","60","99","Unhealthy for Sensitive Groups"
1968078,"6.5751243","3.3920693","2026-07-07 15:36:15","62","104","53","60","99","Unhealthy"
1968078,"6.5751243","3.3920693","2026-07-07 15:36:16","81","143","68","60","99","Unhealthy"
1968078,"6.5751243","3.3920693","2026-07-07 15:36:17","81","143","68","60","99","Unhealthy"
1968078,"6.5751243","3.3920693","2026-07-07 15:36:18","95","170","78","60","99","Unhealthy"
1968078,"6.5751243","3.3920693","2026-07-07 15:36:19","95","170","78","60","99","Unhealthy"
1968078,"6.5751243","3.3920693","2026-07-07 15:36:20","101","183","83","60","99","Unhealthy"
1968078,"6.5751243","3.3920693","2026-07-07 15:36:21","103","188","85","60","99","Unhealthy"
1968078,"6.5751243","3.3920693","2026-07-07 15:36:22","105","191","86","60","99","Unhealthy"
1968078,"6.5751243","3.3920693","2026-07-07 15:36:23","110","201","91","60","99","Unhealthy"
1968078,"6.5751243","3.3920693","2026-07-07 15:36:24","112","205","92","60","99","Unhealthy"
1968078,"6.5751243","3.3920693","2026-07-07 15:36:25","107","195","88","60","99","Unhealthy"
1968078,"6.5751243","3.3920693","2026-07-07 15:36:27","79","139","66","60","99","Unhealthy"
1968078,"6.5751243","3.3920693","2026-07-07 15:36:28","58","98","50","60","99","Unhealthy"
1968078,"6.5751243","3.3920693","2026-07-07 15:36:29","52","85","45","60","99","Unhealthy for Sensitive Groups"
1968078,"6.5751243","3.3920693","2026-07-07 15:36:30","49","79","43","60","99","Unhealthy for Sensitive Groups"
1968078,"6.5751243","3.3920693","2026-07-07 15:36:31","41","63","37","60","99","Unhealthy for Sensitive Groups"
1968078,"6.5751243","3.3920693","2026-07-07 15:36:32","36","54","33","60","99","Unhealthy for Sensitive Groups"
1968078,"6.5751243","3.3920693","2026-07-07 15:36:33","36","54","33","60","99","Unhealthy for Sensitive Groups"
1968078,"6.5751243","3.3920693","2026-07-07 15:36:34","33","47","30","60","99","Moderate"
1968078,"6.5751243","3.3920693","2026-07-07 15:36:35","30","42","28","60","99","Moderate"
1968078,"6.5751243","3.3920693","2026-07-07 15:36:36","30","42","28","60","99","Moderate"
1968078,"6.5751243","3.3920693","2026-07-07 15:36:37","30","42","28","60","99","Moderate"
1968078,"6.5751243","3.3920693","2026-07-07 15:36:38","28","37","26","60","99","Moderate"
1968078,"6.5751243","3.3920693","2026-07-07 15:36:39","30","42","28","59","99","Moderate"
1968078,"6.5751243","3.3920693","2026-07-07 15:36:40","32","45","29","59","100","Moderate"
1968078,"6.5751243","3.3920693","2026-07-07 15:36:41","36","54","33","59","99","Unhealthy for Sensitive Groups"
1968078,"6.5751243","3.3920693","2026-07-07 15:36:42","36","54","33","59","100","Unhealthy for Sensitive Groups"
1968078,"6.5751243","3.3920693","2026-07-07 15:36:43","36","54","33","59","100","Unhealthy for Sensitive Groups"
1968078,"6.5751243","3.3920693","2026-07-07 15:36:44","43","66","38","59","99","Unhealthy for Sensitive Groups"
1968078,"6.5751243","3.3920693","2026-07-07 15:36:45","43","66","38","59","100","Unhealthy for Sensitive Groups"
1968078,"6.5751243","3.3920693","2026-07-07 15:36:46","43","66","38","59","100","Unhealthy for Sensitive Groups"
1968078,"6.5751243","3.3920693","2026-07-07 15:36:47","46","73","40","59","100","Unhealthy for Sensitive Groups"
1968078,"6.5751243","3.3920693","2026-07-07 15:36:48","46","73","40","59","100","Unhealthy for Sensitive Groups"
1968078,"6.5751243","3.3920693","2026-07-07 15:36:49","43","66","38","59","100","Unhealthy for Sensitive Groups"
1968078,"6.5751243","3.3920693","2026-07-07 15:36:50","43","66","38","59","100","Unhealthy for Sensitive Groups"
1968078,"6.5751243","3.3920693","2026-07-07 15:36:51","39","60","35","59","100","Unhealthy for Sensitive Groups"
1968078,"6.5751243","3.3920693","2026-07-07 15:36:52","43","66","38","59","100","Unhealthy for Sensitive Groups"
1968078,"6.5751243","3.3920693","2026-07-07 15:36:53","36","54","33","59","100","Unhealthy for Sensitive Groups"
1968078,"6.5751243","3.3920693","2026-07-07 15:36:54","36","54","33","59","100","Unhealthy for Sensitive Groups"
1968078,"6.5751243","3.3920693","2026-07-07 15:36:55","39","60","35","59","100","Unhealthy for Sensitive Groups"
1968078,"6.5751243","3.3920693","2026-07-07 15:36:56","36","54","33","59","100","Unhealthy for Sensitive Groups"
1968078,"6.5751243","3.3920693","2026-07-07 15:36:57","30","42","28","59","100","Moderate"
1968078,"6.5751243","3.3920693","2026-07-07 15:36:58","25","32","23","59","100","Moderate"
1968078,"6.5751243","3.3920693","2026-07-07 15:36:59","25","32","23","59","100","Moderate"
1968078,"6.5751243","3.3920693","2026-07-07 15:37:00","24","29","22","59","100","Moderate"
1968078,"6.5751243","3.3920693","2026-07-07 15:37:01","22","25","20","59","100","Moderate"
1968078,"6.5751243","3.3920693","2026-07-07 15:37:02","22","25","20","59","100","Moderate"
1968078,"6.5751243","3.3920693","2026-07-07 15:37:03","22","25","20","59","100","Moderate"
1968078,"6.5751243","3.3920693","2026-07-07 15:37:04","22","25","20","59","100","Moderate"
1968078,"6.5751243","3.3920693","2026-07-07 15:37:05","23","27","21","59","100","Moderate"
1968078,"6.5751243","3.3920693","2026-07-07 15:37:06","23","27","21","59","100","Moderate"
1968078,"6.5751243","3.3920693","2026-07-07 15:37:07","21","22","19","59","100","Moderate"
1968078,"6.5751243","3.3920693","2026-07-07 15:37:08","21","22","19","59","100","Moderate"
1968078,"6.5751243","3.3920693","2026-07-07 15:37:09","21","22","19","59","100","Moderate"
1968078,"6.5751243","3.3920693","2026-07-07 15:37:10","22","25","20","59","100","Moderate"
1968078,"6.5751243","3.3920693","2026-07-07 15:37:11","22","25","20","59","100","Moderate"
1968078,"6.5751243","3.3920693","2026-07-07 15:37:12","21","22","19","59","100","Moderate"
1968078,"6.5751243","3.3920693","2026-07-07 15:37:13","21","22","19","59","100","Moderate"
1968078,"6.5751243","3.3920693","2026-07-07 15:37:14","21","22","19","59","100","Moderate"
1968078,"6.5751243","3.3920693","2026-07-07 15:37:15","21","24","20","59","100","Moderate"
1968078,"6.5751243","3.3920693","2026-07-07 15:37:16","22","25","20","59","100","Moderate"
1968078,"6.5751243","3.3920693","2026-07-07 15:37:17","22","25","20","59","100","Moderate"
1968078,"6.5751243","3.3920693","2026-07-07 15:37:18","22","25","20","59","100","Moderate"
1968078,"6.5751243","3.3920693","2026-07-07 15:37:19","23","27","21","59","100","Moderate"
1968078,"6.5751243","3.3920693","2026-07-07 15:37:21","22","25","20","59","100","Moderate"
1968078,"6.5751243","3.3920693","2026-07-07 15:37:22","22","25","20","59","100","Moderate"
1968078,"6.5751243","3.3920693","2026-07-07 15:37:23","21","22","19","59","100","Moderate"
1968078,"6.5751243","3.3920693","2026-07-07 15:37:24","21","22","19","59","100","Moderate"
1968078,"6.5751243","3.3920693","2026-07-07 15:37:25","21","22","19","59","100","Moderate"
1968078,"6.5751243","3.3920693","2026-07-07 15:37:26","22","25","20","59","100","Moderate"
1968078,"6.5751243","3.3920693","2026-07-07 15:37:28","21","22","19","59","100","Moderate"
1968078,"6.5751243","3.3920693","2026-07-07 15:37:29","22","25","20","59","100","Moderate"
1968078,"6.5751243","3.3920693","2026-07-07 15:37:30","22","25","20","59","100","Moderate"
1968078,"6.5751243","3.3920693","2026-07-07 15:37:31","21","22","19","59","100","Moderate"
1968078,"6.5751243","3.3920693","2026-07-07 15:37:32","21","22","19","58","100","Moderate"
1968078,"6.5751243","3.3920693","2026-07-07 15:37:33","20","21","18","58","100","Moderate"
1968078,"6.5751243","3.3920693","2026-07-07 15:37:34","20","21","18","58","100","Moderate"
1968078,"6.5751243","3.3920693","2026-07-07 15:37:35","17","18","16","58","100","Moderate"
1968078,"6.5751243","3.3920693","2026-07-07 15:37:36","17","18","16","58","100","Moderate"
1968078,"6.5751243","3.3920693","2026-07-07 15:37:37","16","17","15","58","100","Moderate"
1968078,"6.5751243","3.3920693","2026-07-07 15:37:38","16","17","15","58","100","Moderate"
1968078,"6.5751243","3.3920693","2026-07-07 15:37:40","16","17","15","59","100","Moderate"
1968078,"6.5751243","3.3920693","2026-07-07 15:37:41","16","17","15","58","100","Moderate"
1968078,"6.5751243","3.3920693","2026-07-07 15:37:42","16","17","15","59","100","Moderate"
1968078,"6.5751243","3.3920693","2026-07-07 15:37:44","14","14","13","58","100","Moderate"
1968078,"6.5751243","3.3920693","2026-07-07 15:37:45","14","14","13","58","100","Moderate"
1968078,"6.5751243","3.3920693","2026-07-07 15:37:46","14","14","13","58","100","Moderate"
1968078,"6.5751243","3.3920693","2026-07-07 15:37:47","14","14","13","58","100","Moderate"
1968078,"6.5751243","3.3920693","2026-07-07 15:37:48","14","14","13","58","100","Moderate"
1968078,"6.5751243","3.3920693","2026-07-07 15:37:49","13","13","12","58","100","Moderate"
1968078,"6.5751243","3.3920693","2026-07-07 15:37:50","14","14","13","58","100","Moderate"
1968078,"6.5751243","3.3920693","2026-07-07 15:37:52","13","13","12","58","100","Moderate"
1968078,"6.5751243","3.3920693","2026-07-07 15:37:53","13","13","12","58","100","Moderate"
1968078,"6.5751243","3.3920693","2026-07-07 15:37:54","13","13","12","58","100","Moderate"
1968078,"6.5751243","3.3920693","2026-07-07 15:37:55","13","13","12","58","100","Moderate"
1968078,"6.5751243","3.3920693","2026-07-07 15:37:56","13","13","12","58","100","Moderate"
1968078,"6.5751243","3.3920693","2026-07-07 15:37:57","13","13","12","58","100","Moderate"
1968078,"6.5751243","3.3920693","2026-07-07 15:37:58","13","13","12","58","100","Moderate"
1968078,"6.5751243","3.3920693","2026-07-07 15:37:59","11","11","10","58","100","Good"
1968078,"6.5751243","3.3920693","2026-07-07 15:38:00","10","11","10","58","100","Good"
1968078,"6.5751243","3.3920693","2026-07-07 15:38:01","10","11","10","58","100","Good"
1968078,"6.5751243","3.3920693","2026-07-07 15:38:02","10","11","10","58","100","Good"
1968078,"6.5751243","3.3920693","2026-07-07 15:38:03","12","12","11","58","100","Good"
1968078,"6.5751243","3.3920693","2026-07-07 15:38:04","12","12","11","58","100","Good"
1968078,"6.5751243","3.3920693","2026-07-07 15:38:05","12","12","11","58","100","Good"
1968078,"6.5751243","3.3920693","2026-07-07 15:38:06","12","12","11","58","100","Good"
1968078,"6.5751243","3.3920693","2026-07-07 15:38:07","12","12","11","58","100","Good"
1968078,"6.5751243","3.3920693","2026-07-07 15:38:08","10","11","10","58","100","Good"
1968078,"6.5751243","3.3920693","2026-07-07 15:38:09","10","11","10","58","100","Good"
1968078,"6.5751243","3.3920693","2026-07-07 15:38:10","12","12","11","58","100","Good"
1968078,"6.5751243","3.3920693","2026-07-07 15:38:11","12","12","11","58","100","Good"
1968078,"6.5751243","3.3920693","2026-07-07 15:38:12","12","12","11","58","100","Good"
1968078,"6.5751243","3.3920693","2026-07-07 15:38:13","12","12","11","58","100","Good"
1968078,"6.5751243","3.3920693","2026-07-07 15:38:14","14","14","13","58","100","Moderate"
1968078,"6.5751243","3.3920693","2026-07-07 15:38:15","13","13","12","58","100","Moderate"
1968078,"6.5751243","3.3920693","2026-07-07 15:38:16","13","13","12","58","100","Moderate"
1968078,"6.5751243","3.3920693","2026-07-07 15:38:17","14","14","13","58","100","Moderate"
1968078,"6.5751243","3.3920693","2026-07-07 15:38:18","14","14","13","58","100","Moderate"
1968078,"6.5751243","3.3920693","2026-07-07 15:38:19","13","13","12","58","100","Moderate"
1968078,"6.5751243","3.3920693","2026-07-07 15:38:20","13","13","12","58","100","Moderate"
1968078,"6.5751243","3.3920693","2026-07-07 15:38:21","12","12","11","58","100","Good"
1968078,"6.5751243","3.3920693","2026-07-07 15:38:22","12","12","11","58","100","Good"
1968078,"6.5751243","3.3920693","2026-07-07 15:38:23","12","12","11","58","100","Good"
1968078,"6.5751243","3.3920693","2026-07-07 15:38:24","12","12","11","58","100","Good"
1968078,"6.5751243","3.3920693","2026-07-07 15:38:25","12","12","11","58","100","Good"
1968078,"6.5751243","3.3920693","2026-07-07 15:38:26","12","12","11","58","100","Good"
1968078,"6.5751243","3.3920693","2026-07-07 15:38:27","12","12","11","58","100","Good"
1968078,"6.5751243","3.3920693","2026-07-07 15:38:28","13","13","12","58","100","Moderate"
1968078,"6.5751243","3.3920693","2026-07-07 15:38:29","12","12","11","58","100","Good"
1968078,"6.5751243","3.3920693","2026-07-07 15:38:30","12","12","11","58","100","Good"
1968078,"6.5751243","3.3920693","2026-07-07 15:38:31","12","12","11","58","100","Good"
1968078,"6.5751243","3.3920693","2026-07-07 15:38:32","12","12","11","58","100","Good"
1968078,"6.5751243","3.3920693","2026-07-07 15:38:33","13","13","12","58","100","Moderate"
1968078,"6.5751243","3.3920693","2026-07-07 15:38:34","12","12","11","58","100","Good"
1968078,"6.5751243","3.3920693","2026-07-07 15:38:35","12","12","11","58","100","Good"
1968078,"6.5751243","3.3920693","2026-07-07 15:38:36","12","12","11","58","100","Good"
1968078,"6.5751243","3.3920693","2026-07-07 15:38:37","12","12","11","58","100","Good"
1968078,"6.5751243","3.3920693","2026-07-07 15:38:38","12","12","11","58","100","Good"
1968078,"6.5751243","3.3920693","2026-07-07 15:38:39","12","12","11","58","100","Good"
1968078,"6.5751243","3.3920693","2026-07-07 15:38:40","12","12","11","58","100","Good"
1968078,"6.5751243","3.3920693","2026-07-07 15:38:41","12","12","11","58","100","Good"
1968078,"6.5751243","3.3920693","2026-07-07 15:38:42","12","12","11","59","100","Good"
1968078,"6.5751243","3.3920693","2026-07-07 15:38:43","13","13","12","59","100","Moderate"
1968078,"6.5751243","3.3920693","2026-07-07 15:38:44","13","13","12","59","100","Moderate"
1968078,"6.5751243","3.3920693","2026-07-07 15:38:45","13","13","12","59","100","Moderate"
1968078,"6.5751243","3.3920693","2026-07-07 15:38:46","14","14","13","59","100","Moderate"
1968078,"6.5751243","3.3920693","2026-07-07 15:38:47","14","14","13","59","100","Moderate"
1968078,"6.5751243","3.3920693","2026-07-07 15:38:48","14","14","13","59","100","Moderate"
1968078,"6.5751243","3.3920693","2026-07-07 15:38:49","13","13","12","59","100","Moderate"
1968078,"6.5751243","3.3920693","2026-07-07 15:38:50","13","13","12","59","100","Moderate"
1968078,"6.5751243","3.3920693","2026-07-07 15:38:51","13","13","12","59","100","Moderate"
1968078,"6.5751243","3.3920693","2026-07-07 15:38:52","13","13","12","59","100","Moderate"
1968078,"6.5751243","3.3920693","2026-07-07 15:38:53","13","13","12","59","100","Moderate"
1968078,"6.5751243","3.3920693","2026-07-07 15:38:54","14","14","13","59","100","Moderate"
1968078,"6.5751243","3.3920693","2026-07-07 15:38:55","13","13","12","59","100","Moderate"
1968078,"6.5751243","3.3920693","2026-07-07 15:38:56","13","13","12","59","100","Moderate"
1968078,"6.5751243","3.3920693","2026-07-07 15:38:57","13","13","12","59","100","Moderate"
1968078,"6.5751243","3.3920693","2026-07-07 15:38:58","13","13","12","59","100","Moderate"
1968078,"6.5751243","3.3920693","2026-07-07 15:38:59","14","14","13","60","100","Moderate"
1968078,"6.5751243","3.3920693","2026-07-07 15:39:00","14","14","13","60","100","Moderate"
1968078,"6.5751243","3.3920693","2026-07-07 15:39:01","15","16","14","60","100","Moderate"
1968078,"6.5751243","3.3920693","2026-07-07 15:39:02","15","16","14","60","100","Moderate"
1968078,"6.5751243","3.3920693","2026-07-07 15:39:03","16","17","15","60","100","Moderate"
1968078,"6.5751243","3.3920693","2026-07-07 15:39:04","16","17","15","60","100","Moderate"
1968078,"6.5751243","3.3920693","2026-07-07 15:39:05","16","17","15","60","100","Moderate"
1968078,"6.5751243","3.3920693","2026-07-07 15:39:06","16","17","15","60","100","Moderate"
1968078,"6.5751243","3.3920693","2026-07-07 15:39:07","15","16","14","60","100","Moderate"
1968078,"6.5751243","3.3920693","2026-07-07 15:39:08","15","16","14","60","100","Moderate"
1968078,"6.5751243","3.3920693","2026-07-07 15:39:09","15","16","14","61","100","Moderate"
1968078,"6.5751243","3.3920693","2026-07-07 15:39:10","15","16","14","61","100","Moderate"
1968078,"6.5751243","3.3920693","2026-07-07 15:39:11","15","16","14","61","100","Moderate"
1968078,"6.5751243","3.3920693","2026-07-07 15:39:12","16","16","14","61","100","Moderate"
1968078,"6.5751243","3.3920693","2026-07-07 15:39:13","15","16","14","61","100","Moderate"
1968078,"6.5751243","3.3920693","2026-07-07 15:39:14","15","16","14","62","100","Moderate"
1968078,"6.5751243","3.3920693","2026-07-07 15:39:15","15","16","14","62","100","Moderate"
1968078,"6.5751243","3.3920693","2026-07-07 15:39:16","15","16","14","62","100","Moderate"
1968078,"6.5751243","3.3920693","2026-07-07 15:39:17","15","16","14","62","100","Moderate"
1968078,"6.5751243","3.3920693","2026-07-07 15:39:18","15","16","14","62","100","Moderate"
1968078,"6.5751243","3.3920693","2026-07-07 15:39:19","15","16","14","62","100","Moderate"
1968078,"6.5751243","3.3920693","2026-07-07 15:39:20","14","14","13","62","100","Moderate"
1968078,"6.5751243","3.3920693","2026-07-07 15:39:21","14","14","13","62","100","Moderate"
1968078,"6.5751243","3.3920693","2026-07-07 15:39:22","13","13","12","62","100","Moderate"
1968078,"6.5751243","3.3920693","2026-07-07 15:39:23","13","13","12","63","100","Moderate"
1968078,"6.5751243","3.3920693","2026-07-07 15:39:24","13","13","12","63","100","Moderate"
1968078,"6.5751243","3.3920693","2026-07-07 15:39:25","13","13","12","63","100","Moderate"
1968078,"6.5751243","3.3920693","2026-07-07 15:39:26","13","13","12","63","100","Moderate"
1968078,"6.5751243","3.3920693","2026-07-07 15:39:27","12","12","11","63","100","Good"
1968078,"6.5751243","3.3920693","2026-07-07 15:39:28","12","12","11","63","100","Good"
1968078,"6.5751243","3.3920693","2026-07-07 15:39:29","13","13","12","63","100","Moderate"
1968078,"6.5751243","3.3920693","2026-07-07 15:39:30","13","13","12","63","100","Moderate"
1968078,"6.5751243","3.3920693","2026-07-07 15:39:31","13","13","12","63","100","Moderate"
1968078,"6.5751243","3.3920693","2026-07-07 15:39:32","13","13","12","62","100","Moderate"
1968078,"6.5751243","3.3920693","2026-07-07 15:39:33","13","13","12","62","100","Moderate"
1968078,"6.5751243","3.3920693","2026-07-07 15:39:34","13","13","12","62","100","Moderate"
1968078,"6.5751243","3.3920693","2026-07-07 15:39:35","13","13","12","62","100","Moderate"
1968078,"6.5751243","3.3920693","2026-07-07 15:39:36","13","13","12","62","100","Moderate"
1968078,"6.5751243","3.3920693","2026-07-07 15:39:37","14","14","13","61","100","Moderate"
1968078,"6.5751243","3.3920693","2026-07-07 15:39:38","15","16","14","61","100","Moderate"
1968078,"6.5751243","3.3920693","2026-07-07 15:39:39","15","16","14","61","100","Moderate"
1968078,"6.5751243","3.3920693","2026-07-07 15:39:40","15","16","14","61","100","Moderate"
1968078,"6.5751243","3.3920693","2026-07-07 15:39:41","14","14","13","61","100","Moderate"
1968078,"6.5751243","3.3920693","2026-07-07 15:39:42","14","14","13","60","100","Moderate"
1968078,"6.5751243","3.3920693","2026-07-07 15:39:43","15","16","14","60","100","Moderate"
1968078,"6.5751243","3.3920693","2026-07-07 15:39:45","15","16","14","60","100","Moderate"
1968078,"6.5751243","3.3920693","2026-07-07 15:39:46","15","16","14","60","100","Moderate"
1968078,"6.5751243","3.3920693","2026-07-07 15:39:47","16","17","15","60","100","Moderate"
1968078,"6.5751243","3.3920693","2026-07-07 15:39:48","15","16","14","60","100","Moderate"
1968078,"6.5751243","3.3920693","2026-07-07 15:39:49","14","14","13","59","100","Moderate"
1968078,"6.5751243","3.3920693","2026-07-07 15:39:50","15","16","14","59","100","Moderate"
1968078,"6.5751243","3.3920693","2026-07-07 15:39:51","15","16","14","59","100","Moderate"
1968078,"6.5751243","3.3920693","2026-07-07 15:39:52","17","18","16","59","100","Moderate"
1968078,"6.5751243","3.3920693","2026-07-07 15:39:53","17","18","16","59","100","Moderate"
1968078,"6.5751243","3.3920693","2026-07-07 15:39:54","17","18","16","59","100","Moderate"
1968078,"6.5751243","3.3920693","2026-07-07 15:39:55","17","18","16","60","100","Moderate"
1968078,"6.5751243","3.3920693","2026-07-07 15:39:56","17","18","16","60","100","Moderate"
1968078,"6.5751243","3.3920693","2026-07-07 15:39:57","16","17","15","60","100","Moderate"
1968078,"6.5751243","3.3920693","2026-07-07 15:39:59","17","18","16","60","100","Moderate"
1968078,"6.5751243","3.3920693","2026-07-07 15:40:00","17","18","16","60","100","Moderate"
1968078,"6.5751243","3.3920693","2026-07-07 15:40:01","17","18","16","60","100","Moderate"
1968078,"6.5751243","3.3920693","2026-07-07 15:40:02","17","18","15","60","100","Moderate"
1968078,"6.5751243","3.3920693","2026-07-07 15:40:04","18","19","17","59","100","Moderate"
1968078,"6.5751243","3.3920693","2026-07-07 15:40:05","21","22","19","59","100","Moderate"
1968078,"6.5751243","3.3920693","2026-07-07 15:40:06","22","25","20","59","100","Moderate"
1968078,"6.5751243","3.3920693","2026-07-07 15:40:07","22","25","20","59","100","Moderate"
1968078,"6.5751243","3.3920693","2026-07-07 15:40:08","24","29","22","59","100","Moderate"
1968078,"6.5751243","3.3920693","2026-07-07 15:40:09","25","32","23","59","100","Moderate"
1968078,"6.5751243","3.3920693","2026-07-07 15:40:10","28","37","26","59","100","Moderate"
1968078,"6.5751243","3.3920693","2026-07-07 15:40:11","30","42","28","59","100","Moderate"
1968078,"6.5751243","3.3920693","2026-07-07 15:40:12","32","45","29","59","100","Moderate"
1968078,"6.5751243","3.3920693","2026-07-07 15:40:13","30","42","28","59","100","Moderate"
1968078,"6.5751243","3.3920693","2026-07-07 15:40:14","30","42","28","59","100","Moderate"
1968078,"6.5751243","3.3920693","2026-07-07 15:40:15","28","37","26","59","100","Moderate"
1968078,"6.5751243","3.3920693","2026-07-07 15:40:16","28","37","26","59","100","Moderate"
1968078,"6.5751243","3.3920693","2026-07-07 15:40:17","28","37","26","59","100","Moderate"
1968078,"6.5751243","3.3920693","2026-07-07 15:40:18","28","37","26","59","100","Moderate"
1968078,"6.5751243","3.3920693","2026-07-07 15:40:19","25","32","23","59","100","Moderate"
1968078,"6.5751243","3.3920693","2026-07-07 15:40:20","25","32","23","59","100","Moderate"
1968078,"6.5751243","3.3920693","2026-07-07 15:40:21","25","32","23","59","100","Moderate"
1968078,"6.5751243","3.3920693","2026-07-07 15:40:22","24","29","22","59","100","Moderate"
1968078,"6.5751243","3.3920693","2026-07-07 15:40:23","24","29","22","59","100","Moderate"
1968078,"6.5751243","3.3920693","2026-07-07 15:40:24","25","32","23","59","100","Moderate"
1968078,"6.5751243","3.3920693","2026-07-07 15:40:25","25","32","23","60","100","Moderate"
1968078,"6.5751243","3.3920693","2026-07-07 15:40:26","28","37","26","60","100","Moderate"
1968078,"6.5751243","3.3920693","2026-07-07 15:40:27","28","37","26","60","100","Moderate"
1968078,"6.5751243","3.3920693","2026-07-07 15:40:28","25","32","23","60","100","Moderate"
1968078,"6.5751243","3.3920693","2026-07-07 15:40:29","25","32","23","60","100","Moderate"
1968078,"6.5751243","3.3920693","2026-07-07 15:40:30","28","37","26","60","100","Moderate"
1968078,"6.5751243","3.3920693","2026-07-07 15:40:31","25","32","23","60","100","Moderate"
1968078,"6.5751243","3.3920693","2026-07-07 15:40:32","25","32","23","60","100","Moderate"
1968078,"6.5751243","3.3920693","2026-07-07 15:40:33","25","32","23","60","100","Moderate"
1968078,"6.5751243","3.3920693","2026-07-07 15:40:34","25","32","23","60","100","Moderate"
1968078,"6.5751243","3.3920693","2026-07-07 15:40:35","25","32","23","61","100","Moderate"
1968078,"6.5751243","3.3920693","2026-07-07 15:40:36","28","37","26","61","100","Moderate"
1968078,"6.5751243","3.3920693","2026-07-07 15:40:37","28","37","26","61","100","Moderate"
1968078,"6.5751243","3.3920693","2026-07-07 15:40:38","28","37","26","61","100","Moderate"
1968078,"6.5751243","3.3920693","2026-07-07 15:40:39","28","37","26","61","100","Moderate"
1968078,"6.5751243","3.3920693","2026-07-07 15:40:40","28","37","26","61","100","Moderate"
1968078,"6.5751243","3.3920693","2026-07-07 15:40:41","28","37","26","60","100","Moderate"
1968078,"6.5751243","3.3920693","2026-07-07 15:40:42","28","37","26","60","100","Moderate"
1968078,"6.5751243","3.3920693","2026-07-07 15:40:43","28","37","26","61","100","Moderate"
1968078,"6.5751243","3.3920693","2026-07-07 15:40:44","29","39","27","61","100","Moderate"
1968078,"6.5751243","3.3920693","2026-07-07 15:40:45","30","42","28","61","100","Moderate"
1968078,"6.5751243","3.3920693","2026-07-07 15:40:46","30","42","28","61","100","Moderate"
1968078,"6.5751243","3.3920693","2026-07-07 15:40:47","33","47","30","61","100","Moderate"
1968078,"6.5751243","3.3920693","2026-07-07 15:40:48","33","47","30","61","100","Moderate"
1968078,"6.5751243","3.3920693","2026-07-07 15:40:49","36","54","33","60","100","Unhealthy for Sensitive Groups"
1968078,"6.5751243","3.3920693","2026-07-07 15:40:50","36","54","33","60","100","Unhealthy for Sensitive Groups"
1968078,"6.5751243","3.3920693","2026-07-07 15:40:51","36","54","33","59","100","Unhealthy for Sensitive Groups"
1968078,"6.5751243","3.3920693","2026-07-07 15:40:52","36","54","33","59","100","Unhealthy for Sensitive Groups"
1968078,"6.5751243","3.3920693","2026-07-07 15:40:53","39","60","35","59","100","Unhealthy for Sensitive Groups"
1968078,"6.5751243","3.3920693","2026-07-07 15:40:54","46","73","40","59","100","Unhealthy for Sensitive Groups"
1968078,"6.5751243","3.3920693","2026-07-07 15:40:55","52","85","45","59","100","Unhealthy for Sensitive Groups"
1968078,"6.5751243","3.3920693","2026-07-07 15:40:56","55","91","48","59","100","Unhealthy for Sensitive Groups"
1968078,"6.5751243","3.3920693","2026-07-07 15:40:57","58","98","50","59","100","Unhealthy"
1968078,"6.5751243","3.3920693","2026-07-07 15:40:58","62","104","53","59","100","Unhealthy"
1968078,"6.5751243","3.3920693","2026-07-07 15:40:59","62","104","53","59","100","Unhealthy"
1968078,"6.5751243","3.3920693","2026-07-07 15:41:00","65","110","55","59","100","Unhealthy"
1968078,"6.5751243","3.3920693","2026-07-07 15:41:01","71","123","60","59","100","Unhealthy"
1968078,"6.5751243","3.3920693","2026-07-07 15:41:02","65","110","55","59","100","Unhealthy"
1968078,"6.5751243","3.3920693","2026-07-07 15:41:03","68","117","57","59","100","Unhealthy"
1968078,"6.5751243","3.3920693","2026-07-07 15:41:04","68","117","57","59","100","Unhealthy"
1968078,"6.5751243","3.3920693","2026-07-07 15:41:05","65","110","55","59","100","Unhealthy"
1968078,"6.5751243","3.3920693","2026-07-07 15:41:06","62","104","53","59","100","Unhealthy"
1968078,"6.5751243","3.3920693","2026-07-07 15:41:07","62","104","53","59","100","Unhealthy"
1968078,"6.5751243","3.3920693","2026-07-07 15:41:08","62","104","53","59","100","Unhealthy"
1968078,"6.5751243","3.3920693","2026-07-07 15:41:09","62","104","53","59","100","Unhealthy"
1968078,"6.5751243","3.3920693","2026-07-07 15:41:10","62","104","53","59","100","Unhealthy"
1968078,"6.5751243","3.3920693","2026-07-07 15:41:11","62","104","53","59","100","Unhealthy"
1968078,"6.5751243","3.3920693","2026-07-07 15:41:12","62","104","53","59","100","Unhealthy"
1968078,"6.5751243","3.3920693","2026-07-07 15:41:13","62","104","53","59","100","Unhealthy"
1968078,"6.5751243","3.3920693","2026-07-07 15:41:14","62","104","53","59","100","Unhealthy"
1968078,"6.5751243","3.3920693","2026-07-07 15:41:15","58","98","50","59","100","Unhealthy"
1968078,"6.5751243","3.3920693","2026-07-07 15:41:16","62","104","53","59","100","Unhealthy"
1968078,"6.5751243","3.3920693","2026-07-07 15:41:17","58","98","50","59","100","Unhealthy"
1968078,"6.5751243","3.3920693","2026-07-07 15:41:18","58","98","50","59","100","Unhealthy"
1968078,"6.5751243","3.3920693","2026-07-07 15:41:19","58","98","50","59","100","Unhealthy"
1968078,"6.5751243","3.3920693","2026-07-07 15:41:20","58","98","50","59","100","Unhealthy"
1968078,"6.5751243","3.3920693","2026-07-07 15:41:21","55","91","48","59","100","Unhealthy for Sensitive Groups"
1968078,"6.5751243","3.3920693","2026-07-07 15:41:22","52","85","45","59","100","Unhealthy for Sensitive Groups"
1968078,"6.5751243","3.3920693","2026-07-07 15:41:23","52","85","45","59","100","Unhealthy for Sensitive Groups"
1968078,"6.5751243","3.3920693","2026-07-07 15:41:24","62","104","53","59","100","Unhealthy"
1968078,"6.5751243","3.3920693","2026-07-07 15:41:25","62","104","53","58","100","Unhealthy"
1968078,"6.5751243","3.3920693","2026-07-07 15:41:26","62","104","53","58","100","Unhealthy"
1968078,"6.5751243","3.3920693","2026-07-07 15:41:27","62","104","53","59","100","Unhealthy"
1968078,"6.5751243","3.3920693","2026-07-07 15:41:28","62","104","53","59","100","Unhealthy"
1968078,"6.5751243","3.3920693","2026-07-07 15:41:30","57","95","49","59","100","Unhealthy"
1968078,"6.5751243","3.3920693","2026-07-07 15:41:31","58","98","50","59","100","Unhealthy"
1968078,"6.5751243","3.3920693","2026-07-07 15:41:32","58","98","50","59","100","Unhealthy"
1968078,"6.5751243","3.3920693","2026-07-07 15:41:33","55","91","48","59","100","Unhealthy for Sensitive Groups"
1968078,"6.5751243","3.3920693","2026-07-07 15:41:34","58","98","50","59","100","Unhealthy"
1968078,"6.5751243","3.3920693","2026-07-07 15:41:35","62","104","53","59","100","Unhealthy"
1968078,"6.5751243","3.3920693","2026-07-07 15:41:36","58","98","50","59","100","Unhealthy"
1968078,"6.5751243","3.3920693","2026-07-07 15:41:37","58","98","50","59","100","Unhealthy"
1968078,"6.5751243","3.3920693","2026-07-07 15:41:38","58","98","50","59","100","Unhealthy"
1968078,"6.5751243","3.3920693","2026-07-07 15:41:39","62","104","53","59","100","Unhealthy"
1968078,"6.5751243","3.3920693","2026-07-07 15:41:40","58","98","50","59","100","Unhealthy"
1968078,"6.5751243","3.3920693","2026-07-07 15:41:41","58","98","50","59","100","Unhealthy"
1968078,"6.5751243","3.3920693","2026-07-07 15:41:42","58","98","50","59","100","Unhealthy"
1968078,"6.5751243","3.3920693","2026-07-07 15:41:43","58","98","50","59","100","Unhealthy"
1968078,"6.5751243","3.3920693","2026-07-07 15:41:44","58","98","50","59","100","Unhealthy"
1968078,"6.5751243","3.3920693","2026-07-07 15:41:45","58","98","50","59","100","Unhealthy"
1968078,"6.5751243","3.3920693","2026-07-07 15:41:46","55","91","48","59","100","Unhealthy for Sensitive Groups"
1968078,"6.5751243","3.3920693","2026-07-07 15:41:47","55","91","48","59","100","Unhealthy for Sensitive Groups"
1968078,"6.5751243","3.3920693","2026-07-07 15:41:48","62","104","53","58","100","Unhealthy"
1968078,"6.5751243","3.3920693","2026-07-07 15:41:49","62","104","53","58","100","Unhealthy"
1968078,"6.5751243","3.3920693","2026-07-07 15:41:50","62","104","53","58","100","Unhealthy"
1968078,"6.5751243","3.3920693","2026-07-07 15:41:52","58","98","50","58","100","Unhealthy"
1968078,"6.5751243","3.3920693","2026-07-07 15:41:53","52","85","45","58","100","Unhealthy for Sensitive Groups"
1968078,"6.5751243","3.3920693","2026-07-07 15:41:54","52","85","45","58","100","Unhealthy for Sensitive Groups"
1968078,"6.5751243","3.3920693","2026-07-07 15:41:55","52","85","45","58","100","Unhealthy for Sensitive Groups"
1968078,"6.5751243","3.3920693","2026-07-07 15:41:56","52","85","45","58","100","Unhealthy for Sensitive Groups"
1968078,"6.5751243","3.3920693","2026-07-07 15:41:57","52","85","45","58","100","Unhealthy for Sensitive Groups"
1968078,"6.5751243","3.3920693","2026-07-07 15:41:58","52","85","45","58","100","Unhealthy for Sensitive Groups"
1968078,"6.5751243","3.3920693","2026-07-07 15:41:59","52","85","45","58","100","Unhealthy for Sensitive Groups"
1968078,"6.5751243","3.3920693","2026-07-07 15:42:00","47","76","41","58","100","Unhealthy for Sensitive Groups"
1968078,"6.5751243","3.3920693","2026-07-07 15:42:01","46","73","40","58","100","Unhealthy for Sensitive Groups"
1968078,"6.5751243","3.3920693","2026-07-07 15:42:02","43","66","38","58","100","Unhealthy for Sensitive Groups"
1968078,"6.5751243","3.3920693","2026-07-07 15:42:04","43","66","38","58","100","Unhealthy for Sensitive Groups"
1968078,"6.5751243","3.3920693","2026-07-07 15:42:05","39","60","35","58","100","Unhealthy for Sensitive Groups"
1968078,"6.5751243","3.3920693","2026-07-07 15:42:06","36","54","33","58","100","Unhealthy for Sensitive Groups"
1968078,"6.5751243","3.3920693","2026-07-07 15:42:07","36","54","33","58","100","Unhealthy for Sensitive Groups"
1968078,"6.5751243","3.3920693","2026-07-07 15:42:08","33","47","30","58","100","Moderate"
1968078,"6.5751243","3.3920693","2026-07-07 15:42:09","28","37","26","58","100","Moderate"
1968078,"6.5751243","3.3920693","2026-07-07 15:42:10","28","37","26","58","100","Moderate"
1968078,"6.5751243","3.3920693","2026-07-07 15:42:11","25","32","23","58","100","Moderate"
1968078,"6.5751243","3.3920693","2026-07-07 15:42:12","25","32","23","58","100","Moderate"
1968078,"6.5751243","3.3920693","2026-07-07 15:42:13","25","32","23","58","100","Moderate"
1968078,"6.5751243","3.3920693","2026-07-07 15:42:14","25","32","23","58","100","Moderate"
1968078,"6.5751243","3.3920693","2026-07-07 15:42:15","25","32","23","58","100","Moderate"
1968078,"6.5751243","3.3920693","2026-07-07 15:42:16","25","32","23","58","100","Moderate"
1968078,"6.5751243","3.3920693","2026-07-07 15:42:17","25","32","23","58","100","Moderate"
1968078,"6.5751243","3.3920693","2026-07-07 15:42:18","28","37","26","58","100","Moderate"
1968078,"6.5751243","3.3920693","2026-07-07 15:42:19","28","37","26","58","100","Moderate"
1968078,"6.5751243","3.3920693","2026-07-07 15:42:20","28","37","26","58","100","Moderate"
1968078,"6.5751243","3.3920693","2026-07-07 15:42:21","25","32","23","58","100","Moderate"
1968078,"6.5751243","3.3920693","2026-07-07 15:42:22","25","32","23","58","100","Moderate"
1968078,"6.5751243","3.3920693","2026-07-07 15:42:23","25","32","23","58","100","Moderate"
1968078,"6.5751243","3.3920693","2026-07-07 15:42:24","25","32","23","58","100","Moderate"
1968078,"6.5751243","3.3920693","2026-07-07 15:42:25","25","32","23","58","100","Moderate"
1968078,"6.5751243","3.3920693","2026-07-07 15:42:26","25","32","23","58","100","Moderate"
1968078,"6.5751243","3.3920693","2026-07-07 15:42:27","25","32","23","58","100","Moderate"
1968078,"6.5751243","3.3920693","2026-07-07 15:42:28","28","37","26","58","100","Moderate"
1968078,"6.5751243","3.3920693","2026-07-07 15:42:29","25","32","23","58","100","Moderate"
1968078,"6.5751243","3.3920693","2026-07-07 15:42:31","28","37","26","58","100","Moderate"
1968078,"6.5751243","3.3920693","2026-07-07 15:42:32","28","37","26","58","100","Moderate"
1968078,"6.5751243","3.3920693","2026-07-07 15:42:33","33","47","30","58","100","Moderate"
1968078,"6.5751243","3.3920693","2026-07-07 15:42:34","36","54","33","58","100","Unhealthy for Sensitive Groups"
1968078,"6.5751243","3.3920693","2026-07-07 15:42:35","38","57","34","58","100","Unhealthy for Sensitive Groups"
1968078,"6.5751243","3.3920693","2026-07-07 15:42:36","39","60","35","58","100","Unhealthy for Sensitive Groups"
1968078,"6.5751243","3.3920693","2026-07-07 15:42:37","36","54","33","58","100","Unhealthy for Sensitive Groups"
1968078,"6.5751243","3.3920693","2026-07-07 15:42:38","36","54","33","58","100","Unhealthy for Sensitive Groups"
1968078,"6.5751243","3.3920693","2026-07-07 15:42:39","36","54","33","58","100","Unhealthy for Sensitive Groups"
1968078,"6.5751243","3.3920693","2026-07-07 15:42:40","36","54","33","58","100","Unhealthy for Sensitive Groups"
1968078,"6.5751243","3.3920693","2026-07-07 15:42:41","36","54","33","58","100","Unhealthy for Sensitive Groups"
1968078,"6.5751243","3.3920693","2026-07-07 15:42:42","36","54","33","58","100","Unhealthy for Sensitive Groups"
1968078,"6.5751243","3.3920693","2026-07-07 15:42:43","36","54","33","58","100","Unhealthy for Sensitive Groups"
1968078,"6.5751243","3.3920693","2026-07-07 15:42:44","33","47","30","58","100","Moderate"
1968078,"6.5751243","3.3920693","2026-07-07 15:42:46","33","47","30","58","100","Moderate"
1968078,"6.5751243","3.3920693","2026-07-07 15:42:47","30","42","28","58","100","Moderate"
1968078,"6.5751243","3.3920693","2026-07-07 15:42:48","28","37","26","58","100","Moderate"
1968078,"6.5751243","3.3920693","2026-07-07 15:42:49","28","37","26","58","100","Moderate"
1968078,"6.5751243","3.3920693","2026-07-07 15:42:50","25","32","23","58","100","Moderate"
1968078,"6.5751243","3.3920693","2026-07-07 15:42:51","25","32","23","58","100","Moderate"
1968078,"6.5751243","3.3920693","2026-07-07 15:42:52","25","32","23","58","100","Moderate"
1968078,"6.5751243","3.3920693","2026-07-07 15:42:53","25","32","23","58","100","Moderate"
1968078,"6.5751243","3.3920693","2026-07-07 15:42:54","25","32","23","58","100","Moderate"
1968078,"6.5751243","3.3920693","2026-07-07 15:42:55","25","32","23","58","100","Moderate"
1968078,"6.5751243","3.3920693","2026-07-07 15:42:56","25","32","23","58","100","Moderate"
1968078,"6.5751243","3.3920693","2026-07-07 15:42:57","24","29","22","58","100","Moderate"
1968078,"6.5751243","3.3920693","2026-07-07 15:42:58","24","29","22","58","100","Moderate"
1968078,"6.5751243","3.3920693","2026-07-07 15:43:00","25","32","23","58","100","Moderate"
1968078,"6.5751243","3.3920693","2026-07-07 15:43:01","25","32","23","58","100","Moderate"
1968078,"6.5751243","3.3920693","2026-07-07 15:43:02","24","29","22","58","100","Moderate"
1968078,"6.5751243","3.3920693","2026-07-07 15:43:03","24","29","22","58","100","Moderate"
1968078,"6.5751243","3.3920693","2026-07-07 15:43:04","24","29","22","58","100","Moderate"
1968078,"6.5751243","3.3920693","2026-07-07 15:43:05","24","28","22","58","100","Moderate"
1968078,"6.5751243","3.3920693","2026-07-07 15:43:06","23","27","21","58","100","Moderate"
1968078,"6.5751243","3.3920693","2026-07-07 15:43:07","23","27","21","58","100","Moderate"
1968078,"6.5751243","3.3920693","2026-07-07 15:43:08","23","27","21","58","100","Moderate"
1968078,"6.5751243","3.3920693","2026-07-07 15:43:09","23","27","21","58","100","Moderate"
1968078,"6.5751243","3.3920693","2026-07-07 15:43:11","22","25","20","58","100","Moderate"
1968078,"6.5751243","3.3920693","2026-07-07 15:43:12","22","25","20","58","100","Moderate"
1968078,"6.5751243","3.3920693","2026-07-07 15:43:13","22","25","20","58","100","Moderate"
1968078,"6.5751243","3.3920693","2026-07-07 15:43:14","22","25","20","58","100","Moderate"
1968078,"6.5751243","3.3920693","2026-07-07 15:43:16","21","22","19","58","100","Moderate"
1968078,"6.5751243","3.3920693","2026-07-07 15:43:17","21","22","19","58","100","Moderate"
1968078,"6.5751243","3.3920693","2026-07-07 15:43:18","21","22","19","58","100","Moderate"
1968078,"6.5751243","3.3920693","2026-07-07 15:43:20","19","20","17","58","100","Moderate"
1968078,"6.5751243","3.3920693","2026-07-07 15:43:21","18","19","17","58","100","Moderate"
1968078,"6.5751243","3.3920693","2026-07-07 15:43:22","18","19","17","58","100","Moderate"
1968078,"6.5751243","3.3920693","2026-07-07 15:43:23","18","19","17","58","100","Moderate"
1968078,"6.5751243","3.3920693","2026-07-07 15:43:24","18","19","17","58","100","Moderate"
1968078,"6.5751243","3.3920693","2026-07-07 15:43:25","17","18","16","58","100","Moderate"
1968078,"6.5751243","3.3920693","2026-07-07 15:43:26","17","18","16","58","100","Moderate"
1968078,"6.5751243","3.3920693","2026-07-07 15:43:27","18","19","17","58","100","Moderate"
1968078,"6.5751243","3.3920693","2026-07-07 15:43:28","18","19","17","58","100","Moderate"
1968078,"6.5751243","3.3920693","2026-07-07 15:43:29","20","21","18","58","100","Moderate"
1968078,"6.5751243","3.3920693","2026-07-07 15:43:30","20","21","18","58","100","Moderate"
1968078,"6.5751243","3.3920693","2026-07-07 15:43:31","20","21","18","58","100","Moderate"
1968078,"6.5751243","3.3920693","2026-07-07 15:43:32","20","21","18","58","100","Moderate"
1968078,"6.5751243","3.3920693","2026-07-07 15:43:33","20","21","18","58","100","Moderate"
1968078,"6.5751243","3.3920693","2026-07-07 15:43:34","18","19","17","58","100","Moderate"
1968078,"6.5751243","3.3920693","2026-07-07 15:43:35","18","19","17","58","100","Moderate"
1968078,"6.5751243","3.3920693","2026-07-07 15:43:36","18","19","17","58","100","Moderate"
1968078,"6.5751243","3.3920693","2026-07-07 15:43:37","18","19","17","58","100","Moderate"
1968078,"6.5751243","3.3920693","2026-07-07 15:43:38","20","21","18","58","100","Moderate"
1968078,"6.5751243","3.3920693","2026-07-07 15:43:39","20","21","18","58","100","Moderate"
1968078,"6.5751243","3.3920693","2026-07-07 15:43:40","20","21","18","58","100","Moderate"
1968078,"6.5751243","3.3920693","2026-07-07 15:43:41","20","21","18","58","100","Moderate"
1968078,"6.5751243","3.3920693","2026-07-07 15:43:42","20","21","18","58","100","Moderate"
1968078,"6.5751243","3.3920693","2026-07-07 15:43:43","20","21","18","58","100","Moderate"
1968078,"6.5751243","3.3920693","2026-07-07 15:43:44","20","21","18","58","100","Moderate"
1968078,"6.5751243","3.3920693","2026-07-07 15:43:45","20","21","18","58","100","Moderate"
1968078,"6.5751243","3.3920693","2026-07-07 15:43:46","18","19","17","58","100","Moderate"
1968078,"6.5751243","3.3920693","2026-07-07 15:43:47","18","19","17","59","100","Moderate"
1968078,"6.5751243","3.3920693","2026-07-07 15:43:48","18","19","17","59","100","Moderate"
1968078,"6.5751243","3.3920693","2026-07-07 15:43:49","20","21","18","59","100","Moderate"
1968078,"6.5751243","3.3920693","2026-07-07 15:43:50","20","21","18","59","100","Moderate"
1968078,"6.5751243","3.3920693","2026-07-07 15:43:51","20","21","18","59","100","Moderate"
1968078,"6.5751243","3.3920693","2026-07-07 15:43:52","20","21","18","59","100","Moderate"
1968078,"6.5751243","3.3920693","2026-07-07 15:43:53","20","21","18","59","100","Moderate"
1968078,"6.5751243","3.3920693","2026-07-07 15:43:54","20","21","18","59","100","Moderate"
1968078,"6.5751243","3.3920693","2026-07-07 15:43:55","20","21","18","59","100","Moderate"
1968078,"6.5751243","3.3920693","2026-07-07 15:43:56","18","19","17","59","100","Moderate"
1968078,"6.5751243","3.3920693","2026-07-07 15:43:57","18","19","17","59","100","Moderate"
1968078,"6.5751243","3.3920693","2026-07-07 15:43:58","18","19","17","59","100","Moderate"
1968078,"6.5751243","3.3920693","2026-07-07 15:43:59","20","21","18","58","100","Moderate"
1968078,"6.5751243","3.3920693","2026-07-07 15:44:00","20","21","18","58","100","Moderate"
1968078,"6.5751243","3.3920693","2026-07-07 15:44:01","20","21","18","58","100","Moderate"
1968078,"6.5751243","3.3920693","2026-07-07 15:44:02","20","21","18","58","100","Moderate"
1968078,"6.5751243","3.3920693","2026-07-07 15:44:03","20","21","18","58","100","Moderate"
1968078,"6.5751243","3.3920693","2026-07-07 15:44:04","20","21","18","58","100","Moderate"
1968078,"6.5751243","3.3920693","2026-07-07 15:44:05","20","21","18","58","100","Moderate"
1968078,"6.5751243","3.3920693","2026-07-07 15:44:06","20","21","18","58","100","Moderate"
1968078,"6.5751243","3.3920693","2026-07-07 15:44:07","20","21","18","58","100","Moderate"
1968078,"6.5751243","3.3920693","2026-07-07 15:44:08","18","19","17","58","100","Moderate"
1968078,"6.5751243","3.3920693","2026-07-07 15:44:09","18","19","17","58","100","Moderate"
1968078,"6.5751243","3.3920693","2026-07-07 15:44:10","18","19","17","58","100","Moderate"
1968078,"6.5751243","3.3920693","2026-07-07 15:44:11","18","19","17","58","100","Moderate"
1968078,"6.5751243","3.3920693","2026-07-07 15:44:12","20","21","18","58","100","Moderate"
1968078,"6.5751243","3.3920693","2026-07-07 15:44:13","20","21","18","58","100","Moderate"
1968078,"6.5751243","3.3920693","2026-07-07 15:44:14","21","22","19","58","100","Moderate"
1968078,"6.5751243","3.3920693","2026-07-07 15:44:15","21","22","19","58","100","Moderate"
1968078,"6.5751243","3.3920693","2026-07-07 15:44:16","21","22","19","58","100","Moderate"
1968078,"6.5751243","3.3920693","2026-07-07 15:44:17","21","22","19","58","100","Moderate"
1968078,"6.5751243","3.3920693","2026-07-07 15:44:18","21","22","19","58","100","Moderate"
1968078,"6.5751243","3.3920693","2026-07-07 15:44:19","21","22","19","58","100","Moderate"
1968078,"6.5751243","3.3920693","2026-07-07 15:44:20","21","22","19","58","100","Moderate"
1968078,"6.5751243","3.3920693","2026-07-07 15:44:21","22","25","20","58","100","Moderate"
1968078,"6.5751243","3.3920693","2026-07-07 15:44:22","22","25","20","58","100","Moderate"
1968078,"6.5751243","3.3920693","2026-07-07 15:44:23","23","27","21","58","100","Moderate"
1968078,"6.5751243","3.3920693","2026-07-07 15:44:24","23","27","21","58","100","Moderate"
1968078,"6.5751243","3.3920693","2026-07-07 15:44:25","23","27","21","58","100","Moderate"
1968078,"6.5751243","3.3920693","2026-07-07 15:44:26","23","27","21","58","100","Moderate"
1968078,"6.5751243","3.3920693","2026-07-07 15:44:27","23","27","21","58","100","Moderate"
1968078,"6.5751243","3.3920693","2026-07-07 15:44:28","23","27","21","58","100","Moderate"
1968078,"6.5751243","3.3920693","2026-07-07 15:44:29","23","27","21","58","100","Moderate"
1968078,"6.5751243","3.3920693","2026-07-07 15:44:30","23","27","21","58","100","Moderate"
1968078,"6.5751243","3.3920693","2026-07-07 15:44:31","23","27","21","58","100","Moderate"
1968078,"6.5751243","3.3920693","2026-07-07 15:44:32","23","27","21","59","100","Moderate"
1968078,"6.5751243","3.3920693","2026-07-07 15:44:33","23","27","21","59","100","Moderate"
1968078,"6.5751243","3.3920693","2026-07-07 15:44:34","23","27","21","59","100","Moderate"
1968078,"6.5751243","3.3920693","2026-07-07 15:44:35","23","27","21","59","100","Moderate"
1968078,"6.5751243","3.3920693","2026-07-07 15:44:36","23","27","21","59","100","Moderate"
1968078,"6.5751243","3.3920693","2026-07-07 15:44:37","23","27","21","59","100","Moderate"
1968078,"6.5751243","3.3920693","2026-07-07 15:44:38","23","27","21","59","100","Moderate"
1968078,"6.5751243","3.3920693","2026-07-07 15:44:39","23","27","21","58","100","Moderate"
1968078,"6.5751243","3.3920693","2026-07-07 15:44:40","22","25","20","58","100","Moderate"
1968078,"6.5751243","3.3920693","2026-07-07 15:44:41","22","25","20","58","100","Moderate"
1968078,"6.5751243","3.3920693","2026-07-07 15:44:42","22","25","20","58","100","Moderate"
1968078,"6.5751243","3.3920693","2026-07-07 15:44:43","22","25","20","58","100","Moderate"
1968078,"6.5751243","3.3920693","2026-07-07 15:44:44","23","27","21","58","100","Moderate"
1968078,"6.5751243","3.3920693","2026-07-07 15:44:45","23","27","21","58","100","Moderate"
1968078,"6.5751243","3.3920693","2026-07-07 15:44:46","22","25","20","58","100","Moderate"
1968078,"6.5751243","3.3920693","2026-07-07 15:44:47","23","27","21","58","100","Moderate"
1968078,"6.5751243","3.3920693","2026-07-07 15:44:48","23","27","21","58","100","Moderate"
1968078,"6.5751243","3.3920693","2026-07-07 15:44:49","22","26","21","58","100","Moderate"
1968078,"6.5751243","3.3920693","2026-07-07 15:44:50","22","25","20","58","100","Moderate"
1968078,"6.5751243","3.3920693","2026-07-07 15:44:51","22","25","20","58","100","Moderate"
1968078,"6.5751243","3.3920693","2026-07-07 15:44:52","23","27","21","58","100","Moderate"
1968078,"6.5751243","3.3920693","2026-07-07 15:44:53","23","27","21","58","100","Moderate"
1968078,"6.5751243","3.3920693","2026-07-07 15:44:54","23","27","21","58","100","Moderate"
1968078,"6.5751243","3.3920693","2026-07-07 15:44:55","22","25","20","58","100","Moderate"
1968078,"6.5751243","3.3920693","2026-07-07 15:44:56","22","25","20","58","100","Moderate"
1968078,"6.5751243","3.3920693","2026-07-07 15:44:57","22","25","20","58","100","Moderate"
1968078,"6.5751243","3.3920693","2026-07-07 15:44:58","23","27","21","58","100","Moderate"
1968078,"6.5751243","3.3920693","2026-07-07 15:44:59","23","27","21","58","100","Moderate"
1968078,"6.5751243","3.3920693","2026-07-07 15:45:00","23","27","21","58","100","Moderate"
1968078,"6.5751243","3.3920693","2026-07-07 15:45:01","23","27","21","58","100","Moderate"
1968078,"6.5751243","3.3920693","2026-07-07 15:45:02","23","27","21","58","100","Moderate"
1968078,"6.5751243","3.3920693","2026-07-07 15:45:03","23","27","21","59","100","Moderate"
1968078,"6.5751243","3.3920693","2026-07-07 15:45:04","23","27","21","59","100","Moderate"
1968078,"6.5751243","3.3920693","2026-07-07 15:45:05","22","25","20","59","100","Moderate"
1968078,"6.5751243","3.3920693","2026-07-07 15:45:06","22","25","20","59","100","Moderate"
1968078,"6.5751243","3.3920693","2026-07-07 15:45:07","20","21","18","59","100","Moderate"
1968078,"6.5751243","3.3920693","2026-07-07 15:45:08","20","21","18","59","100","Moderate"
1968078,"6.5751243","3.3920693","2026-07-07 15:45:09","18","19","17","59","100","Moderate"
1968078,"6.5751243","3.3920693","2026-07-07 15:45:10","18","19","17","58","100","Moderate"
1968078,"6.5751243","3.3920693","2026-07-07 15:45:11","18","19","17","58","100","Moderate"
1968078,"6.5751243","3.3920693","2026-07-07 15:45:12","16","17","15","58","100","Moderate"
1968078,"6.5751243","3.3920693","2026-07-07 15:45:13","17","18","16","58","100","Moderate"
1968078,"6.5751243","3.3920693","2026-07-07 15:45:15","16","17","15","58","100","Moderate"
1968078,"6.5751243","3.3920693","2026-07-07 15:45:16","15","16","14","58","100","Moderate"
1968078,"6.5751243","3.3920693","2026-07-07 15:45:17","15","16","14","58","100","Moderate"
1968078,"6.5751243","3.3920693","2026-07-07 15:45:18","15","16","14","58","100","Moderate"
1968078,"6.5751243","3.3920693","2026-07-07 15:45:19","15","16","14","58","100","Moderate"
1968078,"6.5751243","3.3920693","2026-07-07 15:45:20","15","16","14","58","100","Moderate"
1968078,"6.5751243","3.3920693","2026-07-07 15:45:21","14","14","13","58","100","Moderate"
1968078,"6.5751243","3.3920693","2026-07-07 15:45:23","14","14","13","58","100","Moderate"
1968078,"6.5751243","3.3920693","2026-07-07 15:45:24","14","14","13","58","100","Moderate"
1968078,"6.5751243","3.3920693","2026-07-07 15:45:25","13","13","12","58","100","Moderate"
1968078,"6.5751243","3.3920693","2026-07-07 15:45:26","13","13","12","58","100","Moderate"
1968078,"6.5751243","3.3920693","2026-07-07 15:45:27","13","13","12","59","100","Moderate"
1968078,"6.5751243","3.3920693","2026-07-07 15:45:28","13","13","12","59","100","Moderate"
1968078,"6.5751243","3.3920693","2026-07-07 15:45:29","13","13","12","59","100","Moderate"
1968078,"6.5751243","3.3920693","2026-07-07 15:45:30","13","13","12","59","100","Moderate"
1968078,"6.5751243","3.3920693","2026-07-07 15:45:31","13","13","12","59","100","Moderate"
1968078,"6.5751243","3.3920693","2026-07-07 15:45:32","13","13","12","58","100","Moderate"
1968078,"6.5751243","3.3920693","2026-07-07 15:45:33","14","14","13","58","100","Moderate"
1968078,"6.5751243","3.3920693","2026-07-07 15:45:35","15","16","14","58","100","Moderate"
1968078,"6.5751243","3.3920693","2026-07-07 15:45:36","15","16","14","58","100","Moderate"
1968078,"6.5751243","3.3920693","2026-07-07 15:45:37","16","17","15","58","100","Moderate"
1968078,"6.5751243","3.3920693","2026-07-07 15:45:38","16","17","15","58","100","Moderate"
1968078,"6.5751243","3.3920693","2026-07-07 15:45:40","16","17","15","58","100","Moderate"
1968078,"6.5751243","3.3920693","2026-07-07 15:45:41","16","17","15","58","100","Moderate"
1968078,"6.5751243","3.3920693","2026-07-07 15:45:42","17","18","16","58","100","Moderate"
1968078,"6.5751243","3.3920693","2026-07-07 15:45:44","15","16","14","58","100","Moderate"
1968078,"6.5751243","3.3920693","2026-07-07 15:45:46","15","16","14","58","100","Moderate"
1968078,"6.5751243","3.3920693","2026-07-07 15:45:47","14","14","13","58","100","Moderate"
1968078,"6.5751243","3.3920693","2026-07-07 15:45:49","14","14","13","57","100","Moderate"
1968078,"6.5751243","3.3920693","2026-07-07 15:45:51","14","14","13","57","100","Moderate"
1968078,"6.5751243","3.3920693","2026-07-07 15:45:52","14","14","13","58","100","Moderate"
1968078,"6.5751243","3.3920693","2026-07-07 15:45:54","14","14","13","58","100","Moderate"
1968078,"6.5751243","3.3920693","2026-07-07 15:45:56","15","16","14","58","100","Moderate"
1968078,"6.5751243","3.3920693","2026-07-07 15:45:58","15","16","14","58","100","Moderate"
1968078,"6.5751243","3.3920693","2026-07-07 15:45:59","15","16","14","58","100","Moderate"
1968078,"6.5751243","3.3920693","2026-07-07 15:46:00","15","16","14","58","100","Moderate"
1968078,"6.5751243","3.3920693","2026-07-07 15:46:01","16","17","15","58","100","Moderate"
1968078,"6.5751243","3.3920693","2026-07-07 15:46:02","15","16","14","58","100","Moderate"
1968078,"6.5751243","3.3920693","2026-07-07 15:46:03","16","17","15","58","100","Moderate"
1968078,"6.5751243","3.3920693","2026-07-07 15:46:04","16","16","14","58","100","Moderate"
1968078,"6.5751243","3.3920693","2026-07-07 15:46:05","15","16","14","58","100","Moderate"
1968078,"6.5751243","3.3920693","2026-07-07 15:46:06","15","16","14","58","100","Moderate"
1968078,"6.5751243","3.3920693","2026-07-07 15:46:07","17","18","16","58","100","Moderate"
1968078,"6.5751243","3.3920693","2026-07-07 15:46:08","18","19","17","58","100","Moderate"
1968078,"6.5751243","3.3920693","2026-07-07 15:46:09","18","19","17","58","100","Moderate"
1968078,"6.5751243","3.3920693","2026-07-07 15:46:10","20","21","18","58","100","Moderate"
1968078,"6.5751243","3.3920693","2026-07-07 15:46:11","20","21","18","58","100","Moderate"
1968078,"6.5751243","3.3920693","2026-07-07 15:46:12","20","21","18","58","100","Moderate"
1968078,"6.5751243","3.3920693","2026-07-07 15:46:13","20","21","18","58","100","Moderate"
1968078,"6.5751243","3.3920693","2026-07-07 15:46:14","20","21","18","58","100","Moderate"
1968078,"6.5751243","3.3920693","2026-07-07 15:46:15","21","22","19","58","100","Moderate"
1968078,"6.5751243","3.3920693","2026-07-07 15:46:16","21","22","19","58","100","Moderate"
1968078,"6.5751243","3.3920693","2026-07-07 15:46:17","21","22","19","58","100","Moderate"
1968078,"6.5751243","3.3920693","2026-07-07 15:46:18","21","22","19","58","100","Moderate"
1968078,"6.5751243","3.3920693","2026-07-07 15:46:19","20","21","18","58","100","Moderate"
1968078,"6.5751243","3.3920693","2026-07-07 15:46:20","21","22","19","58","100","Moderate"
1968078,"6.5751243","3.3920693","2026-07-07 15:46:21","21","22","19","58","100","Moderate"
1968078,"6.5751243","3.3920693","2026-07-07 15:46:22","21","22","19","58","100","Moderate"
1968078,"6.5751243","3.3920693","2026-07-07 15:46:23","20","21","18","58","100","Moderate"
1968078,"6.5751243","3.3920693","2026-07-07 15:46:24","20","21","18","58","100","Moderate"
1968078,"6.5751243","3.3920693","2026-07-07 15:46:25","20","21","18","58","100","Moderate"
1968078,"6.5751243","3.3920693","2026-07-07 15:46:26","18","19","17","58","100","Moderate"
1968078,"6.5751243","3.3920693","2026-07-07 15:46:27","17","18","16","58","100","Moderate"
1968078,"6.5751243","3.3920693","2026-07-07 15:46:28","18","19","17","58","100","Moderate"
1968078,"6.5751243","3.3920693","2026-07-07 15:46:29","17","18","16","58","100","Moderate"
1968078,"6.5751243","3.3920693","2026-07-07 15:46:30","17","18","16","58","100","Moderate"
1968078,"6.5751243","3.3920693","2026-07-07 15:46:31","16","17","15","58","100","Moderate"
1968078,"6.5751243","3.3920693","2026-07-07 15:46:32","16","17","15","58","100","Moderate"
1968078,"6.5751243","3.3920693","2026-07-07 15:46:33","16","17","15","58","100","Moderate"
1968078,"6.5751243","3.3920693","2026-07-07 15:46:34","15","16","14","58","100","Moderate"
1968078,"6.5751243","3.3920693","2026-07-07 15:46:35","14","14","13","58","100","Moderate"
1968078,"6.5751243","3.3920693","2026-07-07 15:46:36","15","16","14","58","100","Moderate"
1968078,"6.5751243","3.3920693","2026-07-07 15:46:37","15","16","14","58","100","Moderate"
1968078,"6.5751243","3.3920693","2026-07-07 15:46:38","15","16","14","58","100","Moderate"
1968078,"6.5751243","3.3920693","2026-07-07 15:46:39","15","16","14","58","100","Moderate"
1968078,"6.5751243","3.3920693","2026-07-07 15:46:40","16","17","15","58","100","Moderate"
1968078,"6.5751243","3.3920693","2026-07-07 15:46:41","16","17","15","58","100","Moderate"
1968078,"6.5751243","3.3920693","2026-07-07 15:46:42","16","17","15","58","100","Moderate"
1968078,"6.5751243","3.3920693","2026-07-07 15:46:43","15","16","14","58","100","Moderate"
1968078,"6.5751243","3.3920693","2026-07-07 15:46:44","15","16","14","58","100","Moderate"
1968078,"6.5751243","3.3920693","2026-07-07 15:46:45","15","16","14","58","100","Moderate"
1968078,"6.5751243","3.3920693","2026-07-07 15:46:46","15","16","14","58","100","Moderate"
1968078,"6.5751243","3.3920693","2026-07-07 15:46:47","16","17","15","58","100","Moderate"
1968078,"6.5751243","3.3920693","2026-07-07 15:46:48","16","17","15","58","100","Moderate"
1968078,"6.5751243","3.3920693","2026-07-07 15:46:49","16","17","15","58","100","Moderate"
1968078,"6.5751243","3.3920693","2026-07-07 15:46:50","16","17","15","58","100","Moderate"
1968078,"6.5751243","3.3920693","2026-07-07 15:46:51","16","17","15","58","100","Moderate"
1968078,"6.5751243","3.3920693","2026-07-07 15:46:52","15","16","14","58","100","Moderate"
1968078,"6.5751243","3.3920693","2026-07-07 15:46:53","15","16","14","58","100","Moderate"
1968078,"6.5751243","3.3920693","2026-07-07 15:46:54","16","17","15","58","100","Moderate"
1968078,"6.5751243","3.3920693","2026-07-07 15:46:55","17","18","16","58","100","Moderate"
1968078,"6.5751243","3.3920693","2026-07-07 15:46:56","18","19","17","58","100","Moderate"
1968078,"6.5751243","3.3920693","2026-07-07 15:46:57","18","19","17","58","100","Moderate"
1968078,"6.5751243","3.3920693","2026-07-07 15:46:58","18","19","17","58","100","Moderate"
1968078,"6.5751243","3.3920693","2026-07-07 15:46:59","17","18","16","58","100","Moderate"
1968078,"6.5751243","3.3920693","2026-07-07 15:47:00","18","19","17","58","100","Moderate"
1968078,"6.5751243","3.3920693","2026-07-07 15:47:01","20","21","18","58","100","Moderate"
1968078,"6.5751243","3.3920693","2026-07-07 15:47:02","20","21","18","58","100","Moderate"
1968078,"6.5751243","3.3920693","2026-07-07 15:47:03","18","19","17","58","100","Moderate"
1968078,"6.5751243","3.3920693","2026-07-07 15:47:04","18","19","17","58","100","Moderate"
1968078,"6.5751243","3.3920693","2026-07-07 15:47:05","17","18","16","58","100","Moderate"
1968078,"6.5751243","3.3920693","2026-07-07 15:47:06","17","18","16","58","100","Moderate"
1968078,"6.5751243","3.3920693","2026-07-07 15:47:07","17","18","16","58","100","Moderate"
1968078,"6.5751243","3.3920693","2026-07-07 15:47:08","17","18","16","59","100","Moderate"
1968078,"6.5751243","3.3920693","2026-07-07 15:47:09","17","18","16","59","100","Moderate"
1968078,"6.5751243","3.3920693","2026-07-07 15:47:10","16","17","15","58","100","Moderate"
1968078,"6.5751243","3.3920693","2026-07-07 15:47:11","16","17","15","58","100","Moderate"
1968078,"6.5751243","3.3920693","2026-07-07 15:47:12","16","17","15","58","100","Moderate"
1968078,"6.5751243","3.3920693","2026-07-07 15:47:13","16","17","15","58","100","Moderate"
1968078,"6.5751243","3.3920693","2026-07-07 15:47:14","16","17","15","58","100","Moderate"
1968078,"6.5751243","3.3920693","2026-07-07 15:47:15","16","17","15","58","100","Moderate"
1968078,"6.5751243","3.3920693","2026-07-07 15:47:16","16","17","15","58","100","Moderate"
1968078,"6.5751243","3.3920693","2026-07-07 15:47:17","17","18","16","58","100","Moderate"
1968078,"6.5751243","3.3920693","2026-07-07 15:47:18","17","18","16","58","100","Moderate"
1968078,"6.5751243","3.3920693","2026-07-07 15:47:19","17","18","16","58","100","Moderate"
1968078,"6.5751243","3.3920693","2026-07-07 15:47:20","17","18","16","58","100","Moderate"
1968078,"6.5751243","3.3920693","2026-07-07 15:47:21","17","18","16","58","100","Moderate"
1968078,"6.5751243","3.3920693","2026-07-07 15:47:22","18","19","17","58","100","Moderate"
1968078,"6.5751243","3.3920693","2026-07-07 15:47:23","18","19","17","58","100","Moderate"
1968078,"6.5751243","3.3920693","2026-07-07 15:47:24","18","19","17","58","100","Moderate"
1968078,"6.5751243","3.3920693","2026-07-07 15:47:25","18","19","17","58","100","Moderate"
1968078,"6.5751243","3.3920693","2026-07-07 15:47:26","18","19","17","58","100","Moderate"
1968078,"6.5751243","3.3920693","2026-07-07 15:47:27","18","19","17","58","100","Moderate"
1968078,"6.5751243","3.3920693","2026-07-07 15:47:28","18","19","17","58","100","Moderate"
1968078,"6.5751243","3.3920693","2026-07-07 15:47:29","17","18","16","58","100","Moderate"
1968078,"6.5751243","3.3920693","2026-07-07 15:47:30","17","18","16","58","100","Moderate"
1968078,"6.5751243","3.3920693","2026-07-07 15:47:31","17","18","16","58","100","Moderate"
1968078,"6.5751243","3.3920693","2026-07-07 15:47:32","17","18","16","58","100","Moderate"
1968078,"6.5751243","3.3920693","2026-07-07 15:47:33","17","18","16","58","100","Moderate"
1968078,"6.5751243","3.3920693","2026-07-07 15:47:34","17","18","15","58","100","Moderate"
1968078,"6.5751243","3.3920693","2026-07-07 15:47:35","16","17","15","58","100","Moderate"
1968078,"6.5751243","3.3920693","2026-07-07 15:47:36","15","16","14","58","100","Moderate"
1968078,"6.5751243","3.3920693","2026-07-07 15:47:37","15","16","14","58","100","Moderate"
1968078,"6.5751243","3.3920693","2026-07-07 15:47:38","15","16","14","58","100","Moderate"
1968078,"6.5751243","3.3920693","2026-07-07 15:47:39","15","16","14","58","100","Moderate"
1968078,"6.5751243","3.3920693","2026-07-07 15:47:40","16","17","15","58","100","Moderate"
1968078,"6.5751243","3.3920693","2026-07-07 15:47:41","16","16","14","58","100","Moderate"
1968078,"6.5751243","3.3920693","2026-07-07 15:47:42","14","14","13","58","100","Moderate"
1968078,"6.5751243","3.3920693","2026-07-07 15:47:43","14","14","13","58","100","Moderate"
1968078,"6.5751243","3.3920693","2026-07-07 15:47:44","14","14","13","58","100","Moderate"
1968078,"6.5751243","3.3920693","2026-07-07 15:47:45","14","14","13","58","100","Moderate"
1968078,"6.5751243","3.3920693","2026-07-07 15:47:46","14","14","13","58","100","Moderate"
1968078,"6.5751243","3.3920693","2026-07-07 15:47:47","15","16","14","58","100","Moderate"
1968078,"6.5751243","3.3920693","2026-07-07 15:47:48","14","15","13","58","100","Moderate"
1968078,"6.5751243","3.3920693","2026-07-07 15:47:49","14","14","13","58","100","Moderate"
1968078,"6.5751243","3.3920693","2026-07-07 15:47:50","14","14","13","58","100","Moderate"
1968078,"6.5751243","3.3920693","2026-07-07 15:47:51","15","16","14","58","100","Moderate"
1968078,"6.5751243","3.3920693","2026-07-07 15:47:52","16","17","15","58","100","Moderate"
1968078,"6.5751243","3.3920693","2026-07-07 15:47:53","16","17","15","58","100","Moderate"
1968078,"6.5751243","3.3920693","2026-07-07 15:47:54","16","17","15","58","100","Moderate"
1968078,"6.5751243","3.3920693","2026-07-07 15:47:55","16","17","15","58","100","Moderate"
1968078,"6.5751243","3.3920693","2026-07-07 15:47:56","16","17","15","58","100","Moderate"
1968078,"6.5751243","3.3920693","2026-07-07 15:47:57","16","17","15","58","100","Moderate"
1968078,"6.5751243","3.3920693","2026-07-07 15:47:58","16","17","15","58","100","Moderate"
1968078,"6.5751243","3.3920693","2026-07-07 15:47:59","16","17","15","58","100","Moderate"
1968078,"6.5751243","3.3920693","2026-07-07 15:48:00","15","16","14","58","100","Moderate"
1968078,"6.5751243","3.3920693","2026-07-07 15:48:01","16","17","15","58","100","Moderate"
1968078,"6.5751243","3.3920693","2026-07-07 15:48:02","17","18","15","58","100","Moderate"
1968078,"6.5751243","3.3920693","2026-07-07 15:48:03","17","18","16","58","100","Moderate"
1968078,"6.5751243","3.3920693","2026-07-07 15:48:04","17","18","16","58","100","Moderate"
1968078,"6.5751243","3.3920693","2026-07-07 15:48:05","17","18","16","58","100","Moderate"
1968078,"6.5751243","3.3920693","2026-07-07 15:48:06","17","18","16","58","100","Moderate"
1968078,"6.5751243","3.3920693","2026-07-07 15:48:07","17","18","16","58","100","Moderate"
1968078,"6.5751243","3.3920693","2026-07-07 15:48:08","17","18","16","58","100","Moderate"
1968078,"6.5751243","3.3920693","2026-07-07 15:48:09","16","17","15","58","100","Moderate"
1968078,"6.5751243","3.3920693","2026-07-07 15:48:10","16","17","15","58","100","Moderate"
1968078,"6.5751243","3.3920693","2026-07-07 15:48:11","16","17","15","58","100","Moderate"
1968078,"6.5751243","3.3920693","2026-07-07 15:48:12","15","16","14","58","100","Moderate"
1968078,"6.5751243","3.3920693","2026-07-07 15:48:13","15","16","14","58","100","Moderate"
1968078,"6.5751243","3.3920693","2026-07-07 15:48:14","15","16","14","58","100","Moderate"
1968078,"6.5751243","3.3920693","2026-07-07 15:48:15","17","18","16","58","100","Moderate"
1968078,"6.5751243","3.3920693","2026-07-07 15:48:16","17","18","16","58","100","Moderate"
1968078,"6.5751243","3.3920693","2026-07-07 15:48:17","17","18","16","58","100","Moderate"
1968078,"6.5751243","3.3920693","2026-07-07 15:48:18","17","18","16","58","100","Moderate"
1968078,"6.5751243","3.3920693","2026-07-07 15:48:19","17","18","16","58","100","Moderate"
1968078,"6.5751243","3.3920693","2026-07-07 15:48:20","16","17","15","58","100","Moderate"
1968078,"6.5751243","3.3920693","2026-07-07 15:48:21","15","16","14","58","100","Moderate"
1968078,"6.5751243","3.3920693","2026-07-07 15:48:22","15","16","14","58","100","Moderate"
1968078,"6.5751243","3.3920693","2026-07-07 15:48:24","14","14","13","58","100","Moderate"
1968078,"6.5751243","3.3920693","2026-07-07 15:48:25","14","14","13","58","100","Moderate"
1968078,"6.5751243","3.3920693","2026-07-07 15:48:26","14","14","13","58","100","Moderate"
1968078,"6.5751243","3.3920693","2026-07-07 15:48:27","14","14","13","58","100","Moderate"
1968078,"6.5751243","3.3920693","2026-07-07 15:48:28","14","14","13","58","100","Moderate"
1968078,"6.5751243","3.3920693","2026-07-07 15:48:29","14","14","13","58","100","Moderate"
1968078,"6.5751243","3.3920693","2026-07-07 15:48:30","13","14","12","58","100","Moderate"
1968078,"6.5751243","3.3920693","2026-07-07 15:48:31","13","13","12","58","100","Moderate"
1968078,"6.5751243","3.3920693","2026-07-07 15:48:33","13","13","12","58","100","Moderate"
1968078,"6.5751243","3.3920693","2026-07-07 15:48:34","13","13","12","58","100","Moderate"
1968078,"6.5751243","3.3920693","2026-07-07 15:48:36","13","13","12","58","100","Moderate"
1968078,"6.5751243","3.3920693","2026-07-07 15:48:38","14","14","13","58","100","Moderate"
1968078,"6.5751243","3.3920693","2026-07-07 15:48:40","14","14","13","58","100","Moderate"
1968078,"6.5751243","3.3920693","2026-07-07 15:48:41","14","14","13","58","100","Moderate"
1968078,"6.5751243","3.3920693","2026-07-07 15:48:43","14","14","13","58","100","Moderate"
1968078,"6.5751243","3.3920693","2026-07-07 15:48:45","14","14","13","58","100","Moderate"
1968078,"6.5751243","3.3920693","2026-07-07 15:48:46","14","14","13","58","100","Moderate"
1968078,"6.5751243","3.3920693","2026-07-07 15:48:47","14","14","13","58","100","Moderate"
1968078,"6.5751243","3.3920693","2026-07-07 15:48:48","14","14","13","58","100","Moderate"
1968078,"6.5751243","3.3920693","2026-07-07 15:48:49","14","14","13","58","100","Moderate"
1968078,"6.5751243","3.3920693","2026-07-07 15:48:50","14","14","13","58","100","Moderate"
1968078,"6.5751243","3.3920693","2026-07-07 15:48:51","14","14","13","58","100","Moderate"
1968078,"6.5751243","3.3920693","2026-07-07 15:48:52","14","14","13","58","100","Moderate"
1968078,"6.5751243","3.3920693","2026-07-07 15:48:53","14","14","13","58","100","Moderate"
1968078,"6.5751243","3.3920693","2026-07-07 15:48:54","12","12","11","58","100","Good"
1968078,"6.5751243","3.3920693","2026-07-07 15:48:55","12","12","11","58","100","Good"
1968078,"6.5751243","3.3920693","2026-07-07 15:48:56","13","13","12","59","100","Moderate"
1968078,"6.5751243","3.3920693","2026-07-07 15:48:57","13","13","12","59","100","Moderate"
1968078,"6.5751243","3.3920693","2026-07-07 15:48:58","13","13","12","59","100","Moderate"
1968078,"6.5751243","3.3920693","2026-07-07 15:48:59","13","13","12","59","100","Moderate"
1968078,"6.5751243","3.3920693","2026-07-07 15:49:00","14","14","13","59","100","Moderate"
1968078,"6.5751243","3.3920693","2026-07-07 15:49:01","13","13","12","59","100","Moderate"
1968078,"6.5751243","3.3920693","2026-07-07 15:49:02","13","13","12","59","100","Moderate"
1968078,"6.5751243","3.3920693","2026-07-07 15:49:03","12","12","11","59","100","Good"
1968078,"6.5751243","3.3920693","2026-07-07 15:49:04","12","12","11","59","100","Good"
1968078,"6.5751243","3.3920693","2026-07-07 15:49:05","13","13","12","59","100","Moderate"
1968078,"6.5751243","3.3920693","2026-07-07 15:49:06","14","14","13","59","100","Moderate"
1968078,"6.5751243","3.3920693","2026-07-07 15:49:07","14","14","13","59","100","Moderate"
1968078,"6.5751243","3.3920693","2026-07-07 15:49:08","14","14","13","59","100","Moderate"
1968078,"6.5751243","3.3920693","2026-07-07 15:49:09","14","14","13","59","100","Moderate"
1968078,"6.5751243","3.3920693","2026-07-07 15:49:10","14","14","13","59","100","Moderate"
1968078,"6.5751243","3.3920693","2026-07-07 15:49:11","14","14","13","59","100","Moderate"
1968078,"6.5751243","3.3920693","2026-07-07 15:49:12","13","13","12","59","100","Moderate"
1968078,"6.5751243","3.3920693","2026-07-07 15:49:13","13","13","12","59","100","Moderate"
1968078,"6.5751243","3.3920693","2026-07-07 15:49:14","13","13","12","59","100","Moderate"
1968078,"6.5751243","3.3920693","2026-07-07 15:49:15","12","12","11","59","100","Good"
1968078,"6.5751243","3.3920693","2026-07-07 15:49:16","12","12","11","59","100","Good"
1968078,"6.5751243","3.3920693","2026-07-07 15:49:17","12","12","11","59","100","Good"
1968078,"6.5751243","3.3920693","2026-07-07 15:49:18","12","12","11","59","100","Good"
1968078,"6.5751243","3.3920693","2026-07-07 15:49:19","12","12","11","59","100","Good"
1968078,"6.5751243","3.3920693","2026-07-07 15:49:20","10","11","10","59","100","Good"
1968078,"6.5751243","3.3920693","2026-07-07 15:49:21","12","12","11","59","100","Good"
1968078,"6.5751243","3.3920693","2026-07-07 15:49:22","12","12","11","59","100","Good"
1968078,"6.5751243","3.3920693","2026-07-07 15:49:23","12","12","11","59","100","Good"
1968078,"6.5751243","3.3920693","2026-07-07 15:49:24","10","11","10","58","100","Good"
1968078,"6.5751243","3.3920693","2026-07-07 15:49:25","10","11","10","58","100","Good"
1968078,"6.5751243","3.3920693","2026-07-07 15:49:26","11","11","10","58","100","Good"
1968078,"6.5751243","3.3920693","2026-07-07 15:49:27","12","12","11","58","100","Good"
1968078,"6.5751243","3.3920693","2026-07-07 15:49:28","12","12","11","58","100","Good"
1968078,"6.5751243","3.3920693","2026-07-07 15:49:29","12","12","11","58","100","Good"
1968078,"6.5751243","3.3920693","2026-07-07 15:49:30","12","12","11","58","100","Good"
1968078,"6.5751243","3.3920693","2026-07-07 15:49:31","13","13","12","58","100","Moderate"
1968078,"6.5751243","3.3920693","2026-07-07 15:49:32","13","13","12","58","100","Moderate"
1968078,"6.5751243","3.3920693","2026-07-07 15:49:33","14","14","13","58","100","Moderate"
1968078,"6.5751243","3.3920693","2026-07-07 15:49:34","14","14","13","58","100","Moderate"
1968078,"6.5751243","3.3920693","2026-07-07 15:49:35","14","14","13","58","100","Moderate"
1968078,"6.5751243","3.3920693","2026-07-07 15:49:36","13","13","12","58","100","Moderate"
1968078,"6.5751243","3.3920693","2026-07-07 15:49:37","13","13","12","58","100","Moderate"
1968078,"6.5751243","3.3920693","2026-07-07 15:49:38","14","14","13","58","100","Moderate"
1968078,"6.5751243","3.3920693","2026-07-07 15:49:39","15","16","14","58","100","Moderate"
1968078,"6.5751243","3.3920693","2026-07-07 15:49:40","14","14","13","58","100","Moderate"
1968078,"6.5751243","3.3920693","2026-07-07 15:49:41","14","14","13","58","100","Moderate"
1968078,"6.5751243","3.3920693","2026-07-07 15:49:42","14","14","13","58","100","Moderate"
1968078,"6.5751243","3.3920693","2026-07-07 15:49:43","14","14","13","58","100","Moderate"
1968078,"6.5751243","3.3920693","2026-07-07 15:49:44","14","14","13","58","100","Moderate"
1968078,"6.5751243","3.3920693","2026-07-07 15:49:45","14","14","13","58","100","Moderate"
1968078,"6.5751243","3.3920693","2026-07-07 15:49:46","14","14","13","58","100","Moderate"
1968078,"6.5751243","3.3920693","2026-07-07 15:49:47","14","15","13","58","100","Moderate"
1968078,"6.5751243","3.3920693","2026-07-07 15:49:48","14","14","13","58","100","Moderate"
1968078,"6.5751243","3.3920693","2026-07-07 15:49:49","14","14","13","58","100","Moderate"
1968078,"6.5751243","3.3920693","2026-07-07 15:49:50","15","16","14","58","100","Moderate"
1968078,"6.5751243","3.3920693","2026-07-07 15:49:51","15","16","14","58","100","Moderate"
1968078,"6.5751243","3.3920693","2026-07-07 15:49:52","15","16","14","58","100","Moderate"
1968078,"6.5751243","3.3920693","2026-07-07 15:49:53","15","16","14","58","100","Moderate"
1968078,"6.5751243","3.3920693","2026-07-07 15:49:54","16","17","15","58","100","Moderate"
1968078,"6.5751243","3.3920693","2026-07-07 15:49:55","16","17","15","58","100","Moderate"
1968078,"6.5751243","3.3920693","2026-07-07 15:49:56","17","18","16","58","100","Moderate"
1968078,"6.5751243","3.3920693","2026-07-07 15:49:57","18","19","17","58","100","Moderate"
1968078,"6.5751243","3.3920693","2026-07-07 15:49:58","18","19","17","58","99","Moderate"
1968078,"6.5751243","3.3920693","2026-07-07 15:49:59","17","18","16","58","99","Moderate"
1968078,"6.5751243","3.3920693","2026-07-07 15:50:00","17","18","16","58","99","Moderate"
1968078,"6.5751243","3.3920693","2026-07-07 15:50:01","18","19","17","58","99","Moderate"
1968078,"6.5751243","3.3920693","2026-07-07 15:50:02","17","18","16","58","99","Moderate"
1968078,"6.5751243","3.3920693","2026-07-07 15:50:03","16","17","15","58","99","Moderate"
1968078,"6.5751243","3.3920693","2026-07-07 15:50:04","15","16","14","58","99","Moderate"
1968078,"6.5751243","3.3920693","2026-07-07 15:50:05","15","16","14","58","99","Moderate"
1968078,"6.5751243","3.3920693","2026-07-07 15:50:06","15","16","14","58","99","Moderate"
1968078,"6.5751243","3.3920693","2026-07-07 15:50:07","14","14","13","58","99","Moderate"
1968078,"6.5751243","3.3920693","2026-07-07 15:50:08","15","16","14","58","99","Moderate"
1968078,"6.5751243","3.3920693","2026-07-07 15:50:09","15","16","14","58","99","Moderate"
1968078,"6.5751243","3.3920693","2026-07-07 15:50:10","15","16","14","58","99","Moderate"
1968078,"6.5751243","3.3920693","2026-07-07 15:50:11","14","15","13","58","99","Moderate"
1968078,"6.5751243","3.3920693","2026-07-07 15:50:12","14","14","13","58","99","Moderate"
1968078,"6.5751243","3.3920693","2026-07-07 15:50:13","15","16","14","58","99","Moderate"
1968078,"6.5751243","3.3920693","2026-07-07 15:50:14","15","16","14","58","99","Moderate"
1968078,"6.5751243","3.3920693","2026-07-07 15:50:15","14","14","13","58","99","Moderate"
1968078,"6.5751243","3.3920693","2026-07-07 15:50:16","14","14","13","58","99","Moderate"
1968078,"6.5751243","3.3920693","2026-07-07 15:50:17","14","14","13","58","99","Moderate"
1968078,"6.5751243","3.3920693","2026-07-07 15:50:18","14","14","13","58","99","Moderate"
1968078,"6.5751243","3.3920693","2026-07-07 15:50:19","14","14","13","58","99","Moderate"
1968078,"6.5751243","3.3920693","2026-07-07 15:50:20","13","13","12","58","99","Moderate"
1968078,"6.5751243","3.3920693","2026-07-07 15:50:21","13","13","12","58","99","Moderate"
1968078,"6.5751243","3.3920693","2026-07-07 15:50:22","13","13","12","58","99","Moderate"
1968078,"6.5751243","3.3920693","2026-07-07 15:50:23","13","13","12","58","99","Moderate"
1968078,"6.5751243","3.3920693","2026-07-07 15:50:24","13","13","12","58","99","Moderate"
1968078,"6.5751243","3.3920693","2026-07-07 15:50:25","13","13","12","58","99","Moderate"
1968078,"6.5751243","3.3920693","2026-07-07 15:50:26","14","14","13","58","99","Moderate"
1968078,"6.5751243","3.3920693","2026-07-07 15:50:27","15","16","14","58","99","Moderate"
1968078,"6.5751243","3.3920693","2026-07-07 15:50:28","15","16","14","58","99","Moderate"
1968078,"6.5751243","3.3920693","2026-07-07 15:50:29","15","16","14","58","99","Moderate"
1968078,"6.5751243","3.3920693","2026-07-07 15:50:30","15","16","14","58","99","Moderate"
1968078,"6.5751243","3.3920693","2026-07-07 15:50:31","14","15","13","58","99","Moderate"
1968078,"6.5751243","3.3920693","2026-07-07 15:50:32","15","16","14","58","99","Moderate"
1968078,"6.5751243","3.3920693","2026-07-07 15:50:33","15","16","14","58","99","Moderate"
1968078,"6.5751243","3.3920693","2026-07-07 15:50:34","15","16","14","58","99","Moderate"
1968078,"6.5751243","3.3920693","2026-07-07 15:50:35","15","16","14","58","99","Moderate"
1968078,"6.5751243","3.3920693","2026-07-07 15:50:36","14","14","13","58","99","Moderate"
1968078,"6.5751243","3.3920693","2026-07-07 15:50:37","14","14","13","58","99","Moderate"
1968078,"6.5751243","3.3920693","2026-07-07 15:50:38","16","17","15","59","99","Moderate"
1968078,"6.5751243","3.3920693","2026-07-07 15:50:39","15","16","14","59","99","Moderate"
1968078,"6.5751243","3.3920693","2026-07-07 15:50:40","15","16","14","59","99","Moderate"
1968078,"6.5751243","3.3920693","2026-07-07 15:50:41","16","17","15","58","99","Moderate"
1968078,"6.5751243","3.3920693","2026-07-07 15:50:42","16","17","15","58","99","Moderate"
1968078,"6.5751243","3.3920693","2026-07-07 15:50:43","16","17","15","58","99","Moderate"
1968078,"6.5751243","3.3920693","2026-07-07 15:50:44","17","18","16","58","99","Moderate"
1968078,"6.5751243","3.3920693","2026-07-07 15:50:45","17","18","16","58","99","Moderate"
1968078,"6.5751243","3.3920693","2026-07-07 15:50:46","17","18","16","58","99","Moderate"
1968078,"6.5751243","3.3920693","2026-07-07 15:50:47","18","19","17","58","99","Moderate"
1968078,"6.5751243","3.3920693","2026-07-07 15:50:48","18","19","17","58","99","Moderate"
1968078,"6.5751243","3.3920693","2026-07-07 15:50:49","17","18","16","58","99","Moderate"
1968078,"6.5751243","3.3920693","2026-07-07 15:50:50","16","17","15","59","99","Moderate"
1968078,"6.5751243","3.3920693","2026-07-07 15:50:51","17","18","16","59","99","Moderate"
1968078,"6.5751243","3.3920693","2026-07-07 15:50:52","16","17","15","59","99","Moderate"
1968078,"6.5751243","3.3920693","2026-07-07 15:50:53","16","17","15","59","99","Moderate"
1968078,"6.5751243","3.3920693","2026-07-07 15:50:54","16","17","15","59","99","Moderate"
1968078,"6.5751243","3.3920693","2026-07-07 15:50:55","16","17","15","59","99","Moderate"
1968078,"6.5751243","3.3920693","2026-07-07 15:50:56","15","16","14","59","99","Moderate"
1968078,"6.5751243","3.3920693","2026-07-07 15:50:57","14","14","13","59","99","Moderate"
1968078,"6.5751243","3.3920693","2026-07-07 15:50:58","14","14","13","59","99","Moderate"
1968078,"6.5751243","3.3920693","2026-07-07 15:50:59","14","14","13","59","99","Moderate"
1968078,"6.5751243","3.3920693","2026-07-07 15:51:00","14","14","13","59","99","Moderate"
1968078,"6.5751243","3.3920693","2026-07-07 15:51:01","14","14","13","59","99","Moderate"
1968078,"6.5751243","3.3920693","2026-07-07 15:51:02","14","14","13","59","99","Moderate"
1968078,"6.5751243","3.3920693","2026-07-07 15:51:03","14","14","13","59","99","Moderate"
1968078,"6.5751243","3.3920693","2026-07-07 15:51:04","13","13","12","59","99","Moderate"
1968078,"6.5751243","3.3920693","2026-07-07 15:51:05","13","13","12","59","99","Moderate"
1968078,"6.5751243","3.3920693","2026-07-07 15:51:06","14","14","13","59","99","Moderate"
1968078,"6.5751243","3.3920693","2026-07-07 15:51:07","14","14","13","59","99","Moderate"
1968078,"6.5751243","3.3920693","2026-07-07 15:51:08","14","14","13","59","99","Moderate"
1968078,"6.5751243","3.3920693","2026-07-07 15:51:09","15","16","14","59","99","Moderate"
1968078,"6.5751243","3.3920693","2026-07-07 15:51:10","14","14","13","59","99","Moderate"
1968078,"6.5751243","3.3920693","2026-07-07 15:51:11","14","14","13","59","99","Moderate"
1968078,"6.5751243","3.3920693","2026-07-07 15:51:12","14","14","13","59","99","Moderate"
1968078,"6.5751243","3.3920693","2026-07-07 15:51:13","15","16","14","59","99","Moderate"
1968078,"6.5751243","3.3920693","2026-07-07 15:51:14","15","16","14","59","99","Moderate"
1968078,"6.5751243","3.3920693","2026-07-07 15:51:15","14","14","13","59","99","Moderate"
1968078,"6.5751243","3.3920693","2026-07-07 15:51:16","14","14","13","59","99","Moderate"
1968078,"6.5751243","3.3920693","2026-07-07 15:51:18","14","14","13","59","99","Moderate"
1968078,"6.5751243","3.3920693","2026-07-07 15:51:19","14","14","13","59","99","Moderate"
1968078,"6.5751243","3.3920693","2026-07-07 15:51:20","13","13","12","59","99","Moderate"
1968078,"6.5751243","3.3920693","2026-07-07 15:51:22","13","13","12","59","99","Moderate"
1968078,"6.5751243","3.3920693","2026-07-07 15:51:24","13","13","12","59","99","Moderate"
1968078,"6.5751243","3.3920693","2026-07-07 15:51:25","13","13","12","59","99","Moderate"
1968078,"6.5751243","3.3920693","2026-07-07 15:51:26","14","14","13","59","99","Moderate"
1968078,"6.5751243","3.3920693","2026-07-07 15:51:27","14","14","13","59","99","Moderate"
1968078,"6.5751243","3.3920693","2026-07-07 15:51:28","14","14","13","59","99","Moderate"
1968078,"6.5751243","3.3920693","2026-07-07 15:51:29","14","14","13","59","99","Moderate"
1968078,"6.5751243","3.3920693","2026-07-07 15:51:30","15","16","14","59","99","Moderate"
1968078,"6.5751243","3.3920693","2026-07-07 15:51:32","15","16","14","59","99","Moderate"
1968078,"6.5751243","3.3920693","2026-07-07 15:51:34","14","15","13","59","99","Moderate"
1968078,"6.5751243","3.3920693","2026-07-07 15:51:36","14","14","13","59","99","Moderate"
1968078,"6.5751243","3.3920693","2026-07-07 15:51:37","13","13","12","59","99","Moderate"
1968078,"6.5751243","3.3920693","2026-07-07 15:51:38","13","13","12","59","99","Moderate"
1968078,"6.5751243","3.3920693","2026-07-07 15:51:39","13","13","12","59","99","Moderate"
1968078,"6.5751243","3.3920693","2026-07-07 15:51:40","13","13","12","59","99","Moderate"
1968078,"6.5751243","3.3920693","2026-07-07 15:51:41","13","13","12","59","99","Moderate"
1968078,"6.5751243","3.3920693","2026-07-07 15:51:42","13","13","12","59","99","Moderate"
1968078,"6.5751243","3.3920693","2026-07-07 15:51:43","13","13","12","59","99","Moderate"
1968078,"6.5751243","3.3920693","2026-07-07 15:51:44","15","16","14","59","99","Moderate"
1968078,"6.5751243","3.3920693","2026-07-07 15:51:45","15","16","14","59","99","Moderate"
1968078,"6.5751243","3.3920693","2026-07-07 15:51:46","14","14","13","59","99","Moderate"
1968078,"6.5751243","3.3920693","2026-07-07 15:51:47","14","14","13","59","99","Moderate"
1968078,"6.5751243","3.3920693","2026-07-07 15:51:48","14","14","13","59","99","Moderate"
1968078,"6.5751243","3.3920693","2026-07-07 15:51:49","14","14","13","59","99","Moderate"
1968078,"6.5751243","3.3920693","2026-07-07 15:51:50","14","14","13","59","99","Moderate"
1968078,"6.5751243","3.3920693","2026-07-07 15:51:51","14","14","13","59","99","Moderate"
1968078,"6.5751243","3.3920693","2026-07-07 15:51:52","14","14","13","59","99","Moderate"
1968078,"6.5751243","3.3920693","2026-07-07 15:51:53","15","16","14","59","99","Moderate"
1968078,"6.5751243","3.3920693","2026-07-07 15:51:54","15","16","14","59","99","Moderate"
1968078,"6.5751243","3.3920693","2026-07-07 15:51:55","14","15","13","59","99","Moderate"
1968078,"6.5751243","3.3920693","2026-07-07 15:51:56","14","14","13","59","99","Moderate"
1968078,"6.5751243","3.3920693","2026-07-07 15:51:57","14","14","13","59","99","Moderate"
1968078,"6.5751243","3.3920693","2026-07-07 15:51:58","14","14","13","59","99","Moderate"
1968078,"6.5751243","3.3920693","2026-07-07 15:51:59","14","14","13","59","99","Moderate"
1968078,"6.5751243","3.3920693","2026-07-07 15:52:00","14","14","13","59","99","Moderate"
1968078,"6.5751243","3.3920693","2026-07-07 15:52:01","14","14","13","59","99","Moderate"
1968078,"6.5751243","3.3920693","2026-07-07 15:52:02","14","14","13","59","99","Moderate"
1968078,"6.5751243","3.3920693","2026-07-07 15:52:03","14","14","13","59","99","Moderate"
1968078,"6.5751243","3.3920693","2026-07-07 15:52:04","14","14","13","59","99","Moderate"
1968078,"6.5751243","3.3920693","2026-07-07 15:52:05","15","16","14","59","99","Moderate"
1968078,"6.5751243","3.3920693","2026-07-07 15:52:06","15","16","14","60","99","Moderate"
1968078,"6.5751243","3.3920693","2026-07-07 15:52:07","14","14","13","60","99","Moderate"
1968078,"6.5751243","3.3920693","2026-07-07 15:52:08","15","16","14","59","99","Moderate"
1968078,"6.576995","3.3927143","2026-07-07 15:52:09","16","17","15","59","99","Moderate"
1968078,"6.576995","3.3927143","2026-07-07 15:52:10","16","16","14","59","99","Moderate"
1968078,"6.577032","3.392772","2026-07-07 15:52:11","14","14","13","60","99","Moderate"
1968078,"6.5769997","3.3928087","2026-07-07 15:52:12","14","14","13","60","99","Moderate"
1968078,"6.5769763","3.3928354","2026-07-07 15:52:13","13","13","12","60","99","Moderate"
1968078,"6.576976","3.3928266","2026-07-07 15:52:14","13","13","12","60","99","Moderate"
1968078,"6.576976","3.3928266","2026-07-07 15:52:15","13","13","12","60","99","Moderate"
1968078,"6.576956","3.3928504","2026-07-07 15:52:16","14","14","13","60","99","Moderate"
1968078,"6.5769486","3.3928576","2026-07-07 15:52:17","15","16","14","60","99","Moderate"
1968078,"6.5769463","3.392861","2026-07-07 15:52:18","14","14","13","60","99","Moderate"
1968078,"6.5769396","3.392861","2026-07-07 15:52:19","15","16","14","60","99","Moderate"
1968078,"6.576934","3.3928673","2026-07-07 15:52:20","14","14","13","60","99","Moderate"
1968078,"6.5769277","3.3928785","2026-07-07 15:52:21","14","14","13","60","99","Moderate"
1968078,"6.576923","3.3928902","2026-07-07 15:52:22","15","16","14","59","99","Moderate"
1968078,"6.5769176","3.392904","2026-07-07 15:52:23","16","17","15","59","99","Moderate"
1968078,"6.5769114","3.3929136","2026-07-07 15:52:24","16","17","15","59","99","Moderate"
1968078,"6.576905","3.3929212","2026-07-07 15:52:25","15","16","14","59","99","Moderate"
1968078,"6.576899","3.3929293","2026-07-07 15:52:26","15","16","14","59","99","Moderate"
1968078,"6.5768924","3.3929372","2026-07-07 15:52:27","15","16","14","59","99","Moderate"
1968078,"6.5768886","3.3929422","2026-07-07 15:52:28","15","16","14","59","99","Moderate"
1968078,"6.5768857","3.3929482","2026-07-07 15:52:29","15","16","14","59","99","Moderate"
1968078,"6.5768814","3.3929555","2026-07-07 15:52:30","15","16","14","59","99","Moderate"
1968078,"6.57688","3.3929634","2026-07-07 15:52:31","15","16","14","59","99","Moderate"
1968078,"6.576876","3.3929741","2026-07-07 15:52:32","15","16","14","59","99","Moderate"
1968078,"6.5768714","3.392984","2026-07-07 15:52:33","15","16","14","59","99","Moderate"
1968078,"6.576868","3.3929923","2026-07-07 15:52:34","14","15","13","59","99","Moderate"
1968078,"6.576863","3.3930004","2026-07-07 15:52:35","15","16","14","59","99","Moderate"
1968078,"6.576857","3.3930094","2026-07-07 15:52:36","15","16","14","59","99","Moderate"
1968078,"6.576851","3.393017","2026-07-07 15:52:37","14","14","13","59","99","Moderate"
1968078,"6.5768485","3.3930266","2026-07-07 15:52:38","14","14","13","59","99","Moderate"
1968078,"6.5768466","3.3930366","2026-07-07 15:52:39","14","14","13","59","99","Moderate"
1968078,"6.576847","3.3930461","2026-07-07 15:52:40","14","14","13","59","99","Moderate"
1968078,"6.5768466","3.3930552","2026-07-07 15:52:41","14","14","13","59","99","Moderate"
1968078,"6.576844","3.393065","2026-07-07 15:52:42","13","13","12","59","99","Moderate"
1968078,"6.5768437","3.393072","2026-07-07 15:52:43","14","14","13","59","99","Moderate"
1968078,"6.5768433","3.393081","2026-07-07 15:52:44","14","14","13","59","99","Moderate"
1968078,"6.576842","3.3930893","2026-07-07 15:52:45","14","14","13","59","99","Moderate"
1968078,"6.57684","3.393098","2026-07-07 15:52:46","14","14","13","59","99","Moderate"
1968078,"6.57684","3.393098","2026-07-07 15:52:47","13","14","12","59","99","Moderate"
1968078,"6.57684","3.393098","2026-07-07 15:52:48","13","13","12","59","99","Moderate"
1968078,"6.57684","3.393098","2026-07-07 15:52:49","14","14","13","59","99","Moderate"
1968078,"6.57684","3.393098","2026-07-07 15:52:50","14","14","13","59","99","Moderate"
1968078,"6.57684","3.393098","2026-07-07 15:52:51","14","14","13","59","99","Moderate"
1968078,"6.57684","3.393098","2026-07-07 15:52:52","14","14","13","59","99","Moderate"
1968078,"6.57684","3.393098","2026-07-07 15:52:53","13","13","12","59","99","Moderate"
1968078,"6.57684","3.393098","2026-07-07 15:52:54","13","13","12","59","99","Moderate"
1968078,"6.57684","3.393098","2026-07-07 15:52:55","13","13","12","59","99","Moderate"
1968078,"6.57684","3.393098","2026-07-07 15:52:56","13","13","12","59","99","Moderate"
1968078,"6.57684","3.393098","2026-07-07 15:52:57","13","13","12","59","99","Moderate"
1968078,"6.57684","3.393098","2026-07-07 15:52:58","14","14","13","59","99","Moderate"
1968078,"6.57684","3.393098","2026-07-07 15:52:59","14","14","13","59","99","Moderate"
1968078,"6.57684","3.393098","2026-07-07 15:53:00","14","14","13","59","99","Moderate"
1968078,"6.57684","3.393098","2026-07-07 15:53:01","13","13","12","59","99","Moderate"
1968078,"6.57684","3.393098","2026-07-07 15:53:02","14","14","13","59","99","Moderate"
1968078,"6.57684","3.393098","2026-07-07 15:53:03","14","14","13","59","99","Moderate"
1968078,"6.57684","3.393098","2026-07-07 15:53:04","14","14","13","59","99","Moderate"
1968078,"6.57684","3.393098","2026-07-07 15:53:05","14","14","13","59","99","Moderate"
1968078,"6.57684","3.393098","2026-07-07 15:53:06","14","14","13","59","99","Moderate"
1968078,"6.57684","3.393098","2026-07-07 15:53:07","14","14","13","59","99","Moderate"
1968078,"6.57684","3.393098","2026-07-07 15:53:08","14","14","13","59","99","Moderate"
1968078,"6.57684","3.393098","2026-07-07 15:53:09","14","14","13","59","99","Moderate"
1968078,"6.57684","3.393098","2026-07-07 15:53:10","15","16","14","59","99","Moderate"
1968078,"6.57684","3.393098","2026-07-07 15:53:11","15","16","14","59","99","Moderate"
1968078,"6.57684","3.393098","2026-07-07 15:53:12","16","17","15","59","99","Moderate"
1968078,"6.57684","3.393098","2026-07-07 15:53:13","16","17","15","60","99","Moderate"
1968078,"6.57684","3.393098","2026-07-07 15:53:14","15","16","14","60","99","Moderate"
1968078,"6.57684","3.393098","2026-07-07 15:53:15","14","15","13","60","99","Moderate"
1968078,"6.57684","3.393098","2026-07-07 15:53:16","14","14","13","60","99","Moderate"
1968078,"6.57684","3.393098","2026-07-07 15:53:17","14","14","13","60","99","Moderate"
1968078,"6.57684","3.393098","2026-07-07 15:53:18","14","14","13","60","99","Moderate"
1968078,"6.57684","3.393098","2026-07-07 15:53:19","13","13","12","60","99","Moderate"
1968078,"6.57684","3.393098","2026-07-07 15:53:20","13","13","12","60","99","Moderate"
1968078,"6.57684","3.393098","2026-07-07 15:53:21","13","13","12","60","99","Moderate"
1968078,"6.57684","3.393098","2026-07-07 15:53:22","13","13","12","60","99","Moderate"
1968078,"6.57684","3.393098","2026-07-07 15:53:23","13","13","12","60","99","Moderate"
1968078,"6.57684","3.393098","2026-07-07 15:53:24","13","13","12","60","99","Moderate"
1968078,"6.57684","3.393098","2026-07-07 15:53:25","13","13","12","60","99","Moderate"
1968078,"6.57684","3.393098","2026-07-07 15:53:26","13","13","12","60","99","Moderate"
1968078,"6.57684","3.393098","2026-07-07 15:53:27","13","13","12","60","99","Moderate"
1968078,"6.57684","3.393098","2026-07-07 15:53:28","12","12","11","60","99","Good"
1968078,"6.57684","3.393098","2026-07-07 15:53:29","12","12","11","60","99","Good"
1968078,"6.57684","3.393098","2026-07-07 15:53:30","12","12","11","60","99","Good"
1968078,"6.57684","3.393098","2026-07-07 15:53:31","13","13","12","60","99","Moderate"
1968078,"6.57684","3.393098","2026-07-07 15:53:32","13","13","12","60","99","Moderate"
1968078,"6.57684","3.393098","2026-07-07 15:53:33","13","13","12","60","99","Moderate"
1968078,"6.57684","3.393098","2026-07-07 15:53:34","13","13","12","60","99","Moderate"
1968078,"6.57684","3.393098","2026-07-07 15:53:35","14","14","13","60","99","Moderate"
1968078,"6.57684","3.393098","2026-07-07 15:53:36","14","14","13","60","99","Moderate"
1968078,"6.57684","3.393098","2026-07-07 15:53:37","14","14","13","60","99","Moderate"
1968078,"6.57684","3.393098","2026-07-07 15:53:38","13","13","12","60","99","Moderate"
1968078,"6.57684","3.393098","2026-07-07 15:53:39","13","13","12","60","99","Moderate"
1968078,"6.57684","3.393098","2026-07-07 15:53:40","14","14","13","60","99","Moderate"
1968078,"6.57684","3.393098","2026-07-07 15:53:41","14","14","13","60","99","Moderate"
1968078,"6.57684","3.393098","2026-07-07 15:53:43","14","14","13","60","99","Moderate"
1968078,"6.57684","3.393098","2026-07-07 15:53:44","14","14","13","60","99","Moderate"
1968078,"6.57684","3.393098","2026-07-07 15:53:45","14","14","13","60","99","Moderate"
1968078,"6.57684","3.393098","2026-07-07 15:53:46","14","14","13","60","99","Moderate"
1968078,"6.57684","3.393098","2026-07-07 15:53:47","14","14","13","60","99","Moderate"
1968078,"6.57684","3.393098","2026-07-07 15:53:48","14","14","13","60","99","Moderate"
1968078,"6.57684","3.393098","2026-07-07 15:53:49","14","14","13","60","99","Moderate"
1968078,"6.57684","3.393098","2026-07-07 15:53:50","14","14","13","60","99","Moderate"
1968078,"6.57684","3.393098","2026-07-07 15:53:51","14","14","13","60","99","Moderate"
1968078,"6.57684","3.393098","2026-07-07 15:53:52","14","14","13","60","99","Moderate"
1968078,"6.57684","3.393098","2026-07-07 15:53:53","14","14","13","60","99","Moderate"
1968078,"6.57684","3.393098","2026-07-07 15:53:55","13","13","12","60","99","Moderate"
1968078,"6.57684","3.393098","2026-07-07 15:53:57","14","14","13","60","99","Moderate"
1968078,"6.57684","3.393098","2026-07-07 15:53:59","13","13","12","60","99","Moderate"
1968078,"6.57684","3.393098","2026-07-07 15:54:00","12","12","11","60","99","Good"
1968078,"6.57684","3.393098","2026-07-07 15:54:02","13","13","12","60","99","Moderate"
1968078,"6.57684","3.393098","2026-07-07 15:54:03","13","13","12","60","99","Moderate"
1968078,"6.57684","3.393098","2026-07-07 15:54:04","13","13","12","60","99","Moderate"
1968078,"6.57684","3.393098","2026-07-07 15:54:06","13","13","12","59","99","Moderate"
1968078,"6.57684","3.393098","2026-07-07 15:54:07","13","13","12","59","99","Moderate"
1968078,"6.57684","3.393098","2026-07-07 15:54:08","13","13","12","59","99","Moderate"
1968078,"6.57684","3.393098","2026-07-07 15:54:09","14","14","13","59","99","Moderate"
1968078,"6.57684","3.393098","2026-07-07 15:54:11","14","14","13","59","99","Moderate"
1968078,"6.57684","3.393098","2026-07-07 15:54:13","14","14","13","59","99","Moderate"
1968078,"6.57684","3.393098","2026-07-07 15:54:14","15","16","14","59","98","Moderate"
1968078,"6.57684","3.393098","2026-07-07 15:54:16","15","16","14","59","99","Moderate"
1968078,"6.57684","3.393098","2026-07-07 15:54:17","15","16","14","60","98","Moderate"
1968078,"6.57684","3.393098","2026-07-07 15:54:18","15","16","14","60","98","Moderate"
1968078,"6.57684","3.393098","2026-07-07 15:54:19","14","14","13","60","98","Moderate"
1968078,"6.57684","3.393098","2026-07-07 15:54:20","14","14","13","60","98","Moderate"
1968078,"6.57684","3.393098","2026-07-07 15:54:21","14","14","13","59","98","Moderate"
1968078,"6.57684","3.393098","2026-07-07 15:54:22","14","14","13","59","99","Moderate"
1968078,"6.57684","3.393098","2026-07-07 15:54:23","14","14","13","59","98","Moderate"
1968078,"6.57684","3.393098","2026-07-07 15:54:24","14","14","13","59","98","Moderate"
1968078,"6.57684","3.393098","2026-07-07 15:54:25","14","14","13","59","98","Moderate"
1968078,"6.57684","3.393098","2026-07-07 15:54:26","14","14","13","59","99","Moderate"
1968078,"6.57684","3.393098","2026-07-07 15:54:27","14","14","13","59","98","Moderate"
1968078,"6.57684","3.393098","2026-07-07 15:54:28","15","16","14","59","98","Moderate"
1968078,"6.57684","3.393098","2026-07-07 15:54:29","15","16","14","59","98","Moderate"
1968078,"6.57684","3.393098","2026-07-07 15:54:30","15","16","14","59","98","Moderate"
1968078,"6.57684","3.393098","2026-07-07 15:54:31","15","16","14","59","98","Moderate"
1968078,"6.57684","3.393098","2026-07-07 15:54:32","15","16","14","59","98","Moderate"
1968078,"6.57684","3.393098","2026-07-07 15:54:33","15","16","14","59","98","Moderate"
1968078,"6.57684","3.393098","2026-07-07 15:54:34","15","16","14","59","98","Moderate"
1968078,"6.57684","3.393098","2026-07-07 15:54:35","16","17","15","59","98","Moderate"
1968078,"6.57684","3.393098","2026-07-07 15:54:36","16","17","15","59","98","Moderate"
1968078,"6.57684","3.393098","2026-07-07 15:54:37","16","17","15","59","98","Moderate"
1968078,"6.57684","3.393098","2026-07-07 15:54:38","16","17","15","59","98","Moderate"
1968078,"6.57684","3.393098","2026-07-07 15:54:39","16","16","14","59","98","Moderate"
1968078,"6.57684","3.393098","2026-07-07 15:54:40","16","17","15","59","98","Moderate"
1968078,"6.57684","3.393098","2026-07-07 15:54:41","16","17","15","59","98","Moderate"
1968078,"6.57684","3.393098","2026-07-07 15:54:42","15","16","14","60","98","Moderate"
1968078,"6.57684","3.393098","2026-07-07 15:54:43","16","17","15","60","98","Moderate"
1968078,"6.57684","3.393098","2026-07-07 15:54:44","16","17","15","60","98","Moderate"
1968078,"6.57684","3.393098","2026-07-07 15:54:45","16","17","15","60","98","Moderate"
1968078,"6.57684","3.393098","2026-07-07 15:54:46","16","17","15","60","98","Moderate"
1968078,"6.57684","3.393098","2026-07-07 15:54:47","16","17","15","60","98","Moderate"
1968078,"6.57684","3.393098","2026-07-07 15:54:48","16","17","15","60","98","Moderate"
1968078,"6.57684","3.393098","2026-07-07 15:54:49","16","17","15","60","98","Moderate"
1968078,"6.57684","3.393098","2026-07-07 15:54:50","16","17","15","60","98","Moderate"
1968078,"6.57684","3.393098","2026-07-07 15:54:51","16","17","15","60","98","Moderate"
1968078,"6.57684","3.393098","2026-07-07 15:54:52","16","17","15","60","98","Moderate"
1968078,"6.57684","3.393098","2026-07-07 15:54:53","15","16","14","60","98","Moderate"
1968078,"6.57684","3.393098","2026-07-07 15:54:54","14","14","13","60","98","Moderate"
1968078,"6.57684","3.393098","2026-07-07 15:54:55","14","14","13","60","98","Moderate"
1968078,"6.57684","3.393098","2026-07-07 15:54:56","15","16","14","60","98","Moderate"
1968078,"6.57684","3.393098","2026-07-07 15:54:57","15","16","14","60","98","Moderate"
1968078,"6.57684","3.393098","2026-07-07 15:54:58","13","13","12","60","98","Moderate"
1968078,"6.57684","3.393098","2026-07-07 15:54:59","13","13","12","60","98","Moderate"
1968078,"6.57684","3.393098","2026-07-07 15:55:00","13","14","12","60","98","Moderate"
1968078,"6.57684","3.393098","2026-07-07 15:55:01","14","14","13","60","98","Moderate"
1968078,"6.57684","3.393098","2026-07-07 15:55:02","14","14","13","60","98","Moderate"
1968078,"6.57684","3.393098","2026-07-07 15:55:03","14","14","13","60","98","Moderate"
1968078,"6.57684","3.393098","2026-07-07 15:55:04","14","14","13","60","98","Moderate"
1968078,"6.57684","3.393098","2026-07-07 15:55:05","14","14","13","60","98","Moderate"
1968078,"6.57684","3.393098","2026-07-07 15:55:06","14","14","13","60","98","Moderate"
1968078,"6.57684","3.393098","2026-07-07 15:55:07","12","12","11","60","98","Good"
1968078,"6.57684","3.393098","2026-07-07 15:55:08","13","13","12","60","98","Moderate"
1968078,"6.57684","3.393098","2026-07-07 15:55:09","13","13","12","60","98","Moderate"
1968078,"6.57684","3.393098","2026-07-07 15:55:10","13","13","12","60","98","Moderate"
1968078,"6.57684","3.393098","2026-07-07 15:55:11","13","13","12","60","98","Moderate"
1968078,"6.57684","3.393098","2026-07-07 15:55:12","13","13","12","60","98","Moderate"
1968078,"6.57684","3.393098","2026-07-07 15:55:13","13","13","12","60","98","Moderate"
1968078,"6.57684","3.393098","2026-07-07 15:55:14","13","13","12","60","98","Moderate"
1968078,"6.57684","3.393098","2026-07-07 15:55:15","14","14","13","60","98","Moderate"
1968078,"6.57684","3.393098","2026-07-07 15:55:16","14","14","13","60","98","Moderate"
1968078,"6.57684","3.393098","2026-07-07 15:55:17","15","16","14","60","98","Moderate"
1968078,"6.57684","3.393098","2026-07-07 15:55:18","14","14","13","60","98","Moderate"
1968078,"6.57684","3.393098","2026-07-07 15:55:19","14","14","13","60","98","Moderate"
1968078,"6.57684","3.393098","2026-07-07 15:55:20","14","14","13","60","98","Moderate"
1968078,"6.57684","3.393098","2026-07-07 15:55:21","13","14","12","60","98","Moderate"
1968078,"6.57684","3.393098","2026-07-07 15:55:22","15","16","14","60","98","Moderate"
1968078,"6.57684","3.393098","2026-07-07 15:55:23","15","16","14","60","98","Moderate"
1968078,"6.57684","3.393098","2026-07-07 15:55:24","15","16","14","60","98","Moderate"
1968078,"6.57684","3.393098","2026-07-07 15:55:25","15","16","14","60","98","Moderate"
1968078,"6.57684","3.393098","2026-07-07 15:55:26","15","16","14","60","98","Moderate"
1968078,"6.57684","3.393098","2026-07-07 15:55:27","14","14","13","60","98","Moderate"
1968078,"6.57684","3.393098","2026-07-07 15:55:28","13","13","12","60","98","Moderate"
1968078,"6.57684","3.393098","2026-07-07 15:55:29","13","13","12","60","98","Moderate"
1968078,"6.57684","3.393098","2026-07-07 15:55:30","13","13","12","60","98","Moderate"
1968078,"6.57684","3.393098","2026-07-07 15:55:31","14","14","13","60","98","Moderate"
1968078,"6.57684","3.393098","2026-07-07 15:55:32","14","14","13","60","98","Moderate"
1968078,"6.57684","3.393098","2026-07-07 15:55:33","14","14","13","60","98","Moderate"
1968078,"6.57684","3.393098","2026-07-07 15:55:34","14","14","13","60","98","Moderate"
1968078,"6.57684","3.393098","2026-07-07 15:55:35","14","14","13","60","98","Moderate"
1968078,"6.57684","3.393098","2026-07-07 15:55:36","14","14","13","60","98","Moderate"
1968078,"6.57684","3.393098","2026-07-07 15:55:37","14","14","13","60","98","Moderate"
1968078,"6.57684","3.393098","2026-07-07 15:55:38","15","16","14","60","98","Moderate"
1968078,"6.57684","3.393098","2026-07-07 15:55:39","15","16","14","60","98","Moderate"
1968078,"6.57684","3.393098","2026-07-07 15:55:40","14","14","13","60","98","Moderate"
1968078,"6.57684","3.393098","2026-07-07 15:55:41","14","14","13","60","98","Moderate"
1968078,"6.57684","3.393098","2026-07-07 15:55:42","14","14","13","60","98","Moderate"
1968078,"6.57684","3.393098","2026-07-07 15:55:43","14","14","13","60","98","Moderate"
1968078,"6.57684","3.393098","2026-07-07 15:55:44","14","14","13","60","98","Moderate"
1968078,"6.57684","3.393098","2026-07-07 15:55:45","15","16","14","60","98","Moderate"
1968078,"6.57684","3.393098","2026-07-07 15:55:46","15","16","14","60","98","Moderate"
1968078,"6.57684","3.393098","2026-07-07 15:55:47","15","16","14","60","98","Moderate"
1968078,"6.57684","3.393098","2026-07-07 15:55:48","17","18","16","60","98","Moderate"
1968078,"6.57684","3.393098","2026-07-07 15:55:49","14","14","13","60","98","Moderate"
1968078,"6.57684","3.393098","2026-07-07 15:55:50","16","17","15","60","98","Moderate"
1968078,"6.57684","3.393098","2026-07-07 15:55:51","15","16","14","60","98","Moderate"
1968078,"6.57684","3.393098","2026-07-07 15:55:52","14","14","13","60","98","Moderate"
1968078,"6.57684","3.393098","2026-07-07 15:55:53","14","14","13","60","98","Moderate"
1968078,"6.57684","3.393098","2026-07-07 15:55:54","14","14","13","60","98","Moderate"
1968078,"6.57684","3.393098","2026-07-07 15:55:55","14","14","13","60","98","Moderate"
1968078,"6.57684","3.393098","2026-07-07 15:55:56","14","14","13","60","98","Moderate"
1968078,"6.57684","3.393098","2026-07-07 15:55:57","14","14","13","60","98","Moderate"
1968078,"6.57684","3.393098","2026-07-07 15:55:58","14","14","13","60","98","Moderate"
1968078,"6.57684","3.393098","2026-07-07 15:55:59","14","14","13","60","98","Moderate"
1968078,"6.57684","3.393098","2026-07-07 15:56:00","14","14","13","60","98","Moderate"
1968078,"6.57684","3.393098","2026-07-07 15:56:01","14","14","13","60","98","Moderate"
1968078,"6.57684","3.393098","2026-07-07 15:56:02","14","14","13","60","98","Moderate"
1968078,"6.57684","3.393098","2026-07-07 15:56:03","14","14","13","60","98","Moderate"
1968078,"6.57684","3.393098","2026-07-07 15:56:04","14","14","13","60","98","Moderate"
1968078,"6.57684","3.393098","2026-07-07 15:56:05","14","14","13","60","98","Moderate"
1968078,"6.57684","3.393098","2026-07-07 15:56:06","15","16","14","60","98","Moderate"
1968078,"6.57684","3.393098","2026-07-07 15:56:07","15","16","14","60","98","Moderate"
1968078,"6.57684","3.393098","2026-07-07 15:56:08","15","16","14","60","98","Moderate"
1968078,"6.57684","3.393098","2026-07-07 15:56:09","15","16","14","60","98","Moderate"
1968078,"6.57684","3.393098","2026-07-07 15:56:10","15","16","14","60","98","Moderate"
1968078,"6.57684","3.393098","2026-07-07 15:56:11","15","16","14","60","98","Moderate"
1968078,"6.57684","3.393098","2026-07-07 15:56:12","15","16","14","60","98","Moderate"
1968078,"6.57684","3.393098","2026-07-07 15:56:13","14","14","13","60","98","Moderate"
1968078,"6.57684","3.393098","2026-07-07 15:56:14","14","14","13","60","98","Moderate"
1968078,"6.57684","3.393098","2026-07-07 15:56:15","15","16","14","60","98","Moderate"
1968078,"6.57684","3.393098","2026-07-07 15:56:16","15","16","14","60","98","Moderate"
1968078,"6.57684","3.393098","2026-07-07 15:56:17","15","16","14","60","98","Moderate"
1968078,"6.57684","3.393098","2026-07-07 15:56:18","15","16","14","60","98","Moderate"
1968078,"6.57684","3.393098","2026-07-07 15:56:19","15","16","14","60","98","Moderate"
1968078,"6.57684","3.393098","2026-07-07 15:56:20","15","16","14","60","98","Moderate"
1968078,"6.57684","3.393098","2026-07-07 15:56:21","15","16","14","60","98","Moderate"
1968078,"6.57684","3.393098","2026-07-07 15:56:22","15","16","14","60","98","Moderate"
1968078,"6.57684","3.393098","2026-07-07 15:56:23","15","16","14","60","98","Moderate"
1968078,"6.57684","3.393098","2026-07-07 15:56:24","15","16","14","60","98","Moderate"
1968078,"6.57684","3.393098","2026-07-07 15:56:25","14","14","13","60","98","Moderate"
1968078,"6.57684","3.393098","2026-07-07 15:56:26","14","14","13","60","98","Moderate"
1968078,"6.57684","3.393098","2026-07-07 15:56:27","14","14","13","60","98","Moderate"
1968078,"6.57684","3.393098","2026-07-07 15:56:28","14","14","13","60","98","Moderate"
1968078,"6.57684","3.393098","2026-07-07 15:56:29","14","14","13","60","98","Moderate"
1968078,"6.57684","3.393098","2026-07-07 15:56:30","14","14","13","60","98","Moderate"
1968078,"6.57684","3.393098","2026-07-07 15:56:31","14","14","13","60","98","Moderate"
1968078,"6.57684","3.393098","2026-07-07 15:56:32","13","13","12","60","98","Moderate"
1968078,"6.57684","3.393098","2026-07-07 15:56:33","13","13","12","60","98","Moderate"
1968078,"6.57684","3.393098","2026-07-07 15:56:34","14","14","13","60","98","Moderate"
1968078,"6.57684","3.393098","2026-07-07 15:56:35","14","14","13","60","98","Moderate"
1968078,"6.57684","3.393098","2026-07-07 15:56:36","14","14","13","60","98","Moderate"
1968078,"6.57684","3.393098","2026-07-07 15:56:37","14","14","13","60","98","Moderate"
1968078,"6.57684","3.393098","2026-07-07 15:56:38","14","14","13","60","98","Moderate"
1968078,"6.57684","3.393098","2026-07-07 15:56:39","14","14","13","60","98","Moderate"
1968078,"6.57684","3.393098","2026-07-07 15:56:40","14","14","13","60","98","Moderate"
1968078,"6.57684","3.393098","2026-07-07 15:56:41","14","14","13","60","98","Moderate"
1968078,"6.57684","3.393098","2026-07-07 15:56:43","14","14","13","60","98","Moderate"
1968078,"6.57684","3.393098","2026-07-07 15:56:44","14","15","13","60","98","Moderate"
1968078,"6.57684","3.393098","2026-07-07 15:56:45","15","16","14","60","98","Moderate"
1968078,"6.57684","3.393098","2026-07-07 15:56:46","15","16","14","60","98","Moderate"
1968078,"6.57684","3.393098","2026-07-07 15:56:47","15","16","14","60","98","Moderate"
1968078,"6.57684","3.393098","2026-07-07 15:56:48","15","16","14","60","98","Moderate"
1968078,"6.57684","3.393098","2026-07-07 15:56:49","15","16","14","60","98","Moderate"
1968078,"6.57684","3.393098","2026-07-07 15:56:50","14","14","13","60","98","Moderate"
1968078,"6.57684","3.393098","2026-07-07 15:56:51","14","14","13","60","98","Moderate"
1968078,"6.57684","3.393098","2026-07-07 15:56:52","14","14","13","60","98","Moderate"
1968078,"6.57684","3.393098","2026-07-07 15:56:53","13","13","12","60","98","Moderate"
1968078,"6.57684","3.393098","2026-07-07 15:56:55","13","13","12","60","98","Moderate"
1968078,"6.57684","3.393098","2026-07-07 15:56:56","12","12","11","60","98","Good"
1968078,"6.57684","3.393098","2026-07-07 15:56:58","12","12","11","60","98","Good"
1968078,"6.57684","3.393098","2026-07-07 15:57:00","13","13","12","60","98","Moderate"
1968078,"6.57684","3.393098","2026-07-07 15:57:02","13","13","12","60","98","Moderate"
1968078,"6.57684","3.393098","2026-07-07 15:57:03","12","12","11","60","98","Good"
1968078,"6.57684","3.393098","2026-07-07 15:57:05","12","12","11","60","98","Good"
1968078,"6.57684","3.393098","2026-07-07 15:57:06","12","12","11","60","98","Good"
1968078,"6.57684","3.393098","2026-07-07 15:57:07","12","12","11","60","98","Good"
1968078,"6.57684","3.393098","2026-07-07 15:57:08","13","13","12","60","98","Moderate"
1968078,"6.57684","3.393098","2026-07-07 15:57:09","13","13","12","60","98","Moderate"
1968078,"6.57684","3.393098","2026-07-07 15:57:10","13","13","12","60","98","Moderate"
1968078,"6.57684","3.393098","2026-07-07 15:57:11","13","13","12","60","98","Moderate"
1968078,"6.57684","3.393098","2026-07-07 15:57:12","13","13","12","60","98","Moderate"
1968078,"6.57684","3.393098","2026-07-07 15:57:13","14","14","13","60","98","Moderate"
1968078,"6.57684","3.393098","2026-07-07 15:57:14","15","16","14","60","98","Moderate"
1968078,"6.57684","3.393098","2026-07-07 15:57:15","15","16","14","60","98","Moderate"
1968078,"6.57684","3.393098","2026-07-07 15:57:16","15","16","14","60","98","Moderate"
1968078,"6.57684","3.393098","2026-07-07 15:57:17","15","16","14","60","98","Moderate"
1968078,"6.57684","3.393098","2026-07-07 15:57:18","14","14","13","60","98","Moderate"
1968078,"6.57684","3.393098","2026-07-07 15:57:19","14","14","13","60","98","Moderate"
1968078,"6.57684","3.393098","2026-07-07 15:57:20","14","14","13","60","98","Moderate"
1968078,"6.57684","3.393098","2026-07-07 15:57:21","14","14","13","60","98","Moderate"
1968078,"6.57684","3.393098","2026-07-07 15:57:22","14","14","13","60","98","Moderate"
1968078,"6.57684","3.393098","2026-07-07 15:57:23","14","14","13","60","98","Moderate"
1968078,"6.57684","3.393098","2026-07-07 15:57:24","15","16","14","60","98","Moderate"
1968078,"6.57684","3.393098","2026-07-07 15:57:25","15","16","14","60","98","Moderate"
1968078,"6.57684","3.393098","2026-07-07 15:57:26","14","14","13","60","98","Moderate"
1968078,"6.57684","3.393098","2026-07-07 15:57:27","14","14","13","60","98","Moderate"
1968078,"6.57684","3.393098","2026-07-07 15:57:28","14","14","13","60","98","Moderate"
1968078,"6.57684","3.393098","2026-07-07 15:57:29","14","14","13","60","98","Moderate"
1968078,"6.57684","3.393098","2026-07-07 15:57:30","14","14","13","60","98","Moderate"
1968078,"6.57684","3.393098","2026-07-07 15:57:31","13","13","12","60","98","Moderate"
1968078,"6.57684","3.393098","2026-07-07 15:57:32","13","13","12","60","98","Moderate"
1968078,"6.57684","3.393098","2026-07-07 15:57:33","14","14","13","60","98","Moderate"
1968078,"6.57684","3.393098","2026-07-07 15:57:34","15","16","14","60","98","Moderate"
1968078,"6.57684","3.393098","2026-07-07 15:57:35","16","17","15","60","98","Moderate"
1968078,"6.57684","3.393098","2026-07-07 15:57:36","14","14","13","60","98","Moderate"
1968078,"6.57684","3.393098","2026-07-07 15:57:37","14","14","13","60","98","Moderate"
1968078,"6.57684","3.393098","2026-07-07 15:57:38","14","14","13","60","98","Moderate"
1968078,"6.57684","3.393098","2026-07-07 15:57:39","13","13","12","60","98","Moderate"
1968078,"6.57684","3.393098","2026-07-07 15:57:40","13","13","12","60","98","Moderate"
1968078,"6.57684","3.393098","2026-07-07 15:57:41","13","13","12","60","98","Moderate"
1968078,"6.57684","3.393098","2026-07-07 15:57:42","13","13","12","60","98","Moderate"
1968078,"6.57684","3.393098","2026-07-07 15:57:43","14","14","13","60","98","Moderate"
1968078,"6.57684","3.393098","2026-07-07 15:57:44","14","14","13","60","98","Moderate"
1968078,"6.57684","3.393098","2026-07-07 15:57:45","13","13","12","60","98","Moderate"
1968078,"6.57684","3.393098","2026-07-07 15:57:46","13","13","12","60","98","Moderate"
1968078,"6.57684","3.393098","2026-07-07 15:57:47","13","13","12","60","98","Moderate"
1968078,"6.57684","3.393098","2026-07-07 15:57:48","13","13","12","60","98","Moderate"
1968078,"6.57684","3.393098","2026-07-07 15:57:49","13","13","12","60","98","Moderate"
1968078,"6.57684","3.393098","2026-07-07 15:57:50","14","14","13","60","98","Moderate"
1968078,"6.57684","3.393098","2026-07-07 15:57:51","14","14","13","60","98","Moderate"
1968078,"6.57684","3.393098","2026-07-07 15:57:52","13","13","12","60","98","Moderate"
1968078,"6.57684","3.393098","2026-07-07 15:57:53","13","13","12","60","98","Moderate"
1968078,"6.57684","3.393098","2026-07-07 15:57:54","13","13","12","60","98","Moderate"
1968078,"6.57684","3.393098","2026-07-07 15:57:55","13","13","12","60","98","Moderate"
1968078,"6.57684","3.393098","2026-07-07 15:57:56","13","13","12","60","98","Moderate"
1968078,"6.57684","3.393098","2026-07-07 15:57:57","12","12","11","60","98","Good"
1968078,"6.57684","3.393098","2026-07-07 15:57:58","12","12","11","60","98","Good"
1968078,"6.57684","3.393098","2026-07-07 15:57:59","13","13","12","60","98","Moderate"
1968078,"6.57684","3.393098","2026-07-07 15:58:00","13","13","12","60","98","Moderate"
1968078,"6.57684","3.393098","2026-07-07 15:58:01","13","13","12","60","98","Moderate"
1968078,"6.57684","3.393098","2026-07-07 15:58:02","13","13","12","60","98","Moderate"
1968078,"6.57684","3.393098","2026-07-07 15:58:03","13","13","12","60","98","Moderate"
1968078,"6.57684","3.393098","2026-07-07 15:58:04","13","13","12","60","98","Moderate"
1968078,"6.57684","3.393098","2026-07-07 15:58:05","13","13","12","60","98","Moderate"
1968078,"6.57684","3.393098","2026-07-07 15:58:06","13","13","12","60","98","Moderate"
1968078,"6.57684","3.393098","2026-07-07 15:58:07","13","13","12","60","98","Moderate"
1968078,"6.57684","3.393098","2026-07-07 15:58:08","14","14","13","60","98","Moderate"
1968078,"6.57684","3.393098","2026-07-07 15:58:09","14","14","13","60","98","Moderate"
1968078,"6.57684","3.393098","2026-07-07 15:58:10","14","14","13","60","98","Moderate"
1968078,"6.57684","3.393098","2026-07-07 15:58:11","15","16","14","60","98","Moderate"
1968078,"6.57684","3.393098","2026-07-07 15:58:12","15","16","14","60","98","Moderate"
1968078,"6.57684","3.393098","2026-07-07 15:58:13","15","16","14","60","98","Moderate"
1968078,"6.57684","3.393098","2026-07-07 15:58:14","14","14","13","60","98","Moderate"
1968078,"6.57684","3.393098","2026-07-07 15:58:15","14","14","13","60","98","Moderate"
1968078,"6.57684","3.393098","2026-07-07 15:58:16","13","13","12","60","98","Moderate"
1968078,"6.57684","3.393098","2026-07-07 15:58:17","13","13","12","60","98","Moderate"
1968078,"6.57684","3.393098","2026-07-07 15:58:18","14","14","13","60","98","Moderate"
1968078,"6.57684","3.393098","2026-07-07 15:58:19","14","14","13","60","98","Moderate"
1968078,"6.57684","3.393098","2026-07-07 15:58:20","14","14","13","60","97","Moderate"
1968078,"6.57684","3.393098","2026-07-07 15:58:21","14","14","13","60","98","Moderate"
1968078,"6.57684","3.393098","2026-07-07 15:58:22","13","13","12","60","97","Moderate"
1968078,"6.57684","3.393098","2026-07-07 15:58:23","14","14","13","60","98","Moderate"
1968078,"6.57684","3.393098","2026-07-07 15:58:24","14","14","13","60","97","Moderate"
1968078,"6.57684","3.393098","2026-07-07 15:58:25","14","14","13","60","98","Moderate"
1968078,"6.57684","3.393098","2026-07-07 15:58:26","14","14","13","60","98","Moderate"
1968078,"6.57684","3.393098","2026-07-07 15:58:27","15","16","14","60","98","Moderate"
1968078,"6.57684","3.393098","2026-07-07 15:58:28","15","16","14","60","98","Moderate"
1968078,"6.57684","3.393098","2026-07-07 15:58:29","14","14","13","60","97","Moderate"
1968078,"6.57684","3.393098","2026-07-07 15:58:30","14","14","13","60","98","Moderate"
1968078,"6.57684","3.393098","2026-07-07 15:58:31","14","14","13","60","98","Moderate"
1968078,"6.57684","3.393098","2026-07-07 15:58:32","15","16","14","60","97","Moderate"
1968078,"6.57684","3.393098","2026-07-07 15:58:33","15","16","14","60","97","Moderate"
1968078,"6.57684","3.393098","2026-07-07 15:58:34","15","16","14","60","97","Moderate"
1968078,"6.57684","3.393098","2026-07-07 15:58:35","15","16","14","60","97","Moderate"
1968078,"6.57684","3.393098","2026-07-07 15:58:36","14","14","13","60","97","Moderate"
1968078,"6.57684","3.393098","2026-07-07 15:58:37","14","14","13","61","97","Moderate"
1968078,"6.57684","3.393098","2026-07-07 15:58:38","14","14","13","61","97","Moderate"
1968078,"6.575858","3.3947334","2026-07-07 15:58:39","14","14","13","61","97","Moderate"
1968078,"6.575064","3.3952253","2026-07-07 15:58:40","14","14","13","61","97","Moderate"
1968078,"6.575064","3.3952253","2026-07-07 15:58:41","14","14","13","61","97","Moderate"
1968078,"6.575064","3.3952253","2026-07-07 15:58:42","14","14","13","61","97","Moderate"
1968078,"6.575088","3.3952105","2026-07-07 15:58:43","13","14","12","61","97","Moderate"
1968078,"6.575088","3.3952105","2026-07-07 15:58:44","14","14","13","61","97","Moderate"
1968078,"6.5750976","3.3952043","2026-07-07 15:58:45","14","14","13","61","97","Moderate"
1968078,"6.5751595","3.3951955","2026-07-07 15:58:46","14","14","13","61","97","Moderate"
1968078,"6.5751595","3.3951955","2026-07-07 15:58:47","14","14","13","61","97","Moderate"
1968078,"6.5751677","3.395194","2026-07-07 15:58:48","14","14","13","61","97","Moderate"
1968078,"6.5751734","3.3951962","2026-07-07 15:58:49","14","14","13","61","97","Moderate"
1968078,"6.5751762","3.3951967","2026-07-07 15:58:50","13","13","12","61","97","Moderate"
1968078,"6.5751734","3.3951974","2026-07-07 15:58:51","13","13","12","61","97","Moderate"
1968078,"6.5751734","3.3951974","2026-07-07 15:58:52","13","13","12","61","97","Moderate"
1968078,"6.575174","3.3951986","2026-07-07 15:58:53","13","13","12","61","97","Moderate"
1968078,"6.5751743","3.3952005","2026-07-07 15:58:54","13","13","12","61","97","Moderate"
1968078,"6.575175","3.3952038","2026-07-07 15:58:55","14","14","13","61","97","Moderate"
1968078,"6.575176","3.3952084","2026-07-07 15:58:56","13","13","12","61","97","Moderate"
1968078,"6.5751767","3.395212","2026-07-07 15:58:57","13","13","12","61","97","Moderate"
1968078,"6.5751786","3.3952155","2026-07-07 15:58:58","12","12","11","61","97","Good"
1968078,"6.5751805","3.3952203","2026-07-07 15:58:59","12","12","11","61","97","Good"
1968078,"6.575184","3.3952248","2026-07-07 15:59:00","12","12","11","61","97","Good"
1968078,"6.5751863","3.3952272","2026-07-07 15:59:01","13","13","12","61","97","Moderate"
1968078,"6.5751853","3.3952308","2026-07-07 15:59:02","14","14","13","61","97","Moderate"
1968078,"6.575188","3.395234","2026-07-07 15:59:03","14","14","13","61","97","Moderate"
1968078,"6.575192","3.395238","2026-07-07 15:59:04","14","14","13","61","97","Moderate"
1968078,"6.575195","3.3952413","2026-07-07 15:59:05","14","14","13","61","97","Moderate"
1968078,"6.5751967","3.3952444","2026-07-07 15:59:06","14","14","13","61","97","Moderate"
1968078,"6.5752","3.3952482","2026-07-07 15:59:07","15","16","14","61","97","Moderate"
1968078,"6.575202","3.3952515","2026-07-07 15:59:08","15","16","14","61","97","Moderate"
1968078,"6.575202","3.3952515","2026-07-07 15:59:09","15","16","14","61","97","Moderate"
1968078,"6.5752063","3.3952572","2026-07-07 15:59:10","15","16","14","62","97","Moderate"
1968078,"6.5752087","3.3952618","2026-07-07 15:59:11","14","14","13","62","97","Moderate"
1968078,"6.5752063","3.3952625","2026-07-07 15:59:12","14","14","13","62","97","Moderate"
1968078,"6.5752063","3.3952625","2026-07-07 15:59:13","13","13","12","62","97","Moderate"
1968078,"6.575207","3.3952641","2026-07-07 15:59:14","13","13","12","62","97","Moderate"
1968078,"6.575207","3.3952641","2026-07-07 15:59:15","13","13","12","62","97","Moderate"
1968078,"6.575207","3.3952641","2026-07-07 15:59:16","15","16","14","62","97","Moderate"
1968078,"6.575207","3.3952641","2026-07-07 15:59:17","15","16","14","62","97","Moderate"
1968078,"6.575207","3.3952641","2026-07-07 15:59:18","15","16","14","62","97","Moderate"
1968078,"6.575207","3.3952641","2026-07-07 15:59:19","15","16","14","62","97","Moderate"
1968078,"6.575207","3.3952641","2026-07-07 15:59:20","15","16","14","62","97","Moderate"
1968078,"6.575207","3.3952641","2026-07-07 15:59:21","15","16","14","62","97","Moderate"
1968078,"6.575207","3.3952641","2026-07-07 15:59:22","14","14","13","62","97","Moderate"
1968078,"6.575207","3.3952641","2026-07-07 15:59:23","14","14","13","62","97","Moderate"
1968078,"6.575207","3.3952641","2026-07-07 15:59:24","14","14","13","62","97","Moderate"
1968078,"6.575207","3.3952641","2026-07-07 15:59:25","16","17","15","62","97","Moderate"
1968078,"6.575207","3.3952641","2026-07-07 15:59:26","16","17","15","62","97","Moderate"
1968078,"6.575207","3.3952641","2026-07-07 15:59:27","16","17","15","62","97","Moderate"
1968078,"6.575207","3.3952641","2026-07-07 15:59:28","16","17","15","62","97","Moderate"
1968078,"6.575207","3.3952641","2026-07-07 15:59:29","16","17","15","62","97","Moderate"
1968078,"6.575207","3.3952641","2026-07-07 15:59:30","16","17","15","62","97","Moderate"
1968078,"6.575207","3.3952641","2026-07-07 15:59:32","16","17","15","62","97","Moderate"
1968078,"6.575207","3.3952641","2026-07-07 15:59:33","16","17","15","62","97","Moderate"
1968078,"6.575207","3.3952641","2026-07-07 15:59:34","16","17","15","62","97","Moderate"
1968078,"6.575207","3.3952641","2026-07-07 15:59:35","16","17","15","62","97","Moderate"
1968078,"6.575207","3.3952641","2026-07-07 15:59:36","16","17","15","62","97","Moderate"
1968078,"6.575207","3.3952641","2026-07-07 15:59:37","14","14","13","62","97","Moderate"
1968078,"6.575207","3.3952641","2026-07-07 15:59:38","14","14","13","62","97","Moderate"
1968078,"6.575207","3.3952641","2026-07-07 15:59:40","14","14","13","62","97","Moderate"
1968078,"6.575207","3.3952641","2026-07-07 15:59:41","14","14","13","62","97","Moderate"
1968078,"6.575207","3.3952641","2026-07-07 15:59:42","14","14","13","62","97","Moderate"
1968078,"6.575207","3.3952641","2026-07-07 15:59:43","14","14","13","62","97","Moderate"
1968078,"6.575207","3.3952641","2026-07-07 15:59:44","14","14","13","62","97","Moderate"
1968078,"6.575207","3.3952641","2026-07-07 15:59:45","14","15","13","62","97","Moderate"
1968078,"6.575207","3.3952641","2026-07-07 15:59:47","16","17","15","62","97","Moderate"
1968078,"6.575207","3.3952641","2026-07-07 15:59:48","16","17","15","63","97","Moderate"
1968078,"6.575207","3.3952641","2026-07-07 15:59:49","16","17","15","62","97","Moderate"
1968078,"6.575207","3.3952641","2026-07-07 15:59:50","16","17","15","62","97","Moderate"
1968078,"6.575207","3.3952641","2026-07-07 15:59:52","16","17","15","62","97","Moderate"
1968078,"6.575207","3.3952641","2026-07-07 15:59:53","17","18","15","62","97","Moderate"
1968078,"6.575207","3.3952641","2026-07-07 15:59:54","17","18","16","62","97","Moderate"
1968078,"6.575207","3.3952641","2026-07-07 15:59:55","17","18","16","62","97","Moderate"
1968078,"6.575207","3.3952641","2026-07-07 15:59:56","17","18","16","62","97","Moderate"
1968078,"6.575207","3.3952641","2026-07-07 15:59:57","17","18","16","62","97","Moderate"
1968078,"6.575207","3.3952641","2026-07-07 15:59:58","17","18","16","62","97","Moderate"
1968078,"6.575207","3.3952641","2026-07-07 15:59:59","16","17","15","63","97","Moderate"
1968078,"6.575207","3.3952641","2026-07-07 16:00:01","16","17","15","63","97","Moderate"
1968078,"6.575207","3.3952641","2026-07-07 16:00:02","16","17","15","63","97","Moderate"
1968078,"6.57504","3.3952246","2026-07-07 16:00:03","16","17","15","63","97","Moderate"
1968078,"6.57504","3.3952246","2026-07-07 16:00:04","16","17","15","64","97","Moderate"
1968078,"6.5750756","3.3952446","2026-07-07 16:00:05","15","16","14","64","97","Moderate"
1968078,"6.5750976","3.3952568","2026-07-07 16:00:06","14","14","13","64","97","Moderate"
1968078,"6.5751004","3.3952591","2026-07-07 16:00:07","14","15","13","64","97","Moderate"
1968078,"6.5751076","3.3952627","2026-07-07 16:00:08","15","16","14","64","97","Moderate"
1968078,"6.5751123","3.3952644","2026-07-07 16:00:09","16","17","15","64","97","Moderate"
1968078,"6.5751624","3.3952787","2026-07-07 16:00:10","16","17","15","65","97","Moderate"
1968078,"6.5751715","3.3952818","2026-07-07 16:00:11","15","16","14","65","97","Moderate"
1968078,"6.575176","3.3952837","2026-07-07 16:00:12","15","16","14","65","97","Moderate"
1968078,"6.575178","3.395285","2026-07-07 16:00:13","15","16","14","65","97","Moderate"
1968078,"6.5751634","3.395273","2026-07-07 16:00:14","14","15","13","65","97","Moderate"
1968078,"6.575161","3.39527","2026-07-07 16:00:15","15","16","14","65","97","Moderate"
1968078,"6.5751615","3.3952694","2026-07-07 16:00:16","16","17","15","65","97","Moderate"
1968078,"6.5751624","3.3952696","2026-07-07 16:00:17","16","17","15","65","97","Moderate"
1968078,"6.5751643","3.3952703","2026-07-07 16:00:18","16","17","15","65","97","Moderate"
1968078,"6.575166","3.395273","2026-07-07 16:00:19","16","17","15","65","97","Moderate"
1968078,"6.575168","3.3952746","2026-07-07 16:00:20","16","17","15","65","97","Moderate"
1968078,"6.5751705","3.395276","2026-07-07 16:00:21","16","16","14","64","97","Moderate"
1968078,"6.5751724","3.395278","2026-07-07 16:00:22","16","17","15","64","97","Moderate"
1968078,"6.5751743","3.3952794","2026-07-07 16:00:23","16","17","15","64","97","Moderate"
1968078,"6.5751505","3.395267","2026-07-07 16:00:24","16","17","15","64","97","Moderate"
1968078,"6.575152","3.3952677","2026-07-07 16:00:25","16","17","15","64","97","Moderate"
1968078,"6.575154","3.395269","2026-07-07 16:00:26","16","17","15","64","97","Moderate"
1968078,"6.575156","3.39527","2026-07-07 16:00:27","16","17","15","64","97","Moderate"
1968078,"6.575158","3.3952713","2026-07-07 16:00:28","16","17","15","64","97","Moderate"
1968078,"6.5751605","3.395273","2026-07-07 16:00:29","16","17","15","64","97","Moderate"
1968078,"6.575163","3.3952749","2026-07-07 16:00:30","16","17","15","63","97","Moderate"
1968078,"6.5751657","3.3952763","2026-07-07 16:00:31","15","16","14","63","97","Moderate"
1968078,"6.575168","3.3952782","2026-07-07 16:00:32","15","16","14","63","97","Moderate"
1968078,"6.57517","3.39528","2026-07-07 16:00:33","15","16","14","63","97","Moderate"
1968078,"6.5751595","3.3952692","2026-07-07 16:00:34","15","16","14","63","97","Moderate"
1968078,"6.5751615","3.3952703","2026-07-07 16:00:35","14","15","13","64","97","Moderate"
1968078,"6.575164","3.3952723","2026-07-07 16:00:36","14","14","13","64","97","Moderate"
1968078,"6.575166","3.3952746","2026-07-07 16:00:37","16","17","15","64","97","Moderate"
1968078,"6.575167","3.395277","2026-07-07 16:00:38","16","17","15","64","97","Moderate"
1968078,"6.575172","3.3952813","2026-07-07 16:00:39","17","18","16","64","97","Moderate"
1968078,"6.5751777","3.3952837","2026-07-07 16:00:40","16","17","15","64","97","Moderate"
1968078,"6.575183","3.395286","2026-07-07 16:00:41","16","17","15","63","97","Moderate"
1968078,"6.5751853","3.3952868","2026-07-07 16:00:42","16","17","15","63","97","Moderate"
1968078,"6.5751953","3.395291","2026-07-07 16:00:43","16","17","15","63","97","Moderate"
1968078,"6.575192","3.395291","2026-07-07 16:00:44","16","17","15","63","97","Moderate"
1968078,"6.5751934","3.3952932","2026-07-07 16:00:45","16","17","15","63","97","Moderate"
1968078,"6.5751963","3.3952966","2026-07-07 16:00:46","16","17","15","63","97","Moderate"
1968078,"6.5751996","3.395299","2026-07-07 16:00:47","16","17","15","63","97","Moderate"
1968078,"6.5752025","3.3953009","2026-07-07 16:00:48","17","18","15","63","97","Moderate"
1968078,"6.575205","3.395302","2026-07-07 16:00:49","17","18","16","63","97","Moderate"
1968078,"6.5752063","3.3953025","2026-07-07 16:00:50","17","18","16","63","97","Moderate"
1968078,"6.5752077","3.3953035","2026-07-07 16:00:51","17","18","16","63","97","Moderate"
1968078,"6.5752096","3.3953044","2026-07-07 16:00:52","17","18","16","64","97","Moderate"
1968078,"6.5752106","3.3953047","2026-07-07 16:00:53","17","18","16","64","97","Moderate"
1968078,"6.575214","3.3953075","2026-07-07 16:00:54","17","18","16","63","97","Moderate"
1968078,"6.575214","3.3953075","2026-07-07 16:00:55","16","17","15","63","97","Moderate"
1968078,"6.5752172","3.3953094","2026-07-07 16:00:56","16","17","15","63","97","Moderate"
1968078,"6.5752196","3.3953106","2026-07-07 16:00:57","16","17","15","63","97","Moderate"
1968078,"6.575221","3.3953116","2026-07-07 16:00:58","16","17","15","64","97","Moderate"
1968078,"6.5752254","3.3953192","2026-07-07 16:00:59","16","17","15","64","97","Moderate"
1968078,"6.5752277","3.3953266","2026-07-07 16:01:00","17","18","16","64","97","Moderate"
1968078,"6.57523","3.3953328","2026-07-07 16:01:01","16","17","15","64","97","Moderate"
1968078,"6.575231","3.395336","2026-07-07 16:01:02","15","16","14","64","97","Moderate"
1968078,"6.575232","3.395338","2026-07-07 16:01:03","16","17","15","64","97","Moderate"
1968078,"6.575233","3.3953395","2026-07-07 16:01:04","16","17","15","64","97","Moderate"
1968078,"6.575233","3.3953407","2026-07-07 16:01:05","16","17","15","64","97","Moderate"
1968078,"6.575234","3.3953414","2026-07-07 16:01:06","16","17","15","64","97","Moderate"
1968078,"6.5752344","3.395342","2026-07-07 16:01:07","17","18","16","64","97","Moderate"
1968078,"6.575235","3.3953414","2026-07-07 16:01:08","17","18","16","64","97","Moderate"
1968078,"6.575233","3.3953412","2026-07-07 16:01:09","17","18","15","64","97","Moderate"
1968078,"6.575232","3.395339","2026-07-07 16:01:10","17","18","16","63","97","Moderate"
1968078,"6.575232","3.3953388","2026-07-07 16:01:11","17","18","16","63","97","Moderate"
1968078,"6.5752316","3.395339","2026-07-07 16:01:12","17","18","16","63","97","Moderate"
