"session_id","latitude","longitude","time","pm2_5","pm10","pm1","rh","f","pm2_5_airquality"
1968079,"6.5751896","3.3955245","2026-07-07 14:32:52","14","15","13","93","80","Moderate"
1968079,"6.5751905","3.3955257","2026-07-07 14:32:53","15","16","14","93","81","Moderate"
1968079,"6.5751886","3.3955257","2026-07-07 14:32:54","15","16","14","93","81","Moderate"
1968079,"6.5751896","3.3955271","2026-07-07 14:32:55","15","16","14","93","81","Moderate"
1968079,"6.5751905","3.3955262","2026-07-07 14:32:56","15","16","14","93","81","Moderate"
1968079,"6.5751915","3.3955262","2026-07-07 14:32:57","15","16","14","93","81","Moderate"
1968079,"6.575192","3.3955257","2026-07-07 14:32:58","15","16","14","93","81","Moderate"
1968079,"6.575195","3.3955264","2026-07-07 14:32:59","15","16","14","93","81","Moderate"
1968079,"6.575199","3.3955233","2026-07-07 14:33:00","15","16","14","93","81","Moderate"
1968079,"6.575202","3.3955257","2026-07-07 14:33:01","15","16","14","93","81","Moderate"
1968079,"6.5752006","3.3955276","2026-07-07 14:33:02","15","16","14","93","81","Moderate"
1968079,"6.575199","3.3955262","2026-07-07 14:33:03","15","16","14","93","81","Moderate"
1968079,"6.5752006","3.3955262","2026-07-07 14:33:04","14","15","13","92","81","Moderate"
1968079,"6.5752006","3.3955264","2026-07-07 14:33:05","15","16","14","92","81","Moderate"
1968079,"6.575203","3.39553","2026-07-07 14:33:06","15","16","14","92","81","Moderate"
1968079,"6.575199","3.3955157","2026-07-07 14:33:07","16","17","15","92","81","Moderate"
1968079,"6.5751987","3.3955326","2026-07-07 14:33:08","16","17","15","92","81","Moderate"
1968079,"6.5751944","3.3955233","2026-07-07 14:33:09","16","17","15","92","81","Moderate"
1968079,"6.575195","3.3955293","2026-07-07 14:33:10","16","17","15","92","81","Moderate"
1968079,"6.5751987","3.3955274","2026-07-07 14:33:11","15","16","14","92","81","Moderate"
1968079,"6.575197","3.3955266","2026-07-07 14:33:12","15","16","14","92","81","Moderate"
1968079,"6.575201","3.3955274","2026-07-07 14:33:13","15","16","14","92","81","Moderate"
1968079,"6.575202","3.39553","2026-07-07 14:33:14","14","14","13","92","81","Moderate"
1968079,"6.5751987","3.3955321","2026-07-07 14:33:15","14","14","13","92","81","Moderate"
1968079,"6.5751996","3.3955326","2026-07-07 14:33:16","13","13","12","92","81","Moderate"
1968079,"6.575201","3.395535","2026-07-07 14:33:17","13","13","12","92","81","Moderate"
1968079,"6.5752006","3.3955367","2026-07-07 14:33:18","13","13","12","92","81","Moderate"
1968079,"6.5752044","3.3955243","2026-07-07 14:33:19","12","13","11","91","81","Good"
1968079,"6.5752077","3.3955317","2026-07-07 14:33:20","12","12","11","91","81","Good"
1968079,"6.575206","3.395532","2026-07-07 14:33:21","13","13","12","91","81","Moderate"
1968079,"6.575206","3.3955317","2026-07-07 14:33:22","13","13","12","91","81","Moderate"
1968079,"6.575198","3.395528","2026-07-07 14:33:23","13","13","12","91","81","Moderate"
1968079,"6.575201","3.395529","2026-07-07 14:33:24","13","13","12","91","81","Moderate"
1968079,"6.575202","3.3955336","2026-07-07 14:33:25","12","12","11","91","81","Good"
1968079,"6.575206","3.3955348","2026-07-07 14:33:26","12","12","11","91","81","Good"
1968079,"6.575204","3.3955371","2026-07-07 14:33:27","12","12","11","91","81","Good"
1968079,"6.575204","3.3955374","2026-07-07 14:33:28","13","13","12","91","81","Moderate"
1968079,"6.5752","3.395536","2026-07-07 14:33:29","13","13","12","91","81","Moderate"
1968079,"6.5752006","3.3955376","2026-07-07 14:33:30","13","13","12","91","81","Moderate"
1968079,"6.5751987","3.3955305","2026-07-07 14:33:31","13","13","12","91","81","Moderate"
1968079,"6.575201","3.3955345","2026-07-07 14:33:32","13","13","12","91","81","Moderate"
1968079,"6.575197","3.3955336","2026-07-07 14:33:33","13","13","12","91","81","Moderate"
1968079,"6.5751977","3.3955338","2026-07-07 14:33:34","13","14","12","91","81","Moderate"
1968079,"6.5751977","3.3955355","2026-07-07 14:33:35","13","13","12","91","81","Moderate"
1968079,"6.575197","3.3955362","2026-07-07 14:33:36","13","13","12","91","81","Moderate"
1968079,"6.575198","3.395537","2026-07-07 14:33:37","14","14","13","91","81","Moderate"
1968079,"6.5752","3.3955362","2026-07-07 14:33:38","14","14","13","91","81","Moderate"
1968079,"6.575209","3.3955455","2026-07-07 14:33:39","14","14","13","91","81","Moderate"
1968079,"6.575209","3.3955467","2026-07-07 14:33:40","14","14","13","91","81","Moderate"
1968079,"6.575206","3.3955464","2026-07-07 14:33:41","15","16","14","91","81","Moderate"
1968079,"6.5752044","3.3955445","2026-07-07 14:33:42","14","14","13","91","81","Moderate"
1968079,"6.5752015","3.3955407","2026-07-07 14:33:43","13","13","12","91","81","Moderate"
1968079,"6.5751987","3.3955438","2026-07-07 14:33:44","13","13","12","91","81","Moderate"
1968079,"6.575194","3.3955383","2026-07-07 14:33:45","13","13","12","90","81","Moderate"
1968079,"6.5751934","3.3955362","2026-07-07 14:33:46","13","13","12","90","82","Moderate"
1968079,"6.5751934","3.395536","2026-07-07 14:33:47","13","13","12","90","82","Moderate"
1968079,"6.5751934","3.395536","2026-07-07 14:33:48","13","13","12","90","81","Moderate"
1968079,"6.5751934","3.395536","2026-07-07 14:33:49","13","13","12","90","82","Moderate"
1968079,"6.5751934","3.395536","2026-07-07 14:33:50","13","13","12","90","82","Moderate"
1968079,"6.5751987","3.3955362","2026-07-07 14:33:51","13","13","12","90","82","Moderate"
1968079,"6.5751987","3.3955362","2026-07-07 14:33:52","14","14","13","90","82","Moderate"
1968079,"6.5751987","3.3955362","2026-07-07 14:33:53","15","16","14","90","82","Moderate"
1968079,"6.5751987","3.3955362","2026-07-07 14:33:54","15","16","14","90","82","Moderate"
1968079,"6.5752006","3.3955288","2026-07-07 14:33:55","15","16","14","90","82","Moderate"
1968079,"6.5751987","3.3955362","2026-07-07 14:33:56","15","16","14","90","82","Moderate"
1968079,"6.5751987","3.3955362","2026-07-07 14:33:57","15","16","14","90","82","Moderate"
1968079,"6.5751987","3.3955362","2026-07-07 14:33:58","13","13","12","90","82","Moderate"
1968079,"6.5751987","3.3955362","2026-07-07 14:33:59","13","13","12","90","82","Moderate"
1968079,"6.5751987","3.3955362","2026-07-07 14:34:00","14","14","13","90","82","Moderate"
1968079,"6.5751987","3.3955362","2026-07-07 14:34:01","14","14","13","90","82","Moderate"
1968079,"6.5751987","3.3955362","2026-07-07 14:34:02","14","14","13","90","82","Moderate"
1968079,"6.5751987","3.3955362","2026-07-07 14:34:03","14","14","13","90","82","Moderate"
1968079,"6.5751987","3.3955362","2026-07-07 14:34:04","14","14","13","90","82","Moderate"
1968079,"6.5751987","3.3955362","2026-07-07 14:34:05","14","14","13","90","82","Moderate"
1968079,"6.5751987","3.3955362","2026-07-07 14:34:06","14","14","13","90","82","Moderate"
1968079,"6.5751996","3.3955185","2026-07-07 14:34:07","15","16","14","90","82","Moderate"
1968079,"6.5751996","3.395521","2026-07-07 14:34:08","15","16","14","90","82","Moderate"
1968079,"6.5751996","3.3955228","2026-07-07 14:34:09","14","14","13","90","82","Moderate"
1968079,"6.575183","3.3955197","2026-07-07 14:34:10","14","14","13","90","82","Moderate"
1968079,"6.575183","3.395515","2026-07-07 14:34:11","13","13","12","90","82","Moderate"
1968079,"6.5751824","3.3955195","2026-07-07 14:34:12","14","14","13","90","82","Moderate"
1968079,"6.5751824","3.3955195","2026-07-07 14:34:13","14","14","13","90","82","Moderate"
1968079,"6.5751824","3.3955195","2026-07-07 14:34:14","14","14","13","90","82","Moderate"
1968079,"6.5751824","3.3955195","2026-07-07 14:34:15","13","13","12","90","82","Moderate"
1968079,"6.5751824","3.3955195","2026-07-07 14:34:16","13","13","12","90","82","Moderate"
1968079,"6.5751824","3.3955195","2026-07-07 14:34:17","12","12","11","90","82","Good"
1968079,"6.5751853","3.3955183","2026-07-07 14:34:18","13","13","12","90","82","Moderate"
1968079,"6.5751762","3.3955128","2026-07-07 14:34:19","12","12","11","90","82","Good"
1968079,"6.575177","3.3955135","2026-07-07 14:34:20","12","12","11","90","82","Good"
1968079,"6.575177","3.3955135","2026-07-07 14:34:21","12","13","11","89","82","Good"
1968079,"6.575177","3.3955135","2026-07-07 14:34:22","13","13","12","89","82","Moderate"
1968079,"6.575177","3.3955135","2026-07-07 14:34:23","12","12","11","89","82","Good"
1968079,"6.575177","3.3955135","2026-07-07 14:34:24","12","12","11","89","82","Good"
1968079,"6.575177","3.3955135","2026-07-07 14:34:25","12","12","11","89","82","Good"
1968079,"6.575177","3.3955135","2026-07-07 14:34:26","12","12","11","89","82","Good"
1968079,"6.575177","3.3955135","2026-07-07 14:34:27","13","13","12","89","82","Moderate"
1968079,"6.575177","3.3955135","2026-07-07 14:34:28","13","13","12","89","82","Moderate"
1968079,"6.575177","3.3955135","2026-07-07 14:34:29","13","13","12","89","82","Moderate"
1968079,"6.575177","3.3955135","2026-07-07 14:34:30","13","13","12","89","82","Moderate"
1968079,"6.575177","3.3955135","2026-07-07 14:34:31","13","13","12","89","82","Moderate"
1968079,"6.575177","3.3955135","2026-07-07 14:34:32","14","14","13","89","82","Moderate"
1968079,"6.575177","3.3955135","2026-07-07 14:34:33","14","14","13","89","82","Moderate"
1968079,"6.575177","3.3955135","2026-07-07 14:34:34","13","13","12","89","82","Moderate"
1968079,"6.575176","3.3955085","2026-07-07 14:34:35","13","13","12","89","82","Moderate"
1968079,"6.5751767","3.3955088","2026-07-07 14:34:36","14","14","13","89","82","Moderate"
1968079,"6.5751767","3.3955085","2026-07-07 14:34:37","14","14","13","89","82","Moderate"
1968079,"6.5751767","3.3955085","2026-07-07 14:34:38","14","14","13","89","82","Moderate"
1968079,"6.5751743","3.3955097","2026-07-07 14:34:39","14","14","13","89","82","Moderate"
1968079,"6.5751743","3.3955097","2026-07-07 14:34:40","13","13","12","89","82","Moderate"
1968079,"6.5751743","3.3955097","2026-07-07 14:34:41","13","13","12","89","82","Moderate"
1968079,"6.5751743","3.3955097","2026-07-07 14:34:42","13","13","12","89","83","Moderate"
1968079,"6.5751743","3.3955092","2026-07-07 14:34:43","13","13","12","89","83","Moderate"
1968079,"6.5751743","3.3955097","2026-07-07 14:34:44","12","12","11","89","83","Good"
1968079,"6.5751743","3.3955097","2026-07-07 14:34:45","12","12","11","89","83","Good"
1968079,"6.5751743","3.3955097","2026-07-07 14:34:46","13","13","12","89","83","Moderate"
1968079,"6.5751743","3.3955097","2026-07-07 14:34:47","13","13","12","89","83","Moderate"
1968079,"6.5751743","3.3955097","2026-07-07 14:34:48","12","12","11","89","83","Good"
1968079,"6.5751743","3.3955097","2026-07-07 14:34:49","13","13","12","89","83","Moderate"
1968079,"6.5751743","3.3955097","2026-07-07 14:34:50","13","13","12","89","83","Moderate"
1968079,"6.5751834","3.3955135","2026-07-07 14:34:51","13","13","12","89","83","Moderate"
1968079,"6.5751834","3.3955135","2026-07-07 14:34:52","13","13","12","89","83","Moderate"
1968079,"6.5751843","3.3955142","2026-07-07 14:34:53","13","13","12","89","83","Moderate"
1968079,"6.575183","3.395516","2026-07-07 14:34:54","13","13","12","89","83","Moderate"
1968079,"6.5751815","3.3955169","2026-07-07 14:34:55","13","13","12","89","83","Moderate"
1968079,"6.575183","3.395515","2026-07-07 14:34:56","13","13","12","89","83","Moderate"
1968079,"6.575186","3.3955173","2026-07-07 14:34:57","11","11","10","89","83","Good"
1968079,"6.5751867","3.3955157","2026-07-07 14:34:58","12","12","11","89","83","Good"
1968079,"6.5751896","3.3955123","2026-07-07 14:34:59","12","12","11","89","83","Good"
1968079,"6.5751877","3.3955123","2026-07-07 14:35:00","12","12","11","89","83","Good"
1968079,"6.5751877","3.3955123","2026-07-07 14:35:01","12","12","11","89","83","Good"
1968079,"6.575178","3.395513","2026-07-07 14:35:02","12","12","11","88","83","Good"
1968079,"6.575178","3.395513","2026-07-07 14:35:03","12","12","11","88","83","Good"
1968079,"6.5751767","3.3955104","2026-07-07 14:35:04","12","12","11","88","83","Good"
1968079,"6.57517","3.3955088","2026-07-07 14:35:05","13","13","12","88","83","Moderate"
1968079,"6.575164","3.3955114","2026-07-07 14:35:06","12","12","11","88","83","Good"
1968079,"6.575165","3.3955107","2026-07-07 14:35:07","12","12","11","88","83","Good"
1968079,"6.5751653","3.3955092","2026-07-07 14:35:08","12","12","11","88","83","Good"
1968079,"6.5751677","3.3955095","2026-07-07 14:35:09","12","12","11","88","83","Good"
1968079,"6.5751677","3.3955097","2026-07-07 14:35:10","12","12","11","88","83","Good"
1968079,"6.575173","3.3955107","2026-07-07 14:35:11","12","12","11","88","83","Good"
1968079,"6.575176","3.3955142","2026-07-07 14:35:12","12","12","11","88","83","Good"
1968079,"6.575176","3.3955142","2026-07-07 14:35:13","12","12","11","88","83","Good"
1968079,"6.575176","3.3955142","2026-07-07 14:35:14","12","12","11","88","83","Good"
1968079,"6.5751767","3.395518","2026-07-07 14:35:15","13","13","12","88","83","Moderate"
1968079,"6.5751777","3.3955193","2026-07-07 14:35:16","13","13","12","88","83","Moderate"
1968079,"6.5751777","3.3955207","2026-07-07 14:35:17","13","13","12","88","83","Moderate"
1968079,"6.5751805","3.3955204","2026-07-07 14:35:18","13","13","12","88","83","Moderate"
1968079,"6.575186","3.3955219","2026-07-07 14:35:19","12","12","11","88","83","Good"
1968079,"6.5751905","3.3955233","2026-07-07 14:35:20","12","12","11","88","83","Good"
1968079,"6.575195","3.3955255","2026-07-07 14:35:21","14","14","13","88","83","Moderate"
1968079,"6.575196","3.395523","2026-07-07 14:35:22","14","14","13","88","83","Moderate"
1968079,"6.5751963","3.3955255","2026-07-07 14:35:23","13","13","12","88","83","Moderate"
1968079,"6.5751963","3.3955255","2026-07-07 14:35:24","13","13","12","88","83","Moderate"
1968079,"6.5751963","3.3955255","2026-07-07 14:35:25","13","13","12","87","83","Moderate"
1968079,"6.5751963","3.3955255","2026-07-07 14:35:26","13","13","12","87","83","Moderate"
1968079,"6.575194","3.3955283","2026-07-07 14:35:27","13","13","12","87","83","Moderate"
1968079,"6.575194","3.3955283","2026-07-07 14:35:28","13","13","12","87","83","Moderate"
1968079,"6.575194","3.3955283","2026-07-07 14:35:29","13","13","12","87","83","Moderate"
1968079,"6.575194","3.3955283","2026-07-07 14:35:30","14","14","13","87","83","Moderate"
1968079,"6.575194","3.3955283","2026-07-07 14:35:31","14","14","13","87","83","Moderate"
1968079,"6.5751944","3.3955278","2026-07-07 14:35:32","13","13","12","87","84","Moderate"
1968079,"6.5751944","3.3955278","2026-07-07 14:35:33","13","13","12","87","83","Moderate"
1968079,"6.575194","3.3955283","2026-07-07 14:35:34","13","13","12","87","84","Moderate"
1968079,"6.575194","3.3955283","2026-07-07 14:35:35","13","13","12","87","84","Moderate"
1968079,"6.575194","3.3955283","2026-07-07 14:35:36","13","13","12","87","84","Moderate"
1968079,"6.575194","3.3955283","2026-07-07 14:35:37","13","13","12","87","84","Moderate"
1968079,"6.575194","3.3955283","2026-07-07 14:35:38","13","13","12","87","84","Moderate"
1968079,"6.575178","3.395518","2026-07-07 14:35:39","12","12","11","87","84","Good"
1968079,"6.5751786","3.3955164","2026-07-07 14:35:40","12","12","11","87","84","Good"
1968079,"6.5751786","3.3955164","2026-07-07 14:35:41","12","12","11","87","84","Good"
1968079,"6.5751786","3.3955164","2026-07-07 14:35:42","13","13","12","87","84","Moderate"
1968079,"6.575178","3.395516","2026-07-07 14:35:43","13","13","12","87","84","Moderate"
1968079,"6.575178","3.3955154","2026-07-07 14:35:44","13","13","12","87","84","Moderate"
1968079,"6.575178","3.3955169","2026-07-07 14:35:45","13","13","12","87","84","Moderate"
1968079,"6.5751815","3.3955188","2026-07-07 14:35:46","12","12","11","87","84","Good"
1968079,"6.575181","3.3955257","2026-07-07 14:35:47","12","12","11","87","84","Good"
1968079,"6.575181","3.3955238","2026-07-07 14:35:48","12","12","11","87","84","Good"
1968079,"6.575179","3.3955274","2026-07-07 14:35:49","10","11","10","87","84","Good"
1968079,"6.575179","3.3955278","2026-07-07 14:35:50","10","11","10","87","84","Good"
1968079,"6.575179","3.3955278","2026-07-07 14:35:51","9","10","8","86","84","Good"
1968079,"6.575179","3.3955278","2026-07-07 14:35:52","9","10","8","86","84","Good"
1968079,"6.575179","3.3955278","2026-07-07 14:35:53","10","11","10","86","84","Good"
1968079,"6.575179","3.3955278","2026-07-07 14:35:54","10","11","10","86","84","Good"
1968079,"6.575179","3.3955278","2026-07-07 14:35:55","10","11","10","86","84","Good"
1968079,"6.575186","3.3955233","2026-07-07 14:35:56","10","10","9","86","84","Good"
1968079,"6.5751796","3.3955278","2026-07-07 14:35:57","10","11","10","86","84","Good"
1968079,"6.57518","3.3955271","2026-07-07 14:35:58","12","12","11","86","84","Good"
1968079,"6.57518","3.3955271","2026-07-07 14:35:59","12","12","11","86","84","Good"
1968079,"6.57518","3.3955271","2026-07-07 14:36:00","12","12","11","86","84","Good"
1968079,"6.57518","3.3955271","2026-07-07 14:36:01","12","12","11","86","84","Good"
1968079,"6.57518","3.3955271","2026-07-07 14:36:02","12","12","11","86","84","Good"
1968079,"6.57518","3.3955271","2026-07-07 14:36:03","12","12","11","86","84","Good"
1968079,"6.57518","3.3955271","2026-07-07 14:36:04","12","12","11","86","84","Good"
1968079,"6.57518","3.3955271","2026-07-07 14:36:05","12","12","11","86","84","Good"
1968079,"6.57518","3.3955271","2026-07-07 14:36:06","12","12","11","86","84","Good"
1968079,"6.57518","3.3955271","2026-07-07 14:36:07","13","13","12","86","84","Moderate"
1968079,"6.57518","3.3955271","2026-07-07 14:36:08","13","13","12","86","84","Moderate"
1968079,"6.57518","3.3955271","2026-07-07 14:36:09","13","13","12","86","84","Moderate"
1968079,"6.57518","3.3955271","2026-07-07 14:36:10","13","13","12","86","84","Moderate"
1968079,"6.57518","3.3955271","2026-07-07 14:36:11","12","12","11","86","84","Good"
1968079,"6.57518","3.3955271","2026-07-07 14:36:12","13","13","12","86","84","Moderate"
1968079,"6.5751815","3.3955286","2026-07-07 14:36:13","13","13","12","86","84","Moderate"
1968079,"6.5751805","3.3955271","2026-07-07 14:36:14","13","13","12","86","84","Moderate"
1968079,"6.57518","3.3955271","2026-07-07 14:36:15","12","12","11","85","84","Good"
1968079,"6.57518","3.3955271","2026-07-07 14:36:16","12","12","11","85","84","Good"
1968079,"6.57518","3.3955271","2026-07-07 14:36:17","12","12","11","85","84","Good"
1968079,"6.57518","3.3955271","2026-07-07 14:36:18","12","12","11","85","84","Good"
1968079,"6.57518","3.3955271","2026-07-07 14:36:19","12","12","11","85","84","Good"
1968079,"6.57518","3.3955271","2026-07-07 14:36:20","12","12","11","85","84","Good"
1968079,"6.57518","3.3955271","2026-07-07 14:36:21","12","12","11","85","84","Good"
1968079,"6.57518","3.3955271","2026-07-07 14:36:22","12","12","11","85","84","Good"
1968079,"6.57518","3.3955271","2026-07-07 14:36:23","12","12","11","85","84","Good"
1968079,"6.57518","3.3955271","2026-07-07 14:36:24","12","12","11","85","84","Good"
1968079,"6.57518","3.3955271","2026-07-07 14:36:25","12","12","11","85","84","Good"
1968079,"6.5751805","3.3955271","2026-07-07 14:36:26","12","12","11","85","84","Good"
1968079,"6.57518","3.3955271","2026-07-07 14:36:27","12","12","11","85","84","Good"
1968079,"6.57518","3.3955271","2026-07-07 14:36:28","12","12","11","85","84","Good"
1968079,"6.57518","3.3955271","2026-07-07 14:36:29","12","12","11","85","84","Good"
1968079,"6.5751853","3.395538","2026-07-07 14:36:30","12","12","11","85","84","Good"
1968079,"6.575185","3.3955388","2026-07-07 14:36:31","12","12","11","85","85","Good"
1968079,"6.575185","3.3955388","2026-07-07 14:36:32","11","11","10","85","85","Good"
1968079,"6.575185","3.3955388","2026-07-07 14:36:33","10","11","10","85","85","Good"
1968079,"6.575185","3.3955388","2026-07-07 14:36:34","10","11","10","85","85","Good"
1968079,"6.575185","3.3955388","2026-07-07 14:36:35","10","11","10","85","85","Good"
1968079,"6.575185","3.3955388","2026-07-07 14:36:36","12","12","11","84","85","Good"
1968079,"6.575185","3.3955388","2026-07-07 14:36:37","12","12","11","84","85","Good"
1968079,"6.575185","3.3955388","2026-07-07 14:36:38","12","12","11","84","85","Good"
1968079,"6.575185","3.3955388","2026-07-07 14:36:39","12","12","11","84","85","Good"
1968079,"6.575185","3.3955388","2026-07-07 14:36:40","12","12","11","84","85","Good"
1968079,"6.575186","3.3955438","2026-07-07 14:36:41","12","12","11","84","85","Good"
1968079,"6.5751863","3.3955438","2026-07-07 14:36:42","10","11","10","84","85","Good"
1968079,"6.5751877","3.3955426","2026-07-07 14:36:43","10","11","10","84","85","Good"
1968079,"6.5751853","3.3955395","2026-07-07 14:36:44","9","10","8","84","85","Good"
1968079,"6.575182","3.3955312","2026-07-07 14:36:45","9","10","8","84","85","Good"
1968079,"6.5751796","3.3955317","2026-07-07 14:36:46","9","10","8","84","85","Good"
1968079,"6.5751777","3.395531","2026-07-07 14:36:47","9","10","8","84","85","Good"
1968079,"6.575172","3.3955204","2026-07-07 14:36:48","9","10","8","84","85","Good"
1968079,"6.575169","3.395514","2026-07-07 14:36:49","9","10","8","84","85","Good"
1968079,"6.575169","3.395517","2026-07-07 14:36:50","9","10","8","84","85","Good"
1968079,"6.5751686","3.3955169","2026-07-07 14:36:51","9","10","8","84","85","Good"
1968079,"6.5751686","3.3955169","2026-07-07 14:36:52","9","10","8","84","85","Good"
1968079,"6.5751686","3.3955169","2026-07-07 14:36:53","9","10","8","84","85","Good"
1968079,"6.5751686","3.3955169","2026-07-07 14:36:54","10","11","10","84","85","Good"
1968079,"6.5751686","3.3955169","2026-07-07 14:36:55","12","12","11","84","85","Good"
1968079,"6.5751686","3.3955169","2026-07-07 14:36:56","10","11","10","84","85","Good"
1968079,"6.5751686","3.3955169","2026-07-07 14:36:57","10","11","10","83","85","Good"
1968079,"6.5751686","3.3955169","2026-07-07 14:36:58","10","11","10","83","85","Good"
1968079,"6.5751724","3.3955176","2026-07-07 14:36:59","10","11","10","83","85","Good"
1968079,"6.5751734","3.3955178","2026-07-07 14:37:00","10","11","10","83","85","Good"
1968079,"6.575175","3.3955164","2026-07-07 14:37:01","10","11","10","83","85","Good"
1968079,"6.575175","3.3955162","2026-07-07 14:37:02","10","11","10","83","85","Good"
1968079,"6.575175","3.3955162","2026-07-07 14:37:03","12","12","11","83","85","Good"
1968079,"6.575178","3.3955166","2026-07-07 14:37:04","12","12","11","83","85","Good"
1968079,"6.5751786","3.3955173","2026-07-07 14:37:05","12","12","11","83","85","Good"
1968079,"6.575181","3.395518","2026-07-07 14:37:06","10","11","10","83","85","Good"
1968079,"6.575181","3.3955164","2026-07-07 14:37:07","10","11","10","83","85","Good"
1968079,"6.575183","3.3955154","2026-07-07 14:37:08","10","11","10","83","85","Good"
1968079,"6.575183","3.3955173","2026-07-07 14:37:09","12","12","11","83","85","Good"
1968079,"6.575183","3.3955166","2026-07-07 14:37:10","10","11","10","83","85","Good"
1968079,"6.575182","3.395516","2026-07-07 14:37:11","10","11","10","83","85","Good"
1968079,"6.575181","3.395514","2026-07-07 14:37:12","10","11","10","83","85","Good"
1968079,"6.5751815","3.3955138","2026-07-07 14:37:13","10","11","10","83","85","Good"
1968079,"6.5751815","3.3955138","2026-07-07 14:37:14","10","11","10","83","85","Good"
1968079,"6.5751796","3.3955188","2026-07-07 14:37:15","12","12","11","83","85","Good"
1968079,"6.57518","3.3955214","2026-07-07 14:37:16","12","12","11","83","85","Good"
1968079,"6.57518","3.3955214","2026-07-07 14:37:17","12","13","11","83","85","Good"
1968079,"6.57518","3.3955214","2026-07-07 14:37:18","13","13","12","83","85","Moderate"
1968079,"6.57518","3.3955214","2026-07-07 14:37:19","13","13","12","83","85","Moderate"
1968079,"6.57518","3.3955214","2026-07-07 14:37:20","13","13","12","83","85","Moderate"
1968079,"6.575182","3.3955278","2026-07-07 14:37:21","12","12","11","83","85","Good"
1968079,"6.5751843","3.395529","2026-07-07 14:37:22","12","12","11","83","85","Good"
1968079,"6.5751863","3.3955286","2026-07-07 14:37:23","12","12","11","83","85","Good"
1968079,"6.575189","3.3955288","2026-07-07 14:37:24","12","13","11","83","85","Good"
1968079,"6.57519","3.3955274","2026-07-07 14:37:25","13","13","12","83","85","Moderate"
1968079,"6.575191","3.3955312","2026-07-07 14:37:26","12","12","11","83","85","Good"
1968079,"6.5751925","3.3955326","2026-07-07 14:37:27","12","12","11","83","85","Good"
1968079,"6.575196","3.3955362","2026-07-07 14:37:28","12","12","11","83","85","Good"
1968079,"6.5751977","3.3955376","2026-07-07 14:37:29","12","12","11","83","85","Good"
1968079,"6.5751953","3.395537","2026-07-07 14:37:30","13","13","12","83","85","Moderate"
1968079,"6.5751953","3.395537","2026-07-07 14:37:31","13","13","12","83","85","Moderate"
1968079,"6.5751953","3.3955426","2026-07-07 14:37:32","12","13","11","83","85","Good"
1968079,"6.5751953","3.3955379","2026-07-07 14:37:33","12","12","11","83","86","Good"
1968079,"6.5751915","3.3955362","2026-07-07 14:37:34","12","12","11","83","85","Good"
1968079,"6.57519","3.3955371","2026-07-07 14:37:35","10","11","10","83","86","Good"
1968079,"6.5751863","3.3955379","2026-07-07 14:37:36","12","12","11","83","86","Good"
1968079,"6.5751863","3.3955386","2026-07-07 14:37:37","12","12","11","83","86","Good"
1968079,"6.5751843","3.395536","2026-07-07 14:37:38","12","12","11","82","86","Good"
1968079,"6.5751863","3.3955345","2026-07-07 14:37:39","12","12","11","82","86","Good"
1968079,"6.5751867","3.3955326","2026-07-07 14:37:40","12","12","11","82","86","Good"
1968079,"6.575186","3.3955314","2026-07-07 14:37:41","12","12","11","82","86","Good"
1968079,"6.5751853","3.3955288","2026-07-07 14:37:42","10","11","10","82","86","Good"
1968079,"6.5751877","3.3955247","2026-07-07 14:37:43","10","11","10","82","86","Good"
1968079,"6.5751896","3.3955276","2026-07-07 14:37:44","12","12","11","82","86","Good"
1968079,"6.5751925","3.3955257","2026-07-07 14:37:45","10","11","10","82","86","Good"
1968079,"6.5751944","3.3955278","2026-07-07 14:37:46","10","11","10","82","86","Good"
1968079,"6.5751934","3.395527","2026-07-07 14:37:47","9","10","8","82","86","Good"
1968079,"6.575194","3.3955245","2026-07-07 14:37:48","9","10","8","82","86","Good"
1968079,"6.575199","3.3955233","2026-07-07 14:37:49","10","11","10","82","86","Good"
1968079,"6.5752006","3.3955162","2026-07-07 14:37:50","10","11","10","82","86","Good"
1968079,"6.575193","3.3955104","2026-07-07 14:37:51","10","11","10","82","86","Good"
1968079,"6.5751896","3.3955112","2026-07-07 14:37:52","10","11","10","82","86","Good"
1968079,"6.5751815","3.39551","2026-07-07 14:37:53","12","12","11","82","86","Good"
1968079,"6.575178","3.3955138","2026-07-07 14:37:54","12","12","11","82","86","Good"
1968079,"6.575176","3.3955128","2026-07-07 14:37:55","12","12","11","82","86","Good"
1968079,"6.5751753","3.3955135","2026-07-07 14:37:56","12","12","11","82","86","Good"
1968079,"6.575176","3.3955128","2026-07-07 14:37:57","12","12","11","82","86","Good"
1968079,"6.5751762","3.3955133","2026-07-07 14:37:58","12","12","11","82","86","Good"
1968079,"6.5751715","3.3955095","2026-07-07 14:37:59","12","12","11","82","86","Good"
1968079,"6.5751743","3.3955095","2026-07-07 14:38:00","12","12","11","82","86","Good"
1968079,"6.575179","3.3955097","2026-07-07 14:38:01","10","11","10","82","86","Good"
1968079,"6.575183","3.3955102","2026-07-07 14:38:02","12","12","11","82","86","Good"
1968079,"6.5751824","3.3955119","2026-07-07 14:38:03","12","12","11","82","86","Good"
1968079,"6.575179","3.3955135","2026-07-07 14:38:04","12","12","11","82","86","Good"
1968079,"6.57518","3.3955114","2026-07-07 14:38:05","12","12","11","82","86","Good"
1968079,"6.575179","3.3955102","2026-07-07 14:38:06","12","12","11","82","86","Good"
1968079,"6.575178","3.3955085","2026-07-07 14:38:07","10","11","10","82","86","Good"
1968079,"6.5751796","3.395512","2026-07-07 14:38:08","10","11","10","82","86","Good"
1968079,"6.575182","3.3955112","2026-07-07 14:38:09","10","11","10","82","86","Good"
1968079,"6.5751805","3.3955128","2026-07-07 14:38:10","10","11","10","82","86","Good"
1968079,"6.5751786","3.3955133","2026-07-07 14:38:11","12","12","11","82","86","Good"
1968079,"6.575178","3.3955128","2026-07-07 14:38:12","10","11","10","82","86","Good"
1968079,"6.575178","3.3955128","2026-07-07 14:38:13","10","11","10","82","86","Good"
1968079,"6.5751786","3.3955142","2026-07-07 14:38:14","12","12","11","82","86","Good"
1968079,"6.575183","3.3955142","2026-07-07 14:38:15","12","12","11","82","86","Good"
1968079,"6.5751853","3.3955166","2026-07-07 14:38:16","12","12","11","82","86","Good"
1968079,"6.5751843","3.39552","2026-07-07 14:38:17","12","12","11","82","86","Good"
1968079,"6.575183","3.395521","2026-07-07 14:38:18","10","11","10","82","86","Good"
1968079,"6.5751786","3.3955207","2026-07-07 14:38:19","10","11","10","82","86","Good"
1968079,"6.5751786","3.3955214","2026-07-07 14:38:20","10","11","10","82","86","Good"
1968079,"6.575178","3.395521","2026-07-07 14:38:21","10","11","10","82","86","Good"
1968079,"6.575179","3.3955176","2026-07-07 14:38:22","10","11","10","82","86","Good"
1968079,"6.575179","3.395517","2026-07-07 14:38:23","12","12","11","82","86","Good"
1968079,"6.5751796","3.3955178","2026-07-07 14:38:24","12","12","11","82","86","Good"
1968079,"6.5751796","3.3955178","2026-07-07 14:38:25","12","12","11","82","86","Good"
1968079,"6.5751796","3.3955178","2026-07-07 14:38:26","12","12","11","82","86","Good"
1968079,"6.5751815","3.3955212","2026-07-07 14:38:27","12","12","11","82","86","Good"
1968079,"6.57518","3.3955185","2026-07-07 14:38:28","12","12","11","82","86","Good"
1968079,"6.57518","3.3955185","2026-07-07 14:38:29","12","12","11","82","86","Good"
1968079,"6.575179","3.395517","2026-07-07 14:38:30","12","12","11","82","86","Good"
1968079,"6.57518","3.395515","2026-07-07 14:38:31","12","12","11","82","86","Good"
1968079,"6.5751796","3.3955152","2026-07-07 14:38:32","12","12","11","81","86","Good"
1968079,"6.5751677","3.3955107","2026-07-07 14:38:33","12","12","11","81","86","Good"
1968079,"6.575164","3.3955073","2026-07-07 14:38:34","12","12","11","81","86","Good"
1968079,"6.5751643","3.3955078","2026-07-07 14:38:35","10","11","10","81","86","Good"
1968079,"6.5751643","3.3955078","2026-07-07 14:38:36","10","11","10","81","86","Good"
1968079,"6.5751643","3.3955078","2026-07-07 14:38:37","10","11","10","81","86","Good"
1968079,"6.5751643","3.3955078","2026-07-07 14:38:38","10","11","10","81","86","Good"
1968079,"6.5751643","3.3955078","2026-07-07 14:38:39","10","11","10","81","86","Good"
1968079,"6.5751643","3.3955078","2026-07-07 14:38:40","10","11","10","81","86","Good"
1968079,"6.575161","3.3955066","2026-07-07 14:38:41","10","11","10","81","86","Good"
1968079,"6.575163","3.395509","2026-07-07 14:38:42","10","11","10","81","87","Good"
1968079,"6.5751615","3.3955102","2026-07-07 14:38:43","10","11","10","81","86","Good"
1968079,"6.5751615","3.3955102","2026-07-07 14:38:44","10","11","10","81","87","Good"
1968079,"6.5751615","3.3955102","2026-07-07 14:38:45","10","11","10","81","87","Good"
1968079,"6.5751615","3.3955102","2026-07-07 14:38:46","10","11","10","81","86","Good"
1968079,"6.5751615","3.3955102","2026-07-07 14:38:47","10","11","10","81","87","Good"
1968079,"6.5751615","3.3955102","2026-07-07 14:38:48","10","11","10","81","87","Good"
1968079,"6.5751615","3.3955102","2026-07-07 14:38:49","10","11","10","81","87","Good"
1968079,"6.5751615","3.3955102","2026-07-07 14:38:50","10","11","10","81","87","Good"
1968079,"6.5751615","3.3955102","2026-07-07 14:38:51","10","11","10","81","87","Good"
1968079,"6.5751615","3.3955102","2026-07-07 14:38:52","10","11","10","81","87","Good"
1968079,"6.5751667","3.3955164","2026-07-07 14:38:53","12","12","11","81","87","Good"
1968079,"6.5751667","3.3955166","2026-07-07 14:38:54","12","12","11","81","87","Good"
1968079,"6.5751677","3.3955166","2026-07-07 14:38:55","12","12","11","81","87","Good"
1968079,"6.5751686","3.3955154","2026-07-07 14:38:56","10","11","10","81","87","Good"
1968079,"6.575169","3.3955152","2026-07-07 14:38:57","10","11","10","81","87","Good"
1968079,"6.575173","3.395515","2026-07-07 14:38:58","10","11","10","81","87","Good"
1968079,"6.575172","3.3955116","2026-07-07 14:38:59","10","11","10","81","87","Good"
1968079,"6.575172","3.3955064","2026-07-07 14:39:00","10","11","10","81","87","Good"
1968079,"6.5751715","3.3955042","2026-07-07 14:39:01","10","11","10","81","87","Good"
1968079,"6.575169","3.3955047","2026-07-07 14:39:02","10","11","10","81","87","Good"
1968079,"6.575169","3.395507","2026-07-07 14:39:03","10","11","10","81","87","Good"
1968079,"6.575171","3.3955052","2026-07-07 14:39:04","10","11","10","81","87","Good"
1968079,"6.5751686","3.395501","2026-07-07 14:39:05","10","11","10","81","87","Good"
1968079,"6.575168","3.3955064","2026-07-07 14:39:06","10","11","10","81","87","Good"
1968079,"6.5751667","3.3955054","2026-07-07 14:39:07","12","12","11","81","87","Good"
1968079,"6.5751667","3.395504","2026-07-07 14:39:08","12","12","11","81","87","Good"
1968079,"6.5751667","3.3955052","2026-07-07 14:39:09","12","12","11","81","87","Good"
1968079,"6.5751657","3.395506","2026-07-07 14:39:10","12","12","11","81","87","Good"
1968079,"6.5751677","3.3955042","2026-07-07 14:39:11","12","12","11","81","87","Good"
1968079,"6.575168","3.3955038","2026-07-07 14:39:12","12","12","11","81","87","Good"
1968079,"6.575165","3.3954983","2026-07-07 14:39:13","12","12","11","81","87","Good"
1968079,"6.575166","3.3954952","2026-07-07 14:39:14","12","12","11","81","87","Good"
1968079,"6.575165","3.3954957","2026-07-07 14:39:15","12","12","11","81","87","Good"
1968079,"6.5751667","3.3954952","2026-07-07 14:39:16","12","12","11","81","87","Good"
1968079,"6.5751653","3.3954954","2026-07-07 14:39:17","12","12","11","81","87","Good"
1968079,"6.575165","3.3955","2026-07-07 14:39:18","12","12","11","80","87","Good"
1968079,"6.575168","3.3955011","2026-07-07 14:39:19","13","13","12","80","87","Moderate"
1968079,"6.57517","3.3955026","2026-07-07 14:39:20","13","13","12","80","87","Moderate"
1968079,"6.5751696","3.3955054","2026-07-07 14:39:21","13","13","12","80","87","Moderate"
1968079,"6.5751677","3.3955035","2026-07-07 14:39:22","13","13","12","80","87","Moderate"
1968079,"6.5751643","3.395503","2026-07-07 14:39:23","14","14","13","80","87","Moderate"
1968079,"6.575166","3.395505","2026-07-07 14:39:24","14","14","13","80","87","Moderate"
1968079,"6.5751686","3.3955052","2026-07-07 14:39:25","14","14","13","80","87","Moderate"
1968079,"6.5751724","3.395507","2026-07-07 14:39:26","13","13","12","80","87","Moderate"
1968079,"6.575179","3.3955135","2026-07-07 14:39:27","13","13","12","80","87","Moderate"
1968079,"6.575179","3.3955135","2026-07-07 14:39:28","13","13","12","80","87","Moderate"
1968079,"6.575179","3.3955135","2026-07-07 14:39:29","14","14","13","80","87","Moderate"
1968079,"6.575179","3.3955135","2026-07-07 14:39:30","13","13","12","80","87","Moderate"
1968079,"6.575182","3.3955133","2026-07-07 14:39:31","13","13","12","80","87","Moderate"
1968079,"6.575182","3.3955133","2026-07-07 14:39:32","13","13","12","80","87","Moderate"
1968079,"6.575182","3.3955133","2026-07-07 14:39:33","13","13","12","80","87","Moderate"
1968079,"6.575179","3.3955166","2026-07-07 14:39:34","13","13","12","80","87","Moderate"
1968079,"6.575179","3.3955166","2026-07-07 14:39:35","13","13","12","80","87","Moderate"
1968079,"6.5751796","3.3955188","2026-07-07 14:39:36","13","13","12","80","87","Moderate"
1968079,"6.5751796","3.3955188","2026-07-07 14:39:37","13","13","12","80","87","Moderate"
1968079,"6.5751796","3.3955188","2026-07-07 14:39:38","13","13","12","80","87","Moderate"
1968079,"6.57518","3.3955188","2026-07-07 14:39:39","12","12","11","80","87","Good"
1968079,"6.575179","3.3955178","2026-07-07 14:39:40","12","12","11","80","87","Good"
1968079,"6.575179","3.3955178","2026-07-07 14:39:41","12","12","11","80","87","Good"
1968079,"6.575179","3.3955178","2026-07-07 14:39:42","12","12","11","80","87","Good"
1968079,"6.575179","3.3955178","2026-07-07 14:39:43","12","12","11","80","87","Good"
1968079,"6.5751743","3.3955147","2026-07-07 14:39:44","12","12","11","80","87","Good"
1968079,"6.5751743","3.3955147","2026-07-07 14:39:45","12","12","11","80","87","Good"
1968079,"6.5751734","3.3955147","2026-07-07 14:39:46","10","10","9","80","87","Good"
1968079,"6.5751724","3.3955142","2026-07-07 14:39:47","9","10","8","80","87","Good"
1968079,"6.5751724","3.3955142","2026-07-07 14:39:48","9","10","8","80","87","Good"
1968079,"6.5751724","3.3955142","2026-07-07 14:39:49","9","10","8","80","87","Good"
1968079,"6.5751724","3.3955142","2026-07-07 14:39:50","10","11","10","80","87","Good"
1968079,"6.5751724","3.3955142","2026-07-07 14:39:51","10","11","10","80","87","Good"
1968079,"6.5751705","3.3955154","2026-07-07 14:39:52","10","11","10","80","87","Good"
1968079,"6.5751724","3.3955145","2026-07-07 14:39:53","10","11","10","80","87","Good"
1968079,"6.575175","3.3955128","2026-07-07 14:39:54","10","11","10","80","87","Good"
1968079,"6.5751753","3.3955126","2026-07-07 14:39:55","9","10","8","80","87","Good"
1968079,"6.5751734","3.3955088","2026-07-07 14:39:56","9","10","8","80","87","Good"
1968079,"6.575171","3.3955083","2026-07-07 14:39:57","9","10","8","80","87","Good"
1968079,"6.575171","3.3955083","2026-07-07 14:39:58","10","11","10","80","87","Good"
1968079,"6.575172","3.395508","2026-07-07 14:39:59","10","11","10","80","87","Good"
1968079,"6.575173","3.3955076","2026-07-07 14:40:00","9","10","8","80","87","Good"
1968079,"6.575173","3.3955073","2026-07-07 14:40:01","10","10","9","80","88","Good"
1968079,"6.575173","3.3955073","2026-07-07 14:40:02","10","11","10","80","87","Good"
1968079,"6.57517","3.3955088","2026-07-07 14:40:03","12","12","11","79","87","Good"
1968079,"6.57517","3.3955088","2026-07-07 14:40:04","12","12","11","79","88","Good"
1968079,"6.57517","3.3955088","2026-07-07 14:40:05","12","12","11","79","88","Good"
1968079,"6.57517","3.3955088","2026-07-07 14:40:06","12","12","11","79","88","Good"
1968079,"6.5751705","3.3955088","2026-07-07 14:40:07","12","12","11","79","88","Good"
1968079,"6.575167","3.3955095","2026-07-07 14:40:08","12","12","11","79","88","Good"
1968079,"6.575167","3.3955097","2026-07-07 14:40:09","12","12","11","79","88","Good"
1968079,"6.575167","3.3955104","2026-07-07 14:40:10","12","12","11","79","88","Good"
1968079,"6.575167","3.3955104","2026-07-07 14:40:11","12","12","11","79","88","Good"
1968079,"6.575167","3.3955104","2026-07-07 14:40:12","12","12","11","79","88","Good"
1968079,"6.5751705","3.3955102","2026-07-07 14:40:13","12","12","11","79","88","Good"
1968079,"6.575172","3.3955097","2026-07-07 14:40:14","12","12","11","79","88","Good"
1968079,"6.575172","3.3955097","2026-07-07 14:40:15","12","12","11","79","88","Good"
1968079,"6.5751724","3.3955097","2026-07-07 14:40:16","12","12","11","79","88","Good"
1968079,"6.575172","3.3955097","2026-07-07 14:40:17","13","13","12","79","88","Moderate"
1968079,"6.575172","3.3955097","2026-07-07 14:40:18","13","13","12","79","88","Moderate"
1968079,"6.575172","3.3955097","2026-07-07 14:40:19","13","13","12","79","88","Moderate"
1968079,"6.575172","3.3955097","2026-07-07 14:40:20","13","13","12","79","88","Moderate"
1968079,"6.575172","3.3955097","2026-07-07 14:40:21","13","13","12","79","88","Moderate"
1968079,"6.575172","3.3955097","2026-07-07 14:40:22","13","13","12","79","88","Moderate"
1968079,"6.575172","3.3955097","2026-07-07 14:40:23","12","12","11","79","88","Good"
1968079,"6.575172","3.3955097","2026-07-07 14:40:24","10","11","10","79","88","Good"
1968079,"6.575172","3.3955097","2026-07-07 14:40:25","10","11","10","79","88","Good"
1968079,"6.575172","3.3955097","2026-07-07 14:40:26","10","11","10","79","88","Good"
1968079,"6.575172","3.3955097","2026-07-07 14:40:27","10","11","10","79","88","Good"
1968079,"6.575172","3.3955097","2026-07-07 14:40:28","10","11","10","79","88","Good"
1968079,"6.575172","3.3955097","2026-07-07 14:40:29","10","11","10","79","88","Good"
1968079,"6.575172","3.3955097","2026-07-07 14:40:30","9","10","8","79","88","Good"
1968079,"6.575172","3.3955097","2026-07-07 14:40:31","10","11","10","79","88","Good"
1968079,"6.575172","3.3955097","2026-07-07 14:40:32","10","11","10","79","88","Good"
1968079,"6.575172","3.3955097","2026-07-07 14:40:33","9","10","8","79","88","Good"
1968079,"6.575172","3.3955097","2026-07-07 14:40:34","10","11","10","79","88","Good"
1968079,"6.575172","3.3955097","2026-07-07 14:40:35","10","11","10","79","88","Good"
1968079,"6.5751705","3.3954997","2026-07-07 14:40:37","10","10",NULL,NULL,NULL,"Good"
1968079,"6.5751724","3.3955014","2026-07-07 14:40:38","9","10","8","79","88","Good"
1968079,"6.575174","3.3955028","2026-07-07 14:40:39","9","10","8","79","88","Good"
1968079,"6.575176","3.3955038","2026-07-07 14:40:40","9","10","8","79","88","Good"
1968079,"6.5751815","3.3955026","2026-07-07 14:40:41","9","10","8","79","88","Good"
1968079,"6.5751877","3.395503","2026-07-07 14:40:42","10","11","10","79","88","Good"
1968079,"6.5751877","3.395503","2026-07-07 14:40:43","10","11","10","79","88","Good"
1968079,"6.5751877","3.3955028","2026-07-07 14:40:44","10","11","10","79","88","Good"
1968079,"6.5751877","3.3955028","2026-07-07 14:40:45","10","11","10","79","88","Good"
1968079,"6.5751877","3.3955028","2026-07-07 14:40:46","12","12","11","79","88","Good"
1968079,"6.5751824","3.3955019","2026-07-07 14:40:47","12","12","11","79","88","Good"
1968079,"6.575181","3.395505","2026-07-07 14:40:48","12","12","11","79","88","Good"
1968079,"6.575183","3.3955066","2026-07-07 14:40:49","10","11","10","79","88","Good"
1968079,"6.575185","3.3955047","2026-07-07 14:40:50","10","11","10","79","88","Good"
1968079,"6.575187","3.3955004","2026-07-07 14:40:51","12","12","11","79","88","Good"
1968079,"6.575186","3.3954961","2026-07-07 14:40:52","12","12","11","79","88","Good"
1968079,"6.575184","3.3954911","2026-07-07 14:40:53","12","12","11","79","88","Good"
1968079,"6.575175","3.3954794","2026-07-07 14:40:54","12","12","11","79","88","Good"
1968079,"6.5751753","3.39548","2026-07-07 14:40:55","12","12","11","79","88","Good"
1968079,"6.5751753","3.395478","2026-07-07 14:40:56","12","12","11","79","88","Good"
1968079,"6.5751753","3.3954778","2026-07-07 14:40:57","12","12","11","79","88","Good"
1968079,"6.5751753","3.3954778","2026-07-07 14:40:58","12","12","11","79","88","Good"
1968079,"6.5751734","3.3954737","2026-07-07 14:40:59","11","11","10","78","88","Good"
1968079,"6.575178","3.3954768","2026-07-07 14:41:00","10","11","10","78","88","Good"
1968079,"6.575178","3.395478","2026-07-07 14:41:01","12","12","11","78","88","Good"
1968079,"6.5751786","3.3954785","2026-07-07 14:41:02","12","12","11","78","88","Good"
1968079,"6.5751767","3.395484","2026-07-07 14:41:03","13","13","12","78","88","Moderate"
1968079,"6.575179","3.3954875","2026-07-07 14:41:04","13","13","12","78","88","Moderate"
1968079,"6.5751805","3.395491","2026-07-07 14:41:05","12","12","11","78","88","Good"
1968079,"6.575185","3.395498","2026-07-07 14:41:06","12","12","11","78","88","Good"
1968079,"6.5751824","3.3955007","2026-07-07 14:41:07","12","12","11","78","88","Good"
1968079,"6.5751834","3.3955061","2026-07-07 14:41:08","10","11","10","78","88","Good"
1968079,"6.5751834","3.3955061","2026-07-07 14:41:09","10","11","10","78","88","Good"
1968079,"6.5751834","3.3955061","2026-07-07 14:41:10","10","11","10","78","88","Good"
1968079,"6.5751834","3.3955061","2026-07-07 14:41:11","10","11","10","78","88","Good"
1968079,"6.5751834","3.3955061","2026-07-07 14:41:12","10","11","10","78","88","Good"
1968079,"6.5751834","3.3955061","2026-07-07 14:41:13","10","11","10","78","88","Good"
1968079,"6.5751834","3.3955061","2026-07-07 14:41:14","10","11","10","78","88","Good"
1968079,"6.5751834","3.3955061","2026-07-07 14:41:15","10","11","10","78","88","Good"
1968079,"6.5751834","3.3955061","2026-07-07 14:41:16","10","11","10","78","88","Good"
1968079,"6.57517","3.3954957","2026-07-07 14:41:17","10","11","10","78","88","Good"
1968079,"6.5751715","3.3954973","2026-07-07 14:41:18","10","11","10","78","88","Good"
1968079,"6.5751734","3.3954976","2026-07-07 14:41:19","10","11","10","78","88","Good"
1968079,"6.5751734","3.3954976","2026-07-07 14:41:20","10","11","10","78","88","Good"
1968079,"6.5751724","3.3954964","2026-07-07 14:41:22","10","11","10","77","88","Good"
1968079,"6.5751724","3.3954964","2026-07-07 14:41:23","10","11","10","77","88","Good"
1968079,"6.5751724","3.3954964","2026-07-07 14:41:24","9","10","8","77","88","Good"
1968079,"6.5751724","3.3954964","2026-07-07 14:41:25","8","8","7","77","88","Good"
1968079,"6.575171","3.3954973","2026-07-07 14:41:26","8","8","7","77","88","Good"
1968079,"6.575171","3.3954976","2026-07-07 14:41:27","8","8","7","77","88","Good"
1968079,"6.575171","3.3954976","2026-07-07 14:41:28","9","10","8","77","88","Good"
1968079,"6.575171","3.3954976","2026-07-07 14:41:29","9","10","8","77","88","Good"
1968079,"6.575171","3.3954976","2026-07-07 14:41:30","9","10","8","77","89","Good"
1968079,"6.5751686","3.3955","2026-07-07 14:41:31","10","11","10","77","88","Good"
1968079,"6.5751686","3.3954997","2026-07-07 14:41:32","10","11","10","77","89","Good"
1968079,"6.575168","3.3955","2026-07-07 14:41:33","10","11","10","77","89","Good"
1968079,"6.575169","3.395502","2026-07-07 14:41:34","9","10","8","77","89","Good"
1968079,"6.5751696","3.3955016","2026-07-07 14:41:35","9","10","8","77","89","Good"
1968079,"6.5751696","3.3955019","2026-07-07 14:41:36","9","10","8","77","89","Good"
1968079,"6.5751696","3.3955019","2026-07-07 14:41:37","9","10","8","77","89","Good"
1968079,"6.5751696","3.3955019","2026-07-07 14:41:38","9","10","8","77","89","Good"
1968079,"6.5751696","3.3955019","2026-07-07 14:41:39","9","10","8","77","89","Good"
1968079,"6.5751696","3.3955019","2026-07-07 14:41:40","12","12","11","77","89","Good"
1968079,"6.5751696","3.3955019","2026-07-07 14:41:41","12","12","11","77","89","Good"
1968079,"6.5751696","3.3955019","2026-07-07 14:41:42","13","13","12","77","89","Moderate"
1968079,"6.5751696","3.3955019","2026-07-07 14:41:43","13","13","12","77","89","Moderate"
1968079,"6.5751696","3.3955019","2026-07-07 14:41:44","13","13","12","77","89","Moderate"
1968079,"6.5751696","3.3955019","2026-07-07 14:41:45","13","13","12","77","89","Moderate"
1968079,"6.575176","3.3955064","2026-07-07 14:41:46","13","13","12","77","89","Moderate"
1968079,"6.5751724","3.3955042","2026-07-07 14:41:47","13","13","12","77","89","Moderate"
1968079,"6.5751753","3.3955064","2026-07-07 14:41:48","13","13","12","77","89","Moderate"
1968079,"6.575176","3.3955069","2026-07-07 14:41:49","12","12","11","77","89","Good"
1968079,"6.5751743","3.3955076","2026-07-07 14:41:50","12","12","11","77","89","Good"
1968079,"6.575174","3.3955064","2026-07-07 14:41:51","12","12","11","77","89","Good"
1968079,"6.5751734","3.395506","2026-07-07 14:41:52","12","12","11","77","89","Good"
1968079,"6.575173","3.3955066","2026-07-07 14:41:54","12","12","11","77",NULL,"Good"
1968079,"6.5751743","3.3955061","2026-07-07 14:41:56","12",NULL,"11","77","89","Good"
1968079,"6.5751743","3.3955061","2026-07-07 14:41:58","12","12","11","77","89","Good"
1968079,"6.5751743","3.3955061","2026-07-07 14:42:00","12","12","11","77","89","Good"
1968079,"6.5751743","3.3955061","2026-07-07 14:42:01","12","11","11","77","89","Good"
1968079,"6.5751743","3.3955061","2026-07-07 14:42:03","10","11","10","77","89","Good"
1968079,"6.575175","3.3955078","2026-07-07 14:42:05","10",NULL,"10",NULL,"89","Good"
1968079,"6.575175","3.3955078","2026-07-07 14:42:07","10","11","10","77","89","Good"
1968079,"6.575175","3.3955078","2026-07-07 14:42:09","10","11","10","77","89","Good"
1968079,"6.575175","3.3955078","2026-07-07 14:42:10","10","11","10","77","89","Good"
1968079,"6.575175","3.3955078","2026-07-07 14:42:11","9","10","8","77","89","Good"
1968079,"6.575175","3.3955078","2026-07-07 14:42:13","9",NULL,"8","77","89","Good"
1968079,"6.575174","3.395508","2026-07-07 14:42:15","9","10","8","77","89","Good"
1968079,"6.5751743","3.3955085","2026-07-07 14:42:16","9","10","8","77","89","Good"
1968079,"6.5751743","3.3955085","2026-07-07 14:42:18","9","10","8","76","89","Good"
1968079,"6.5751743","3.3955085","2026-07-07 14:42:20","10","11","10","76","89","Good"
1968079,"6.5751743","3.3955085","2026-07-07 14:42:22","10",NULL,"10","76","89","Good"
1968079,"6.5751734","3.3955016","2026-07-07 14:42:24","10","11","10","76","89","Good"
1968079,"6.5751734","3.3955016","2026-07-07 14:42:26","10","11","10","76","89","Good"
1968079,"6.5751734","3.3955016","2026-07-07 14:42:27","10","11","10","76","89","Good"
1968079,"6.5751734","3.3955016","2026-07-07 14:42:28","10","11","10","76","89","Good"
1968079,"6.5751734","3.3955016","2026-07-07 14:42:30","10","11","10","76","89","Good"
1968079,"6.5751734","3.3955016","2026-07-07 14:42:31","10","11","10","76","89","Good"
1968079,"6.5751734","3.3955016","2026-07-07 14:42:33","12","12","11","76","89","Good"
1968079,"6.5751734","3.3955016","2026-07-07 14:42:35","13","13","12","76","89","Moderate"
1968079,"6.5751734","3.3955016","2026-07-07 14:42:37","13","13","12","76","89","Moderate"
1968079,"6.5751734","3.3955016","2026-07-07 14:42:39","12","12","11","76","89","Good"
1968079,"6.5751696","3.3954988","2026-07-07 14:42:41","10",NULL,NULL,"76",NULL,"Good"
1968079,"6.5751686","3.3954985","2026-07-07 14:42:43","12","12","11",NULL,NULL,"Good"
1968079,"6.575165","3.395497","2026-07-07 14:42:45","12","12","11","76","89","Good"
1968079,"6.575164","3.395496","2026-07-07 14:42:46","12",NULL,NULL,NULL,NULL,"Good"
1968079,"6.575164","3.395497","2026-07-07 14:42:48","12",NULL,"11","76",NULL,"Good"
1968079,"6.5751634","3.3954964","2026-07-07 14:42:50","12","12","11","76","89","Good"
1968079,"6.5751634","3.3954964","2026-07-07 14:42:51","12","12","11","76","89","Good"
1968079,"6.5751634","3.3954964","2026-07-07 14:42:52","10","11","11","76","89","Good"
1968079,"6.5751634","3.3954964","2026-07-07 14:42:54","10","11","10","76","89","Good"
1968079,"6.5751677","3.3954988","2026-07-07 14:42:55","10","11","10","76","89","Good"
1968079,"6.5751677","3.3954966","2026-07-07 14:42:56","12","12","11","76","89","Good"
1968079,"6.5751667","3.3954961","2026-07-07 14:42:57","12","12","11","76","89","Good"
1968079,"6.575167","3.395497","2026-07-07 14:42:58","12","12","11","76","89","Good"
1968079,"6.575167","3.3954973","2026-07-07 14:42:59","12","12","11","76","89","Good"
1968079,"6.575167","3.3954968","2026-07-07 14:43:00","12","12","11","76","89","Good"
1968079,"6.575167","3.3954966","2026-07-07 14:43:01","12","12","11","76","89","Good"
1968079,"6.5751667","3.3954973","2026-07-07 14:43:02","12","12","11","76","90","Good"
1968079,"6.575167","3.395498","2026-07-07 14:43:03","12","12","11","76","89","Good"
1968079,"6.5751667","3.395499","2026-07-07 14:43:04","12","12","11","76","89","Good"
1968079,"6.5751667","3.3954995","2026-07-07 14:43:05","10","11","10","76","89","Good"
1968079,"6.5751677","3.3955","2026-07-07 14:43:06","10","11","10","76","90","Good"
1968079,"6.5751677","3.3955002","2026-07-07 14:43:07","10","11","10","76","90","Good"
1968079,"6.575169","3.3955011","2026-07-07 14:43:08","10","11","10","76","90","Good"
1968079,"6.575171","3.3955014","2026-07-07 14:43:09","10","11","10","76","90","Good"
1968079,"6.57517","3.395502","2026-07-07 14:43:10","10","11","10","76","90","Good"
1968079,"6.5751715","3.3955023","2026-07-07 14:43:11","9","10","8","76","89","Good"
1968079,"6.5751715","3.3955035","2026-07-07 14:43:12","9","10","8","76","90","Good"
1968079,"6.5751715","3.3955011","2026-07-07 14:43:13","9","10","8","76","90","Good"
1968079,"6.5751715","3.395503","2026-07-07 14:43:14","9","10","8","76","90","Good"
1968079,"6.5751715","3.395503","2026-07-07 14:43:15","9","10","8","76","90","Good"
1968079,"6.575172","3.395502","2026-07-07 14:43:16","8","8","7","76","90","Good"
1968079,"6.575172","3.3955016","2026-07-07 14:43:17","8","8","7","76","90","Good"
1968079,"6.5751724","3.3955016","2026-07-07 14:43:18","8","8","7","76","90","Good"
1968079,"6.5751686","3.3954945","2026-07-07 14:43:19","8","8","7","76","90","Good"
1968079,"6.5751743","3.3954856","2026-07-07 14:43:20","8","8","7","76","90","Good"
1968079,"6.5751677","3.3954885","2026-07-07 14:43:21","8","8","7","76","90","Good"
1968079,"6.5751696","3.3954902","2026-07-07 14:43:22","9","10","8","76","90","Good"
1968079,"6.5751696","3.3954902","2026-07-07 14:43:23","9","10","8","76","90","Good"
1968079,"6.5751696","3.3954902","2026-07-07 14:43:24","9","10","8","76","90","Good"
1968079,"6.5751696","3.3954902","2026-07-07 14:43:25","9","10","8","76","90","Good"
1968079,"6.5751696","3.3954902","2026-07-07 14:43:26","9","10","8","77","90","Good"
1968079,"6.5751696","3.3954902","2026-07-07 14:43:27","9","10","8","77","90","Good"
1968079,"6.5751696","3.3954902","2026-07-07 14:43:28","11","11","10","77","90","Good"
1968079,"6.5751696","3.3954902","2026-07-07 14:43:29","12","12","11","77","90","Good"
1968079,"6.5751696","3.3954902","2026-07-07 14:43:30","12","12","11","77","90","Good"
1968079,"6.5751696","3.3954902","2026-07-07 14:43:31","10","11","10","77","90","Good"
1968079,"6.5751696","3.3954902","2026-07-07 14:43:32","9","10","8","77","90","Good"
1968079,"6.5751696","3.3954902","2026-07-07 14:43:33","9","10","8","77","90","Good"
1968079,"6.5751696","3.3954902","2026-07-07 14:43:34","12","12","11","77","90","Good"
1968079,"6.5751696","3.3954902","2026-07-07 14:43:35","12","12","11","76","90","Good"
1968079,"6.5751696","3.3954902","2026-07-07 14:43:36","10","11","10","76","90","Good"
1968079,"6.5751696","3.3954902","2026-07-07 14:43:37","11","11","10","76","90","Good"
1968079,"6.5751696","3.3954902","2026-07-07 14:43:38","12","12","11","76","90","Good"
1968079,"6.5751696","3.3954902","2026-07-07 14:43:39","12","12","11","76","90","Good"
1968079,"6.5751696","3.3954902","2026-07-07 14:43:40","12","12","11","76","90","Good"
1968079,"6.5751696","3.3954902","2026-07-07 14:43:41","12","12","11","76","90","Good"
1968079,"6.5751696","3.3954902","2026-07-07 14:43:42","12","12","11","76","90","Good"
1968079,"6.5751696","3.3954902","2026-07-07 14:43:43","10","11","10","76","90","Good"
1968079,"6.5751696","3.3954902","2026-07-07 14:43:44","10","11","10","76","90","Good"
1968079,"6.5751696","3.3954902","2026-07-07 14:43:45","10","11","10","76","90","Good"
1968079,"6.5751696","3.3954902","2026-07-07 14:43:46","10","11","10","76","90","Good"
1968079,"6.5751696","3.3954902","2026-07-07 14:43:47","10","11","10","76","90","Good"
1968079,"6.5751696","3.3954902","2026-07-07 14:43:48","10","11","10","76","90","Good"
1968079,"6.5751696","3.3954902","2026-07-07 14:43:49","10","11","10","76","90","Good"
1968079,"6.5751696","3.3954902","2026-07-07 14:43:50","10","11","10","76","90","Good"
1968079,"6.5751696","3.3954902","2026-07-07 14:43:51","10","11","10","76","90","Good"
1968079,"6.5751696","3.3954902","2026-07-07 14:43:52","10","11","10","76","90","Good"
1968079,"6.5751696","3.3954902","2026-07-07 14:43:53","10","11","10","76","90","Good"
1968079,"6.5751696","3.3954902","2026-07-07 14:43:54","10","11","10","76","90","Good"
1968079,"6.5751696","3.3954902","2026-07-07 14:43:55","9","10","8","76","90","Good"
1968079,"6.5751696","3.3954902","2026-07-07 14:43:56","9","10","8","76","90","Good"
1968079,"6.5751696","3.3954902","2026-07-07 14:43:57","10","11","10","76","90","Good"
1968079,"6.5751696","3.3954902","2026-07-07 14:43:58","10","11","10","76","90","Good"
1968079,"6.5751696","3.3954902","2026-07-07 14:43:59","10","11","10","76","90","Good"
1968079,"6.5751696","3.3954902","2026-07-07 14:44:00","10","11","10","76","90","Good"
1968079,"6.5751696","3.3954902","2026-07-07 14:44:01","10","11","10","76","90","Good"
1968079,"6.5751696","3.3954902","2026-07-07 14:44:02","10","11","10","76","90","Good"
1968079,"6.5751696","3.3954902","2026-07-07 14:44:03","10","11","10","76","90","Good"
1968079,"6.5751696","3.3954902","2026-07-07 14:44:04","10","11","10","76","90","Good"
1968079,"6.5751696","3.3954902","2026-07-07 14:44:05","10","11","10","76","90","Good"
1968079,"6.5751696","3.3954902","2026-07-07 14:44:06","10","11","10","76","90","Good"
1968079,"6.5751696","3.3954902","2026-07-07 14:44:07","10","11","10","76","90","Good"
1968079,"6.5751696","3.3954902","2026-07-07 14:44:08","10","11","10","76","90","Good"
1968079,"6.5751696","3.3954902","2026-07-07 14:44:09","10","11","10","76","90","Good"
1968079,"6.5751696","3.3954902","2026-07-07 14:44:10","10","11","10","75","90","Good"
1968079,"6.5751696","3.3954902","2026-07-07 14:44:11","10","11","10","75","90","Good"
1968079,"6.5751696","3.3954902","2026-07-07 14:44:12","10","11","10","75","90","Good"
1968079,"6.5751696","3.3954902","2026-07-07 14:44:13","12","12","11","75","90","Good"
1968079,"6.5751696","3.3954902","2026-07-07 14:44:14","12","12","11","75","90","Good"
1968079,"6.5751696","3.3954902","2026-07-07 14:44:15","12","12","11","75","90","Good"
1968079,"6.5751696","3.3954902","2026-07-07 14:44:16","12","12","11","75","90","Good"
1968079,"6.5751696","3.3954902","2026-07-07 14:44:17","12","12","11","75","90","Good"
1968079,"6.5751696","3.3954902","2026-07-07 14:44:18","12","12","11","75","90","Good"
1968079,"6.5751696","3.3954902","2026-07-07 14:44:19","12","12","11","75","90","Good"
1968079,"6.5751696","3.3954902","2026-07-07 14:44:20","12","12","11","75","90","Good"
1968079,"6.5751696","3.3954902","2026-07-07 14:44:21","12","12","11","75","90","Good"
1968079,"6.5751696","3.3954902","2026-07-07 14:44:22","10","11","10","75","90","Good"
1968079,"6.5751696","3.3954902","2026-07-07 14:44:23","12","12","11","75","90","Good"
1968079,"6.5751696","3.3954902","2026-07-07 14:44:24","12","12","11","75","90","Good"
1968079,"6.5751696","3.3954902","2026-07-07 14:44:25","13","13","12","75","90","Moderate"
1968079,"6.5751696","3.3954902","2026-07-07 14:44:26","13","13","12","75","90","Moderate"
1968079,"6.5751696","3.3954902","2026-07-07 14:44:27","13","13","12","75","90","Moderate"
1968079,"6.5751696","3.3954902","2026-07-07 14:44:28","13","13","12","75","90","Moderate"
1968079,"6.5751696","3.3954902","2026-07-07 14:44:29","13","13","12","75","90","Moderate"
1968079,"6.5751696","3.3954902","2026-07-07 14:44:30","13","13","12","75","90","Moderate"
1968079,"6.5751696","3.3954902","2026-07-07 14:44:31","12","12","11","75","90","Good"
1968079,"6.5751696","3.3954902","2026-07-07 14:44:33","10","11","10","75","90","Good"
1968079,"6.5751696","3.3954902","2026-07-07 14:44:34","10","11","10","75","90","Good"
1968079,"6.5751696","3.3954902","2026-07-07 14:44:35","10","11","10","75","90","Good"
1968079,"6.5751696","3.3954902","2026-07-07 14:44:36","9","10","8","75","90","Good"
1968079,"6.5751696","3.3954902","2026-07-07 14:44:37","9","10","8","75","90","Good"
1968079,"6.5751696","3.3954902","2026-07-07 14:44:38","9","10","8","75","90","Good"
1968079,"6.5751696","3.3954902","2026-07-07 14:44:39","10","10","9","75","90","Good"
1968079,"6.5751696","3.3954902","2026-07-07 14:44:40","10","11","10","75","90","Good"
1968079,"6.5751696","3.3954902","2026-07-07 14:44:41","10","11","10","75","90","Good"
1968079,"6.5751696","3.3954902","2026-07-07 14:44:42","10","11","10","75","90","Good"
1968079,"6.5751696","3.3954902","2026-07-07 14:44:43","10","11","10","75","90","Good"
1968079,"6.5751696","3.3954902","2026-07-07 14:44:44","10","11","10","75","90","Good"
1968079,"6.5751696","3.3954902","2026-07-07 14:44:45","12","12","11","75","90","Good"
1968079,"6.5751667","3.3955033","2026-07-07 14:44:46","12","12","11","75","90","Good"
1968079,"6.575166","3.3955019","2026-07-07 14:44:47","12","12","11","75","90","Good"
1968079,"6.575166","3.3955019","2026-07-07 14:44:48","12","12","11","75","90","Good"
1968079,"6.575168","3.3954985","2026-07-07 14:44:49","12","12","11","75","90","Good"
1968079,"6.575168","3.3954985","2026-07-07 14:44:50","13","13","12","75","90","Moderate"
1968079,"6.5751677","3.3954976","2026-07-07 14:44:51","13","13","12","75","90","Moderate"
1968079,"6.5751686","3.395502","2026-07-07 14:44:52","12","12","11","74","90","Good"
1968079,"6.575165","3.395502","2026-07-07 14:44:53","12","12","11","74","90","Good"
1968079,"6.575165","3.395502","2026-07-07 14:44:54","12","12","11","74","90","Good"
1968079,"6.5751605","3.3955066","2026-07-07 14:44:55","12","12","11","74","90","Good"
1968079,"6.5751605","3.3955066","2026-07-07 14:44:56","12","12","11","74","90","Good"
1968079,"6.5751624","3.3955057","2026-07-07 14:44:57","12","12","11","74","91","Good"
1968079,"6.575162","3.3955066","2026-07-07 14:44:58","13","13","12","74","91","Moderate"
1968079,"6.5751624","3.3955061","2026-07-07 14:44:59","14","14","13","74","90","Moderate"
1968079,"6.5751624","3.3955061","2026-07-07 14:45:00","14","14","13","74","90","Moderate"
1968079,"6.5751634","3.3955102","2026-07-07 14:45:01","13","13","12","74","91","Moderate"
1968079,"6.575163","3.3955083","2026-07-07 14:45:02","13","13","12","74","91","Moderate"
1968079,"6.5751634","3.395509","2026-07-07 14:45:03","13","13","12","74","91","Moderate"
1968079,"6.5751634","3.3955097","2026-07-07 14:45:04","12","12","11","74","91","Good"
1968079,"6.575165","3.3955097","2026-07-07 14:45:05","12","12","11","74","91","Good"
1968079,"6.575163","3.3955095","2026-07-07 14:45:06","12","12","11","74","91","Good"
1968079,"6.5751657","3.3955114","2026-07-07 14:45:07","12","12","11","74","91","Good"
1968079,"6.5751653","3.3955102","2026-07-07 14:45:08","12","12","11","74","91","Good"
1968079,"6.575165","3.3955119","2026-07-07 14:45:09","9","10","8","74","91","Good"
1968079,"6.575165","3.3955123","2026-07-07 14:45:10","9","10","8","74","91","Good"
1968079,"6.5751667","3.395512","2026-07-07 14:45:11","9","10","8","73","91","Good"
1968079,"6.5751667","3.395512","2026-07-07 14:45:12","9","10","8","73","91","Good"
1968079,"6.5751667","3.3955142","2026-07-07 14:45:13","10","11","10","73","91","Good"
1968079,"6.575166","3.3955135","2026-07-07 14:45:14","10","11","10","73","91","Good"
1968079,"6.575167","3.395515","2026-07-07 14:45:15","9","10","8","73","91","Good"
1968079,"6.5751677","3.3955147","2026-07-07 14:45:16","9","10","8","73","91","Good"
1968079,"6.5751677","3.3955147","2026-07-07 14:45:17","9","10","8","73","91","Good"
1968079,"6.575166","3.3955133","2026-07-07 14:45:18","10","11","10","73","91","Good"
1968079,"6.5751653","3.395512","2026-07-07 14:45:19","10","11","10","73","91","Good"
1968079,"6.5751657","3.3955128","2026-07-07 14:45:20","12","12","11","73","91","Good"
1968079,"6.5751657","3.3955114","2026-07-07 14:45:21","12","12","11","73","91","Good"
1968079,"6.575166","3.3955107","2026-07-07 14:45:22","12","12","11","73","91","Good"
1968079,"6.575166","3.3955114","2026-07-07 14:45:23","12","12","11","73","91","Good"
1968079,"6.575167","3.3955114","2026-07-07 14:45:24","12","12","11","73","91","Good"
1968079,"6.575167","3.3955102","2026-07-07 14:45:25","12","12","11","73","91","Good"
1968079,"6.575167","3.39551","2026-07-07 14:45:26","12","12","11","73","91","Good"
1968079,"6.575167","3.3955092","2026-07-07 14:45:27","13","13","12","73","91","Moderate"
1968079,"6.575168","3.395511","2026-07-07 14:45:28","12","12","11","73","91","Good"
1968079,"6.5751686","3.3955097","2026-07-07 14:45:29","12","12","11","73","91","Good"
1968079,"6.575167","3.3955097","2026-07-07 14:45:30","12","12","11","73","91","Good"
1968079,"6.5751657","3.3955102","2026-07-07 14:45:31","12","12","11","73","91","Good"
1968079,"6.5751667","3.395508","2026-07-07 14:45:32","12","12","11","73","91","Good"
1968079,"6.575167","3.3955104","2026-07-07 14:45:33","13","13","12","73","91","Moderate"
1968079,"6.575166","3.3955097","2026-07-07 14:45:34","12","12","11","73","91","Good"
1968079,"6.5751667","3.3955112","2026-07-07 14:45:35","12","12","11","73","91","Good"
1968079,"6.5751677","3.3955123","2026-07-07 14:45:36","13","13","12","73","91","Moderate"
1968079,"6.5751653","3.3955114","2026-07-07 14:45:37","13","13","12","73","91","Moderate"
1968079,"6.575164","3.395512","2026-07-07 14:45:38","12","12","11","73","91","Good"
1968079,"6.5751634","3.3955095","2026-07-07 14:45:39","12","12","11","73","91","Good"
1968079,"6.575164","3.3955107","2026-07-07 14:45:40","12","12","11","73","91","Good"
1968079,"6.575164","3.3955107","2026-07-07 14:45:41","12","12","11","73","91","Good"
1968079,"6.575164","3.3955107","2026-07-07 14:45:42","12","12","11","73","91","Good"
1968079,"6.575164","3.3955107","2026-07-07 14:45:43","12","12","11","73","91","Good"
1968079,"6.575164","3.3955107","2026-07-07 14:45:44","12","12","11","73","91","Good"
1968079,"6.575164","3.3955107","2026-07-07 14:45:45","12","12","11","73","91","Good"
1968079,"6.575164","3.3955107","2026-07-07 14:45:46","12","12","11","73","91","Good"
1968079,"6.5751667","3.395513","2026-07-07 14:45:47","12","12","11","73","91","Good"
1968079,"6.575167","3.3955133","2026-07-07 14:45:48","9","10","8","73","91","Good"
1968079,"6.575166","3.395513","2026-07-07 14:45:49","9","10","8","73","91","Good"
1968079,"6.575166","3.395513","2026-07-07 14:45:50","10","11","10","73","91","Good"
1968079,"6.575166","3.395513","2026-07-07 14:45:51","10","11","10","73","91","Good"
1968079,"6.575166","3.395513","2026-07-07 14:45:52","10","11","10","73","91","Good"
1968079,"6.575166","3.395513","2026-07-07 14:45:53","10","10","9","73","91","Good"
1968079,"6.575166","3.395513","2026-07-07 14:45:54","9","10","8","73","91","Good"
1968079,"6.57517","3.395511","2026-07-07 14:45:55","10","11","10","73","91","Good"
1968079,"6.5751686","3.3955102","2026-07-07 14:45:56","10","11","10","73","91","Good"
1968079,"6.5751696","3.3955104","2026-07-07 14:45:57","12","12","11","73","91","Good"
1968079,"6.5751696","3.3955104","2026-07-07 14:45:58","12","12","11","73","91","Good"
1968079,"6.5751696","3.3955104","2026-07-07 14:45:59","12","12","11","73","91","Good"
1968079,"6.5751696","3.3955104","2026-07-07 14:46:00","12","12","11","73","91","Good"
1968079,"6.5751696","3.3955104","2026-07-07 14:46:01","12","12","11","73","91","Good"
1968079,"6.5751696","3.3955104","2026-07-07 14:46:02","12","12","11","73","91","Good"
1968079,"6.5751696","3.3955104","2026-07-07 14:46:03","10","11","10","73","91","Good"
1968079,"6.5751696","3.3955104","2026-07-07 14:46:04","10","11","10","73","91","Good"
1968079,"6.5751696","3.3955104","2026-07-07 14:46:05","10","11","10","73","91","Good"
1968079,"6.5751696","3.3955104","2026-07-07 14:46:06","10","11","10","72","91","Good"
1968079,"6.5751696","3.3955104","2026-07-07 14:46:07","10","11","10","72","91","Good"
1968079,"6.5751696","3.3955104","2026-07-07 14:46:08","10","11","10","72","91","Good"
1968079,"6.5751696","3.3955104","2026-07-07 14:46:09","13","13","12","72","91","Moderate"
1968079,"6.5751696","3.3955104","2026-07-07 14:46:10","13","13","12","72","91","Moderate"
1968079,"6.5751696","3.3955104","2026-07-07 14:46:11","13","13","12","72","91","Moderate"
1968079,"6.5751696","3.3955104","2026-07-07 14:46:12","12","12","11","72","91","Good"
1968079,"6.5751696","3.3955104","2026-07-07 14:46:13","12","12","11","72","91","Good"
1968079,"6.5751696","3.3955104","2026-07-07 14:46:14","12","12","11","72","91","Good"
1968079,"6.5751696","3.3955104","2026-07-07 14:46:15","12","12","11","72","91","Good"
1968079,"6.5751696","3.3955104","2026-07-07 14:46:16","12","12","11","72","91","Good"
1968079,"6.5751696","3.3955104","2026-07-07 14:46:17","12","12","11","72","91","Good"
1968079,"6.5751696","3.3955104","2026-07-07 14:46:18","13","13","12","72","91","Moderate"
1968079,"6.5751696","3.3955104","2026-07-07 14:46:19","13","13","12","72","91","Moderate"
1968079,"6.5751696","3.3955104","2026-07-07 14:46:20","13","13","12","72","91","Moderate"
1968079,"6.5751696","3.3955104","2026-07-07 14:46:21","13","13","12","72","91","Moderate"
1968079,"6.5751696","3.3955104","2026-07-07 14:46:22","13","13","12","72","91","Moderate"
1968079,"6.5751696","3.3955104","2026-07-07 14:46:23","13","13","12","72","91","Moderate"
1968079,"6.5751696","3.3955104","2026-07-07 14:46:24","12","12","11","72","91","Good"
1968079,"6.5751696","3.3955104","2026-07-07 14:46:25","12","12","11","72","91","Good"
1968079,"6.5751696","3.3955104","2026-07-07 14:46:26","12","12","11","72","91","Good"
1968079,"6.5751696","3.3955104","2026-07-07 14:46:27","10","11","10","72","91","Good"
1968079,"6.5751696","3.3955104","2026-07-07 14:46:28","10","11","10","72","91","Good"
1968079,"6.5751696","3.3955104","2026-07-07 14:46:29","10","11","10","72","91","Good"
1968079,"6.5751696","3.3955104","2026-07-07 14:46:30","12","12","11","72","91","Good"
1968079,"6.5751696","3.3955104","2026-07-07 14:46:31","12","12","11","72","91","Good"
1968079,"6.5751696","3.3955104","2026-07-07 14:46:32","12","12","11","72","91","Good"
1968079,"6.5751696","3.3955104","2026-07-07 14:46:33","12","12","11","72","91","Good"
1968079,"6.5751696","3.3955104","2026-07-07 14:46:34","12","12","11","72","91","Good"
1968079,"6.5751696","3.3955104","2026-07-07 14:46:35","12","12","11","72","91","Good"
1968079,"6.5751696","3.3955104","2026-07-07 14:46:36","12","12","11","72","91","Good"
1968079,"6.5751696","3.3955104","2026-07-07 14:46:37","12","12","11","72","91","Good"
1968079,"6.575176","3.3955119","2026-07-07 14:46:38","12","12","11","72","91","Good"
1968079,"6.5751762","3.3955119","2026-07-07 14:46:39","12","12","11","72","91","Good"
1968079,"6.575176","3.3955142","2026-07-07 14:46:40","12","12","11","72","91","Good"
1968079,"6.575176","3.3955147","2026-07-07 14:46:41","12","12","11","72","91","Good"
1968079,"6.575176","3.3955147","2026-07-07 14:46:42","10","11","10","72","91","Good"
1968079,"6.575176","3.3955147","2026-07-07 14:46:43","10","11","10","72","91","Good"
1968079,"6.575176","3.3955147","2026-07-07 14:46:44","10","10","9","72","91","Good"
1968079,"6.575176","3.3955147","2026-07-07 14:46:45","9","10","8","72","91","Good"
1968079,"6.575176","3.3955147","2026-07-07 14:46:46","9","10","8","72","91","Good"
1968079,"6.5751777","3.3955138","2026-07-07 14:46:47","9","10","8","72","91","Good"
1968079,"6.5751777","3.3955138","2026-07-07 14:46:48","10","11","10","72","91","Good"
1968079,"6.575178","3.3955114","2026-07-07 14:46:49","10","11","10","72","91","Good"
1968079,"6.575177","3.3955128","2026-07-07 14:46:50","9","10","8","72","91","Good"
1968079,"6.575177","3.3955128","2026-07-07 14:46:51","9","10","8","72","91","Good"
1968079,"6.575177","3.3955128","2026-07-07 14:46:52","9","10","8","72","91","Good"
1968079,"6.575176","3.3955133","2026-07-07 14:46:53","9","10","8","72","91","Good"
1968079,"6.575176","3.3955145","2026-07-07 14:46:54","9","10","8","72","91","Good"
1968079,"6.575174","3.3955112","2026-07-07 14:46:55","9","10","8","72","91","Good"
1968079,"6.575175","3.3955133","2026-07-07 14:46:56","9","10","8","72","91","Good"
1968079,"6.5751753","3.3955138","2026-07-07 14:46:57","8","8","7","72","91","Good"
1968079,"6.575174","3.395512","2026-07-07 14:46:58","8","8","7","72","91","Good"
1968079,"6.575174","3.3955147","2026-07-07 14:46:59","9","10","8","72","91","Good"
1968079,"6.5751724","3.3955145","2026-07-07 14:47:00","9","10","8","72","91","Good"
1968079,"6.5751715","3.395515","2026-07-07 14:47:01","9","10","8","72","91","Good"
1968079,"6.575172","3.3955157","2026-07-07 14:47:02","9","10","8","72","91","Good"
1968079,"6.575171","3.3955164","2026-07-07 14:47:03","10","11","10","72","91","Good"
1968079,"6.5751715","3.395516","2026-07-07 14:47:04","10","11","10","72","91","Good"
1968079,"6.5751724","3.3955176","2026-07-07 14:47:05","10","11","10","72","91","Good"
1968079,"6.5751715","3.3955152","2026-07-07 14:47:06","9","10","8","72","91","Good"
1968079,"6.5751724","3.395517","2026-07-07 14:47:07","10","11","10","72","91","Good"
1968079,"6.5751743","3.3955166","2026-07-07 14:47:08","10","11","10","72","91","Good"
1968079,"6.5751734","3.3955164","2026-07-07 14:47:09","10","11","10","72","91","Good"
1968079,"6.575174","3.395518","2026-07-07 14:47:10","10","11","10","72","91","Good"
1968079,"6.575173","3.3955169","2026-07-07 14:47:11","10","11","10","72","91","Good"
1968079,"6.5751724","3.395518","2026-07-07 14:47:12","12","12","11","72","91","Good"
1968079,"6.5751715","3.3955176","2026-07-07 14:47:13","12","12","11","72","91","Good"
1968079,"6.5751705","3.395517","2026-07-07 14:47:14","12","12","11","72","91","Good"
1968079,"6.5751696","3.3955185","2026-07-07 14:47:15","12","12","11","72","91","Good"
1968079,"6.5751686","3.3955176","2026-07-07 14:47:16","12","12","11","72","91","Good"
1968079,"6.5751696","3.395519","2026-07-07 14:47:17","12","12","11","72","91","Good"
1968079,"6.575169","3.395518","2026-07-07 14:47:18","12","12","11","72","91","Good"
1968079,"6.5751696","3.395518","2026-07-07 14:47:19","12","12","11","72","91","Good"
1968079,"6.57517","3.3955197","2026-07-07 14:47:20","12","12","11","72","91","Good"
1968079,"6.57517","3.3955197","2026-07-07 14:47:21","13","13","12","72","91","Moderate"
1968079,"6.5751715","3.3955202","2026-07-07 14:47:22","13","13","12","73","91","Moderate"
1968079,"6.5751734","3.3955219","2026-07-07 14:47:23","13","13","12","73","91","Moderate"
1968079,"6.575171","3.395522","2026-07-07 14:47:24","13","13","12","73","91","Moderate"
1968079,"6.5751705","3.3955233","2026-07-07 14:47:25","13","13","12","73","91","Moderate"
1968079,"6.5751705","3.3955233","2026-07-07 14:47:26","13","13","12","73","92","Moderate"
1968079,"6.5751705","3.3955233","2026-07-07 14:47:27","13","13","12","73","91","Moderate"
1968079,"6.5751705","3.3955233","2026-07-07 14:47:28","12","13","11","73","92","Good"
1968079,"6.5751705","3.3955233","2026-07-07 14:47:29","12","12","11","73","92","Good"
1968079,"6.5751705","3.3955233","2026-07-07 14:47:30","12","12","11","73","92","Good"
1968079,"6.5751705","3.3955233","2026-07-07 14:47:31","12","12","11","73","91","Good"
1968079,"6.5751705","3.3955233","2026-07-07 14:47:32","12","12","11","72","91","Good"
1968079,"6.5751705","3.3955233","2026-07-07 14:47:33","12","12","11","72","92","Good"
1968079,"6.5751705","3.3955233","2026-07-07 14:47:34","10","11","10","72","92","Good"
1968079,"6.5751705","3.3955233","2026-07-07 14:47:35","10","11","10","72","92","Good"
1968079,"6.5751715","3.3955185","2026-07-07 14:47:36","12","12","11","72","92","Good"
1968079,"6.575172","3.3955195","2026-07-07 14:47:37","10","11","10","72","92","Good"
1968079,"6.575172","3.3955195","2026-07-07 14:47:38","10","11","10","72","92","Good"
1968079,"6.575172","3.3955195","2026-07-07 14:47:39","9","10","8","72","92","Good"
1968079,"6.575172","3.3955195","2026-07-07 14:47:40","9","10","8","72","92","Good"
1968079,"6.575172","3.3955195","2026-07-07 14:47:41","9","10","8","72","92","Good"
1968079,"6.575172","3.3955195","2026-07-07 14:47:42","10","11","10","72","92","Good"
1968079,"6.5751724","3.3955202","2026-07-07 14:47:43","12","12","11","72","92","Good"
1968079,"6.5751724","3.3955202","2026-07-07 14:47:44","10","11","10","72","92","Good"
1968079,"6.5751724","3.3955202","2026-07-07 14:47:45","10","11","10","72","92","Good"
1968079,"6.5751724","3.3955202","2026-07-07 14:47:46","12","12","11","72","92","Good"
1968079,"6.5751724","3.3955202","2026-07-07 14:47:47","12","12","11","72","92","Good"
1968079,"6.5751724","3.3955202","2026-07-07 14:47:48","13","13","12","72","92","Moderate"
1968079,"6.5751724","3.3955202","2026-07-07 14:47:49","13","13","12","72","92","Moderate"
1968079,"6.5751724","3.3955202","2026-07-07 14:47:50","13","13","12","72","92","Moderate"
1968079,"6.5751724","3.3955202","2026-07-07 14:47:51","12","12","11","72","92","Good"
1968079,"6.5751724","3.3955202","2026-07-07 14:47:52","12","12","11","72","92","Good"
1968079,"6.5751724","3.3955202","2026-07-07 14:47:53","12","12","11","72","92","Good"
1968079,"6.5751724","3.3955202","2026-07-07 14:47:54","12","12","11","72","92","Good"
1968079,"6.5751724","3.3955202","2026-07-07 14:47:55","12","12","11","72","92","Good"
1968079,"6.5751724","3.3955202","2026-07-07 14:47:56","12","12","11","72","92","Good"
1968079,"6.5751724","3.3955202","2026-07-07 14:47:57","12","12","11","72","92","Good"
1968079,"6.5751724","3.3955202","2026-07-07 14:47:58","12","12","11","72","92","Good"
1968079,"6.5751724","3.3955202","2026-07-07 14:47:59","12","12","11","72","92","Good"
1968079,"6.5751724","3.3955202","2026-07-07 14:48:00","10","11","10","72","92","Good"
1968079,"6.5751724","3.3955202","2026-07-07 14:48:01","10","11","10","72","92","Good"
1968079,"6.5751724","3.3955202","2026-07-07 14:48:02","10","11","10","72","92","Good"
1968079,"6.5751724","3.3955202","2026-07-07 14:48:03","9","10","8","72","92","Good"
1968079,"6.5751724","3.3955202","2026-07-07 14:48:04","8","8","7","72","92","Good"
1968079,"6.5751724","3.3955202","2026-07-07 14:48:05","8","8","7","72","92","Good"
1968079,"6.5751724","3.3955202","2026-07-07 14:48:06","8","8","7","72","92","Good"
1968079,"6.5751724","3.3955202","2026-07-07 14:48:07","9","10","8","72","92","Good"
1968079,"6.575168","3.3955197","2026-07-07 14:48:08","9","10","8","72","92","Good"
1968079,"6.575168","3.3955197","2026-07-07 14:48:09","10","11","10","72","92","Good"
1968079,"6.575168","3.3955197","2026-07-07 14:48:10","10","11","10","72","92","Good"
1968079,"6.575167","3.395518","2026-07-07 14:48:11","10","11","10","72","92","Good"
1968079,"6.5751715","3.3955188","2026-07-07 14:48:12","10","11","10","72","92","Good"
1968079,"6.5751724","3.395519","2026-07-07 14:48:13","10","11","10","72","92","Good"
1968079,"6.5751724","3.395519","2026-07-07 14:48:14","10","11","10","72","92","Good"
1968079,"6.575171","3.395518","2026-07-07 14:48:15","10","11","10","72","92","Good"
1968079,"6.575171","3.395518","2026-07-07 14:48:16","10","11","10","72","92","Good"
1968079,"6.5751724","3.3955173","2026-07-07 14:48:17","10","11","10","72","92","Good"
1968079,"6.5751724","3.3955173","2026-07-07 14:48:18","9","10","8","72","92","Good"
1968079,"6.5751724","3.3955173","2026-07-07 14:48:19","10","10","9","72","92","Good"
1968079,"6.5751724","3.3955173","2026-07-07 14:48:20","12","12","11","72","92","Good"
1968079,"6.5751724","3.3955173","2026-07-07 14:48:21","12","12","11","72","92","Good"
1968079,"6.5751724","3.3955173","2026-07-07 14:48:22","12","12","11","72","92","Good"
1968079,"6.5751724","3.3955173","2026-07-07 14:48:23","12","12","11","72","92","Good"
1968079,"6.5751724","3.3955173","2026-07-07 14:48:24","12","12","11","72","92","Good"
1968079,"6.5751724","3.3955173","2026-07-07 14:48:25","12","12","11","72","92","Good"
1968079,"6.5751724","3.3955173","2026-07-07 14:48:26","12","12","11","72","92","Good"
1968079,"6.5751724","3.3955173","2026-07-07 14:48:27","13","13","12","72","92","Moderate"
1968079,"6.5751724","3.3955173","2026-07-07 14:48:28","13","13","12","72","92","Moderate"
1968079,"6.5751762","3.3955135","2026-07-07 14:48:29","13","13","12","72","92","Moderate"
1968079,"6.5751762","3.3955135","2026-07-07 14:48:30","12","12","11","72","92","Good"
1968079,"6.5751762","3.3955135","2026-07-07 14:48:31","12","12","11","72","92","Good"
1968079,"6.5751762","3.3955135","2026-07-07 14:48:32","12","12","11","72","92","Good"
1968079,"6.5751762","3.3955135","2026-07-07 14:48:33","10","11","10","72","92","Good"
1968079,"6.5751762","3.3955135","2026-07-07 14:48:34","9","10","8","71","92","Good"
1968079,"6.5751762","3.3955135","2026-07-07 14:48:35","9","10","8","71","92","Good"
1968079,"6.5751762","3.3955135","2026-07-07 14:48:36","9","10","8","71","92","Good"
1968079,"6.5751762","3.3955135","2026-07-07 14:48:37","9","10","8","71","92","Good"
1968079,"6.5751762","3.3955135","2026-07-07 14:48:38","10","11","10","71","92","Good"
1968079,"6.5751762","3.3955135","2026-07-07 14:48:39","10","11","10","71","92","Good"
1968079,"6.5751762","3.3955135","2026-07-07 14:48:40","10","11","10","71","92","Good"
1968079,"6.5751762","3.3955135","2026-07-07 14:48:41","10","10","9","71","92","Good"
1968079,"6.5751762","3.3955135","2026-07-07 14:48:42","9","10","8","71","92","Good"
1968079,"6.5751762","3.3955135","2026-07-07 14:48:43","9","10","8","71","92","Good"
1968079,"6.5751762","3.3955135","2026-07-07 14:48:44","8","8","7","71","92","Good"
1968079,"6.5751762","3.3955135","2026-07-07 14:48:45","8","8","7","71","92","Good"
1968079,"6.5751762","3.3955135","2026-07-07 14:48:46","8","8","7","71","92","Good"
1968079,"6.5751762","3.3955135","2026-07-07 14:48:47","8","8","7","71","92","Good"
1968079,"6.5751762","3.3955135","2026-07-07 14:48:48","10","11","10","71","92","Good"
1968079,"6.5751762","3.3955135","2026-07-07 14:48:49","10","11","10","71","92","Good"
1968079,"6.5751767","3.3955114","2026-07-07 14:48:50","10","11","10","71","92","Good"
1968079,"6.5751767","3.3955114","2026-07-07 14:48:51","10","11","10","71","92","Good"
1968079,"6.5751767","3.3955114","2026-07-07 14:48:52","10","11","10","71","92","Good"
1968079,"6.5751767","3.3955114","2026-07-07 14:48:53","10","11","10","71","92","Good"
1968079,"6.5751762","3.3955102","2026-07-07 14:48:54","10","11","10","72","92","Good"
1968079,"6.5751762","3.3955102","2026-07-07 14:48:55","10","11","10","72","92","Good"
1968079,"6.575176","3.395511","2026-07-07 14:48:56","9","10","8","72","92","Good"
1968079,"6.575176","3.3955112","2026-07-07 14:48:57","9","10","8","72","92","Good"
1968079,"6.575176","3.3955112","2026-07-07 14:48:58","9","10","8","72","92","Good"
1968079,"6.575176","3.3955112","2026-07-07 14:48:59","9","10","8","72","92","Good"
1968079,"6.575176","3.3955112","2026-07-07 14:49:00","9","10","8","72","92","Good"
1968079,"6.575176","3.3955112","2026-07-07 14:49:01","9","10","8","72","92","Good"
1968079,"6.575176","3.3955112","2026-07-07 14:49:02","10","11","10","72","92","Good"
1968079,"6.575176","3.3955112","2026-07-07 14:49:03","10","11","10","72","92","Good"
1968079,"6.575176","3.3955112","2026-07-07 14:49:04","10","11","10","72","92","Good"
1968079,"6.575176","3.3955112","2026-07-07 14:49:05","12","12","11","72","92","Good"
1968079,"6.575176","3.3955112","2026-07-07 14:49:06","12","12","11","72","92","Good"
1968079,"6.575176","3.3955112","2026-07-07 14:49:07","13","13","12","72","92","Moderate"
1968079,"6.575176","3.3955112","2026-07-07 14:49:08","13","13","12","72","92","Moderate"
1968079,"6.575176","3.3955112","2026-07-07 14:49:09","13","13","12","72","92","Moderate"
1968079,"6.575176","3.3955112","2026-07-07 14:49:10","13","13","12","72","92","Moderate"
1968079,"6.575176","3.3955112","2026-07-07 14:49:11","13","13","12","72","92","Moderate"
1968079,"6.575176","3.3955112","2026-07-07 14:49:12","13","13","12","72","92","Moderate"
1968079,"6.575176","3.3955112","2026-07-07 14:49:13","13","13","12","72","92","Moderate"
1968079,"6.575176","3.3955112","2026-07-07 14:49:14","14","14","13","72","92","Moderate"
1968079,"6.575176","3.3955112","2026-07-07 14:49:15","14","14","13","72","92","Moderate"
1968079,"6.575176","3.3955112","2026-07-07 14:49:16","14","14","13","72","92","Moderate"
1968079,"6.575176","3.3955112","2026-07-07 14:49:17","14","14","13","72","92","Moderate"
1968079,"6.575176","3.3955112","2026-07-07 14:49:18","14","14","13","71","92","Moderate"
1968079,"6.575176","3.3955112","2026-07-07 14:49:19","13","13","12","71","92","Moderate"
1968079,"6.575176","3.3955112","2026-07-07 14:49:20","12","12","11","71","92","Good"
1968079,"6.575176","3.3955112","2026-07-07 14:49:21","12","12","11","71","92","Good"
1968079,"6.575176","3.3955112","2026-07-07 14:49:22","12","12","11","71","92","Good"
1968079,"6.575176","3.3955112","2026-07-07 14:49:23","10","11","10","71","92","Good"
1968079,"6.575176","3.3955112","2026-07-07 14:49:24","10","11","10","71","92","Good"
1968079,"6.575176","3.3955112","2026-07-07 14:49:25","9","10","8","71","92","Good"
1968079,"6.575176","3.3955112","2026-07-07 14:49:26","10","11","10","71","92","Good"
1968079,"6.575176","3.3955112","2026-07-07 14:49:27","10","11","10","71","92","Good"
1968079,"6.575176","3.3955112","2026-07-07 14:49:28","10","11","10","71","92","Good"
1968079,"6.575176","3.3955112","2026-07-07 14:49:29","10","11","10","71","92","Good"
1968079,"6.575176","3.3955112","2026-07-07 14:49:30","12","12","11","71","92","Good"
1968079,"6.5751743","3.3955164","2026-07-07 14:49:31","12","12","11","71","92","Good"
1968079,"6.5751762","3.3955166","2026-07-07 14:49:32","9","10","8","71","92","Good"
1968079,"6.5751753","3.395516","2026-07-07 14:49:33","8","8","7","71","92","Good"
1968079,"6.5751753","3.395516","2026-07-07 14:49:34","8","8","7","71","92","Good"
1968079,"6.5751753","3.395516","2026-07-07 14:49:35","9","10","8","71","92","Good"
1968079,"6.575177","3.3955142","2026-07-07 14:49:36","9","10","8","71","92","Good"
1968079,"6.575177","3.3955145","2026-07-07 14:49:37","9","10","8","71","92","Good"
1968079,"6.575179","3.3955128","2026-07-07 14:49:38","9","10","8","71","92","Good"
1968079,"6.575179","3.3955128","2026-07-07 14:49:39","10","11","10","71","92","Good"
1968079,"6.575179","3.3955128","2026-07-07 14:49:40","10","11","10","71","92","Good"
1968079,"6.575179","3.3955128","2026-07-07 14:49:41","9","10","8","71","92","Good"
1968079,"6.5751786","3.395511","2026-07-07 14:49:42","9","10","8","71","92","Good"
1968079,"6.575179","3.395511","2026-07-07 14:49:43","9","10","8","71","92","Good"
1968079,"6.5751796","3.3955119","2026-07-07 14:49:44","10","11","10","71","92","Good"
1968079,"6.5751796","3.3955119","2026-07-07 14:49:45","10","11","10","71","92","Good"
1968079,"6.5751796","3.3955119","2026-07-07 14:49:46","10","11","10","71","92","Good"
1968079,"6.5751796","3.3955119","2026-07-07 14:49:47","9","9","8","71","92","Good"
1968079,"6.5751815","3.3955102","2026-07-07 14:49:48","8","8","7","71","92","Good"
1968079,"6.5751815","3.3955088","2026-07-07 14:49:49","9","10","8","71","92","Good"
1968079,"6.5751815","3.395507","2026-07-07 14:49:50","10","11","10","71","92","Good"
1968079,"6.5751815","3.3955069","2026-07-07 14:49:51","10","11","10","71","92","Good"
1968079,"6.5751815","3.3955069","2026-07-07 14:49:52","10","11","10","71","92","Good"
1968079,"6.5751805","3.3955073","2026-07-07 14:49:53","10","11","10","71","92","Good"
1968079,"6.5751805","3.3955083","2026-07-07 14:49:54","11","11","10","71","92","Good"
1968079,"6.575179","3.3955064","2026-07-07 14:49:55","12","12","11","70","92","Good"
1968079,"6.575179","3.3955064","2026-07-07 14:49:56","10","11","10","70","92","Good"
1968079,"6.575179","3.3955064","2026-07-07 14:49:57","10","11","10","70","92","Good"
1968079,"6.575179","3.3955064","2026-07-07 14:49:58","10","11","10","70","92","Good"
1968079,"6.575179","3.3955064","2026-07-07 14:49:59","10","11","10","70","92","Good"
1968079,"6.575179","3.3955064","2026-07-07 14:50:00","10","11","10","70","92","Good"
1968079,"6.575179","3.3955064","2026-07-07 14:50:01","11","11","10","70","92","Good"
1968079,"6.575179","3.3955064","2026-07-07 14:50:02","12","12","11","70","92","Good"
1968079,"6.575179","3.3955064","2026-07-07 14:50:03","10","11","10","70","92","Good"
1968079,"6.575179","3.3955064","2026-07-07 14:50:04","10","11","10","70","92","Good"
1968079,"6.575179","3.3955064","2026-07-07 14:50:05","10","11","10","70","92","Good"
1968079,"6.5751743","3.395504","2026-07-07 14:50:06","10","11","10","70","92","Good"
1968079,"6.5751753","3.3955047","2026-07-07 14:50:07","10","11","10","70","92","Good"
1968079,"6.5751753","3.3955047","2026-07-07 14:50:08","10","11","10","70","92","Good"
1968079,"6.5751734","3.3955035","2026-07-07 14:50:09","10","11","10","70","92","Good"
1968079,"6.5751734","3.3955057","2026-07-07 14:50:10","9","10","8","70","92","Good"
1968079,"6.5751734","3.3955066","2026-07-07 14:50:11","9","10","8","70","92","Good"
1968079,"6.575173","3.3955042","2026-07-07 14:50:12","9","10","8","70","92","Good"
1968079,"6.5751724","3.3955047","2026-07-07 14:50:13","9","10","8","70","92","Good"
1968079,"6.575173","3.3955052","2026-07-07 14:50:14","9","10","8","70","92","Good"
1968079,"6.575173","3.3955052","2026-07-07 14:50:15","9","10","8","70","92","Good"
1968079,"6.575173","3.3955052","2026-07-07 14:50:16","8","8","7","70","92","Good"
1968079,"6.575172","3.3955038","2026-07-07 14:50:17","9","10","8","70","92","Good"
1968079,"6.575172","3.3955038","2026-07-07 14:50:18","9","10","8","70","92","Good"
1968079,"6.575172","3.3955038","2026-07-07 14:50:19","9","10","8","70","92","Good"
1968079,"6.575172","3.3955038","2026-07-07 14:50:20","10","11","10","70","92","Good"
1968079,"6.575172","3.3955038","2026-07-07 14:50:21","10","11","10","70","92","Good"
1968079,"6.575172","3.3955038","2026-07-07 14:50:22","10","11","10","70","92","Good"
1968079,"6.5751686","3.3954997","2026-07-07 14:50:23","10","11","10","70","93","Good"
1968079,"6.575168","3.3954968","2026-07-07 14:50:24","10","11","10","70","92","Good"
1968079,"6.57517","3.395495","2026-07-07 14:50:25","9","10","8","70","92","Good"
1968079,"6.575172","3.3954964","2026-07-07 14:50:26","9","10","8","70","93","Good"
1968079,"6.5751715","3.3954973","2026-07-07 14:50:27","9","10","8","70","92","Good"
1968079,"6.5751715","3.3954973","2026-07-07 14:50:28","9","10","8","70","92","Good"
1968079,"6.5751715","3.3954973","2026-07-07 14:50:29","9","10","8","70","92","Good"
1968079,"6.5751715","3.3954973","2026-07-07 14:50:30","9","10","8","70","92","Good"
1968079,"6.5751715","3.3954973","2026-07-07 14:50:31","10","11","10","70","92","Good"
1968079,"6.5751715","3.3954973","2026-07-07 14:50:32","10","11","10","70","93","Good"
1968079,"6.5751715","3.3954973","2026-07-07 14:50:33","10","11","10","70","92","Good"
1968079,"6.5751715","3.3954973","2026-07-07 14:50:34","10","11","10","70","93","Good"
1968079,"6.5751715","3.3954973","2026-07-07 14:50:35","9","10","8","70","92","Good"
1968079,"6.5751715","3.3954973","2026-07-07 14:50:36","9","10","8","70","92","Good"
1968079,"6.5751715","3.3954973","2026-07-07 14:50:37","9","10","8","70","92","Good"
1968079,"6.5751715","3.3954973","2026-07-07 14:50:38","10","10","9","70","93","Good"
1968079,"6.5751715","3.3954973","2026-07-07 14:50:39","10","11","10","70","92","Good"
1968079,"6.5751715","3.3954973","2026-07-07 14:50:40","9","10","8","70","93","Good"
1968079,"6.5751715","3.3954973","2026-07-07 14:50:41","9","10","8","70","93","Good"
1968079,"6.5751715","3.3954973","2026-07-07 14:50:42","9","10","8","70","92","Good"
1968079,"6.575172","3.395499","2026-07-07 14:50:43","9","10","8","70","92","Good"
1968079,"6.5751724","3.395499","2026-07-07 14:50:44","10","11","10","70","93","Good"
1968079,"6.575171","3.3954995","2026-07-07 14:50:45","10","11","10","70","93","Good"
1968079,"6.575171","3.3954995","2026-07-07 14:50:46","10","11","10","70","93","Good"
1968079,"6.575171","3.3954995","2026-07-07 14:50:47","10","11","10","70","93","Good"
1968079,"6.575171","3.3954995","2026-07-07 14:50:48","10","11","10","70","93","Good"
1968079,"6.575171","3.3954995","2026-07-07 14:50:49","12","12","11","70","93","Good"
1968079,"6.575171","3.3954995","2026-07-07 14:50:50","12","12","11","70","93","Good"
1968079,"6.575171","3.3954995","2026-07-07 14:50:51","12","12","11","70","93","Good"
1968079,"6.575171","3.3954995","2026-07-07 14:50:52","12","12","11","70","93","Good"
1968079,"6.575171","3.3954995","2026-07-07 14:50:53","12","12","11","70","93","Good"
1968079,"6.575171","3.3954995","2026-07-07 14:50:54","13","13","12","70","93","Moderate"
1968079,"6.575171","3.3954995","2026-07-07 14:50:55","14","14","13","70","93","Moderate"
1968079,"6.575171","3.3954995","2026-07-07 14:50:56","14","14","13","70","93","Moderate"
1968079,"6.575171","3.3954995","2026-07-07 14:50:57","14","14","13","70","93","Moderate"
1968079,"6.575171","3.3954995","2026-07-07 14:50:58","13","13","12","70","93","Moderate"
1968079,"6.5751657","3.3954988","2026-07-07 14:50:59","13","13","12","70","93","Moderate"
1968079,"6.5751657","3.395499","2026-07-07 14:51:00","13","13","12","70","93","Moderate"
1968079,"6.5751657","3.395499","2026-07-07 14:51:01","12","12","11","70","93","Good"
1968079,"6.5751657","3.395499","2026-07-07 14:51:02","12","12","11","70","93","Good"
1968079,"6.5751657","3.395499","2026-07-07 14:51:03","12","12","11","70","93","Good"
1968079,"6.5751657","3.395499","2026-07-07 14:51:04","12","12","11","70","93","Good"
1968079,"6.5751657","3.395499","2026-07-07 14:51:05","10","11","10","70","93","Good"
1968079,"6.5751657","3.395499","2026-07-07 14:51:06","10","11","10","70","93","Good"
1968079,"6.5751657","3.395499","2026-07-07 14:51:07","10","11","10","70","93","Good"
1968079,"6.5751657","3.395499","2026-07-07 14:51:08","10","11","10","70","93","Good"
1968079,"6.5751657","3.395499","2026-07-07 14:51:09","10","11","10","70","93","Good"
1968079,"6.575167","3.3954992","2026-07-07 14:51:10","8","8","7","70","93","Good"
1968079,"6.575167","3.3954992","2026-07-07 14:51:11","8","8","7","70","93","Good"
1968079,"6.575167","3.3954992","2026-07-07 14:51:12","8","8","7","70","93","Good"
1968079,"6.575167","3.3954992","2026-07-07 14:51:13","8","8","7","70","93","Good"
1968079,"6.575167","3.3954992","2026-07-07 14:51:14","8","8","7","70","93","Good"
1968079,"6.575167","3.3954992","2026-07-07 14:51:15","9","10","8","70","93","Good"
1968079,"6.575167","3.3954992","2026-07-07 14:51:16","10","11","10","70","93","Good"
1968079,"6.575167","3.3954992","2026-07-07 14:51:17","9","10","8","70","93","Good"
1968079,"6.575167","3.3954992","2026-07-07 14:51:18","9","10","8","70","93","Good"
1968079,"6.575167","3.3954992","2026-07-07 14:51:19","8","8","7","70","93","Good"
1968079,"6.575167","3.3954992","2026-07-07 14:51:20","8","8","7","69","93","Good"
1968079,"6.575167","3.3954992","2026-07-07 14:51:21","9","10","8","69","93","Good"
1968079,"6.575167","3.3954992","2026-07-07 14:51:22","10","10","9","69","93","Good"
1968079,"6.575167","3.3954992","2026-07-07 14:51:23","10","11","10","69","93","Good"
1968079,"6.575167","3.3954992","2026-07-07 14:51:24","10","11","10","69","93","Good"
1968079,"6.575167","3.3954992","2026-07-07 14:51:25","10","11","10","69","93","Good"
1968079,"6.575167","3.3954992","2026-07-07 14:51:26","10","11","10","69","93","Good"
1968079,"6.575167","3.3954992","2026-07-07 14:51:27","10","11","10","69","93","Good"
1968079,"6.575167","3.3954992","2026-07-07 14:51:28","12","12","11","69","93","Good"
1968079,"6.575167","3.3954992","2026-07-07 14:51:29","12","12","11","69","93","Good"
1968079,"6.575167","3.3954992","2026-07-07 14:51:30","12","12","11","69","93","Good"
1968079,"6.5751615","3.3955045","2026-07-07 14:51:31","12","12","11","69","93","Good"
1968079,"6.5751615","3.3955045","2026-07-07 14:51:32","12","12","11","69","93","Good"
1968079,"6.5751615","3.3955045","2026-07-07 14:51:33","12","12","11","69","93","Good"
1968079,"6.5751615","3.3955045","2026-07-07 14:51:34","10","11","10","69","93","Good"
1968079,"6.5751615","3.3955045","2026-07-07 14:51:35","12","12","11","69","93","Good"
1968079,"6.5751615","3.3955045","2026-07-07 14:51:36","12","12","11","69","93","Good"
1968079,"6.5751643","3.395503","2026-07-07 14:51:37","12","12","11","69","93","Good"
1968079,"6.575166","3.3955038","2026-07-07 14:51:38","12","12","11","69","93","Good"
1968079,"6.575166","3.3955038","2026-07-07 14:51:39","12","12","11","69","93","Good"
1968079,"6.575166","3.3955038","2026-07-07 14:51:40","13","13","12","69","93","Moderate"
1968079,"6.575166","3.3955047","2026-07-07 14:51:41","13","13","12","69","93","Moderate"
1968079,"6.5751677","3.3955057","2026-07-07 14:51:42","13","13","12","69","93","Moderate"
1968079,"6.5751686","3.3955054","2026-07-07 14:51:43","13","13","12","69","93","Moderate"
1968079,"6.5751653","3.3955038","2026-07-07 14:51:44","13","13","12","69","93","Moderate"
1968079,"6.5751657","3.395504","2026-07-07 14:51:45","13","13","12","69","93","Moderate"
1968079,"6.5751657","3.395504","2026-07-07 14:51:46","13","13","12","69","93","Moderate"
1968079,"6.5751634","3.3955028","2026-07-07 14:51:47","13","13","12","69","93","Moderate"
1968079,"6.5751634","3.3955028","2026-07-07 14:51:48","13","13","12","69","93","Moderate"
1968079,"6.575163","3.395501","2026-07-07 14:51:49","12","12","11","69","93","Good"
1968079,"6.5751624","3.3954997","2026-07-07 14:51:50","12","12","11","69","93","Good"
1968079,"6.575163","3.3954997","2026-07-07 14:51:51","12","12","11","69","93","Good"
1968079,"6.575163","3.3954997","2026-07-07 14:51:52","12","12","11","69","93","Good"
1968079,"6.575163","3.3954997","2026-07-07 14:51:53","12","12","11","69","93","Good"
1968079,"6.575163","3.3954997","2026-07-07 14:51:54","12","12","11","69","93","Good"
1968079,"6.575163","3.3954997","2026-07-07 14:51:55","13","13","12","69","93","Moderate"
1968079,"6.575163","3.3954997","2026-07-07 14:51:56","13","13","12","69","93","Moderate"
1968079,"6.575163","3.3954997","2026-07-07 14:51:57","13","13","12","69","93","Moderate"
1968079,"6.575163","3.3954997","2026-07-07 14:51:58","12","12","11","69","93","Good"
1968079,"6.575163","3.3954997","2026-07-07 14:51:59","12","12","11","69","93","Good"
1968079,"6.575163","3.3954997","2026-07-07 14:52:00","12","12","11","69","93","Good"
1968079,"6.575163","3.3954997","2026-07-07 14:52:01","12","12","11","69","93","Good"
1968079,"6.575163","3.3954997","2026-07-07 14:52:02","12","12","11","69","93","Good"
1968079,"6.575163","3.3954997","2026-07-07 14:52:03","13","13","12","70","93","Moderate"
1968079,"6.575163","3.3954997","2026-07-07 14:52:04","13","13","12","70","93","Moderate"
1968079,"6.575163","3.3954997","2026-07-07 14:52:05","13","13","12","70","93","Moderate"
1968079,"6.575163","3.3954997","2026-07-07 14:52:06","13","13","12","70","93","Moderate"
1968079,"6.575163","3.3954997","2026-07-07 14:52:07","12","12","11","70","93","Good"
1968079,"6.575163","3.3954997","2026-07-07 14:52:08","12","12","11","70","93","Good"
1968079,"6.575163","3.3954997","2026-07-07 14:52:09","12","12","11","70","93","Good"
1968079,"6.575163","3.3954997","2026-07-07 14:52:10","13","13","12","70","93","Moderate"
1968079,"6.575161","3.3954973","2026-07-07 14:52:11","13","13","12","70","93","Moderate"
1968079,"6.575161","3.395498","2026-07-07 14:52:12","13","13","12","70","93","Moderate"
1968079,"6.575161","3.395498","2026-07-07 14:52:13","13","13","12","69","93","Moderate"
1968079,"6.575161","3.395498","2026-07-07 14:52:14","14","14","13","69","93","Moderate"
1968079,"6.575161","3.395498","2026-07-07 14:52:15","14","14","13","69","93","Moderate"
1968079,"6.575161","3.395498","2026-07-07 14:52:16","14","14","13","69","93","Moderate"
1968079,"6.5751615","3.3954966","2026-07-07 14:52:17","15","16","14","69","93","Moderate"
1968079,"6.575163","3.3955002","2026-07-07 14:52:18","15","16","14","69","93","Moderate"
1968079,"6.5751615","3.3954968","2026-07-07 14:52:19","15","16","14","69","93","Moderate"
1968079,"6.5751624","3.3954902","2026-07-07 14:52:20","15","16","14","69","93","Moderate"
1968079,"6.575162","3.395487","2026-07-07 14:52:21","14","14","13","69","93","Moderate"
1968079,"6.575165","3.3954825","2026-07-07 14:52:22","15","16","14","69","93","Moderate"
1968079,"6.5751653","3.39548","2026-07-07 14:52:23","15","16","14","69","93","Moderate"
1968079,"6.57516","3.3954792","2026-07-07 14:52:24","15","16","14","69","93","Moderate"
1968079,"6.575161","3.3954732","2026-07-07 14:52:25","15","16","14","69","93","Moderate"
1968079,"6.575161","3.395474","2026-07-07 14:52:26","15","16","14","69","93","Moderate"
1968079,"6.5751586","3.395473","2026-07-07 14:52:27","15","16","14","69","93","Moderate"
1968079,"6.5751586","3.395473","2026-07-07 14:52:28","15","16","14","69","93","Moderate"
1968079,"6.5751586","3.395473","2026-07-07 14:52:29","15","16","14","69","93","Moderate"
1968079,"6.5751586","3.395473","2026-07-07 14:52:30","15","16","14","69","93","Moderate"
1968079,"6.5751586","3.395473","2026-07-07 14:52:31","16","17","15","69","93","Moderate"
1968079,"6.5751586","3.395473","2026-07-07 14:52:32","16","17","15","69","93","Moderate"
1968079,"6.5751586","3.395473","2026-07-07 14:52:33","15","16","14","69","93","Moderate"
1968079,"6.5751586","3.395473","2026-07-07 14:52:34","15","16","14","69","93","Moderate"
1968079,"6.5751586","3.395473","2026-07-07 14:52:35","15","16","14","69","93","Moderate"
1968079,"6.5751586","3.395473","2026-07-07 14:52:36","15","16","14","69","93","Moderate"
1968079,"6.5751586","3.3954701","2026-07-07 14:52:37","15","16","14","69","93","Moderate"
1968079,"6.5751653","3.3954701","2026-07-07 14:52:38","16","17","15","69","93","Moderate"
1968079,"6.5751653","3.395469","2026-07-07 14:52:39","16","17","15","69","93","Moderate"
1968079,"6.5751595","3.395471","2026-07-07 14:52:40","15","16","14","69","93","Moderate"
1968079,"6.5751595","3.395471","2026-07-07 14:52:41","15","16","14","69","93","Moderate"
1968079,"6.5751557","3.3954706","2026-07-07 14:52:42","14","15","13","69","93","Moderate"
1968079,"6.575157","3.3954723","2026-07-07 14:52:43","14","14","13","69","93","Moderate"
1968079,"6.575157","3.395473","2026-07-07 14:52:44","14","14","13","69","93","Moderate"
1968079,"6.575162","3.395474","2026-07-07 14:52:45","14","14","13","69","93","Moderate"
1968079,"6.57516","3.3954756","2026-07-07 14:52:46","14","14","13","69","93","Moderate"
1968079,"6.575161","3.395474","2026-07-07 14:52:47","14","14","13","69","93","Moderate"
1968079,"6.575166","3.395472","2026-07-07 14:52:48","14","14","13","69","93","Moderate"
1968079,"6.575169","3.3954663","2026-07-07 14:52:49","14","14","13","69","93","Moderate"
1968079,"6.57517","3.3954675","2026-07-07 14:52:50","14","14","13","69","93","Moderate"
1968079,"6.575166","3.39547","2026-07-07 14:52:51","14","14","13","69","93","Moderate"
1968079,"6.575163","3.3954718","2026-07-07 14:52:52","13","13","12","69","93","Moderate"
1968079,"6.5751605","3.3954682","2026-07-07 14:52:53","13","13","12","69","93","Moderate"
1968079,"6.5751643","3.3954725","2026-07-07 14:52:54","13","13","12","69","93","Moderate"
1968079,"6.575166","3.3954723","2026-07-07 14:52:55","13","13","12","69","93","Moderate"
1968079,"6.575166","3.3954716","2026-07-07 14:52:56","12","12","11","69","93","Good"
1968079,"6.575166","3.3954723","2026-07-07 14:52:57","12","13","11","69","93","Good"
1968079,"6.575166","3.3954723","2026-07-07 14:52:58","13","13","12","69","93","Moderate"
1968079,"6.575166","3.3954723","2026-07-07 14:52:59","13","13","12","69","93","Moderate"
1968079,"6.575166","3.3954723","2026-07-07 14:53:00","13","13","12","69","93","Moderate"
1968079,"6.575166","3.3954723","2026-07-07 14:53:01","13","13","12","69","93","Moderate"
1968079,"6.575173","3.395475","2026-07-07 14:53:02","13","13","12","69","93","Moderate"
1968079,"6.575175","3.3954773","2026-07-07 14:53:03","14","14","13","69","93","Moderate"
1968079,"6.575175","3.3954775","2026-07-07 14:53:04","13","14","12","69","93","Moderate"
1968079,"6.5751753","3.395476","2026-07-07 14:53:05","13","13","12","69","93","Moderate"
1968079,"6.575173","3.3954751","2026-07-07 14:53:06","14","14","13","69","93","Moderate"
1968079,"6.5751734","3.3954785","2026-07-07 14:53:07","14","14","13","69","93","Moderate"
1968079,"6.575176","3.39548","2026-07-07 14:53:08","14","14","13","69","93","Moderate"
1968079,"6.5751777","3.3954825","2026-07-07 14:53:09","14","14","13","69","93","Moderate"
1968079,"6.575178","3.3954852","2026-07-07 14:53:10","14","14","13","69","93","Moderate"
1968079,"6.575176","3.3954883","2026-07-07 14:53:11","14","14","13","69","93","Moderate"
1968079,"6.5751767","3.3954875","2026-07-07 14:53:12","14","14","13","69","93","Moderate"
1968079,"6.5751767","3.3954875","2026-07-07 14:53:13","14","14","13","69","93","Moderate"
1968079,"6.5751767","3.3954875","2026-07-07 14:53:14","14","14","13","69","93","Moderate"
1968079,"6.5751767","3.3954875","2026-07-07 14:53:15","13","13","12","69","93","Moderate"
1968079,"6.5751762","3.395495","2026-07-07 14:53:16","14","14","13","69","93","Moderate"
1968079,"6.5751796","3.3954964","2026-07-07 14:53:17","14","14","13","69","93","Moderate"
1968079,"6.5751777","3.3954973","2026-07-07 14:53:18","14","14","13","69","93","Moderate"
1968079,"6.575178","3.3954976","2026-07-07 14:53:19","14","14","13","69","93","Moderate"
1968079,"6.5751786","3.3954978","2026-07-07 14:53:20","15","16","14","69","93","Moderate"
1968079,"6.5751786","3.395496","2026-07-07 14:53:21","14","14","13","69","93","Moderate"
1968079,"6.5751777","3.3954957","2026-07-07 14:53:22","14","14","13","69","93","Moderate"
1968079,"6.5751777","3.3954957","2026-07-07 14:53:23","14","14","13","69","93","Moderate"
1968079,"6.575176","3.3954923","2026-07-07 14:53:24","15","16","14","69","93","Moderate"
1968079,"6.5751753","3.3954947","2026-07-07 14:53:25","15","16","14","69","93","Moderate"
1968079,"6.5751753","3.3954947","2026-07-07 14:53:26","15","16","14","69","93","Moderate"
1968079,"6.5751753","3.3954947","2026-07-07 14:53:27","15","16","14","69","93","Moderate"
1968079,"6.575172","3.395495","2026-07-07 14:53:28","15","16","14","69","93","Moderate"
1968079,"6.575172","3.395495","2026-07-07 14:53:29","14","14","13","69","93","Moderate"
1968079,"6.575172","3.395495","2026-07-07 14:53:30","14","14","13","69","93","Moderate"
1968079,"6.575172","3.395495","2026-07-07 14:53:31","14","14","13","69","93","Moderate"
1968079,"6.575172","3.395495","2026-07-07 14:53:32","14","14","13","69","93","Moderate"
1968079,"6.5751686","3.3954933","2026-07-07 14:53:33","15","16","14","69","93","Moderate"
1968079,"6.5751686","3.3954942","2026-07-07 14:53:34","16","16","14","69","93","Moderate"
1968079,"6.575165","3.3954957","2026-07-07 14:53:35","15","16","14","69","93","Moderate"
1968079,"6.5751643","3.3954964","2026-07-07 14:53:36","14","14","13","69","93","Moderate"
1968079,"6.575164","3.3954964","2026-07-07 14:53:37","14","14","13","69","93","Moderate"
1968079,"6.575165","3.3954978","2026-07-07 14:53:38","14","14","13","69","93","Moderate"
1968079,"6.575163","3.3954976","2026-07-07 14:53:39","14","14","13","69","93","Moderate"
1968079,"6.575163","3.3954985","2026-07-07 14:53:40","15","16","14","69","93","Moderate"
1968079,"6.5751634","3.3954985","2026-07-07 14:53:41","14","15","13","69","93","Moderate"
1968079,"6.5751634","3.3954985","2026-07-07 14:53:42","14","14","13","69","93","Moderate"
1968079,"6.575161","3.3954997","2026-07-07 14:53:43","14","14","13","69","93","Moderate"
1968079,"6.575162","3.3955002","2026-07-07 14:53:44","14","14","13","69","93","Moderate"
1968079,"6.575162","3.3955007","2026-07-07 14:53:45","12","12","11","69","93","Good"
1968079,"6.575162","3.3955007","2026-07-07 14:53:46","12","12","11","69","93","Good"
1968079,"6.575162","3.3955007","2026-07-07 14:53:47","12","12","11","69","93","Good"
1968079,"6.575162","3.3955007","2026-07-07 14:53:48","12","12","11","69","93","Good"
1968079,"6.575162","3.3955007","2026-07-07 14:53:49","13","13","12","69","93","Moderate"
1968079,"6.575165","3.3955002","2026-07-07 14:53:50","13","13","12","69","93","Moderate"
1968079,"6.575164","3.3954992","2026-07-07 14:53:51","13","13","12","69","93","Moderate"
1968079,"6.5751643","3.3954995","2026-07-07 14:53:52","13","13","12","69","93","Moderate"
1968079,"6.5751643","3.3954995","2026-07-07 14:53:53","13","13","12","69","93","Moderate"
1968079,"6.5751643","3.3954995","2026-07-07 14:53:54","13","13","12","69","93","Moderate"
1968079,"6.5751643","3.3954995","2026-07-07 14:53:55","13","13","12","69","93","Moderate"
1968079,"6.5751643","3.3954995","2026-07-07 14:53:56","12","12","11","69","93","Good"
1968079,"6.575164","3.3955007","2026-07-07 14:53:57","10","11","10","69","93","Good"
1968079,"6.575164","3.3955002","2026-07-07 14:53:58","10","11","10","69","93","Good"
1968079,"6.5751634","3.3955007","2026-07-07 14:53:59","10","11","10","69","93","Good"
1968079,"6.5751624","3.3955002","2026-07-07 14:54:00","10","11","10","69","93","Good"
1968079,"6.5751624","3.3955002","2026-07-07 14:54:01","12","12","11","69","93","Good"
1968079,"6.575162","3.3955","2026-07-07 14:54:02","12","12","11","69","93","Good"
1968079,"6.575162","3.395501","2026-07-07 14:54:03","12","12","11","69","93","Good"
1968079,"6.575162","3.3955002","2026-07-07 14:54:04","13","13","12","69","93","Moderate"
1968079,"6.5751624","3.3955007","2026-07-07 14:54:05","13","13","12","69","93","Moderate"
1968079,"6.5751624","3.3955007","2026-07-07 14:54:06","12","12","11","69","93","Good"
1968079,"6.5751624","3.3955007","2026-07-07 14:54:07","12","12","11","69","93","Good"
1968079,"6.5751624","3.3955007","2026-07-07 14:54:08","12","12","11","69","93","Good"
1968079,"6.5751624","3.3955007","2026-07-07 14:54:09","12","12","11","69","93","Good"
1968079,"6.5751624","3.3955007","2026-07-07 14:54:10","12","12","11","69","93","Good"
1968079,"6.5751624","3.3955007","2026-07-07 14:54:11","10","11","10","69","93","Good"
1968079,"6.5751624","3.3955007","2026-07-07 14:54:12","12","12","11","69","93","Good"
1968079,"6.5751624","3.3955007","2026-07-07 14:54:13","13","13","12","69","93","Moderate"
1968079,"6.5751624","3.3955007","2026-07-07 14:54:14","13","13","12","69","93","Moderate"
1968079,"6.5751615","3.395508","2026-07-07 14:54:15","13","13","12","69","93","Moderate"
1968079,"6.575163","3.3955107","2026-07-07 14:54:16","13","13","12","69","93","Moderate"
1968079,"6.5751624","3.39551","2026-07-07 14:54:17","13","13","12","69","93","Moderate"
1968079,"6.5751624","3.3955102","2026-07-07 14:54:18","12","13","11","69","93","Good"
1968079,"6.5751624","3.3955102","2026-07-07 14:54:19","12","12","11","69","93","Good"
1968079,"6.5751624","3.3955102","2026-07-07 14:54:20","12","12","11","69","93","Good"
1968079,"6.5751624","3.3955102","2026-07-07 14:54:21","13","13","12","69","93","Moderate"
1968079,"6.5751624","3.3955102","2026-07-07 14:54:22","12","12","11","69","93","Good"
1968079,"6.5751643","3.3955116","2026-07-07 14:54:23","12","12","11","69","93","Good"
1968079,"6.5751643","3.3955116","2026-07-07 14:54:24","13","13","12","69","93","Moderate"
1968079,"6.5751643","3.3955116","2026-07-07 14:54:25","13","13","12","69","93","Moderate"
1968079,"6.575165","3.3955133","2026-07-07 14:54:26","13","13","12","69","93","Moderate"
1968079,"6.5751643","3.3955135","2026-07-07 14:54:27","13","13","12","69","93","Moderate"
1968079,"6.5751643","3.3955138","2026-07-07 14:54:28","13","13","12","69","93","Moderate"
1968079,"6.575165","3.3955142","2026-07-07 14:54:29","12","12","11","69","93","Good"
1968079,"6.5751643","3.3955145","2026-07-07 14:54:30","14","14","13","69","93","Moderate"
1968079,"6.5751657","3.3955133","2026-07-07 14:54:31","14","14","13","69","93","Moderate"
1968079,"6.5751667","3.3955145","2026-07-07 14:54:32","14","14","13","69","93","Moderate"
1968079,"6.5751667","3.3955145","2026-07-07 14:54:33","14","14","13","69","93","Moderate"
1968079,"6.5751667","3.3955102","2026-07-07 14:54:34","14","14","13","69","93","Moderate"
1968079,"6.5751667","3.3955102","2026-07-07 14:54:35","14","14","13","69","93","Moderate"
1968079,"6.5751667","3.3955102","2026-07-07 14:54:36","13","13","12","69","93","Moderate"
1968079,"6.5751667","3.3955102","2026-07-07 14:54:37","13","13","12","69","93","Moderate"
1968079,"6.5751667","3.3955102","2026-07-07 14:54:38","13","13","12","69","93","Moderate"
1968079,"6.5751667","3.3955102","2026-07-07 14:54:39","13","13","12","69","93","Moderate"
1968079,"6.5751705","3.3955095","2026-07-07 14:54:40","13","13","12","69","93","Moderate"
1968079,"6.5751705","3.3955095","2026-07-07 14:54:41","13","13","12","69","93","Moderate"
1968079,"6.5751705","3.3955095","2026-07-07 14:54:42","13","13","12","69","93","Moderate"
1968079,"6.5751705","3.3955095","2026-07-07 14:54:43","13","13","12","69","93","Moderate"
1968079,"6.5751705","3.3955095","2026-07-07 14:54:44","13","13","12","69","93","Moderate"
1968079,"6.5751705","3.3955095","2026-07-07 14:54:45","12","12","11","69","93","Good"
1968079,"6.5751705","3.3955095","2026-07-07 14:54:46","12","12","11","69","93","Good"
1968079,"6.5751705","3.3955095","2026-07-07 14:54:47","12","12","11","69","93","Good"
1968079,"6.5751705","3.3955095","2026-07-07 14:54:48","13","13","12","69","93","Moderate"
1968079,"6.5751705","3.3955095","2026-07-07 14:54:49","13","13","12","69","93","Moderate"
1968079,"6.5751705","3.3955095","2026-07-07 14:54:50","13","13","12","69","93","Moderate"
1968079,"6.5751705","3.3955095","2026-07-07 14:54:51","13","13","12","69","93","Moderate"
1968079,"6.5751705","3.3955095","2026-07-07 14:54:52","13","13","12","69","93","Moderate"
1968079,"6.5751705","3.3955095","2026-07-07 14:54:53","13","13","12","69","93","Moderate"
1968079,"6.5751686","3.3955042","2026-07-07 14:54:54","14","14","13","69","93","Moderate"
1968079,"6.5751686","3.3955042","2026-07-07 14:54:55","14","14","13","69","93","Moderate"
1968079,"6.5751686","3.395505","2026-07-07 14:54:56","13","13","12","69","93","Moderate"
1968079,"6.5751686","3.395505","2026-07-07 14:54:57","13","13","12","69","93","Moderate"
1968079,"6.5751686","3.395505","2026-07-07 14:54:58","14","14","13","69","93","Moderate"
1968079,"6.5751686","3.395505","2026-07-07 14:54:59","14","14","13","69","93","Moderate"
1968079,"6.5751686","3.395505","2026-07-07 14:55:00","15","16","14","69","93","Moderate"
1968079,"6.5751686","3.395505","2026-07-07 14:55:01","15","16","14","69","93","Moderate"
1968079,"6.57517","3.3955095","2026-07-07 14:55:02","15","16","14","69","93","Moderate"
1968079,"6.5751696","3.3955073","2026-07-07 14:55:03","14","14","13","69","93","Moderate"
1968079,"6.575167","3.3955066","2026-07-07 14:55:04","14","14","13","69","93","Moderate"
1968079,"6.5751686","3.3955066","2026-07-07 14:55:05","13","14","12","69","93","Moderate"
1968079,"6.5751686","3.3955066","2026-07-07 14:55:06","14","14","13","69","93","Moderate"
1968079,"6.5751667","3.3955066","2026-07-07 14:55:07","14","14","13","69","93","Moderate"
1968079,"6.5751696","3.395506","2026-07-07 14:55:08","14","14","13","69","93","Moderate"
1968079,"6.5751696","3.395506","2026-07-07 14:55:09","14","14","13","69","93","Moderate"
1968079,"6.5751696","3.395506","2026-07-07 14:55:10","14","14","13","69","93","Moderate"
1968079,"6.5751696","3.395506","2026-07-07 14:55:11","14","14","13","69","93","Moderate"
1968079,"6.5751696","3.395506","2026-07-07 14:55:12","14","14","13","69","93","Moderate"
1968079,"6.5751677","3.3955073","2026-07-07 14:55:13","14","14","13","69","93","Moderate"
1968079,"6.5751677","3.3955073","2026-07-07 14:55:14","14","14","13","69","93","Moderate"
1968079,"6.5751677","3.3955073","2026-07-07 14:55:15","14","14","13","69","93","Moderate"
1968079,"6.5751677","3.3955073","2026-07-07 14:55:16","14","14","13","69","93","Moderate"
1968079,"6.5751677","3.3955073","2026-07-07 14:55:17","14","14","13","69","93","Moderate"
1968079,"6.5751677","3.3955073","2026-07-07 14:55:18","14","14","13","69","93","Moderate"
1968079,"6.575168","3.3955102","2026-07-07 14:55:19","14","14","13","69","93","Moderate"
1968079,"6.5751696","3.395512","2026-07-07 14:55:20","14","14","13","69","93","Moderate"
1968079,"6.5751686","3.3955145","2026-07-07 14:55:21","14","14","13","69","93","Moderate"
1968079,"6.5751686","3.395513","2026-07-07 14:55:22","14","14","13","69","93","Moderate"
1968079,"6.5751686","3.395513","2026-07-07 14:55:23","14","14","13","69","93","Moderate"
1968079,"6.575172","3.3955128","2026-07-07 14:55:24","13","13","12","69","93","Moderate"
1968079,"6.575172","3.3955128","2026-07-07 14:55:25","13","13","12","69","93","Moderate"
1968079,"6.575172","3.3955128","2026-07-07 14:55:26","12","12","11","69","93","Good"
1968079,"6.575172","3.3955128","2026-07-07 14:55:27","13","13","12","69","93","Moderate"
1968079,"6.575172","3.3955128","2026-07-07 14:55:28","13","13","12","69","93","Moderate"
1968079,"6.575172","3.3955128","2026-07-07 14:55:29","13","13","12","69","93","Moderate"
1968079,"6.575172","3.3955128","2026-07-07 14:55:30","13","13","12","69","93","Moderate"
1968079,"6.575172","3.3955128","2026-07-07 14:55:31","12","12","11","69","93","Good"
1968079,"6.575172","3.3955128","2026-07-07 14:55:32","12","12","11","69","93","Good"
1968079,"6.575175","3.3955102","2026-07-07 14:55:33","12","12","11","69","93","Good"
1968079,"6.575175","3.3955102","2026-07-07 14:55:34","12","12","11","69","93","Good"
1968079,"6.575175","3.3955102","2026-07-07 14:55:35","13","13","12","69","93","Moderate"
1968079,"6.575175","3.3955102","2026-07-07 14:55:36","13","13","12","69","93","Moderate"
1968079,"6.575175","3.3955102","2026-07-07 14:55:37","13","13","12","69","93","Moderate"
1968079,"6.575175","3.3955102","2026-07-07 14:55:38","13","13","12","69","93","Moderate"
1968079,"6.5751762","3.395509","2026-07-07 14:55:39","13","13","12","69","93","Moderate"
1968079,"6.575176","3.395509","2026-07-07 14:55:40","13","13","12","69","93","Moderate"
1968079,"6.575176","3.395509","2026-07-07 14:55:41","13","13","12","69","93","Moderate"
1968079,"6.575176","3.395509","2026-07-07 14:55:42","12","12","11","68","93","Good"
1968079,"6.575176","3.395509","2026-07-07 14:55:43","12","12","11","68","93","Good"
1968079,"6.575176","3.395509","2026-07-07 14:55:44","13","13","12","68","93","Moderate"
1968079,"6.575176","3.395509","2026-07-07 14:55:45","13","13","12","68","93","Moderate"
1968079,"6.575176","3.395509","2026-07-07 14:55:46","13","13","12","68","93","Moderate"
1968079,"6.575176","3.395509","2026-07-07 14:55:47","13","13","12","68","93","Moderate"
1968079,"6.575176","3.395509","2026-07-07 14:55:48","13","13","12","68","93","Moderate"
1968079,"6.575176","3.395509","2026-07-07 14:55:49","12","12","11","68","93","Good"
1968079,"6.575176","3.395509","2026-07-07 14:55:50","12","12","11","68","93","Good"
1968079,"6.575176","3.395509","2026-07-07 14:55:51","12","12","11","68","93","Good"
1968079,"6.575176","3.395509","2026-07-07 14:55:52","12","12","11","68","93","Good"
1968079,"6.575176","3.395509","2026-07-07 14:55:53","12","12","11","68","93","Good"
1968079,"6.575176","3.395509","2026-07-07 14:55:54","12","12","11","68","93","Good"
1968079,"6.575176","3.395509","2026-07-07 14:55:55","12","12","11","68","93","Good"
1968079,"6.575176","3.395509","2026-07-07 14:55:56","11","11","10","68","93","Good"
1968079,"6.575176","3.395509","2026-07-07 14:55:57","10","11","10","68","93","Good"
1968079,"6.575176","3.395509","2026-07-07 14:55:58","10","11","10","68","93","Good"
1968079,"6.575176","3.395509","2026-07-07 14:55:59","9","10","8","68","93","Good"
1968079,"6.575176","3.395509","2026-07-07 14:56:00","9","10","8","68","93","Good"
1968079,"6.5751767","3.395508","2026-07-07 14:56:01","9","10","8","68","93","Good"
1968079,"6.5751767","3.395508","2026-07-07 14:56:02","9","10","8","68","93","Good"
1968079,"6.5751767","3.395508","2026-07-07 14:56:03","10","11","10","68","93","Good"
1968079,"6.5751767","3.395508","2026-07-07 14:56:04","10","11","10","68","93","Good"
1968079,"6.5751767","3.395508","2026-07-07 14:56:05","10","11","10","68","93","Good"
1968079,"6.5751767","3.395508","2026-07-07 14:56:06","10","11","10","68","93","Good"
1968079,"6.5751767","3.395508","2026-07-07 14:56:07","10","11","10","68","93","Good"
1968079,"6.5751767","3.395508","2026-07-07 14:56:08","10","11","10","68","93","Good"
1968079,"6.5751767","3.395508","2026-07-07 14:56:09","10","11","10","68","93","Good"
1968079,"6.5751753","3.395508","2026-07-07 14:56:10","9","10","8","68","93","Good"
1968079,"6.575176","3.395508","2026-07-07 14:56:11","9","10","8","68","93","Good"
1968079,"6.575175","3.3955112","2026-07-07 14:56:12","9","10","8","68","93","Good"
1968079,"6.5751753","3.395515","2026-07-07 14:56:13","10","11","10","68","93","Good"
1968079,"6.5751762","3.3955142","2026-07-07 14:56:14","9","10","8","68","93","Good"
1968079,"6.5751762","3.3955142","2026-07-07 14:56:15","9","10","8","68","93","Good"
1968079,"6.5751762","3.3955142","2026-07-07 14:56:16","9","10","8","68","93","Good"
1968079,"6.5751762","3.3955142","2026-07-07 14:56:17","10","11","10","68","93","Good"
1968079,"6.5751762","3.3955142","2026-07-07 14:56:18","10","11","10","68","93","Good"
1968079,"6.5751762","3.3955142","2026-07-07 14:56:19","10","11","10","68","93","Good"
1968079,"6.5751767","3.3955102","2026-07-07 14:56:20","12","12","11","68","93","Good"
1968079,"6.5751767","3.3955102","2026-07-07 14:56:21","12","12","11","68","93","Good"
1968079,"6.5751767","3.3955102","2026-07-07 14:56:22","13","13","12","68","93","Moderate"
1968079,"6.5751777","3.3955119","2026-07-07 14:56:23","13","13","12","68","93","Moderate"
1968079,"6.5751777","3.3955119","2026-07-07 14:56:24","13","13","12","68","93","Moderate"
1968079,"6.5751777","3.3955119","2026-07-07 14:56:25","13","13","12","68","93","Moderate"
1968079,"6.5751786","3.395514","2026-07-07 14:56:26","12","13","11","68","93","Good"
1968079,"6.5751786","3.3955145","2026-07-07 14:56:27","12","12","11","68","93","Good"
1968079,"6.5751777","3.3955114","2026-07-07 14:56:28","12","12","11","68","93","Good"
1968079,"6.5751777","3.3955114","2026-07-07 14:56:29","13","13","12","68","93","Moderate"
1968079,"6.5751777","3.3955114","2026-07-07 14:56:30","13","13","12","68","93","Moderate"
1968079,"6.575175","3.395514","2026-07-07 14:56:31","13","13","12","68","93","Moderate"
1968079,"6.575175","3.3955135","2026-07-07 14:56:32","13","13","12","68","93","Moderate"
1968079,"6.575175","3.3955135","2026-07-07 14:56:33","13","13","12","69","93","Moderate"
1968079,"6.575175","3.3955135","2026-07-07 14:56:34","13","13","12","69","93","Moderate"
1968079,"6.575175","3.3955135","2026-07-07 14:56:35","13","13","12","69","93","Moderate"
1968079,"6.575175","3.3955135","2026-07-07 14:56:36","13","13","12","69","93","Moderate"
1968079,"6.575175","3.3955135","2026-07-07 14:56:37","13","13","12","69","93","Moderate"
1968079,"6.575175","3.3955135","2026-07-07 14:56:38","12","12","11","69","93","Good"
1968079,"6.575175","3.3955135","2026-07-07 14:56:39","12","12","11","69","93","Good"
1968079,"6.575175","3.3955135","2026-07-07 14:56:40","12","12","11","69","93","Good"
1968079,"6.575175","3.3955135","2026-07-07 14:56:41","12","12","11","69","93","Good"
1968079,"6.575175","3.3955135","2026-07-07 14:56:42","12","12","11","69","93","Good"
1968079,"6.575175","3.3955135","2026-07-07 14:56:43","12","12","11","69","93","Good"
1968079,"6.5751696","3.3955147","2026-07-07 14:56:44","12","12","11","68","93","Good"
1968079,"6.5751696","3.3955145","2026-07-07 14:56:45","12","12","11","68","93","Good"
1968079,"6.575169","3.3955147","2026-07-07 14:56:46","12","12","11","68","93","Good"
1968079,"6.575169","3.3955142","2026-07-07 14:56:47","11","11","10","68","93","Good"
1968079,"6.5751696","3.395514","2026-07-07 14:56:48","12","12","11","68","93","Good"
1968079,"6.5751705","3.395514","2026-07-07 14:56:49","12","12","11","68","93","Good"
1968079,"6.57517","3.3955133","2026-07-07 14:56:50","10","11","10","68","93","Good"
1968079,"6.57517","3.3955138","2026-07-07 14:56:51","10","11","10","68","93","Good"
1968079,"6.5751686","3.3955145","2026-07-07 14:56:52","10","11","10","68","93","Good"
1968079,"6.57517","3.3955157","2026-07-07 14:56:53","10","11","10","68","93","Good"
1968079,"6.575169","3.3955162","2026-07-07 14:56:54","10","11","10","68","93","Good"
1968079,"6.5751705","3.3955154","2026-07-07 14:56:55","11","11","10","68","93","Good"
1968079,"6.575169","3.3955169","2026-07-07 14:56:56","12","12","11","68","93","Good"
1968079,"6.5751696","3.3955166","2026-07-07 14:56:57","10","11","10","68","93","Good"
1968079,"6.5751696","3.3955166","2026-07-07 14:56:58","10","11","10","68","93","Good"
1968079,"6.5751686","3.3955138","2026-07-07 14:56:59","12","12","11","68","93","Good"
1968079,"6.575169","3.3955142","2026-07-07 14:57:00","12","12","11","68","93","Good"
1968079,"6.575169","3.3955162","2026-07-07 14:57:01","13","13","12","68","93","Moderate"
1968079,"6.575169","3.3955162","2026-07-07 14:57:02","12","13","11","68","93","Good"
1968079,"6.575168","3.395514","2026-07-07 14:57:03","12","12","11","68","93","Good"
1968079,"6.575167","3.3955133","2026-07-07 14:57:04","12","12","11","68","93","Good"
1968079,"6.575167","3.395513","2026-07-07 14:57:05","12","12","11","68","93","Good"
1968079,"6.5751667","3.395513","2026-07-07 14:57:06","10","11","10","68","93","Good"
1968079,"6.575167","3.395513","2026-07-07 14:57:07","10","11","10","68","93","Good"
1968079,"6.575168","3.3955128","2026-07-07 14:57:08","12","12","11","68","93","Good"
1968079,"6.5751677","3.3955126","2026-07-07 14:57:09","12","12","11","68","93","Good"
1968079,"6.575167","3.3955128","2026-07-07 14:57:10","12","12","11","68","93","Good"
1968079,"6.575169","3.3955104","2026-07-07 14:57:11","9","10","8","68","93","Good"
1968079,"6.575169","3.3955138","2026-07-07 14:57:12","9","10","8","68","93","Good"
1968079,"6.575169","3.395515","2026-07-07 14:57:13","9","10","8","68","93","Good"
1968079,"6.5751696","3.395516","2026-07-07 14:57:14","9","10","8","68","93","Good"
1968079,"6.5751705","3.395517","2026-07-07 14:57:15","9","10","8","68","93","Good"
1968079,"6.5751715","3.3955183","2026-07-07 14:57:16","9","10","8","68","93","Good"
1968079,"6.5751715","3.395516","2026-07-07 14:57:17","10","10","9","68","93","Good"
1968079,"6.5751715","3.395516","2026-07-07 14:57:18","10","11","10","68","93","Good"
1968079,"6.575172","3.3955162","2026-07-07 14:57:19","10","11","10","68","93","Good"
1968079,"6.575172","3.3955162","2026-07-07 14:57:20","10","11","10","68","93","Good"
1968079,"6.575172","3.3955162","2026-07-07 14:57:21","10","11","10","68","93","Good"
1968079,"6.575172","3.3955162","2026-07-07 14:57:22","10","11","10","68","93","Good"
1968079,"6.5751762","3.3955166","2026-07-07 14:57:23","10","11","10","68","93","Good"
1968079,"6.5751767","3.3955138","2026-07-07 14:57:24","10","11","10","68","93","Good"
1968079,"6.5751767","3.3955147","2026-07-07 14:57:25","10","11","10","68","93","Good"
1968079,"6.575176","3.395511","2026-07-07 14:57:26","10","11","10","68","93","Good"
1968079,"6.575176","3.3955114","2026-07-07 14:57:27","10","11","10","68","93","Good"
1968079,"6.575176","3.3955114","2026-07-07 14:57:28","10","11","10","68","93","Good"
1968079,"6.575176","3.3955114","2026-07-07 14:57:29","9","10","8","68","93","Good"
1968079,"6.575176","3.3955114","2026-07-07 14:57:30","9","10","8","68","93","Good"
1968079,"6.575176","3.3955114","2026-07-07 14:57:31","10","10","9","68","93","Good"
1968079,"6.575176","3.3955114","2026-07-07 14:57:32","12","12","11","68","93","Good"
1968079,"6.575176","3.3955114","2026-07-07 14:57:33","12","12","11","68","93","Good"
1968079,"6.5751696","3.3955038","2026-07-07 14:57:34","12","12","11","68","93","Good"
1968079,"6.575167","3.3955064","2026-07-07 14:57:35","12","12","11","68","93","Good"
1968079,"6.575167","3.3955064","2026-07-07 14:57:36","12","12","11","68","93","Good"
1968079,"6.575164","3.3955033","2026-07-07 14:57:37","12","12","11","68","93","Good"
1968079,"6.5751624","3.395502","2026-07-07 14:57:38","10","11","10","68","93","Good"
1968079,"6.575165","3.3955019","2026-07-07 14:57:39","10","11","10","68","94","Good"
1968079,"6.575161","3.395504","2026-07-07 14:57:40","10","11","10","68","93","Good"
1968079,"6.575163","3.395503","2026-07-07 14:57:41","12","12","11","68","93","Good"
1968079,"6.575162","3.3955042","2026-07-07 14:57:42","12","12","11","68","93","Good"
1968079,"6.575164","3.3955057","2026-07-07 14:57:43","12","12","11","68","93","Good"
1968079,"6.5751643","3.3955064","2026-07-07 14:57:44","12","12","11","68","93","Good"
1968079,"6.5751634","3.3955066","2026-07-07 14:57:45","12","12","11","68","94","Good"
1968079,"6.5751653","3.3955061","2026-07-07 14:57:46","12","13","11","68","93","Good"
1968079,"6.5751657","3.3955052","2026-07-07 14:57:47","13","13","12","68","94","Moderate"
1968079,"6.5751624","3.3955047","2026-07-07 14:57:48","13","13","12","68","93","Moderate"
1968079,"6.5751615","3.3955054","2026-07-07 14:57:49","13","13","12","68","93","Moderate"
1968079,"6.5751615","3.3955033","2026-07-07 14:57:50","14","14","13","68","94","Moderate"
1968079,"6.5751615","3.3955033","2026-07-07 14:57:52","14","14","13","68","94","Moderate"
1968079,"6.5751615","3.3955033","2026-07-07 14:57:53","14","14","13","68","93","Moderate"
1968079,"6.5751615","3.3954976","2026-07-07 14:57:54","14","14","13","68","94","Moderate"
1968079,"6.5751624","3.3954968","2026-07-07 14:57:55","14","14","13","68","94","Moderate"
1968079,"6.5751624","3.3954968","2026-07-07 14:57:56","14","14","13","68","94","Moderate"
1968079,"6.5751615","3.3954997","2026-07-07 14:57:57","13","13","12","68","93","Moderate"
1968079,"6.5751605","3.3954995","2026-07-07 14:57:58","13","13","12","68","94","Moderate"
1968079,"6.5751615","3.3954988","2026-07-07 14:57:59","13","13","12","68","94","Moderate"
1968079,"6.575161","3.3954992","2026-07-07 14:58:00","13","13","12","68","94","Moderate"
1968079,"6.575161","3.3954992","2026-07-07 14:58:01","12","13","11","68","93","Good"
1968079,"6.575161","3.3954992","2026-07-07 14:58:03","12","12","11","68","94","Good"
1968079,"6.575161","3.3954992","2026-07-07 14:58:04","12","12","11","68","93","Good"
1968079,"6.575161","3.3954992","2026-07-07 14:58:05","13","13","12","68","94","Moderate"
1968079,"6.575161","3.3954992","2026-07-07 14:58:06","13","13","12","68","94","Moderate"
1968079,"6.575161","3.3954992","2026-07-07 14:58:07","13","13","12","68","94","Moderate"
1968079,"6.575161","3.3954992","2026-07-07 14:58:08","14","14","13","68","94","Moderate"
1968079,"6.575166","3.3954961","2026-07-07 14:58:09","13","13","12","68","94","Moderate"
1968079,"6.575166","3.3954961","2026-07-07 14:58:10","13","13","12","68","94","Moderate"
1968079,"6.575166","3.3954961","2026-07-07 14:58:11","12","12","11","68","94","Good"
1968079,"6.575166","3.3954961","2026-07-07 14:58:12","12","12","11","68","94","Good"
1968079,"6.575166","3.3954961","2026-07-07 14:58:13","10","11","10","68","94","Good"
1968079,"6.575166","3.3954961","2026-07-07 14:58:14","12","12","11","68","94","Good"
1968079,"6.575166","3.3954961","2026-07-07 14:58:15","13","13","12","68","94","Moderate"
1968079,"6.575166","3.3954961","2026-07-07 14:58:16","12","12","11","68","94","Good"
1968079,"6.575166","3.3954961","2026-07-07 14:58:17","10","11","10","68","94","Good"
1968079,"6.575166","3.3954961","2026-07-07 14:58:18","10","11","10","68","94","Good"
1968079,"6.575166","3.3954961","2026-07-07 14:58:19","10","11","10","68","94","Good"
1968079,"6.575166","3.3954961","2026-07-07 14:58:20","12","12","11","68","93","Good"
1968079,"6.575166","3.3954961","2026-07-07 14:58:22","12","12","11","68","94","Good"
1968079,"6.575166","3.3954961","2026-07-07 14:58:24","10","11","10","68","94","Good"
1968079,"6.5751677","3.3954976","2026-07-07 14:58:26","9",NULL,"8","68",NULL,"Good"
1968079,"6.5751677","3.3954976","2026-07-07 14:58:28","10","11","10","68","94","Good"
1968079,"6.5751677","3.3954976","2026-07-07 14:58:30","10","11","10","68","94","Good"
1968079,"6.5751677","3.3954976","2026-07-07 14:58:32","12","12","11","68","94","Good"
1968079,"6.5751677","3.3954976","2026-07-07 14:58:33","12","12","11","68","94","Good"
1968079,"6.5751677","3.3954976","2026-07-07 14:58:35","10","12","10","68","94","Good"
1968079,"6.5751677","3.3954976","2026-07-07 14:58:37","10","11","10","68","94","Good"
1968079,"6.5751677","3.3954976","2026-07-07 14:58:39","12","12","11",NULL,"94","Good"
1968079,"6.575171","3.3954911","2026-07-07 14:58:41","10","11","10","67",NULL,"Good"
1968079,"6.5751705","3.395494","2026-07-07 14:58:43","12",NULL,NULL,NULL,NULL,"Good"
1968079,"6.5751677","3.3955061","2026-07-07 14:58:45","12",NULL,"11","67",NULL,"Good"
1968079,"6.575175","3.395496","2026-07-07 14:58:47","10","11","10","67","94","Good"
1968079,"6.575174","3.3954906","2026-07-07 14:58:48","10",NULL,NULL,NULL,NULL,"Good"
1968079,"6.5751853","3.395506","2026-07-07 14:58:50","10","11","10","67",NULL,"Good"
1968079,"6.57518","3.3954854","2026-07-07 14:58:52","10","11",NULL,NULL,"94","Good"
1968079,"6.5751967","3.395482","2026-07-07 14:58:53","10","11","10","67","94","Good"
1968079,"6.5752096","3.395465","2026-07-07 14:58:55","10","11","10","67","94","Good"
1968079,"6.5752616","3.3954365","2026-07-07 14:58:56","10","11",NULL,NULL,NULL,"Good"
1968079,"6.5752754","3.3954365","2026-07-07 14:58:58","10",NULL,"10","67","94","Good"
1968079,"6.5752697","3.3952796","2026-07-07 14:59:00","10","11","10",NULL,NULL,"Good"
1968079,"6.575288","3.3952613","2026-07-07 14:59:02","10","11","10","67","94","Good"
1968079,"6.575301","3.395245","2026-07-07 14:59:03","10",NULL,"10",NULL,NULL,"Good"
1968079,"6.5753226","3.3951948","2026-07-07 14:59:05","10","11","10","67","93","Good"
1968079,"6.575333","3.3951695","2026-07-07 14:59:07","11","11","10","67","94","Good"
1968079,"6.575408","3.3956034","2026-07-07 14:59:09","12","12","11","67","94","Good"
1968079,"6.575408","3.3956034","2026-07-07 14:59:10","13","13","12","67","94","Moderate"
1968079,"6.5754013","3.3955634","2026-07-07 14:59:11","13","13","12","67",NULL,"Moderate"
1968079,"6.575382","3.3955657","2026-07-07 14:59:13","13","13","12","67","94","Moderate"
1968079,"6.5753036","3.3955836","2026-07-07 14:59:15","14","14","13","67","94","Moderate"
1968079,"6.575312","3.395576","2026-07-07 14:59:17","13","13","12","67","94","Moderate"
1968079,"6.575332","3.3955626","2026-07-07 14:59:18","13","13",NULL,"67","94","Moderate"
1968079,"6.5753245","3.3955646","2026-07-07 14:59:20","13","13","12","67",NULL,"Moderate"
1968079,"6.5753255","3.3955622","2026-07-07 14:59:22","12","12",NULL,NULL,NULL,"Good"
1968079,"6.575325","3.3955638","2026-07-07 14:59:24","12","12",NULL,"67",NULL,"Good"
1968079,"6.575325","3.3955643","2026-07-07 14:59:26","12","12","11","68","94","Good"
1968079,"6.5753245","3.3955648","2026-07-07 14:59:27","12","12","11","68","94","Good"
1968079,"6.5753245","3.3955648","2026-07-07 14:59:28","13","13","12","68","94","Moderate"
1968079,"6.5753245","3.3955648","2026-07-07 14:59:30","12","12","11","68","94","Good"
1968079,"6.5753245","3.3955648","2026-07-07 14:59:31","13","13","12","68","94","Moderate"
1968079,"6.5753245","3.3955648","2026-07-07 14:59:32","13","13","12","68","94","Moderate"
1968079,"6.5753374","3.3955553","2026-07-07 14:59:33","13","13","12","68","94","Moderate"
1968079,"6.5753374","3.3955553","2026-07-07 14:59:34","13","13","12","68","94","Moderate"
1968079,"6.5753503","3.395549","2026-07-07 14:59:35","12","12","11","68","94","Good"
1968079,"6.5753503","3.395549","2026-07-07 14:59:36","12","12","11","68","94","Good"
1968079,"6.5753603","3.3955543","2026-07-07 14:59:37","14","14","13","68","94","Moderate"
1968079,"6.57536","3.3955588","2026-07-07 14:59:39","14","14","13","67","94","Moderate"
1968079,"6.57536","3.3955588","2026-07-07 14:59:40","15","16","14","67","94","Moderate"
1968079,"6.5753665","3.3955696","2026-07-07 14:59:41","15","16","14","67","94","Moderate"
1968079,"6.5753665","3.3955696","2026-07-07 14:59:42","14","14","13","67","94","Moderate"
1968079,"6.5753703","3.3955793","2026-07-07 14:59:43","14","14","14","67","94","Moderate"
1968079,"6.5753827","3.395585","2026-07-07 14:59:45","13","13","12","67","94","Moderate"
1968079,"6.5753827","3.395585","2026-07-07 14:59:46","13","13","12","67","94","Moderate"
1968079,"6.575388","3.3955984","2026-07-07 14:59:47","13","13","12","67","94","Moderate"
1968079,"6.575392","3.395614","2026-07-07 14:59:48","13","13","12","67","94","Moderate"
1968079,"6.575392","3.395614","2026-07-07 14:59:49","13","13","12","67","94","Moderate"
1968079,"6.575362","3.395607","2026-07-07 14:59:50","14","14","13","67","94","Moderate"
1968079,"6.575362","3.395607","2026-07-07 14:59:51","13","13","12","67","94","Moderate"
1968079,"6.57537","3.3956244","2026-07-07 14:59:52","13","13","12","67","94","Moderate"
1968079,"6.57537","3.3956244","2026-07-07 14:59:54","12","12","11","67","94","Good"
1968079,"6.57537","3.3956244","2026-07-07 14:59:55","12","12","11","67","94","Good"
1968079,"6.57537","3.3956244","2026-07-07 14:59:56","10","11","10","67","94","Good"
1968079,"6.57537","3.3956244","2026-07-07 14:59:57","10","11","10","67","94","Good"
1968079,"6.57537","3.3956244","2026-07-07 14:59:58","10","11","10","67","94","Good"
1968079,"6.57537","3.3956244","2026-07-07 14:59:59","10","10","9","67","94","Good"
1968079,"6.57537","3.3956244","2026-07-07 15:00:00","9","10","8","67","94","Good"
1968079,"6.57537","3.3956244","2026-07-07 15:00:01","9","10","8","67","94","Good"
1968079,"6.575216","3.395442","2026-07-07 15:00:02","9","10","8","67","94","Good"
1968079,"6.575216","3.395442","2026-07-07 15:00:03","10","11","10","67","94","Good"
1968079,"6.575216","3.395442","2026-07-07 15:00:04","10","11","10","67","94","Good"
1968079,"6.575216","3.395442","2026-07-07 15:00:05","10","11","10","67","94","Good"
1968079,"6.5752172","3.3954895","2026-07-07 15:00:06","10","11","10","67","94","Good"
1968079,"6.5754676","3.395515","2026-07-07 15:00:07","10","11","10","67","94","Good"
1968079,"6.5751963","3.395509","2026-07-07 15:00:08","12","12","11","67","94","Good"
1968079,"6.5751815","3.3954844","2026-07-07 15:00:09","12","12","11","67","94","Good"
1968079,"6.575178","3.3954966","2026-07-07 15:00:10","12","12","11","67","94","Good"
1968079,"6.5751843","3.3954961","2026-07-07 15:00:11","12","12","11","67","94","Good"
1968079,"6.5751843","3.3954961","2026-07-07 15:00:12","12","12","11","67","94","Good"
1968079,"6.5751886","3.3954961","2026-07-07 15:00:13","12","12","11","67","94","Good"
1968079,"6.5751886","3.3954961","2026-07-07 15:00:14","10","11","10","67","94","Good"
1968079,"6.5752044","3.3954873","2026-07-07 15:00:15","12","12","11","67","94","Good"
1968079,"6.5752044","3.3954873","2026-07-07 15:00:16","12","12","11","68","94","Good"
1968079,"6.575222","3.3955085","2026-07-07 15:00:17","13","13","12","68","94","Moderate"
1968079,"6.575224","3.3955092","2026-07-07 15:00:18","13","13","12","68","94","Moderate"
1968079,"6.575224","3.3955092","2026-07-07 15:00:19","13","13","12","68","94","Moderate"
1968079,"6.5752096","3.3954854","2026-07-07 15:00:20","13","13","12","68","94","Moderate"
1968079,"6.5752096","3.3954854","2026-07-07 15:00:21","13","13","12","68","94","Moderate"
1968079,"6.5752106","3.3954873","2026-07-07 15:00:22","13","13","12","68","94","Moderate"
1968079,"6.5752106","3.3954873","2026-07-07 15:00:23","13","13","12","68","94","Moderate"
1968079,"6.5752125","3.3954906","2026-07-07 15:00:24","12","12","11","68","94","Good"
1968079,"6.5752125","3.3954906","2026-07-07 15:00:25","12","12","11","68","94","Good"
1968079,"6.5751743","3.395496","2026-07-07 15:00:26","12","12","11","68","94","Good"
1968079,"6.575178","3.3954995","2026-07-07 15:00:27","12","12","11","68","94","Good"
1968079,"6.575178","3.3954995","2026-07-07 15:00:28","11","11","10","68","94","Good"
1968079,"6.575175","3.3955007","2026-07-07 15:00:29","12","12","11","68","94","Good"
1968079,"6.5751753","3.395501","2026-07-07 15:00:30","12","12","11","68","94","Good"
1968079,"6.5751734","3.395506","2026-07-07 15:00:31","12","12","11","67","94","Good"
1968079,"6.5751734","3.3955119","2026-07-07 15:00:32","12","12","11","67","94","Good"
1968079,"6.575171","3.39551","2026-07-07 15:00:33","10","11","10","67","94","Good"
1968079,"6.575171","3.39551","2026-07-07 15:00:34","10","11","10","67","94","Good"
1968079,"6.5751724","3.395514","2026-07-07 15:00:35","10","11","10","67","94","Good"
1968079,"6.5751724","3.395514","2026-07-07 15:00:36","10","11","10","67","94","Good"
1968079,"6.575174","3.3955133","2026-07-07 15:00:37","10","11","10","67","94","Good"
1968079,"6.575174","3.3955133","2026-07-07 15:00:38","10","11","10","67","94","Good"
1968079,"6.575175","3.395513","2026-07-07 15:00:39","10","11","10","67","94","Good"
1968079,"6.575175","3.395513","2026-07-07 15:00:40","10","11","10","67","94","Good"
1968079,"6.5751753","3.3955142","2026-07-07 15:00:41","10","11","10","67","94","Good"
1968079,"6.5751753","3.3955142","2026-07-07 15:00:42","10","11","10","67","94","Good"
1968079,"6.5751743","3.3955157","2026-07-07 15:00:43","11","11","10","67","94","Good"
1968079,"6.5751743","3.3955157","2026-07-07 15:00:44","12","12","11","67","94","Good"
1968079,"6.575175","3.3955166","2026-07-07 15:00:45","12","12","11","67","94","Good"
1968079,"6.575175","3.3955166","2026-07-07 15:00:46","12","12","11","67","94","Good"
1968079,"6.575175","3.3955166","2026-07-07 15:00:47","10","11","10","67","94","Good"
1968079,"6.575175","3.3955169","2026-07-07 15:00:48","10","11","10","67","94","Good"
1968079,"6.575175","3.3955169","2026-07-07 15:00:49","10","11","10","67","94","Good"
1968079,"6.5751762","3.3955193","2026-07-07 15:00:50","11","11","10","67","94","Good"
1968079,"6.5751762","3.3955193","2026-07-07 15:00:51","12","12","11","67","94","Good"
1968079,"6.5751734","3.3955145","2026-07-07 15:00:52","10","11","10","67","94","Good"
1968079,"6.5751734","3.3955145","2026-07-07 15:00:53","10","11","10","67","94","Good"
1968079,"6.575175","3.3955162","2026-07-07 15:00:54","12","12","11","67","94","Good"
1968079,"6.575175","3.3955162","2026-07-07 15:00:55","12","12","11","67","94","Good"
1968079,"6.575176","3.3955193","2026-07-07 15:00:56","13","13","12","67","94","Moderate"
1968079,"6.575176","3.3955193","2026-07-07 15:00:57","13","13","12","67","94","Moderate"
1968079,"6.575174","3.3955197","2026-07-07 15:00:58","13","13","12","67","94","Moderate"
1968079,"6.575174","3.3955197","2026-07-07 15:00:59","13","13","12","67","94","Moderate"
1968079,"6.5751753","3.3955219","2026-07-07 15:01:00","13","13","12","67","94","Moderate"
1968079,"6.575176","3.3955207","2026-07-07 15:01:01","13","13","12","67","94","Moderate"
1968079,"6.5751762","3.395523","2026-07-07 15:01:02","14","14","13","67","94","Moderate"
1968079,"6.575177","3.3955219","2026-07-07 15:01:03","13","13","12","67","94","Moderate"
1968079,"6.575177","3.3955219","2026-07-07 15:01:04","13","13","12","67","94","Moderate"
1968079,"6.5751753","3.3955219","2026-07-07 15:01:05","13","13","12","67","94","Moderate"
1968079,"6.575175","3.3955204","2026-07-07 15:01:06","13","13","12","67","94","Moderate"
1968079,"6.5751743","3.3955202","2026-07-07 15:01:07","12","12","11","67","94","Good"
1968079,"6.575175","3.3955202","2026-07-07 15:01:08","10","11","10","67","94","Good"
1968079,"6.5751743","3.39552","2026-07-07 15:01:09","10","11","10","67","94","Good"
1968079,"6.5751743","3.39552","2026-07-07 15:01:10","10","11","10","67","94","Good"
1968079,"6.575176","3.3955195","2026-07-07 15:01:11","10","11","10","67","94","Good"
1968079,"6.575176","3.3955195","2026-07-07 15:01:12","10","11","10","67","94","Good"
1968079,"6.5751753","3.3955235","2026-07-07 15:01:13","10","11","10","67","94","Good"
1968079,"6.5751753","3.3955235","2026-07-07 15:01:14","10","11","10","67","94","Good"
1968079,"6.5751777","3.3955233","2026-07-07 15:01:15","10","11","10","67","94","Good"
1968079,"6.5751762","3.395522","2026-07-07 15:01:16","10","10","9","67","94","Good"
1968079,"6.5751762","3.395522","2026-07-07 15:01:17","9","10","8","67","94","Good"
1968079,"6.575177","3.3955207","2026-07-07 15:01:18","9","10","8","67","94","Good"
1968079,"6.575177","3.3955207","2026-07-07 15:01:19","10","11","10","67","94","Good"
1968079,"6.575175","3.3955214","2026-07-07 15:01:20","10","11","10","67","94","Good"
1968079,"6.5751753","3.3955214","2026-07-07 15:01:21","10","11","10","67","94","Good"
1968079,"6.5751743","3.395522","2026-07-07 15:01:22","10","11","10","67","94","Good"
1968079,"6.5751743","3.395522","2026-07-07 15:01:23","9","10","8","67","94","Good"
1968079,"6.575179","3.395521","2026-07-07 15:01:24","9","10","8","67","94","Good"
1968079,"6.575179","3.395521","2026-07-07 15:01:25","9","10","8","67","94","Good"
1968079,"6.575182","3.3955238","2026-07-07 15:01:26","9","10","8","67","94","Good"
1968079,"6.5751824","3.3955235","2026-07-07 15:01:27","9","10","8","67","94","Good"
1968079,"6.575183","3.3955214","2026-07-07 15:01:28","9","10","8","67","94","Good"
1968079,"6.575183","3.3955214","2026-07-07 15:01:29","10","11","10","67","94","Good"
1968079,"6.575184","3.3955216","2026-07-07 15:01:30","10","11","10","67","94","Good"
1968079,"6.575184","3.3955216","2026-07-07 15:01:31","12","12","11","67","94","Good"
1968079,"6.575183","3.3955195","2026-07-07 15:01:32","12","12","11","67","94","Good"
1968079,"6.5751834","3.395517","2026-07-07 15:01:33","12","12","11","67","94","Good"
1968079,"6.575181","3.3955164","2026-07-07 15:01:34","12","12","11","67","94","Good"
1968079,"6.5751834","3.3955142","2026-07-07 15:01:35","13","13","12","67","94","Moderate"
1968079,"6.575181","3.3955104","2026-07-07 15:01:36","13","13","12","67","94","Moderate"
1968079,"6.5751734","3.3955054","2026-07-07 15:01:37","13","13","12","67","94","Moderate"
1968079,"6.575177","3.3955014","2026-07-07 15:01:38","13","13","12","67","94","Moderate"
1968079,"6.575175","3.395498","2026-07-07 15:01:39","13","13","12","67","94","Moderate"
1968079,"6.575169","3.3954937","2026-07-07 15:01:40","12","12","11","67","94","Good"
1968079,"6.5751696","3.395486","2026-07-07 15:01:41","12","12","11","67","94","Good"
1968079,"6.575168","3.3954802","2026-07-07 15:01:42","12","12","11","67","94","Good"
1968079,"6.5751657","3.3954718","2026-07-07 15:01:43","12","12","11","67","94","Good"
1968079,"6.5751667","3.3954644","2026-07-07 15:01:44","12","12","11","67","94","Good"
1968079,"6.5751643","3.3954554","2026-07-07 15:01:45","12","13","11","67","94","Good"
1968079,"6.575162","3.395448","2026-07-07 15:01:46","13","13","12","67","94","Moderate"
1968079,"6.575161","3.395441","2026-07-07 15:01:47","12","12","11","67","94","Good"
1968079,"6.5751615","3.3954332","2026-07-07 15:01:48","12","12","11","67","94","Good"
1968079,"6.57516","3.3954265","2026-07-07 15:01:49","9","10","8","67","94","Good"
1968079,"6.575159","3.3954198","2026-07-07 15:01:50","9","10","8","67","94","Good"
1968079,"6.5751567","3.395412","2026-07-07 15:01:51","10","11","10","67","94","Good"
1968079,"6.5751557","3.3954058","2026-07-07 15:01:52","10","11","10","67","94","Good"
1968079,"6.5751543","3.3953993","2026-07-07 15:01:53","10","11","10","67","94","Good"
1968079,"6.575152","3.395391","2026-07-07 15:01:54","10","11","10","67","94","Good"
1968079,"6.57515","3.3953855","2026-07-07 15:01:55","10","11","10","67","94","Good"
1968079,"6.575148","3.3953805","2026-07-07 15:01:56","10","11","10","67","94","Good"
1968079,"6.575147","3.395372","2026-07-07 15:01:57","10","11","10","67","94","Good"
1968079,"6.5751467","3.3953652","2026-07-07 15:01:58","10","11","10","67","94","Good"
1968079,"6.5751443","3.395357","2026-07-07 15:01:59","9","10","8","67","94","Good"
1968079,"6.5751476","3.3953526","2026-07-07 15:02:00","9","10","8","68","94","Good"
1968079,"6.5751476","3.3953478","2026-07-07 15:02:01","8","8","7","68","94","Good"
1968079,"6.5751495","3.3953407","2026-07-07 15:02:02","8","8","7","68","94","Good"
1968079,"6.575151","3.395337","2026-07-07 15:02:03","8","8","7","68","94","Good"
1968079,"6.575156","3.3953333","2026-07-07 15:02:04","9","10","8","68","94","Good"
1968079,"6.5751595","3.3953276","2026-07-07 15:02:05","9","10","8","68","94","Good"
1968079,"6.5751667","3.395326","2026-07-07 15:02:06","9","10","8","68","94","Good"
1968079,"6.575169","3.3953235","2026-07-07 15:02:07","9","10","8","68","94","Good"
1968079,"6.5751734","3.3953211","2026-07-07 15:02:08","9","10","8","68","94","Good"
1968079,"6.5751753","3.3953204","2026-07-07 15:02:09","9","10","8","67","94","Good"
1968079,"6.5751786","3.3953187","2026-07-07 15:02:10","9","10","8","67","94","Good"
1968079,"6.5751777","3.395317","2026-07-07 15:02:11","9","10","8","67","94","Good"
1968079,"6.5751796","3.3953137","2026-07-07 15:02:12","9","10","8","67","94","Good"
1968079,"6.575181","3.3953135","2026-07-07 15:02:13","9","10","8","67","94","Good"
1968079,"6.57518","3.3953106","2026-07-07 15:02:14","10","11","10","67","94","Good"
1968079,"6.575184","3.3953104","2026-07-07 15:02:15","10","11","10","67","94","Good"
1968079,"6.5751843","3.3953092","2026-07-07 15:02:16","10","11","10","67","94","Good"
1968079,"6.575186","3.3953078","2026-07-07 15:02:17","10","11","10","67","94","Good"
1968079,"6.575186","3.395306","2026-07-07 15:02:18","10","11","10","67","94","Good"
1968079,"6.5751863","3.3953054","2026-07-07 15:02:19","10","11","10","67","94","Good"
1968079,"6.575186","3.3953054","2026-07-07 15:02:20","10","11","10","67","94","Good"
1968079,"6.5751877","3.3953028","2026-07-07 15:02:21","10","11","10","67","94","Good"
1968079,"6.575188","3.3953013","2026-07-07 15:02:22","10","11","10","67","94","Good"
1968079,"6.5751896","3.3952997","2026-07-07 15:02:23","10","11","10","67","94","Good"
1968079,"6.57519","3.3952951","2026-07-07 15:02:24","10","11","10","67","94","Good"
1968079,"6.5751863","3.3952916","2026-07-07 15:02:25","9","10","8","67","94","Good"
1968079,"6.57519","3.3952935","2026-07-07 15:02:26","9","10","8","67","94","Good"
1968079,"6.575185","3.395293","2026-07-07 15:02:27","9","10","8","67","94","Good"
1968079,"6.575179","3.395292","2026-07-07 15:02:28","9","10","8","67","94","Good"
1968079,"6.5751777","3.3952937","2026-07-07 15:02:29","9","9","8","67","94","Good"
1968079,"6.575175","3.395299","2026-07-07 15:02:30","8","8","7","67","94","Good"
1968079,"6.5751767","3.3953023","2026-07-07 15:02:31","8","8","7","67","94","Good"
1968079,"6.575181","3.3953052","2026-07-07 15:02:32","8","8","7","67","94","Good"
1968079,"6.5751934","3.395305","2026-07-07 15:02:33","7","7","6","67","94","Good"
1968079,"6.5752015","3.3952973","2026-07-07 15:02:34","7","7","6","67","94","Good"
1968079,"6.5751963","3.3952944","2026-07-07 15:02:35","8","8","7","67","94","Good"
1968079,"6.5751987","3.3952928","2026-07-07 15:02:36","8","8","7","67","94","Good"
1968079,"6.5752006","3.3952882","2026-07-07 15:02:37","8","8","7","67","94","Good"
1968079,"6.5752006","3.3952863","2026-07-07 15:02:38","8","8","7","67","94","Good"
1968079,"6.5752006","3.3952885","2026-07-07 15:02:39","8","8","7","67","94","Good"
1968079,"6.5752006","3.395289","2026-07-07 15:02:40","8","8","7","67","94","Good"
1968079,"6.5752006","3.395289","2026-07-07 15:02:41","8","8","7","67","94","Good"
1968079,"6.5752006","3.395289","2026-07-07 15:02:42","8","8","7","67","94","Good"
1968079,"6.575201","3.3952866","2026-07-07 15:02:43","9","10","8","67","94","Good"
1968079,"6.5752006","3.3952868","2026-07-07 15:02:44","9","10","8","67","94","Good"
1968079,"6.575201","3.3952873","2026-07-07 15:02:45","10","11","10","67","94","Good"
1968079,"6.575201","3.3952866","2026-07-07 15:02:46","10","11","10","67","94","Good"
1968079,"6.5752015","3.3952873","2026-07-07 15:02:47","10","11","10","67","94","Good"
1968079,"6.5752015","3.3952873","2026-07-07 15:02:48","10","11","10","67","94","Good"
1968079,"6.5752015","3.3952873","2026-07-07 15:02:49","10","11","10","67","94","Good"
1968079,"6.5752","3.3952856","2026-07-07 15:02:50","10","11","10","67","94","Good"
1968079,"6.5752","3.3952844","2026-07-07 15:02:51","10","11","10","67","94","Good"
1968079,"6.5751996","3.395284","2026-07-07 15:02:52","10","11","10","67","94","Good"
1968079,"6.5751987","3.3952844","2026-07-07 15:02:53","10","11","10","67","94","Good"
1968079,"6.575199","3.3952837","2026-07-07 15:02:54","10","11","10","67","94","Good"
1968079,"6.575199","3.3952837","2026-07-07 15:02:55","10","11","10","67","94","Good"
1968079,"6.575199","3.3952823","2026-07-07 15:02:56","10","11","10","67","94","Good"
1968079,"6.575202","3.3952818","2026-07-07 15:02:57","10","11","10","67","94","Good"
1968079,"6.5752044","3.3952794","2026-07-07 15:02:58","9","10","8","67","94","Good"
1968079,"6.575207","3.395281","2026-07-07 15:02:59","9","10","8","67","94","Good"
1968079,"6.5752068","3.395284","2026-07-07 15:03:00","9","10","8","67","94","Good"
1968079,"6.5752068","3.3952827","2026-07-07 15:03:01","9","10","8","67","94","Good"
1968079,"6.5752077","3.3952832","2026-07-07 15:03:02","9","10","8","67","94","Good"
1968079,"6.5752077","3.3952837","2026-07-07 15:03:03","9","10","8","67","94","Good"
1968079,"6.5752077","3.3952837","2026-07-07 15:03:04","9","10","8","67","94","Good"
1968079,"6.5752077","3.3952837","2026-07-07 15:03:05","9","10","8","67","94","Good"
1968079,"6.5752077","3.3952837","2026-07-07 15:03:06","8","8","7","67","94","Good"
1968079,"6.5752077","3.3952837","2026-07-07 15:03:07","8","8","7","67","94","Good"
1968079,"6.5752077","3.3952837","2026-07-07 15:03:08","9","10","8","67","94","Good"
1968079,"6.5752077","3.3952837","2026-07-07 15:03:09","9","10","8","67","94","Good"
1968079,"6.5752077","3.3952837","2026-07-07 15:03:10","9","10","8","67","94","Good"
1968079,"6.5752077","3.3952837","2026-07-07 15:03:11","9","10","8","67","94","Good"
1968079,"6.5752077","3.3952837","2026-07-07 15:03:12","8","8","7","67","94","Good"
1968079,"6.5752077","3.3952837","2026-07-07 15:03:13","8","8","7","67","94","Good"
1968079,"6.5752077","3.3952837","2026-07-07 15:03:14","8","8","7","67","94","Good"
1968079,"6.5752077","3.3952837","2026-07-07 15:03:15","8","8","7","67","94","Good"
1968079,"6.5752077","3.3952837","2026-07-07 15:03:16","8","8","7","67","94","Good"
1968079,"6.5752077","3.3952837","2026-07-07 15:03:17","8","8","7","67","94","Good"
1968079,"6.5752077","3.3952837","2026-07-07 15:03:18","8","8","7","67","94","Good"
1968079,"6.5752077","3.3952837","2026-07-07 15:03:19","8","8","7","67","94","Good"
1968079,"6.5752077","3.3952837","2026-07-07 15:03:20","8","8","7","67","94","Good"
1968079,"6.5752077","3.3952837","2026-07-07 15:03:21","7","7","6","67","94","Good"
1968079,"6.5752077","3.3952837","2026-07-07 15:03:22","7","7","6","67","94","Good"
1968079,"6.5752077","3.3952837","2026-07-07 15:03:23","7","7","6","67","94","Good"
1968079,"6.5752077","3.3952837","2026-07-07 15:03:24","8","8","7","67","94","Good"
1968079,"6.5752077","3.3952837","2026-07-07 15:03:25","8","8","7","67","94","Good"
1968079,"6.5752077","3.3952837","2026-07-07 15:03:26","8","8","7","67","94","Good"
1968079,"6.5752077","3.3952837","2026-07-07 15:03:27","8","8","7","67","94","Good"
1968079,"6.5752077","3.3952837","2026-07-07 15:03:28","9","10","8","67","94","Good"
1968079,"6.5752077","3.3952837","2026-07-07 15:03:29","9","10","8","67","94","Good"
1968079,"6.5752206","3.395281","2026-07-07 15:03:30","9","10","8","67","94","Good"
1968079,"6.575221","3.3952808","2026-07-07 15:03:31","10","11","10","67","94","Good"
1968079,"6.575221","3.395281","2026-07-07 15:03:32","10","11","10","67","94","Good"
1968079,"6.575221","3.3952806","2026-07-07 15:03:33","10","11","10","67","94","Good"
1968079,"6.575221","3.395281","2026-07-07 15:03:34","9","10","8","67","94","Good"
1968079,"6.575222","3.3952804","2026-07-07 15:03:35","10","11","10","67","94","Good"
1968079,"6.5752225","3.3952801","2026-07-07 15:03:36","12","12","11","67","94","Good"
1968079,"6.575222","3.3952804","2026-07-07 15:03:37","12","12","11","67","94","Good"
1968079,"6.575223","3.3952808","2026-07-07 15:03:38","12","12","11","67","94","Good"
1968079,"6.5752234","3.3952816","2026-07-07 15:03:39","12","12","11","67","94","Good"
1968079,"6.5752234","3.3952816","2026-07-07 15:03:40","13","13","12","67","94","Moderate"
1968079,"6.5752234","3.395281","2026-07-07 15:03:41","13","13","12","67","94","Moderate"
1968079,"6.5752234","3.3952813","2026-07-07 15:03:42","12","13","11","67","94","Good"
1968079,"6.575223","3.3952816","2026-07-07 15:03:43","12","12","11","67","94","Good"
1968079,"6.575223","3.3952813","2026-07-07 15:03:44","12","12","11","67","94","Good"
1968079,"6.575224","3.3952813","2026-07-07 15:03:45","12","12","11","67","94","Good"
1968079,"6.5752234","3.3952823","2026-07-07 15:03:46","12","12","11","67","94","Good"
1968079,"6.575224","3.3952823","2026-07-07 15:03:47","13","13","12","66","94","Moderate"
1968079,"6.5752234","3.3952825","2026-07-07 15:03:48","13","13","12","66","94","Moderate"
1968079,"6.5752234","3.3952825","2026-07-07 15:03:49","13","13","12","66","94","Moderate"
1968079,"6.5752234","3.3952825","2026-07-07 15:03:50","13","13","12","66","94","Moderate"
1968079,"6.5752234","3.3952825","2026-07-07 15:03:51","14","14","13","66","94","Moderate"
1968079,"6.5752234","3.3952825","2026-07-07 15:03:52","14","14","13","66","94","Moderate"
1968079,"6.5752234","3.3952825","2026-07-07 15:03:53","14","14","13","66","94","Moderate"
1968079,"6.5752234","3.3952825","2026-07-07 15:03:54","13","13","12","66","94","Moderate"
1968079,"6.5752234","3.3952825","2026-07-07 15:03:55","13","13","12","66","94","Moderate"
1968079,"6.5752234","3.3952825","2026-07-07 15:03:56","13","13","12","66","94","Moderate"
1968079,"6.5752234","3.3952825","2026-07-07 15:03:57","13","13","12","66","94","Moderate"
1968079,"6.5752215","3.3952854","2026-07-07 15:03:58","13","13","12","66","94","Moderate"
1968079,"6.575221","3.3952842","2026-07-07 15:03:59","13","13","12","66","94","Moderate"
1968079,"6.5752215","3.3952866","2026-07-07 15:04:00","13","13","12","66","94","Moderate"
1968079,"6.5752177","3.395291","2026-07-07 15:04:01","13","13","12","66","94","Moderate"
1968079,"6.5752163","3.3952932","2026-07-07 15:04:02","13","13","12","66","94","Moderate"
1968079,"6.5752163","3.3952968","2026-07-07 15:04:03","13","13","12","66","94","Moderate"
1968079,"6.5752177","3.395295","2026-07-07 15:04:04","13","13","12","66","94","Moderate"
1968079,"6.5752206","3.3952901","2026-07-07 15:04:05","12","12","11","66","94","Good"
1968079,"6.575219","3.3952932","2026-07-07 15:04:06","10","11","10","66","94","Good"
1968079,"6.57522","3.3952923","2026-07-07 15:04:07","10","11","10","66","94","Good"
1968079,"6.5752206","3.3952906","2026-07-07 15:04:08","10","11","10","66","94","Good"
1968079,"6.5752187","3.3952918","2026-07-07 15:04:09","10","11","10","66","94","Good"
1968079,"6.57522","3.3952916","2026-07-07 15:04:10","10","11","10","66","94","Good"
1968079,"6.57522","3.3952894","2026-07-07 15:04:11","10","11","10","66","94","Good"
1968079,"6.5752206","3.395287","2026-07-07 15:04:12","10","10","9","66","94","Good"
1968079,"6.5752206","3.395287","2026-07-07 15:04:13","10","11","10","66","94","Good"
1968079,"6.5752196","3.3952878","2026-07-07 15:04:14","10","11","10","66","94","Good"
1968079,"6.5752187","3.395288","2026-07-07 15:04:15","10","11","10","66","94","Good"
1968079,"6.5752196","3.3952866","2026-07-07 15:04:16","10","11","10","66","94","Good"
1968079,"6.5752196","3.3952866","2026-07-07 15:04:17","9","10","8","66","94","Good"
1968079,"6.57522","3.3952858","2026-07-07 15:04:18","9","10","8","66","94","Good"
1968079,"6.5752196","3.3952858","2026-07-07 15:04:19","12","12","11","66","94","Good"
1968079,"6.575219","3.3952854","2026-07-07 15:04:20","10","11","10","66","94","Good"
1968079,"6.5752187","3.3952854","2026-07-07 15:04:21","10","11","10","66","94","Good"
1968079,"6.5752187","3.395285","2026-07-07 15:04:22","10","11","10","66","94","Good"
1968079,"6.575218","3.395283","2026-07-07 15:04:23","10","11","10","66","94","Good"
1968079,"6.575217","3.395286","2026-07-07 15:04:24","10","11","10","66","94","Good"
1968079,"6.5752172","3.3952885","2026-07-07 15:04:25","10","11","10","66","94","Good"
1968079,"6.5752172","3.3952897","2026-07-07 15:04:26","10","11","10","66","94","Good"
1968079,"6.5752187","3.395285","2026-07-07 15:04:27","10","11","10","66","94","Good"
1968079,"6.575216","3.3952892","2026-07-07 15:04:28","10","11","10","66","94","Good"
1968079,"6.5752163","3.3952875","2026-07-07 15:04:29","9","10","8","66","94","Good"
1968079,"6.575216","3.395288","2026-07-07 15:04:30","9","10","8","66","94","Good"
1968079,"6.575215","3.3952885","2026-07-07 15:04:31","8","8","7","66","94","Good"
1968079,"6.5752177","3.3952866","2026-07-07 15:04:32","8","8","7","66","94","Good"
1968079,"6.5752163","3.3952878","2026-07-07 15:04:33","8","8","7","66","94","Good"
1968079,"6.5752172","3.3952878","2026-07-07 15:04:34","7","7","6","66","94","Good"
1968079,"6.575217","3.395288","2026-07-07 15:04:35","7","7","6","66","94","Good"
1968079,"6.575217","3.395288","2026-07-07 15:04:36","8","8","7","66","94","Good"
1968079,"6.5752177","3.395288","2026-07-07 15:04:37","8","8","7","66","94","Good"
1968079,"6.575215","3.3952868","2026-07-07 15:04:38","8","8","7","66","94","Good"
1968079,"6.5752177","3.3952868","2026-07-07 15:04:39","8","8","7","66","95","Good"
1968079,"6.575218","3.3952858","2026-07-07 15:04:40","8","8","7","66","95","Good"
1968079,"6.575218","3.3952863","2026-07-07 15:04:41","9","9","8","66","94","Good"
1968079,"6.5752196","3.3952854","2026-07-07 15:04:42","9","10","8","66","94","Good"
1968079,"6.57522","3.3952858","2026-07-07 15:04:43","9","10","8","66","95","Good"
1968079,"6.5752206","3.395286","2026-07-07 15:04:44","9","10","8","66","95","Good"
1968079,"6.575222","3.3952847","2026-07-07 15:04:45","10","11","10","66","94","Good"
1968079,"6.575223","3.3952851","2026-07-07 15:04:46","10","11","10","66","95","Good"
1968079,"6.5752234","3.3952842","2026-07-07 15:04:47","10","11","10","66","94","Good"
1968079,"6.575223","3.3952844","2026-07-07 15:04:48","11","11","10","66","94","Good"
1968079,"6.575223","3.3952844","2026-07-07 15:04:49","12","12","11","66","95","Good"
1968079,"6.575223","3.3952844","2026-07-07 15:04:50","12","12","11","66","94","Good"
1968079,"6.5752234","3.395283","2026-07-07 15:04:51","12","12","11","66","94","Good"
1968079,"6.575226","3.3952796","2026-07-07 15:04:52","12","12","11","66","95","Good"
1968079,"6.575226","3.3952813","2026-07-07 15:04:53","12","12","11","66","95","Good"
1968079,"6.575225","3.3952818","2026-07-07 15:04:54","10","11","10","66","95","Good"
1968079,"6.575226","3.3952825","2026-07-07 15:04:55","10","11","10","66","95","Good"
1968079,"6.5752263","3.3952827","2026-07-07 15:04:56","10","11","10","66","95","Good"
1968079,"6.5752263","3.3952832","2026-07-07 15:04:57","10","11","10","66","95","Good"
1968079,"6.5752263","3.3952832","2026-07-07 15:04:58","10","11","10","66","95","Good"
1968079,"6.5752263","3.3952832","2026-07-07 15:04:59","10","11","10","66","95","Good"
1968079,"6.5752263","3.3952832","2026-07-07 15:05:00","10","11","10","66","95","Good"
1968079,"6.5752263","3.3952832","2026-07-07 15:05:01","9","10","8","66","95","Good"
1968079,"6.5752263","3.3952832","2026-07-07 15:05:02","9","10","8","66","95","Good"
1968079,"6.5752287","3.395285","2026-07-07 15:05:03","9","10","8","66","95","Good"
1968079,"6.575229","3.3952844","2026-07-07 15:05:04","9","10","8","66","95","Good"
1968079,"6.5752296","3.3952851","2026-07-07 15:05:05","9","10","8","66","95","Good"
1968079,"6.57523","3.3952851","2026-07-07 15:05:06","9","10","8","66","95","Good"
1968079,"6.57523","3.3952854","2026-07-07 15:05:07","9","10","8","66","95","Good"
1968079,"6.575231","3.3952842","2026-07-07 15:05:08","9","10","8","66","95","Good"
1968079,"6.57523","3.3952844","2026-07-07 15:05:09","9","10","8","66","95","Good"
1968079,"6.575229","3.3952835","2026-07-07 15:05:10","9","10","8","66","95","Good"
1968079,"6.5752277","3.3952835","2026-07-07 15:05:11","9","10","8","66","95","Good"
1968079,"6.5752287","3.3952842","2026-07-07 15:05:12","9","10","8","66","95","Good"
1968079,"6.575229","3.395283","2026-07-07 15:05:13","9","10","8","66","95","Good"
1968079,"6.5752296","3.3952832","2026-07-07 15:05:14","9","10","8","66","95","Good"
1968079,"6.575229","3.3952832","2026-07-07 15:05:15","8","8","7","66","95","Good"
1968079,"6.575229","3.3952847","2026-07-07 15:05:16","8","8","7","66","95","Good"
1968079,"6.575229","3.3952854","2026-07-07 15:05:17","7","7","6","66","95","Good"
1968079,"6.575229","3.3952854","2026-07-07 15:05:18","9","10","8","66","95","Good"
1968079,"6.575229","3.3952854","2026-07-07 15:05:19","9","10","8","66","95","Good"
1968079,"6.575231","3.3952856","2026-07-07 15:05:20","9","10","8","66","95","Good"
1968079,"6.57523","3.3952863","2026-07-07 15:05:21","9","10","8","66","95","Good"
1968079,"6.5752296","3.3952868","2026-07-07 15:05:22","10","11","10","66","95","Good"
1968079,"6.5752296","3.3952873","2026-07-07 15:05:23","10","11","10","66","95","Good"
1968079,"6.57523","3.3952875","2026-07-07 15:05:24","9","10","8","66","95","Good"
1968079,"6.57523","3.3952875","2026-07-07 15:05:25","9","10","8","66","95","Good"
1968079,"6.575233","3.3952842","2026-07-07 15:05:26","9","10","8","66","95","Good"
1968079,"6.5752306","3.3952856","2026-07-07 15:05:27","10","11","10","66","95","Good"
1968079,"6.575231","3.3952868","2026-07-07 15:05:28","10","11","10","66","95","Good"
1968079,"6.575231","3.3952868","2026-07-07 15:05:29","10","11","10","66","95","Good"
1968079,"6.575231","3.3952868","2026-07-07 15:05:30","10","11","10","66","95","Good"
1968079,"6.575231","3.3952868","2026-07-07 15:05:31","10","11","10","66","95","Good"
1968079,"6.575231","3.3952868","2026-07-07 15:05:32","10","11","10","66","95","Good"
1968079,"6.575231","3.3952868","2026-07-07 15:05:33","10","11","10","66","95","Good"
1968079,"6.575231","3.395287","2026-07-07 15:05:34","12","12","11","66","95","Good"
1968079,"6.5752354","3.3952847","2026-07-07 15:05:35","12","12","11","66","95","Good"
1968079,"6.5752344","3.395286","2026-07-07 15:05:36","9","10","8","66","95","Good"
1968079,"6.575234","3.395286","2026-07-07 15:05:37","9","10","8","66","95","Good"
1968079,"6.575229","3.3952856","2026-07-07 15:05:38","9","10","8","66","95","Good"
1968079,"6.5752325","3.3952818","2026-07-07 15:05:39","9","10","8","66","95","Good"
1968079,"6.575232","3.3952827","2026-07-07 15:05:40","9","10","8","66","95","Good"
1968079,"6.575231","3.3952851","2026-07-07 15:05:41","9","10","8","66","95","Good"
1968079,"6.5752263","3.3952837","2026-07-07 15:05:42","9","10","8","65","95","Good"
1968079,"6.575224","3.3952875","2026-07-07 15:05:43","9","10","8","65","95","Good"
1968079,"6.575225","3.3952858","2026-07-07 15:05:44","9","10","8","65","95","Good"
1968079,"6.5752263","3.3952858","2026-07-07 15:05:45","9","10","8","65","95","Good"
1968079,"6.5752263","3.3952866","2026-07-07 15:05:46","9","10","8","65","95","Good"
1968079,"6.5752273","3.3952858","2026-07-07 15:05:47","8","8","7","65","95","Good"
1968079,"6.575228","3.3952858","2026-07-07 15:05:48","8","8","7","65","95","Good"
1968079,"6.575228","3.3952868","2026-07-07 15:05:49","8","8","7","65","95","Good"
1968079,"6.5752277","3.395288","2026-07-07 15:05:50","8","8","7","65","95","Good"
1968079,"6.5752273","3.395288","2026-07-07 15:05:51","9","10","8","65","95","Good"
1968079,"6.575226","3.3952882","2026-07-07 15:05:52","8","8","7","65","95","Good"
1968079,"6.5752254","3.3952878","2026-07-07 15:05:53","8","8","7","65","95","Good"
1968079,"6.575226","3.395287","2026-07-07 15:05:54","8","8","7","65","95","Good"
1968079,"6.5752254","3.3952863","2026-07-07 15:05:55","8","8","7","65","95","Good"
1968079,"6.5752263","3.3952844","2026-07-07 15:05:56","8","8","7","65","95","Good"
1968079,"6.575229","3.3952856","2026-07-07 15:05:57","8","8","7","65","95","Good"
1968079,"6.5752277","3.3952856","2026-07-07 15:05:58","8","8","7","65","95","Good"
1968079,"6.5752373","3.395278","2026-07-07 15:05:59","9","10","8","65","95","Good"
1968079,"6.575241","3.3952732","2026-07-07 15:06:00","9","10","8","65","95","Good"
1968079,"6.5752373","3.3952656","2026-07-07 15:06:01","9","10","8","65","95","Good"
1968079,"6.5752387","3.3952603","2026-07-07 15:06:02","7","7","6","65","95","Good"
1968079,"6.575237","3.3952613","2026-07-07 15:06:03","7","7","6","65","95","Good"
1968079,"6.575232","3.3952603","2026-07-07 15:06:04","8","8","7","65","95","Good"
1968079,"6.575231","3.3952723","2026-07-07 15:06:05","8","8","7","65","95","Good"
1968079,"6.57523","3.3952765","2026-07-07 15:06:06","8","8","7","65","95","Good"
1968079,"6.5752406","3.395272","2026-07-07 15:06:07","8","8","7","65","95","Good"
1968079,"6.5752482","3.3952668","2026-07-07 15:06:08","9","10","8","65","95","Good"
1968079,"6.575246","3.3952696","2026-07-07 15:06:09","9","10","8","65","95","Good"
1968079,"6.5752463","3.395269","2026-07-07 15:06:10","9","10","8","65","95","Good"
1968079,"6.575249","3.3952692","2026-07-07 15:06:11","8","8","7","65","95","Good"
1968079,"6.575253","3.395266","2026-07-07 15:06:12","8","8","7","65","95","Good"
1968079,"6.5752544","3.3952649","2026-07-07 15:06:13","8","8","7","65","95","Good"
1968079,"6.575262","3.3952608","2026-07-07 15:06:14","8","8","7","65","95","Good"
1968079,"6.575268","3.395266","2026-07-07 15:06:15","8","8","7","65","95","Good"
1968079,"6.575265","3.3952613","2026-07-07 15:06:16","8","8","7","65","95","Good"
1968079,"6.5752726","3.3952565","2026-07-07 15:06:17","8","8","7","65","95","Good"
1968079,"6.575276","3.3952594","2026-07-07 15:06:18","8","8","7","65","95","Good"
1968079,"6.575284","3.3952575","2026-07-07 15:06:19","8","8","7","65","95","Good"
1968079,"6.5752883","3.3952634","2026-07-07 15:06:20","9","10","8","65","95","Good"
1968079,"6.575296","3.3952672","2026-07-07 15:06:21","8","8","7","65","95","Good"
1968079,"6.5752997","3.395272","2026-07-07 15:06:22","8","8","7","65","95","Good"
1968079,"6.5753083","3.3952808","2026-07-07 15:06:23","8","8","7","65","95","Good"
1968079,"6.575314","3.3952818","2026-07-07 15:06:24","9","10","8","65","95","Good"
1968079,"6.5753183","3.395275","2026-07-07 15:06:25","9","10","8","65","95","Good"
1968079,"6.575318","3.3952744","2026-07-07 15:06:26","9","10","8","65","95","Good"
1968079,"6.575321","3.395274","2026-07-07 15:06:27","9","10","8","65","95","Good"
1968079,"6.5753264","3.3952725","2026-07-07 15:06:28","9","10","8","65","95","Good"
1968079,"6.5753284","3.3952723","2026-07-07 15:06:29","8","8","7","65","95","Good"
1968079,"6.575327","3.3952715","2026-07-07 15:06:30","7","7","6","65","95","Good"
1968079,"6.575329","3.3952706","2026-07-07 15:06:31","8","8","7","65","95","Good"
1968079,"6.5753303","3.39527","2026-07-07 15:06:32","8","8","7","65","95","Good"
1968079,"6.575332","3.3952699","2026-07-07 15:06:33","8","8","7","65","95","Good"
1968079,"6.5753374","3.3952656","2026-07-07 15:06:34","9","10","8","65","95","Good"
1968079,"6.5753374","3.395265","2026-07-07 15:06:35","9","10","8","65","95","Good"
1968079,"6.575336","3.3952644","2026-07-07 15:06:36","9","10","8","65","95","Good"
1968079,"6.575335","3.3952653","2026-07-07 15:06:37","9","10","8","65","95","Good"
1968079,"6.575337","3.395264","2026-07-07 15:06:38","7","8","7","65","95","Good"
1968079,"6.5753365","3.3952637","2026-07-07 15:06:39","8","8","7","65","95","Good"
1968079,"6.5753384","3.3952606","2026-07-07 15:06:40","8","8","7","65","95","Good"
1968079,"6.575337","3.3952577","2026-07-07 15:06:41","8","8","7","65","95","Good"
1968079,"6.5753317","3.395258","2026-07-07 15:06:42","8","8","7","65","95","Good"
1968079,"6.5753317","3.395251","2026-07-07 15:06:43","8","8","7","65","95","Good"
1968079,"6.575334","3.3952487","2026-07-07 15:06:44","8","8","7","65","95","Good"
1968079,"6.575344","3.395252","2026-07-07 15:06:45","9","10","8","65","95","Good"
1968079,"6.5753484","3.395248","2026-07-07 15:06:46","10","11","10","65","95","Good"
1968079,"6.5753546","3.3952446","2026-07-07 15:06:47","10","11","10","65","95","Good"
1968079,"6.575362","3.3952446","2026-07-07 15:06:48","9","10","8","65","95","Good"
1968079,"6.5753665","3.395244","2026-07-07 15:06:49","9","10","8","65","95","Good"
1968079,"6.5753756","3.3952415","2026-07-07 15:06:50","9","10","8","65","95","Good"
1968079,"6.5753846","3.3952403","2026-07-07 15:06:51","8","8","7","65","95","Good"
1968079,"6.5753894","3.3952413","2026-07-07 15:06:52","8","8","7","65","95","Good"
1968079,"6.5754","3.3952384","2026-07-07 15:06:53","9","9","8","65","95","Good"
1968079,"6.5754046","3.3952365","2026-07-07 15:06:54","9","10","8","65","95","Good"
1968079,"6.575415","3.395234","2026-07-07 15:06:55","9","10","8","65","95","Good"
1968079,"6.5754194","3.395234","2026-07-07 15:06:56","9","10","8","65","95","Good"
1968079,"6.57542","3.3952324","2026-07-07 15:06:57","9","10","8","66","95","Good"
1968079,"6.575429","3.3952293","2026-07-07 15:06:58","9","10","8","66","95","Good"
1968079,"6.575438","3.3952274","2026-07-07 15:06:59","9","10","8","66","95","Good"
1968079,"6.575445","3.3952243","2026-07-07 15:07:00","9","9","8","66","95","Good"
1968079,"6.5754476","3.3952248","2026-07-07 15:07:01","8","8","7","66","95","Good"
1968079,"6.575459","3.395221","2026-07-07 15:07:02","7","7","6","66","95","Good"
1968079,"6.575462","3.3952186","2026-07-07 15:07:03","7","7","6","66","95","Good"
1968079,"6.5754676","3.3952188","2026-07-07 15:07:04","7","7","6","66","95","Good"
1968079,"6.575477","3.3952122","2026-07-07 15:07:05","7","7","6","65","95","Good"
1968079,"6.5754843","3.3952086","2026-07-07 15:07:06","8","8","7","65","95","Good"
1968079,"6.5754876","3.395205","2026-07-07 15:07:07","8","8","7","65","95","Good"
1968079,"6.575495","3.3952007","2026-07-07 15:07:08","7","8","7","65","95","Good"
1968079,"6.5755024","3.3951964","2026-07-07 15:07:09","7","7","6","65","95","Good"
1968079,"6.57551","3.3951948","2026-07-07 15:07:10","7","7","6","65","95","Good"
1968079,"6.5755153","3.3951905","2026-07-07 15:07:11","8","8","7","65","95","Good"
1968079,"6.5755215","3.3951883","2026-07-07 15:07:12","8","8","7","65","95","Good"
1968079,"6.575527","3.3951876","2026-07-07 15:07:13","8","8","7","64","95","Good"
1968079,"6.575532","3.3951886","2026-07-07 15:07:14","8","8","7","64","95","Good"
1968079,"6.5755396","3.395187","2026-07-07 15:07:15","7","7","6","64","95","Good"
1968079,"6.575546","3.3951852","2026-07-07 15:07:16","7","7","6","64","95","Good"
1968079,"6.5755525","3.3951836","2026-07-07 15:07:17","7","7","6","64","95","Good"
1968079,"6.575556","3.3951814","2026-07-07 15:07:18","7","7","6","64","95","Good"
1968079,"6.575558","3.395182","2026-07-07 15:07:19","7","7","6","64","95","Good"
1968079,"6.5755634","3.3951817","2026-07-07 15:07:20","7","7","6","64","95","Good"
1968079,"6.5755672","3.3951821","2026-07-07 15:07:21","7","7","6","65","95","Good"
1968079,"6.5755696","3.395183","2026-07-07 15:07:22","8","8","7","65","95","Good"
1968079,"6.575574","3.3951843","2026-07-07 15:07:23","8","8","7","65","95","Good"
1968079,"6.5755777","3.395183","2026-07-07 15:07:24","8","8","7","65","95","Good"
1968079,"6.575581","3.3951848","2026-07-07 15:07:25","8","8","7","65","95","Good"
1968079,"6.5755835","3.395183","2026-07-07 15:07:26","8","8","7","65","95","Good"
1968079,"6.5755835","3.3951828","2026-07-07 15:07:27","7","7","6","65","95","Good"
1968079,"6.5755863","3.3951833","2026-07-07 15:07:28","7","7","6","65","95","Good"
1968079,"6.575586","3.395183","2026-07-07 15:07:29","8","8","7","65","95","Good"
1968079,"6.575586","3.3951828","2026-07-07 15:07:30","7","8","7","65","95","Good"
1968079,"6.575586","3.395183","2026-07-07 15:07:31","7","7","6","65","95","Good"
1968079,"6.5755863","3.3951817","2026-07-07 15:07:32","7","7","6","65","95","Good"
1968079,"6.5755863","3.3951812","2026-07-07 15:07:33","7","7","6","65","95","Good"
1968079,"6.575592","3.3951812","2026-07-07 15:07:34","7","7","6","65","95","Good"
1968079,"6.575593","3.3951797","2026-07-07 15:07:35","7","7","6","65","95","Good"
1968079,"6.5755973","3.3951733","2026-07-07 15:07:36","7","7","6","64","95","Good"
1968079,"6.5756073","3.3951683","2026-07-07 15:07:37","7","7","6","64","95","Good"
1968079,"6.5756106","3.3951707","2026-07-07 15:07:38","7","7","6","64","95","Good"
1968079,"6.575618","3.3951676","2026-07-07 15:07:39","7","7","6","64","95","Good"
1968079,"6.575624","3.3951645","2026-07-07 15:07:40","7","7","6","64","95","Good"
1968079,"6.575629","3.395161","2026-07-07 15:07:41","6","6","5","64","95","Good"
1968079,"6.5756345","3.3951597","2026-07-07 15:07:42","6","6","5","64","95","Good"
1968079,"6.5756383","3.3951612","2026-07-07 15:07:43","6","6","5","64","96","Good"
1968079,"6.575647","3.3951583","2026-07-07 15:07:44","6","6","5","64","95","Good"
1968079,"6.575654","3.3951561","2026-07-07 15:07:45","6","6","5","64","95","Good"
1968079,"6.5756598","3.3951545","2026-07-07 15:07:46","6","6","5","64","96","Good"
1968079,"6.5756645","3.3951516","2026-07-07 15:07:47","7","7","6","64","96","Good"
1968079,"6.5756683","3.39515","2026-07-07 15:07:48","7","7","6","65","95","Good"
1968079,"6.5756717","3.3951495","2026-07-07 15:07:49","7","7","6","65","95","Good"
1968079,"6.5756807","3.3951433","2026-07-07 15:07:50","7","7","6","65","95","Good"
1968079,"6.5756865","3.3951406","2026-07-07 15:07:51","7","7","6","65","95","Good"
1968079,"6.5756946","3.3951344","2026-07-07 15:07:52","6","6","5","65","96","Good"
1968079,"6.5756993","3.395133","2026-07-07 15:07:53","7","7","6","64","96","Good"
1968079,"6.575705","3.3951297","2026-07-07 15:07:54","7","7","6","64","96","Good"
1968079,"6.5757136","3.3951254","2026-07-07 15:07:55","7","7","6","64","96","Good"
1968079,"6.57572","3.3951218","2026-07-07 15:07:56","7","7","6","64","96","Good"
1968079,"6.575726","3.3951151","2026-07-07 15:07:57","7","7","6","64","96","Good"
1968079,"6.5757294","3.395111","2026-07-07 15:07:58","7","7","6","64","96","Good"
1968079,"6.575735","3.3951058","2026-07-07 15:07:59","7","8","7","64","95","Good"
1968079,"6.575741","3.3950984","2026-07-07 15:08:00","6","6","5","64","96","Good"
1968079,"6.5757437","3.3950946","2026-07-07 15:08:01","6","6","5","64","96","Good"
1968079,"6.575747","3.395091","2026-07-07 15:08:02","6","6","5","64","96","Good"
1968079,"6.5757523","3.3950844","2026-07-07 15:08:03","6","6","5","64","96","Good"
1968079,"6.575759","3.3950768","2026-07-07 15:08:04","6","6","5","64","96","Good"
1968079,"6.575764","3.395069","2026-07-07 15:08:05","6","6","5","64","96","Good"
1968079,"6.5757694","3.3950617","2026-07-07 15:08:06","6","6","5","64","96","Good"
1968079,"6.5757732","3.3950553","2026-07-07 15:08:07","7","7","6","64","96","Good"
1968079,"6.575778","3.3950458","2026-07-07 15:08:08","8","8","7","64","96","Good"
1968079,"6.575783","3.3950417","2026-07-07 15:08:09","8","8","7","64","96","Good"
1968079,"6.57579","3.395036","2026-07-07 15:08:10","8","8","7","64","96","Good"
1968079,"6.5757966","3.3950307","2026-07-07 15:08:11","8","8","7","64","96","Good"
1968079,"6.575801","3.395026","2026-07-07 15:08:12","8","8","7","64","96","Good"
1968079,"6.575805","3.39502","2026-07-07 15:08:13","8","8","7","64","96","Good"
1968079,"6.575808","3.3950133","2026-07-07 15:08:14","8","8","7","64","96","Good"
1968079,"6.575812","3.3950071","2026-07-07 15:08:15","8","8","7","64","96","Good"
1968079,"6.5758157","3.395001","2026-07-07 15:08:16","8","8","7","64","96","Good"
1968079,"6.57582","3.3949971","2026-07-07 15:08:17","8","8","7","64","96","Good"
1968079,"6.575824","3.3949928","2026-07-07 15:08:18","8","8","7","64","96","Good"
1968079,"6.5758276","3.3949878","2026-07-07 15:08:19","8","8","7","63","96","Good"
1968079,"6.575833","3.3949833","2026-07-07 15:08:20","8","8","7","63","96","Good"
1968079,"6.5758357","3.3949788","2026-07-07 15:08:21","9","9","8","63","96","Good"
1968079,"6.5758386","3.3949747","2026-07-07 15:08:22","9","10","8","64","96","Good"
1968079,"6.5758405","3.3949704","2026-07-07 15:08:23","8","8","7","63","96","Good"
1968079,"6.5758457","3.3949656","2026-07-07 15:08:24","8","8","7","63","96","Good"
1968079,"6.5758476","3.3949604","2026-07-07 15:08:25","8","8","7","63","96","Good"
1968079,"6.5758514","3.3949542","2026-07-07 15:08:26","8","8","7","63","96","Good"
1968079,"6.5758543","3.3949485","2026-07-07 15:08:27","7","7","6","64","96","Good"
1968079,"6.5758595","3.39494","2026-07-07 15:08:28","6","7","6","64","96","Good"
1968079,"6.575862","3.3949337","2026-07-07 15:08:29","6","6","5","64","96","Good"
1968079,"6.575865","3.3949277","2026-07-07 15:08:30","6","6","5","64","96","Good"
1968079,"6.5758657","3.39492","2026-07-07 15:08:31","6","6","5","64","96","Good"
1968079,"6.5758667","3.3949146","2026-07-07 15:08:32","7","7","6","64","96","Good"
1968079,"6.575869","3.3949087","2026-07-07 15:08:33","7","7","6","64","96","Good"
1968079,"6.575872","3.394906","2026-07-07 15:08:34","6","6","5","64","96","Good"
1968079,"6.5758753","3.3949034","2026-07-07 15:08:35","6","6","5","64","96","Good"
1968079,"6.5758777","3.3949022","2026-07-07 15:08:36","6","6","5","64","96","Good"
1968079,"6.5758834","3.394897","2026-07-07 15:08:37","7","7","6","64","96","Good"
1968079,"6.5758862","3.3948972","2026-07-07 15:08:38","6","6","5","64","96","Good"
1968079,"6.575891","3.3948905","2026-07-07 15:08:39","5","5","4","64","96","Good"
1968079,"6.5758953","3.394885","2026-07-07 15:08:40","5","5","4","64","96","Good"
1968079,"6.5758986","3.3948772","2026-07-07 15:08:41","5","5","4","64","96","Good"
1968079,"6.575902","3.394871","2026-07-07 15:08:42","5","5","4","64","96","Good"
1968079,"6.5759044","3.3948636","2026-07-07 15:08:43","5","5","5","64","96","Good"
1968079,"6.575906","3.3948553","2026-07-07 15:08:44","7","7","6","64","96","Good"
1968079,"6.5759077","3.3948488","2026-07-07 15:08:45","7","7","6","64","96","Good"
1968079,"6.5759106","3.3948424","2026-07-07 15:08:46","7","7","6","64","96","Good"
1968079,"6.5759144","3.3948357","2026-07-07 15:08:47","7","7","6","64","96","Good"
1968079,"6.575917","3.3948288","2026-07-07 15:08:48","7","7","6","64","96","Good"
1968079,"6.5759196","3.3948238","2026-07-07 15:08:49","7","7","6","64","96","Good"
1968079,"6.575924","3.3948176","2026-07-07 15:08:50","7","7","6","64","96","Good"
1968079,"6.5759273","3.394812","2026-07-07 15:08:51","7","7","6","64","96","Good"
1968079,"6.575931","3.3948052","2026-07-07 15:08:52","7","7","6","64","96","Good"
1968079,"6.575934","3.3948011","2026-07-07 15:08:53","7","7","6","64","96","Good"
1968079,"6.575939","3.3947954","2026-07-07 15:08:54","7","7","6","64","96","Good"
1968079,"6.5759416","3.394791","2026-07-07 15:08:55","7","7","6","64","96","Good"
1968079,"6.5759463","3.3947842","2026-07-07 15:08:56","7","7","6","64","96","Good"
1968079,"6.575949","3.3947775","2026-07-07 15:08:57","7","7","6","64","96","Good"
1968079,"6.575952","3.3947718","2026-07-07 15:08:58","7","7","6","64","96","Good"
1968079,"6.575955","3.394767","2026-07-07 15:08:59","7","7","6","64","96","Good"
1968079,"6.575958","3.3947597","2026-07-07 15:09:00","7","7","6","64","96","Good"
1968079,"6.57596","3.3947568","2026-07-07 15:09:01","7","7","6","64","96","Good"
1968079,"6.5759645","3.3947499","2026-07-07 15:09:02","8","8","7","64","96","Good"
1968079,"6.5759664","3.394747","2026-07-07 15:09:03","8","8","7","65","96","Good"
1968079,"6.575969","3.3947415","2026-07-07 15:09:04","8","8","7","65","96","Good"
1968079,"6.5759706","3.3947382","2026-07-07 15:09:05","8","8","7","65","96","Good"
1968079,"6.5759726","3.3947346","2026-07-07 15:09:06","8","8","7","65","96","Good"
1968079,"6.5759735","3.3947294","2026-07-07 15:09:07","8","8","7","65","96","Good"
1968079,"6.575974","3.3947277","2026-07-07 15:09:08","7","7","6","65","96","Good"
1968079,"6.575976","3.3947225","2026-07-07 15:09:09","8","8","7","65","96","Good"
1968079,"6.5759783","3.3947155","2026-07-07 15:09:10","8","8","7","65","96","Good"
1968079,"6.5759807","3.3947105","2026-07-07 15:09:11","8","8","7","65","96","Good"
1968079,"6.575985","3.3947034","2026-07-07 15:09:12","8","8","7","65","96","Good"
1968079,"6.575989","3.3946967","2026-07-07 15:09:13","8","8","7","64","96","Good"
1968079,"6.5759916","3.3946934","2026-07-07 15:09:14","8","8","7","64","96","Good"
1968079,"6.575996","3.394687","2026-07-07 15:09:15","8","8","7","64","96","Good"
1968079,"6.5759974","3.3946798","2026-07-07 15:09:16","8","8","7","64","96","Good"
1968079,"6.576001","3.3946733","2026-07-07 15:09:17","7","7","6","64","96","Good"
1968079,"6.5760055","3.3946671","2026-07-07 15:09:18","7","7","6","64","96","Good"
1968079,"6.576009","3.3946624","2026-07-07 15:09:19","7","7","6","64","96","Good"
1968079,"6.5760145","3.3946557","2026-07-07 15:09:20","7","7","6","64","96","Good"
1968079,"6.576019","3.3946507","2026-07-07 15:09:21","7","7","6","64","96","Good"
1968079,"6.5760217","3.3946443","2026-07-07 15:09:22","7","7","6","64","96","Good"
1968079,"6.576025","3.3946383","2026-07-07 15:09:23","7","7","6","64","96","Good"
1968079,"6.5760303","3.394633","2026-07-07 15:09:24","7","7","6","64","96","Good"
1968079,"6.5760355","3.3946297","2026-07-07 15:09:25","7","7","6","64","96","Good"
1968079,"6.5760407","3.3946257","2026-07-07 15:09:26","8","8","7","64","96","Good"
1968079,"6.576042","3.3946254","2026-07-07 15:09:27","8","8","7","64","96","Good"
1968079,"6.5760407","3.3946278","2026-07-07 15:09:28","7","7","6","64","96","Good"
1968079,"6.576043","3.394627","2026-07-07 15:09:29","7","7","6","64","96","Good"
1968079,"6.576043","3.3946276","2026-07-07 15:09:30","8","8","7","64","96","Good"
1968079,"6.576043","3.3946278","2026-07-07 15:09:31","8","8","7","64","96","Good"
1968079,"6.576044","3.3946276","2026-07-07 15:09:32","8","8","7","64","96","Good"
1968079,"6.576043","3.3946278","2026-07-07 15:09:33","8","8","7","64","96","Good"
1968079,"6.5760446","3.394628","2026-07-07 15:09:34","8","8","7","64","96","Good"
1968079,"6.576044","3.3946278","2026-07-07 15:09:35","8","8","7","64","96","Good"
1968079,"6.576044","3.3946278","2026-07-07 15:09:36","8","8","7","64","96","Good"
1968079,"6.576044","3.3946278","2026-07-07 15:09:37","6","6","5","64","96","Good"
1968079,"6.576044","3.3946278","2026-07-07 15:09:38","6","6","5","64","96","Good"
1968079,"6.576044","3.3946278","2026-07-07 15:09:39","7","7","6","64","96","Good"
1968079,"6.576044","3.3946278","2026-07-07 15:09:40","7","7","6","64","96","Good"
1968079,"6.576044","3.3946278","2026-07-07 15:09:41","8","8","7","64","96","Good"
1968079,"6.576043","3.3946269","2026-07-07 15:09:42","8","8","7","64","96","Good"
1968079,"6.5760455","3.3946235","2026-07-07 15:09:43","8","8","7","63","96","Good"
1968079,"6.5760465","3.3946197","2026-07-07 15:09:44","8","8","7","63","96","Good"
1968079,"6.57605","3.3946145","2026-07-07 15:09:45","8","8","7","63","96","Good"
1968079,"6.576051","3.3946087","2026-07-07 15:09:46","8","8","7","63","96","Good"
1968079,"6.576053","3.3946023","2026-07-07 15:09:47","7","7","6","63","96","Good"
1968079,"6.576057","3.394597","2026-07-07 15:09:48","7","7","6","63","96","Good"
1968079,"6.576058","3.3945897","2026-07-07 15:09:49","7","8","7","63","96","Good"
1968079,"6.5760612","3.3945801","2026-07-07 15:09:50","8","8","7","63","96","Good"
1968079,"6.5760636","3.3945742","2026-07-07 15:09:51","8","8","7","63","96","Good"
1968079,"6.5760655","3.3945673","2026-07-07 15:09:52","7","7","6","63","96","Good"
1968079,"6.576065","3.394557","2026-07-07 15:09:53","7","7","6","63","96","Good"
1968079,"6.576066","3.3945503","2026-07-07 15:09:54","7","7","6","63","96","Good"
1968079,"6.5760674","3.3945448","2026-07-07 15:09:55","7","7","6","63","96","Good"
1968079,"6.576067","3.3945374","2026-07-07 15:09:56","8","8","7","63","96","Good"
1968079,"6.57607","3.3945298","2026-07-07 15:09:57","8","8","7","63","96","Good"
1968079,"6.576073","3.394525","2026-07-07 15:09:58","7","7","6","63","96","Good"
1968079,"6.576078","3.3945205","2026-07-07 15:09:59","7","7","6","63","96","Good"
1968079,"6.576084","3.3945088","2026-07-07 15:10:00","7","7","6","63","96","Good"
1968079,"6.5760875","3.394503","2026-07-07 15:10:01","7","7","6","63","96","Good"
1968079,"6.5760913","3.394494","2026-07-07 15:10:02","8","8","7","63","96","Good"
1968079,"6.5760946","3.3944879","2026-07-07 15:10:03","8","8","7","63","96","Good"
1968079,"6.576099","3.3944821","2026-07-07 15:10:04","8","8","7","64","96","Good"
1968079,"6.5761027","3.3944726","2026-07-07 15:10:05","8","8","7","64","96","Good"
1968079,"6.5761056","3.3944654","2026-07-07 15:10:06","8","8","7","64","96","Good"
1968079,"6.576111","3.3944573","2026-07-07 15:10:07","8","8","7","64","96","Good"
1968079,"6.576114","3.3944514","2026-07-07 15:10:08","8","8","7","64","96","Good"
1968079,"6.5761185","3.394444","2026-07-07 15:10:09","8","8","7","64","96","Good"
1968079,"6.5761213","3.3944352","2026-07-07 15:10:10","8","8","7","64","96","Good"
1968079,"6.5761247","3.3944256","2026-07-07 15:10:11","9","10","8","64","96","Good"
1968079,"6.576129","3.39442","2026-07-07 15:10:12","8","8","7","64","96","Good"
1968079,"6.576134","3.394414","2026-07-07 15:10:13","7","7","6","64","96","Good"
1968079,"6.5761433","3.394411","2026-07-07 15:10:14","8","8","7","64","96","Good"
1968079,"6.576146","3.394411","2026-07-07 15:10:15","8","8","7","64","96","Good"
1968079,"6.576148","3.3944013","2026-07-07 15:10:16","8","8","7","64","96","Good"
1968079,"6.576151","3.3943942","2026-07-07 15:10:17","8","8","7","64","96","Good"
1968079,"6.5761538","3.3943872","2026-07-07 15:10:18","8","8","7","64","96","Good"
1968079,"6.5761585","3.394382","2026-07-07 15:10:19","7","7","6","64","96","Good"
1968079,"6.576164","3.3943756","2026-07-07 15:10:20","7","7","6","64","96","Good"
1968079,"6.5761676","3.3943675","2026-07-07 15:10:21","7","7","6","64","96","Good"
1968079,"6.576172","3.3943613","2026-07-07 15:10:22","7","7","6","64","96","Good"
1968079,"6.5761724","3.3943536","2026-07-07 15:10:23","7","7","6","63","96","Good"
1968079,"6.576177","3.3943484","2026-07-07 15:10:24","7","7","6","63","96","Good"
1968079,"6.576181","3.3943434","2026-07-07 15:10:25","7","7","6","63","96","Good"
1968079,"6.5761843","3.394336","2026-07-07 15:10:26","7","7","6","63","96","Good"
1968079,"6.576188","3.394331","2026-07-07 15:10:27","7","7","6","63","96","Good"
1968079,"6.5761933","3.3943257","2026-07-07 15:10:28","8","8","7","63","96","Good"
1968079,"6.5761976","3.3943183","2026-07-07 15:10:29","8","8","7","63","96","Good"
1968079,"6.576201","3.3943126","2026-07-07 15:10:30","8","8","7","63","96","Good"
1968079,"6.576204","3.3943071","2026-07-07 15:10:31","8","8","7","63","96","Good"
1968079,"6.576206","3.3943026","2026-07-07 15:10:32","8","8","7","63","96","Good"
1968079,"6.576209","3.3942976","2026-07-07 15:10:33","8","8","7","63","96","Good"
1968079,"6.576211","3.3942947","2026-07-07 15:10:34","8","8","7","64","96","Good"
1968079,"6.5762105","3.394289","2026-07-07 15:10:35","8","8","7","64","96","Good"
1968079,"6.576213","3.3942804","2026-07-07 15:10:36","8","8","7","64","96","Good"
1968079,"6.576215","3.3942726","2026-07-07 15:10:37","8","8","7","64","96","Good"
1968079,"6.576216","3.3942666","2026-07-07 15:10:38","8","8","7","64","96","Good"
1968079,"6.5762196","3.3942614","2026-07-07 15:10:39","7","7","6","64","96","Good"
1968079,"6.576224","3.394252","2026-07-07 15:10:40","8","8","7","64","96","Good"
1968079,"6.5762253","3.3942454","2026-07-07 15:10:41","8","8","7","64","96","Good"
1968079,"6.5762286","3.3942401","2026-07-07 15:10:42","7","7","6","64","96","Good"
1968079,"6.576234","3.394236","2026-07-07 15:10:43","6","6","5","64","96","Good"
1968079,"6.5762415","3.3942351","2026-07-07 15:10:44","6","6","5","64","96","Good"
1968079,"6.5762477","3.3942304","2026-07-07 15:10:45","6","6","5","64","96","Good"
1968079,"6.5762496","3.3942213","2026-07-07 15:10:46","6","6","5","64","96","Good"
1968079,"6.576253","3.3942134","2026-07-07 15:10:47","6","6","5","63","96","Good"
1968079,"6.576254","3.394208","2026-07-07 15:10:48","6","6","5","63","96","Good"
1968079,"6.5762577","3.3942037","2026-07-07 15:10:49","6","6","5","63","96","Good"
1968079,"6.5762615","3.3942","2026-07-07 15:10:50","6","6","5","63","96","Good"
1968079,"6.5762644","3.3941946","2026-07-07 15:10:51","6","6","5","63","96","Good"
1968079,"6.5762672","3.3941891","2026-07-07 15:10:52","6","6","5","63","96","Good"
1968079,"6.57627","3.3941858","2026-07-07 15:10:53","6","6","5","63","96","Good"
1968079,"6.5762715","3.3941815","2026-07-07 15:10:54","6","6","5","63","96","Good"
1968079,"6.576275","3.394176","2026-07-07 15:10:55","7","7","6","63","96","Good"
1968079,"6.5762773","3.39417","2026-07-07 15:10:56","7","7","6","63","96","Good"
1968079,"6.576278","3.3941643","2026-07-07 15:10:57","7","7","6","63","96","Good"
1968079,"6.5762806","3.3941572","2026-07-07 15:10:58","6","6","5","63","96","Good"
1968079,"6.5762825","3.394155","2026-07-07 15:10:59","6","6","5","63","96","Good"
1968079,"6.5762825","3.3941526","2026-07-07 15:11:00","7","7","6","63","96","Good"
1968079,"6.5762835","3.3941476","2026-07-07 15:11:01","7","7","6","63","96","Good"
1968079,"6.5762835","3.3941393","2026-07-07 15:11:02","7","7","6","63","96","Good"
1968079,"6.576285","3.3941314","2026-07-07 15:11:03","7","7","6","63","96","Good"
1968079,"6.576286","3.3941286","2026-07-07 15:11:04","7","7","6","63","96","Good"
1968079,"6.576289","3.3941238","2026-07-07 15:11:05","7","7","6","63","96","Good"
1968079,"6.5762916","3.3941195","2026-07-07 15:11:06","7","7","6","63","96","Good"
1968079,"6.576293","3.394117","2026-07-07 15:11:07","6","6","5","63","96","Good"
1968079,"6.5762954","3.3941116","2026-07-07 15:11:08","6","6","5","63","96","Good"
1968079,"6.576298","3.3941066","2026-07-07 15:11:09","6","7","6","63","96","Good"
1968079,"6.5763006","3.3940988","2026-07-07 15:11:10","7","7","6","63","96","Good"
1968079,"6.576303","3.3940938","2026-07-07 15:11:11","7","7","6","63","96","Good"
1968079,"6.5763054","3.3940887","2026-07-07 15:11:12","7","7","6","63","96","Good"
1968079,"6.5763073","3.3940861","2026-07-07 15:11:13","7","7","6","63","96","Good"
1968079,"6.57631","3.3940818","2026-07-07 15:11:14","7","7","6","63","96","Good"
1968079,"6.576313","3.3940778","2026-07-07 15:11:15","7","7","6","63","96","Good"
1968079,"6.576316","3.3940752","2026-07-07 15:11:16","7","7","6","63","96","Good"
1968079,"6.576319","3.3940732","2026-07-07 15:11:17","7","7","6","63","96","Good"
1968079,"6.5763216","3.3940709","2026-07-07 15:11:18","7","7","6","63","96","Good"
1968079,"6.576322","3.3940718","2026-07-07 15:11:19","7","7","6","63","96","Good"
1968079,"6.576322","3.394072","2026-07-07 15:11:20","7","7","6","63","96","Good"
1968079,"6.5763264","3.3940675","2026-07-07 15:11:21","7","7","6","63","96","Good"
1968079,"6.576326","3.3940685","2026-07-07 15:11:22","7","7","6","63","96","Good"
1968079,"6.5763283","3.394064","2026-07-07 15:11:23","8","8","7","63","96","Good"
1968079,"6.57633","3.394062","2026-07-07 15:11:24","7","7","6","63","96","Good"
1968079,"6.576331","3.3940597","2026-07-07 15:11:25","7","7","6","63","96","Good"
1968079,"6.576333","3.394055","2026-07-07 15:11:26","7","7","6","63","96","Good"
1968079,"6.5763345","3.3940537","2026-07-07 15:11:27","7","7","6","63","96","Good"
1968079,"6.5763373","3.3940558","2026-07-07 15:11:28","8","8","7","63","96","Good"
1968079,"6.57633","3.3940408","2026-07-07 15:11:29","8","8","7","63","96","Good"
1968079,"6.576331","3.394041","2026-07-07 15:11:30","7","8","7","63","96","Good"
1968079,"6.576331","3.3940392","2026-07-07 15:11:31","8","8","7","63","96","Good"
1968079,"6.5763297","3.3940313","2026-07-07 15:11:32","8","8","7","63","96","Good"
1968079,"6.57633","3.3940253","2026-07-07 15:11:33","8","8","7","64","96","Good"
1968079,"6.57633","3.39402","2026-07-07 15:11:34","8","8","7","64","96","Good"
1968079,"6.5763307","3.3940163","2026-07-07 15:11:35","8","8","7","64","96","Good"
1968079,"6.5763297","3.3940067","2026-07-07 15:11:36","8","8","7","64","96","Good"
1968079,"6.5763297","3.3940003","2026-07-07 15:11:37","9","10","8","64","96","Good"
1968079,"6.576325","3.3939924","2026-07-07 15:11:38","9","10","8","64","96","Good"
1968079,"6.576319","3.3939846","2026-07-07 15:11:39","9","10","8","64","96","Good"
1968079,"6.576318","3.3939786","2026-07-07 15:11:40","8","8","7","64","96","Good"
1968079,"6.5763173","3.3939722","2026-07-07 15:11:41","8","8","7","64","96","Good"
1968079,"6.57632","3.3939657","2026-07-07 15:11:42","8","8","7","64","96","Good"
1968079,"6.5763216","3.393957","2026-07-07 15:11:43","7","7","6","64","96","Good"
1968079,"6.5763245","3.3939493","2026-07-07 15:11:44","7","7","6","64","96","Good"
1968079,"6.5763283","3.3939433","2026-07-07 15:11:45","7","8","7","64","96","Good"
1968079,"6.5763316","3.393935","2026-07-07 15:11:46","8","8","7","64","96","Good"
1968079,"6.5763354","3.39393","2026-07-07 15:11:47","8","8","7","64","96","Good"
1968079,"6.5763373","3.3939257","2026-07-07 15:11:48","8","8","7","64","96","Good"
1968079,"6.5763407","3.3939183","2026-07-07 15:11:49","8","8","7","64","96","Good"
1968079,"6.576343","3.3939118","2026-07-07 15:11:50","8","8","7","64","96","Good"
1968079,"6.576348","3.393904","2026-07-07 15:11:51","8","8","7","64","96","Good"
1968079,"6.5763526","3.3939018","2026-07-07 15:11:52","8","8","7","64","96","Good"
1968079,"6.576356","3.3939","2026-07-07 15:11:53","8","8","7","64","96","Good"
1968079,"6.5763607","3.3938968","2026-07-07 15:11:54","8","8","7","64","96","Good"
1968079,"6.576364","3.3938932","2026-07-07 15:11:55","8","8","7","64","96","Good"
1968079,"6.576366","3.3938909","2026-07-07 15:11:56","9","10","8","63","96","Good"
1968079,"6.5763664","3.39389","2026-07-07 15:11:57","9","10","8","63","96","Good"
1968079,"6.5763707","3.3938866","2026-07-07 15:11:58","8","8","7","63","96","Good"
1968079,"6.576375","3.3938835","2026-07-07 15:11:59","8","8","7","63","96","Good"
1968079,"6.5763745","3.3938823","2026-07-07 15:12:00","9","9","8","63","96","Good"
1968079,"6.576374","3.3938885","2026-07-07 15:12:01","9","10","8","63","96","Good"
1968079,"6.5763755","3.393886","2026-07-07 15:12:02","9","10","8","63","96","Good"
1968079,"6.5763745","3.393883","2026-07-07 15:12:03","8","8","7","63","96","Good"
1968079,"6.5763745","3.3938792","2026-07-07 15:12:04","8","8","7","63","96","Good"
1968079,"6.5763755","3.393874","2026-07-07 15:12:05","8","8","7","63","96","Good"
1968079,"6.5763803","3.3938675","2026-07-07 15:12:06","8","8","7","63","96","Good"
1968079,"6.576385","3.3938603","2026-07-07 15:12:07","8","8","7","63","96","Good"
1968079,"6.5763884","3.3938563","2026-07-07 15:12:08","8","8","7","63","96","Good"
1968079,"6.5763907","3.3938503","2026-07-07 15:12:09","9","10","8","63","96","Good"
1968079,"6.5763946","3.3938448","2026-07-07 15:12:10","9","10","8","63","96","Good"
1968079,"6.5763974","3.3938394","2026-07-07 15:12:11","9","10","8","63","96","Good"
1968079,"6.5764003","3.3938355","2026-07-07 15:12:12","8","8","7","63","96","Good"
1968079,"6.5764017","3.393831","2026-07-07 15:12:13","8","8","7","63","96","Good"
1968079,"6.576401","3.3938286","2026-07-07 15:12:14","7","7","6","64","96","Good"
1968079,"6.5764","3.3938286","2026-07-07 15:12:15","8","8","7","64","96","Good"
1968079,"6.5763984","3.3938255","2026-07-07 15:12:16","8","8","7","64","96","Good"
1968079,"6.5763993","3.3938208","2026-07-07 15:12:18","8",NULL,NULL,"64","96","Good"
1968079,"6.5763965","3.3938215","2026-07-07 15:12:19","8","8","7","64","96","Good"
1968079,"6.5763965","3.3938224","2026-07-07 15:12:21","8","8",NULL,"64","96","Good"
1968079,"6.5763946","3.3938217","2026-07-07 15:12:22","8","8","7","64","96","Good"
1968079,"6.5763955","3.393822","2026-07-07 15:12:23","8","8","7","64","96","Good"
1968079,"6.576394","3.3938217","2026-07-07 15:12:24","9","10","8","64","96","Good"
1968079,"6.576392","3.3938222","2026-07-07 15:12:25","9","10","8","65","96","Good"
1968079,"6.5763917","3.393819","2026-07-07 15:12:26","9","10","8","65","96","Good"
1968079,"6.57639","3.3938193","2026-07-07 15:12:27","9","10","8","65","96","Good"
1968079,"6.5763907","3.3938205","2026-07-07 15:12:31","10","11","10","64","96","Good"
1968079,"6.5763907","3.3938205","2026-07-07 15:12:32","10","11","10","64","97","Good"
1968079,"6.576391","3.3938193","2026-07-07 15:12:33","10","11","10","64","96","Good"
1968079,"6.576391","3.3938196","2026-07-07 15:12:34","10","11","10","64","97","Good"
1968079,"6.576391","3.3938196","2026-07-07 15:12:35","10","11","10","64","97","Good"
1968079,"6.5763927","3.3938127","2026-07-07 15:12:36","10","10","9","64","97","Good"
1968079,"6.5763946","3.3938065","2026-07-07 15:12:37","9","10","8","64","97","Good"
1968079,"6.5763984","3.3937998","2026-07-07 15:12:38","9","10","8","64","97","Good"
1968079,"6.5764055","3.393809","2026-07-07 15:12:39","8","8","7","64","97","Good"
1968079,"6.576419","3.3938072","2026-07-07 15:12:40","9","10","8","64","97","Good"
1968079,"6.5764265","3.393803","2026-07-07 15:12:41","9","10","8","64","97","Good"
1968079,"6.5764284","3.3937957","2026-07-07 15:12:42","9","10","8","64","97","Good"
1968079,"6.5764303","3.3937886","2026-07-07 15:12:43","9","9","8","64","97","Good"
1968079,"6.576431","3.3937807","2026-07-07 15:12:44","8","8","7","64","97","Good"
1968079,"6.576432","3.393775","2026-07-07 15:12:45","9","10","8","64","97","Good"
1968079,"6.576434","3.3937685","2026-07-07 15:12:46","9","10","8","64","97","Good"
1968079,"6.5764375","3.3937626","2026-07-07 15:12:47","9","10","8","64","97","Good"
1968079,"6.576439","3.3937578","2026-07-07 15:12:48","9","10","8","64","97","Good"
1968079,"6.5764427","3.3937514","2026-07-07 15:12:49","9","10","8","64","97","Good"
1968079,"6.576446","3.3937447","2026-07-07 15:12:50","9","10","8","64","97","Good"
1968079,"6.5764494","3.3937395","2026-07-07 15:12:51","9","10","8","64","97","Good"
1968079,"6.5764537","3.3937273","2026-07-07 15:12:53","9","10","8","64","97","Good"
1968079,"6.576456","3.3937223","2026-07-07 15:12:54","9","10","8","64","97","Good"
1968079,"6.5764594","3.3937142","2026-07-07 15:12:55","9","10","8","63","97","Good"
1968079,"6.5764637","3.393706","2026-07-07 15:12:56","9","10","8","63","97","Good"
1968079,"6.5764675","3.3936996","2026-07-07 15:12:57","10","11","10","63","97","Good"
1968079,"6.576472","3.3936923","2026-07-07 15:12:58","10","11","10","63","97","Good"
1968079,"6.576475","3.3936884","2026-07-07 15:12:59","10","11","10","63","96","Good"
1968079,"6.576483","3.3936763","2026-07-07 15:13:01","12","12",NULL,"63",NULL,"Good"
1968079,"6.5764866","3.3936722","2026-07-07 15:13:03","12","12","11","63",NULL,"Good"
1968079,"6.576494","3.393657","2026-07-07 15:13:04","10","11","10","63","97","Good"
1968079,"6.576497","3.3936498","2026-07-07 15:13:05","10","11","10","63","97","Good"
1968079,"6.5765","3.393645","2026-07-07 15:13:06","10","11","10","63","97","Good"
1968079,"6.5765033","3.393637","2026-07-07 15:13:08","10","11","10",NULL,"97","Good"
1968079,"6.576508","3.3936214","2026-07-07 15:13:09","12","12","11","63","97","Good"
1968079,"6.576511","3.3936138","2026-07-07 15:13:10","12","12","11","63","96","Good"
1968079,"6.5765142","3.393608","2026-07-07 15:13:11","12","12","11","63","96","Good"
1968079,"6.5765176","3.3936017","2026-07-07 15:13:12","10","11","10","63","96","Good"
1968079,"6.57652","3.3935947","2026-07-07 15:13:13","10","10","9","63","96","Good"
1968079,"6.576524","3.3935876","2026-07-07 15:13:14","9","10","8","63","96","Good"
1968079,"6.576528","3.3935807","2026-07-07 15:13:15","9","10","8","63","96","Good"
1968079,"6.576533","3.3935728","2026-07-07 15:13:16","9","10","8","63","96","Good"
1968079,"6.5765376","3.3935661","2026-07-07 15:13:18","9","10","8","63","96","Good"
1968079,"6.576543","3.393553","2026-07-07 15:13:19","9",NULL,NULL,NULL,NULL,"Good"
1968079,"6.5765486","3.3935392","2026-07-07 15:13:21","9","9","7","62","97","Good"
1968079,"6.576553","3.3935304","2026-07-07 15:13:23","8","8",NULL,NULL,"97","Good"
1968079,"6.5765615","3.3935182","2026-07-07 15:13:25","8","8","7","62","97","Good"
1968079,"6.576572","3.3934996","2026-07-07 15:13:27","8",NULL,"7",NULL,NULL,"Good"
1968079,"6.576581","3.3934839","2026-07-07 15:13:29","8","8","7","62",NULL,"Good"
1968079,"6.5765924","3.3934689","2026-07-07 15:13:31","8","8","7","62","97","Good"
1968079,"6.5765963","3.3934615","2026-07-07 15:13:32","9","10","8","62","97","Good"
1968079,"6.5765996","3.3934546","2026-07-07 15:13:33","9","10","8","62","97","Good"
1968079,"6.576604","3.3934486","2026-07-07 15:13:34","10",NULL,"10","62","97","Good"
1968079,"6.5766096","3.3934455","2026-07-07 15:13:36","9",NULL,NULL,"63","97","Good"
1968079,"6.576619","3.393425","2026-07-07 15:13:37","9","10","8","63","97","Good"
1968079,"6.5766244","3.393425","2026-07-07 15:13:38","9","10","8","63","97","Good"
1968079,"6.5766296","3.3934188","2026-07-07 15:13:40","9","10","8",NULL,NULL,"Good"
1968079,"6.5766454","3.3934083","2026-07-07 15:13:42","9","10","8","63","97","Good"
1968079,"6.5766516","3.3934014","2026-07-07 15:13:43","9","10","8","63","97","Good"
1968079,"6.576657","3.3933952","2026-07-07 15:13:44","9","10","8","62",NULL,"Good"
1968079,"6.576663","3.3933794","2026-07-07 15:13:46","9","10","8","62",NULL,"Good"
1968079,"6.5766687","3.393361","2026-07-07 15:13:48","8","8","7","62","97","Good"
1968079,"6.5766726","3.3933556","2026-07-07 15:13:49","8","8","7","62","97","Good"
1968079,"6.5766773","3.3933487","2026-07-07 15:13:50","9","10","8","62","97","Good"
1968079,"6.576683","3.3933434","2026-07-07 15:13:51","8","8","7","62","97","Good"
1968079,"6.5766892","3.3933384","2026-07-07 15:13:52","8","8","7","62","97","Good"
1968079,"6.576695","3.3933337","2026-07-07 15:13:53","8","8","7","62","97","Good"
1968079,"6.5766997","3.3933287","2026-07-07 15:13:54","8","8","7","62","97","Good"
1968079,"6.576709","3.3933187","2026-07-07 15:13:55","9","10",NULL,NULL,"97","Good"
1968079,"6.576713","3.393307","2026-07-07 15:13:57","9","10","8",NULL,NULL,"Good"
1968079,"6.576716","3.3933017","2026-07-07 15:13:59","9","10","8","63","97","Good"
1968079,"6.5767183","3.3932955","2026-07-07 15:14:00","9","10","8","63","97","Good"
1968079,"6.576725","3.3932831","2026-07-07 15:14:01","9","10","8","63","97","Good"
1968079,"6.5767274","3.393277","2026-07-07 15:14:03","9","10","8","63","97","Good"
1968079,"6.57673","3.3932698","2026-07-07 15:14:04","9","10","8","63","97","Good"
1968079,"6.5767326","3.3932652","2026-07-07 15:14:05","9","10","8","63","97","Good"
1968079,"6.5767355","3.3932588","2026-07-07 15:14:06","10","11","10","63","97","Good"
1968079,"6.57674","3.393253","2026-07-07 15:14:07","10","11","10","63","97","Good"
1968079,"6.5767436","3.3932421","2026-07-07 15:14:08","10","11","10","63","97","Good"
1968079,"6.5767465","3.3932362","2026-07-07 15:14:10","9","10","8","63","97","Good"
1968079,"6.5767493","3.3932304","2026-07-07 15:14:11","9","10","8","63","97","Good"
1968079,"6.5767565","3.3932266","2026-07-07 15:14:12","9","9","8","63","97","Good"
1968079,"6.5767565","3.3932266","2026-07-07 15:14:13","8","8","7","63","97","Good"
1968079,"6.576758","3.3932266","2026-07-07 15:14:14","8","8","7","63","97","Good"
1968079,"6.5767593","3.3932276","2026-07-07 15:14:15","8","8","7","63","97","Good"
1968079,"6.5767617","3.3932273","2026-07-07 15:14:16","8",NULL,NULL,NULL,"97","Good"
1968079,"6.5767612","3.393225","2026-07-07 15:14:18","8","8","7","63","97","Good"
1968079,"6.576767","3.3932178","2026-07-07 15:14:19","8","8","7","63","97","Good"
1968079,"6.576767","3.3932178","2026-07-07 15:14:20","8","8","7","63","97","Good"
1968079,"6.576774","3.3932076","2026-07-07 15:14:21","9","10","8","63","97","Good"
1968079,"6.576773","3.3932076","2026-07-07 15:14:22","9","10","8","62","97","Good"
1968079,"6.576773","3.3932076","2026-07-07 15:14:23","9","10","8","62","97","Good"
1968079,"6.576775","3.393204","2026-07-07 15:14:24","9","10","8","62","97","Good"
1968079,"6.576779","3.3931859","2026-07-07 15:14:25","8","8","7","62","97","Good"
1968079,"6.576779","3.3931859","2026-07-07 15:14:26","8","8","7","62","97","Good"
1968079,"6.5767837","3.3931768","2026-07-07 15:14:27","9","10","8","62","97","Good"
1968079,"6.576788","3.393171","2026-07-07 15:14:28","9","10","8","62","97","Good"
1968079,"6.576794","3.3931603","2026-07-07 15:14:29","9","10","8","62","97","Good"
1968079,"6.576794","3.3931603","2026-07-07 15:14:30","9","10","8","63","97","Good"
1968079,"6.5767984","3.393153","2026-07-07 15:14:31","9","10","8","63","97","Good"
1968079,"6.5768027","3.393145","2026-07-07 15:14:32","9","10","8","63","97","Good"
1968079,"6.5768056","3.3931382","2026-07-07 15:14:33","9","10","8","63","97","Good"
1968079,"6.5768075","3.393135","2026-07-07 15:14:34","10","11","10","63","97","Good"
1968079,"6.5768075","3.393135","2026-07-07 15:14:35","10","11","10","63","97","Good"
1968079,"6.5768085","3.3931336","2026-07-07 15:14:36","10","11","10","63","97","Good"
1968079,"6.5768085","3.3931336","2026-07-07 15:14:37","10","11","10","63","97","Good"
1968079,"6.5768085","3.3931367","2026-07-07 15:14:38","10","11","10","63","97","Good"
1968079,"6.5768085","3.3931367","2026-07-07 15:14:39","12","12","11","63","97","Good"
1968079,"6.5768085","3.3931375","2026-07-07 15:14:40","12","12","11","63","97","Good"
1968079,"6.5768085","3.3931375","2026-07-07 15:14:41","10","11","10","63","97","Good"
1968079,"6.576808","3.3931386","2026-07-07 15:14:42","10","11","10","63","97","Good"
1968079,"6.576808","3.3931386","2026-07-07 15:14:43","10","11","10","63","97","Good"
1968079,"6.5768104","3.3931355","2026-07-07 15:14:44","10","11","10","63","97","Good"
1968079,"6.5768104","3.3931355","2026-07-07 15:14:45","10","11","10","63","97","Good"
1968079,"6.576812","3.3931293","2026-07-07 15:14:46","9","10","8","63","97","Good"
1968079,"6.576812","3.3931293","2026-07-07 15:14:47","9","10","8","63","97","Good"
1968079,"6.576813","3.3931248","2026-07-07 15:14:48","10","11","10","63","97","Good"
1968079,"6.5768175","3.393116","2026-07-07 15:14:49","10","11","10","63","97","Good"
1968079,"6.5768175","3.393116","2026-07-07 15:14:50","10","11","10","63","97","Good"
1968079,"6.5768194","3.3931127","2026-07-07 15:14:51","10","11","10","63","97","Good"
1968079,"6.5768237","3.3931046","2026-07-07 15:14:52","10","11","10","63","97","Good"
1968079,"6.576823","3.3931015","2026-07-07 15:14:53","12","12","11","63","97","Good"
1968079,"6.576823","3.3931015","2026-07-07 15:14:54","12","12","11","63","97","Good"
1968079,"6.576829","3.393084","2026-07-07 15:14:55","12","12","11","62","97","Good"
1968079,"6.576829","3.393084","2026-07-07 15:14:56","12","12","11","62","97","Good"
1968079,"6.576837","3.393068","2026-07-07 15:14:57","12","12","11","62","97","Good"
1968079,"6.576837","3.393068","2026-07-07 15:14:58","12","12","11","62","97","Good"
1968079,"6.5768437","3.3930566","2026-07-07 15:14:59","12","12","11","62","97","Good"
1968079,"6.5768437","3.3930566","2026-07-07 15:15:00","10","11","10","62","97","Good"
1968079,"6.576849","3.3930411","2026-07-07 15:15:01","10","11","10","62","97","Good"
1968079,"6.576849","3.3930411","2026-07-07 15:15:02","10","11","10","62","97","Good"
1968079,"6.5768538","3.3930304","2026-07-07 15:15:03","10","11","10","62","97","Good"
1968079,"6.576856","3.3930235","2026-07-07 15:15:04","13","13","12","62","97","Moderate"
1968079,"6.576856","3.3930235","2026-07-07 15:15:05","13","13","12","62","97","Moderate"
1968079,"6.5768623","3.3930073","2026-07-07 15:15:06","13","13","12","62","97","Moderate"
1968079,"6.5768623","3.3930073","2026-07-07 15:15:07","13","13","12","62","97","Moderate"
1968079,"6.576867","3.3929932","2026-07-07 15:15:08","13","13","12","62","97","Moderate"
1968079,"6.576867","3.3929932","2026-07-07 15:15:09","12","12","11","62","97","Good"
1968079,"6.5768733","3.3929832","2026-07-07 15:15:10","12","12","11","61","97","Good"
1968079,"6.5768733","3.3929832","2026-07-07 15:15:11","10","11","10","61","97","Good"
1968079,"6.576878","3.3929708","2026-07-07 15:15:12","12","12","11","61","97","Good"
1968079,"6.576878","3.3929708","2026-07-07 15:15:13","12","12","11","61","97","Good"
1968079,"6.576884","3.3929586","2026-07-07 15:15:14","10","11","10","61","97","Good"
1968079,"6.576884","3.3929586","2026-07-07 15:15:15","10","11","10","61","97","Good"
1968079,"6.5768876","3.3929467","2026-07-07 15:15:16","10","11","10","61","97","Good"
1968079,"6.5768876","3.3929467","2026-07-07 15:15:17","10","11","10","61","97","Good"
1968079,"6.5768895","3.3929453","2026-07-07 15:15:18","10","11","10","61","97","Good"
1968079,"6.57689","3.392946","2026-07-07 15:15:19","10","11","10","61","97","Good"
1968079,"6.57689","3.392946","2026-07-07 15:15:20","10","11","10","61","97","Good"
1968079,"6.5768905","3.3929458","2026-07-07 15:15:21","8","8","7","61","97","Good"
1968079,"6.5768924","3.392938","2026-07-07 15:15:22","8","8","7","61","97","Good"
1968079,"6.5768948","3.392937","2026-07-07 15:15:23","8","8","7","62","97","Good"
1968079,"6.5768948","3.392937","2026-07-07 15:15:24","8","8","7","62","97","Good"
1968079,"6.576898","3.3929272","2026-07-07 15:15:25","9","10","8","62","97","Good"
1968079,"6.576898","3.3929272","2026-07-07 15:15:26","9","10","8","62","97","Good"
1968079,"6.5769033","3.3929117","2026-07-07 15:15:27","9","10","8","62","97","Good"
1968079,"6.5769033","3.3929117","2026-07-07 15:15:28","9","10","8","62","97","Good"
1968079,"6.5769124","3.3928983","2026-07-07 15:15:29","9","10","8","62","97","Good"
1968079,"6.5769124","3.3928983","2026-07-07 15:15:30","9","10","8","61","97","Good"
1968079,"6.576919","3.392884","2026-07-07 15:15:31","9","10","8","61","97","Good"
1968079,"6.576919","3.392884","2026-07-07 15:15:32","9","10","8","61","97","Good"
1968079,"6.5769267","3.3928733","2026-07-07 15:15:33","9","10","8","61","97","Good"
1968079,"6.5769296","3.3928668","2026-07-07 15:15:34","9","10","8","61","97","Good"
1968079,"6.5769296","3.3928668","2026-07-07 15:15:35","9","10","8","61","97","Good"
1968079,"6.5769362","3.3928523","2026-07-07 15:15:36","9","10","8","61","97","Good"
1968079,"6.5769362","3.3928523","2026-07-07 15:15:37","9","10","8","61","97","Good"
1968079,"6.5769444","3.3928378","2026-07-07 15:15:38","9","10","8","61","97","Good"
1968079,"6.5769444","3.3928378","2026-07-07 15:15:39","9","10","8","61","97","Good"
1968079,"6.5769515","3.3928256","2026-07-07 15:15:40","9","10","8","61","97","Good"
1968079,"6.5769515","3.3928256","2026-07-07 15:15:41","9","10","8","61","97","Good"
1968079,"6.576957","3.3928123","2026-07-07 15:15:42","9","10","8","61","97","Good"
1968079,"6.576961","3.392806","2026-07-07 15:15:43","9","10","8","61","97","Good"
1968079,"6.576963","3.3928","2026-07-07 15:15:44","10","11","10","61","97","Good"
1968079,"6.576963","3.3928","2026-07-07 15:15:45","10","11","10","61","97","Good"
1968079,"6.5769725","3.392791","2026-07-07 15:15:46","12","12","11","61","97","Good"
1968079,"6.5769725","3.392791","2026-07-07 15:15:47","12","12","11","61","97","Good"
1968079,"6.5769806","3.3927767","2026-07-07 15:15:48","10","10","9","61","97","Good"
1968079,"6.576983","3.3927717","2026-07-07 15:15:49","10","11","10","61","97","Good"
1968079,"6.576986","3.392767","2026-07-07 15:15:50","10","11","10","61","97","Good"
1968079,"6.5769916","3.3927643","2026-07-07 15:15:51","9","10","8","61","97","Good"
1968079,"6.5769916","3.3927643","2026-07-07 15:15:52","9","10","8","61","97","Good"
1968079,"6.5769987","3.3927648","2026-07-07 15:15:53","9","10","8","61","97","Good"
1968079,"6.577007","3.3927655","2026-07-07 15:15:54","10","11","10","61","97","Good"
1968079,"6.5770063","3.392766","2026-07-07 15:15:55","10","11","10","61","97","Good"
1968079,"6.5770063","3.392766","2026-07-07 15:15:56","12","12","11","61","97","Good"
1968079,"6.5770097","3.3927543","2026-07-07 15:15:57","12","12","11","61","97","Good"
1968079,"6.5770054","3.392748","2026-07-07 15:15:58","12","12","11","61","97","Good"
1968079,"6.5770116","3.3927321","2026-07-07 15:15:59","12","12","11","61","97","Good"
1968079,"6.5770097","3.392715","2026-07-07 15:16:00","10","11","10","61","97","Good"
1968079,"6.5770097","3.392704","2026-07-07 15:16:01","10","11","10","61","97","Good"
1968079,"6.5770135","3.3926916","2026-07-07 15:16:02","10","11","10","61","97","Good"
1968079,"6.5770173","3.3926837","2026-07-07 15:16:03","9","10","8","61","97","Good"
1968079,"6.5770216","3.392675","2026-07-07 15:16:04","9","10","8","61","97","Good"
1968079,"6.5770264","3.3926678","2026-07-07 15:16:05","9","10","8","61","97","Good"
1968079,"6.5770297","3.3926613","2026-07-07 15:16:06","9","10","8","61","97","Good"
1968079,"6.577032","3.3926523","2026-07-07 15:16:07","8","8","7","61","97","Good"
1968079,"6.577036","3.392646","2026-07-07 15:16:08","8","8","7","61","97","Good"
1968079,"6.5770407","3.3926392","2026-07-07 15:16:09","9","10","8","61","97","Good"
1968079,"6.5770464","3.3926296","2026-07-07 15:16:10","9","10","8","61","97","Good"
1968079,"6.5770464","3.3926296","2026-07-07 15:16:11","9","10","8","61","97","Good"
1968079,"6.577055","3.3926115","2026-07-07 15:16:12","8","8","7","61","97","Good"
1968079,"6.577057","3.3926044","2026-07-07 15:16:13","8","8","7","61","97","Good"
1968079,"6.5770607","3.392598","2026-07-07 15:16:14","8","8","7","61","97","Good"
1968079,"6.577064","3.3925905","2026-07-07 15:16:15","9","10","8","61","97","Good"
1968079,"6.5770683","3.392586","2026-07-07 15:16:16","8","8","7","61","97","Good"
1968079,"6.577073","3.3925834","2026-07-07 15:16:17","9","9","8","61","97","Good"
1968079,"6.5770755","3.392577","2026-07-07 15:16:18","9","10","8","61","97","Good"
1968079,"6.5770726","3.3925729","2026-07-07 15:16:19","9","10","8","61","97","Good"
1968079,"6.5770745","3.3925662","2026-07-07 15:16:20","9","10","8","61","97","Good"
1968079,"6.5770755","3.3925612","2026-07-07 15:16:21","9","10","8","61","97","Good"
1968079,"6.577077","3.392557","2026-07-07 15:16:22","9","10","8","61","97","Good"
1968079,"6.577078","3.3925574","2026-07-07 15:16:23","9","10","8","61","97","Good"
1968079,"6.577077","3.392558","2026-07-07 15:16:24","9","10","8","61","97","Good"
1968079,"6.5770774","3.3925605","2026-07-07 15:16:25","9","10","8","61","97","Good"
1968079,"6.5770774","3.392561","2026-07-07 15:16:26","9","10","8","61","97","Good"
1968079,"6.5770817","3.39256","2026-07-07 15:16:27","9","10","8","61","97","Good"
1968079,"6.577086","3.392559","2026-07-07 15:16:28","9","10","8","61","97","Good"
1968079,"6.577089","3.3925574","2026-07-07 15:16:29","9","10","8","61","97","Good"
1968079,"6.5770907","3.392554","2026-07-07 15:16:30","9","10","8","61","97","Good"
1968079,"6.5770926","3.3925455","2026-07-07 15:16:31","9","10","8","62","97","Good"
1968079,"6.577094","3.392545","2026-07-07 15:16:32","9","10","8","62","97","Good"
1968079,"6.577091","3.3925467","2026-07-07 15:16:33","9","10","8","62","97","Good"
1968079,"6.577093","3.3925426","2026-07-07 15:16:34","9","10","8","62","97","Good"
1968079,"6.577094","3.3925323","2026-07-07 15:16:35","8","8","7","62","97","Good"
1968079,"6.5771","3.3925228","2026-07-07 15:16:36","8","8","7","62","97","Good"
1968079,"6.5771046","3.392515","2026-07-07 15:16:37","8","8","7","62","97","Good"
1968079,"6.5771117","3.3925095","2026-07-07 15:16:38","8","8","7","62","97","Good"
1968079,"6.577117","3.3925042","2026-07-07 15:16:39","9","10","8","62","97","Good"
1968079,"6.5771227","3.392499","2026-07-07 15:16:40","9","10","8","62","97","Good"
1968079,"6.57713","3.3924935","2026-07-07 15:16:41","9","10","8","62","97","Good"
1968079,"6.577136","3.3924892","2026-07-07 15:16:42","9","10","8","62","97","Good"
1968079,"6.5771403","3.3924842","2026-07-07 15:16:43","9","10","8","62","97","Good"
1968079,"6.577145","3.3924787","2026-07-07 15:16:44","9","10","8","62","97","Good"
1968079,"6.5771475","3.3924735","2026-07-07 15:16:45","9","10","8","62","97","Good"
1968079,"6.5771513","3.3924673","2026-07-07 15:16:46","8","8","7","61","97","Good"
1968079,"6.577155","3.3924627","2026-07-07 15:16:47","7","7","6","61","97","Good"
1968079,"6.577159","3.392455","2026-07-07 15:16:48","7","7","6","61","97","Good"
1968079,"6.5771613","3.3924494","2026-07-07 15:16:49","7","7","6","61","97","Good"
1968079,"6.577164","3.3924434","2026-07-07 15:16:50","7","7","6","61","97","Good"
1968079,"6.5771685","3.3924384","2026-07-07 15:16:51","9","10","8","61","97","Good"
1968079,"6.577173","3.3924315","2026-07-07 15:16:52","9","10","8","61","97","Good"
1968079,"6.577174","3.3924265","2026-07-07 15:16:53","9","10","8","61","97","Good"
1968079,"6.5771756","3.3924193","2026-07-07 15:16:54","9","10","8","61","97","Good"
1968079,"6.5771794","3.3924136","2026-07-07 15:16:55","9","10","8","61","97","Good"
1968079,"6.577182","3.3924077","2026-07-07 15:16:56","8","8","7","61","97","Good"
1968079,"6.577183","3.3924062","2026-07-07 15:16:57","8","8","7","61","97","Good"
1968079,"6.577186","3.3923984","2026-07-07 15:16:58","9","10","8","61","97","Good"
1968079,"6.5771894","3.3923893","2026-07-07 15:16:59","9","10","8","61","97","Good"
1968079,"6.5771914","3.3923848","2026-07-07 15:17:00","9","10","8","61","97","Good"
1968079,"6.5771923","3.392377","2026-07-07 15:17:01","9","10","8","61","97","Good"
1968079,"6.577192","3.3923721","2026-07-07 15:17:02","9","10","8","61","97","Good"
1968079,"6.5771937","3.3923638","2026-07-07 15:17:03","10","11","10","61","97","Good"
1968079,"6.577194","3.3923638","2026-07-07 15:17:04","10","11","10","61","97","Good"
1968079,"6.5771947","3.3923519","2026-07-07 15:17:05","10","11","10","62","97","Good"
1968079,"6.5771966","3.3923457","2026-07-07 15:17:06","10","11","10","62","97","Good"
1968079,"6.5771976","3.3923395","2026-07-07 15:17:07","10","11","10","62","97","Good"
1968079,"6.577198","3.3923347","2026-07-07 15:17:08","10","11","10","62","97","Good"
1968079,"6.5771976","3.392331","2026-07-07 15:17:09","10","11","10","62","97","Good"
1968079,"6.577197","3.3923228","2026-07-07 15:17:10","10","11","10","62","97","Good"
1968079,"6.5771966","3.3923163","2026-07-07 15:17:11","10","11","10","62","97","Good"
1968079,"6.577195","3.392311","2026-07-07 15:17:12","12","12","11","62","97","Good"
1968079,"6.577193","3.3923056","2026-07-07 15:17:13","12","12","11","62","97","Good"
1968079,"6.577192","3.3923047","2026-07-07 15:17:14","12","12","11","62","97","Good"
1968079,"6.5771923","3.3923082","2026-07-07 15:17:15","12","12","11","62","97","Good"
1968079,"6.577192","3.3923075","2026-07-07 15:17:16","10","11","10","62","97","Good"
1968079,"6.577191","3.39231","2026-07-07 15:17:17","10","11","10","61","97","Good"
1968079,"6.5771933","3.39231","2026-07-07 15:17:18","10","11","10","61","97","Good"
1968079,"6.5771937","3.3923094","2026-07-07 15:17:19","10","11","10","61","97","Good"
1968079,"6.5771947","3.3923094","2026-07-07 15:17:20","10","11","10","61","97","Good"
1968079,"6.5771923","3.3923092","2026-07-07 15:17:21","10","11","10","61","97","Good"
1968079,"6.5771914","3.3923063","2026-07-07 15:17:22","10","11","10","61","97","Good"
1968079,"6.577191","3.3923075","2026-07-07 15:17:23","12","12","11","61","97","Good"
1968079,"6.577189","3.3923059","2026-07-07 15:17:24","12","12","11","61","97","Good"
1968079,"6.5771875","3.392305","2026-07-07 15:17:25","12","12","11","61","97","Good"
1968079,"6.577184","3.392302","2026-07-07 15:17:26","9","10","8","61","97","Good"
1968079,"6.577185","3.392301","2026-07-07 15:17:27","9","10","8","61","97","Good"
1968079,"6.5771837","3.3923035","2026-07-07 15:17:28","9","10","8","61","97","Good"
1968079,"6.5771823","3.3923013","2026-07-07 15:17:29","9","10","8","61","97","Good"
1968079,"6.5771813","3.392299","2026-07-07 15:17:30","8","8","7","61","97","Good"
1968079,"6.577181","3.392299","2026-07-07 15:17:31","9","10","8","61","97","Good"
1968079,"6.5771794","3.3922963","2026-07-07 15:17:32","10","11","10","61","97","Good"
1968079,"6.577181","3.3922935","2026-07-07 15:17:33","10","11","10","61","97","Good"
1968079,"6.577178","3.392284","2026-07-07 15:17:34","9","10","8","61","97","Good"
1968079,"6.577173","3.3922765","2026-07-07 15:17:35","9","10","8","61","97","Good"
1968079,"6.5771704","3.3922727","2026-07-07 15:17:36","9","10","8","61","97","Good"
1968079,"6.577169","3.392269","2026-07-07 15:17:37","9","10","8","61","97","Good"
1968079,"6.577163","3.3922594","2026-07-07 15:17:38","9","10","8","61","97","Good"
1968079,"6.577158","3.3922548","2026-07-07 15:17:39","9","10","8","61","97","Good"
1968079,"6.577153","3.392252","2026-07-07 15:17:40","9","10","8","61","97","Good"
1968079,"6.577148","3.3922458","2026-07-07 15:17:41","9","10","8","61","97","Good"
1968079,"6.5771413","3.392242","2026-07-07 15:17:42","9","10","8","61","97","Good"
1968079,"6.5771394","3.3922417","2026-07-07 15:17:43","9","10","8","61","97","Good"
1968079,"6.577134","3.3922384","2026-07-07 15:17:44","9","10","8","61","97","Good"
1968079,"6.5771294","3.3922346","2026-07-07 15:17:45","10","11","10","61","97","Good"
1968079,"6.5771275","3.392235","2026-07-07 15:17:46","10","11","10","61","97","Good"
1968079,"6.5771217","3.3922327","2026-07-07 15:17:47","10","11","10","61","97","Good"
1968079,"6.5771165","3.3922274","2026-07-07 15:17:48","10","11","10","61","97","Good"
1968079,"6.577113","3.3922238","2026-07-07 15:17:49","10","11","10","61","97","Good"
1968079,"6.57711","3.392225","2026-07-07 15:17:50","9","10","8","61","97","Good"
1968079,"6.5771017","3.3922226","2026-07-07 15:17:51","10","11","10","61","97","Good"
1968079,"6.577092","3.3922226","2026-07-07 15:17:52","12","12","11","61","97","Good"
1968079,"6.5770864","3.392222","2026-07-07 15:17:53","10","11","10","61","97","Good"
1968079,"6.577081","3.3922226","2026-07-07 15:17:54","10","11","10","61","97","Good"
1968079,"6.577074","3.3922246","2026-07-07 15:17:55","10","11","10","61","97","Good"
1968079,"6.577069","3.392224","2026-07-07 15:17:56","10","11","10","61","97","Good"
1968079,"6.5770607","3.3922243","2026-07-07 15:17:57","10","11","10","61","97","Good"
1968079,"6.5770535","3.3922222","2026-07-07 15:17:58","10","11","10","61","97","Good"
1968079,"6.5770497","3.3922224","2026-07-07 15:17:59","10","10","9","61","97","Good"
1968079,"6.577048","3.3922224","2026-07-07 15:18:00","9","10","8","61","97","Good"
1968079,"6.5770464","3.3922243","2026-07-07 15:18:01","9","10","8","61","97","Good"
1968079,"6.5770464","3.392225","2026-07-07 15:18:02","9","10","8","61","97","Good"
1968079,"6.5770435","3.392221","2026-07-07 15:18:03","9","10","8","61","97","Good"
1968079,"6.5770426","3.3922184","2026-07-07 15:18:04","9","10","8","61","97","Good"
1968079,"6.5770407","3.3922162","2026-07-07 15:18:05","9","10","8","61","97","Good"
1968079,"6.577041","3.3922164","2026-07-07 15:18:06","9","10","8","61","97","Good"
1968079,"6.577041","3.3922164","2026-07-07 15:18:07","9","10","8","61","97","Good"
1968079,"6.577041","3.3922164","2026-07-07 15:18:08","10","11","10","61","97","Good"
1968079,"6.577037","3.3922133","2026-07-07 15:18:09","9","10","8","61","97","Good"
1968079,"6.577037","3.3922136","2026-07-07 15:18:10","9","10","8","61","97","Good"
1968079,"6.5770335","3.3922129","2026-07-07 15:18:11","9","10","8","61","97","Good"
1968079,"6.5770283","3.3922107","2026-07-07 15:18:12","9","10","8","61","97","Good"
1968079,"6.5770216","3.3922024","2026-07-07 15:18:13","10","11","10","61","97","Good"
1968079,"6.5770164","3.392199","2026-07-07 15:18:14","10","11","10","61","97","Good"
1968079,"6.5770173","3.3921988","2026-07-07 15:18:15","10","11","10","61","97","Good"
1968079,"6.577016","3.3922017","2026-07-07 15:18:16","10","11","10","61","97","Good"
1968079,"6.5770116","3.3921988","2026-07-07 15:18:17","10","11","10","61","97","Good"
1968079,"6.577008","3.3922012","2026-07-07 15:18:18","9","10","8","61","97","Good"
1968079,"6.5770073","3.3922017","2026-07-07 15:18:19","9","10","8","61","97","Good"
1968079,"6.5770044","3.3922017","2026-07-07 15:18:20","9","10","8","61","97","Good"
1968079,"6.577001","3.3921998","2026-07-07 15:18:21","9","10","8","61","97","Good"
1968079,"6.576995","3.3921962","2026-07-07 15:18:22","9","10","8","61","97","Good"
1968079,"6.576988","3.3921955","2026-07-07 15:18:23","9","10","8","61","97","Good"
1968079,"6.5769825","3.3921938","2026-07-07 15:18:24","9","10","8","61","97","Good"
1968079,"6.576976","3.3921893","2026-07-07 15:18:25","9","10","8","61","97","Good"
1968079,"6.576972","3.392188","2026-07-07 15:18:26","9","10","8","61","97","Good"
1968079,"6.5769663","3.392187","2026-07-07 15:18:27","10","11","10","61","97","Good"
1968079,"6.5769615","3.392185","2026-07-07 15:18:28","10","11","10","61","97","Good"
1968079,"6.5769587","3.3921819","2026-07-07 15:18:29","10","11","10","61","97","Good"
1968079,"6.5769544","3.3921802","2026-07-07 15:18:30","10","11","10","61","97","Good"
1968079,"6.5769477","3.3921773","2026-07-07 15:18:31","10","11","10","61","97","Good"
1968079,"6.576943","3.3921747","2026-07-07 15:18:32","10","11","10","61","97","Good"
1968079,"6.5769377","3.3921716","2026-07-07 15:18:33","10","11","10","61","97","Good"
1968079,"6.576932","3.392167","2026-07-07 15:18:34","10","11","10","61","97","Good"
1968079,"6.576928","3.3921633","2026-07-07 15:18:35","10","10","9","61","97","Good"
1968079,"6.5769267","3.3921604","2026-07-07 15:18:36","9","10","8","61","97","Good"
1968079,"6.5769215","3.3921561","2026-07-07 15:18:37","9","10","8","61","97","Good"
1968079,"6.5769176","3.392156","2026-07-07 15:18:38","10","11","10","61","97","Good"
1968079,"6.5769124","3.3921545","2026-07-07 15:18:39","10","11","10","61","97","Good"
1968079,"6.576907","3.3921466","2026-07-07 15:18:40","10","11","10","61","97","Good"
1968079,"6.576903","3.3921447","2026-07-07 15:18:41","9","10","8","61","97","Good"
1968079,"6.5769014","3.3921442","2026-07-07 15:18:42","9","10","8","61","97","Good"
1968079,"6.5769005","3.3921432","2026-07-07 15:18:43","10","11","10","61","97","Good"
1968079,"6.576898","3.3921385","2026-07-07 15:18:44","9","10","8","61","97","Good"
1968079,"6.576897","3.392135","2026-07-07 15:18:45","9","10","8","61","97","Good"
1968079,"6.5768933","3.392131","2026-07-07 15:18:46","9","10","8","61","97","Good"
1968079,"6.576888","3.392131","2026-07-07 15:18:47","9","10","8","61","97","Good"
1968079,"6.576886","3.392131","2026-07-07 15:18:48","9","10","8","61","97","Good"
1968079,"6.5768824","3.3921254","2026-07-07 15:18:49","9","10","8","61","97","Good"
1968079,"6.5768814","3.3921213","2026-07-07 15:18:50","9","10","8","61","97","Good"
1968079,"6.5768733","3.3921182","2026-07-07 15:18:51","9","10","8","61","97","Good"
1968079,"6.576866","3.3921115","2026-07-07 15:18:52","9","10","8","61","97","Good"
1968079,"6.5768576","3.392108","2026-07-07 15:18:53","10","11","10","61","97","Good"
1968079,"6.5768523","3.3921044","2026-07-07 15:18:54","10","11","10","61","97","Good"
1968079,"6.576851","3.3921056","2026-07-07 15:18:55","10","11","10","61","97","Good"
1968079,"6.576847","3.3921049","2026-07-07 15:18:56","10","11","10","61","97","Good"
1968079,"6.5768447","3.392101","2026-07-07 15:18:57","10","11","10","61","97","Good"
1968079,"6.576842","3.3920949","2026-07-07 15:18:58","10","11","10","61","97","Good"
1968079,"6.576836","3.3920853","2026-07-07 15:18:59","9","10","8","61","97","Good"
1968079,"6.5768304","3.3920782","2026-07-07 15:19:00","8","8","7","61","97","Good"
1968079,"6.576826","3.3920755","2026-07-07 15:19:01","8","8","7","61","97","Good"
1968079,"6.576821","3.3920746","2026-07-07 15:19:02","9","10","8","61","97","Good"
1968079,"6.576811","3.3920677","2026-07-07 15:19:03","9","10","8","61","97","Good"
1968079,"6.5768046","3.3920653","2026-07-07 15:19:04","10","11","10","61","97","Good"
1968079,"6.5767975","3.3920574","2026-07-07 15:19:05","10","10","9","61","97","Good"
1968079,"6.5767884","3.392054","2026-07-07 15:19:06","9","10","8","61","97","Good"
1968079,"6.576782","3.392054","2026-07-07 15:19:07","9","10","8","61","97","Good"
1968079,"6.5767703","3.3920505","2026-07-07 15:19:08","8","8","7","61","97","Good"
1968079,"6.5767665","3.3920486","2026-07-07 15:19:09","8","8","7","61","97","Good"
1968079,"6.576763","3.392045","2026-07-07 15:19:10","8","8","7","61","97","Good"
1968079,"6.576753","3.3920405","2026-07-07 15:19:11","8","8","7","61","97","Good"
1968079,"6.5767407","3.392038","2026-07-07 15:19:12","8","8","7","61","97","Good"
1968079,"6.576733","3.3920357","2026-07-07 15:19:13","8","8","7","61","97","Good"
1968079,"6.576722","3.3920343","2026-07-07 15:19:14","8","8","7","61","97","Good"
1968079,"6.5767145","3.392033","2026-07-07 15:19:15","8","8","7","61","97","Good"
1968079,"6.5767097","3.3920312","2026-07-07 15:19:16","8","8","7","61","97","Good"
1968079,"6.5767","3.3920255","2026-07-07 15:19:17","8","8","7","61","97","Good"
1968079,"6.576692","3.3920197","2026-07-07 15:19:18","9","10","8","61","97","Good"
1968079,"6.576682","3.392011","2026-07-07 15:19:19","9","10","8","61","97","Good"
1968079,"6.576676","3.392008","2026-07-07 15:19:20","12","12","11","61","97","Good"
1968079,"6.576667","3.3920057","2026-07-07 15:19:21","12","12","11","61","97","Good"
1968079,"6.576663","3.392006","2026-07-07 15:19:22","12","12","11","61","97","Good"
1968079,"6.5766535","3.3920066","2026-07-07 15:19:23","10","11","10","61","97","Good"
1968079,"6.576644","3.3920057","2026-07-07 15:19:24","10","11","10","61","97","Good"
1968079,"6.576638","3.3920054","2026-07-07 15:19:25","12","12","11","61","97","Good"
1968079,"6.5766315","3.3920007","2026-07-07 15:19:26","12","12","11","61","97","Good"
1968079,"6.5766253","3.3919973","2026-07-07 15:19:27","12","12","11","61","97","Good"
1968079,"6.5766177","3.3919954","2026-07-07 15:19:28","12","12","11","61","97","Good"
1968079,"6.5766125","3.3919947","2026-07-07 15:19:29","12","12","11","61","97","Good"
1968079,"6.5766077","3.3919947","2026-07-07 15:19:30","10","11","10","61","97","Good"
1968079,"6.5765996","3.391997","2026-07-07 15:19:31","10","11","10","61","97","Good"
1968079,"6.5765924","3.3919995","2026-07-07 15:19:32","10","11","10","61","97","Good"
1968079,"6.5765853","3.3920033","2026-07-07 15:19:33","10","11","10","61","97","Good"
1968079,"6.5765777","3.392011","2026-07-07 15:19:34","10","11","10","61","97","Good"
1968079,"6.5765724","3.3920162","2026-07-07 15:19:35","10","11","10","62","97","Good"
1968079,"6.5765696","3.3920221","2026-07-07 15:19:36","10","11","10","62","97","Good"
1968079,"6.576567","3.3920283","2026-07-07 15:19:37","9","10","8","62","97","Good"
1968079,"6.576564","3.392036","2026-07-07 15:19:38","8","8","7","62","97","Good"
1968079,"6.5765576","3.3920496","2026-07-07 15:19:39","8","8","7","62","97","Good"
1968079,"6.576554","3.3920515","2026-07-07 15:19:40","8","8","7","61","97","Good"
1968079,"6.576555","3.3920577","2026-07-07 15:19:41","9","10","8","61","97","Good"
1968079,"6.576555","3.3920615","2026-07-07 15:19:42","9","10","8","61","97","Good"
1968079,"6.5765533","3.3920658","2026-07-07 15:19:43","8","8","7","61","97","Good"
1968079,"6.576553","3.39207","2026-07-07 15:19:44","8","8","7","61","97","Good"
1968079,"6.5765524","3.392077","2026-07-07 15:19:45","8","8","7","61","97","Good"
1968079,"6.576552","3.392079","2026-07-07 15:19:46","7","7","6","61","97","Good"
1968079,"6.576554","3.3920748","2026-07-07 15:19:47","7","7","6","61","97","Good"
1968079,"6.576554","3.392082","2026-07-07 15:19:48","7","7","6","61","97","Good"
1968079,"6.5765533","3.3920858","2026-07-07 15:19:49","7","7","6","61","97","Good"
1968079,"6.576557","3.3920856","2026-07-07 15:19:50","7","7","6","61","97","Good"
1968079,"6.576558","3.3920894","2026-07-07 15:19:51","7","7","6","61","97","Good"
1968079,"6.57656","3.3920913","2026-07-07 15:19:52","7","7","6","61","97","Good"
1968079,"6.57656","3.3920894","2026-07-07 15:19:53","7","7","6","61","97","Good"
1968079,"6.57656","3.3920891","2026-07-07 15:19:54","7","7","6","61","97","Good"
1968079,"6.576561","3.39209","2026-07-07 15:19:55","8","8","7","61","97","Good"
1968079,"6.576561","3.3920915","2026-07-07 15:19:56","8","8","7","61","97","Good"
1968079,"6.576561","3.3920913","2026-07-07 15:19:57","8","8","7","61","97","Good"
1968079,"6.576562","3.3920913","2026-07-07 15:19:58","9","10","8","61","97","Good"
1968079,"6.576563","3.3920925","2026-07-07 15:19:59","9","10","8","61","97","Good"
1968079,"6.5765634","3.3920932","2026-07-07 15:20:00","9","10","8","61","97","Good"
1968079,"6.5765615","3.3920956","2026-07-07 15:20:01","9","10","8","61","97","Good"
1968079,"6.5765567","3.392099","2026-07-07 15:20:02","9","10","8","61","97","Good"
1968079,"6.576558","3.392095","2026-07-07 15:20:03","9","10","8","61","97","Good"
1968079,"6.5765553","3.3921025","2026-07-07 15:20:04","9","10","8","61","97","Good"
1968079,"6.5765486","3.3921099","2026-07-07 15:20:05","10","11","10","61","97","Good"
1968079,"6.5765467","3.392115","2026-07-07 15:20:06","10","11","10","61","97","Good"
1968079,"6.576543","3.3921247","2026-07-07 15:20:07","10","11","10","61","97","Good"
1968079,"6.5765395","3.392129","2026-07-07 15:20:08","10","11","10","61","97","Good"
1968079,"6.5765376","3.3921304","2026-07-07 15:20:09","10","11","10","61","97","Good"
1968079,"6.576535","3.3921323","2026-07-07 15:20:10","10","11","10","61","97","Good"
1968079,"6.5765333","3.3921382","2026-07-07 15:20:11","10","11","10","61","97","Good"
1968079,"6.5765333","3.3921435","2026-07-07 15:20:12","10","11","10","61","97","Good"
1968079,"6.576529","3.392144","2026-07-07 15:20:13","9","10","8","61","97","Good"
1968079,"6.5765233","3.3921468","2026-07-07 15:20:14","8","8","7","61","97","Good"
1968079,"6.5765185","3.3921509","2026-07-07 15:20:15","8","8","7","61","97","Good"
1968079,"6.5765133","3.3921561","2026-07-07 15:20:16","9","10","8","61","97","Good"
1968079,"6.5765104","3.392162","2026-07-07 15:20:17","9","10","8","61","97","Good"
1968079,"6.576508","3.392169","2026-07-07 15:20:18","9","10","8","61","97","Good"
1968079,"6.5765047","3.3921719","2026-07-07 15:20:19","8","8","7","61","97","Good"
1968079,"6.5765023","3.3921754","2026-07-07 15:20:20","8","8","7","61","97","Good"
1968079,"6.5764995","3.3921812","2026-07-07 15:20:21","8","8","7","61","97","Good"
1968079,"6.5764976","3.3921843","2026-07-07 15:20:22","8","8","7","61","97","Good"
1968079,"6.5764956","3.3921914","2026-07-07 15:20:23","8","8","7","61","97","Good"
1968079,"6.576494","3.3921974","2026-07-07 15:20:24","8","8","7","61","97","Good"
1968079,"6.576492","3.3922036","2026-07-07 15:20:25","10","10","9","61","97","Good"
1968079,"6.5764904","3.3922064","2026-07-07 15:20:26","10","11","10","61","97","Good"
1968079,"6.5764875","3.392215","2026-07-07 15:20:27","10","11","10","61","97","Good"
1968079,"6.576485","3.3922188","2026-07-07 15:20:28","9","10","8","61","97","Good"
1968079,"6.5764832","3.3922234","2026-07-07 15:20:29","9","10","8","61","97","Good"
1968079,"6.5764813","3.3922296","2026-07-07 15:20:30","9","10","8","61","97","Good"
1968079,"6.57648","3.3922353","2026-07-07 15:20:31","9","10","8","61","97","Good"
1968079,"6.5764766","3.392242","2026-07-07 15:20:32","9","10","8","61","97","Good"
1968079,"6.5764737","3.3922474","2026-07-07 15:20:33","9","10","8","61","97","Good"
1968079,"6.5764713","3.3922517","2026-07-07 15:20:34","9","10","8","61","97","Good"
1968079,"6.5764694","3.3922558","2026-07-07 15:20:35","9","10","8","61","97","Good"
1968079,"6.5764666","3.3922603","2026-07-07 15:20:36","9","10","8","61","97","Good"
1968079,"6.5764637","3.392266","2026-07-07 15:20:37","9","10","8","61","97","Good"
1968079,"6.5764613","3.392269","2026-07-07 15:20:38","9","10","8","61","97","Good"
1968079,"6.576459","3.3922744","2026-07-07 15:20:39","9","10","8","61","97","Good"
1968079,"6.576457","3.392279","2026-07-07 15:20:40","10","10","9","61","97","Good"
1968079,"6.5764575","3.3922815","2026-07-07 15:20:41","10","11","10","61","97","Good"
1968079,"6.576456","3.392285","2026-07-07 15:20:42","9","10","8","61","97","Good"
1968079,"6.576455","3.3922899","2026-07-07 15:20:43","9","10","8","61","97","Good"
1968079,"6.576453","3.3922925","2026-07-07 15:20:44","8","8","7","61","97","Good"
1968079,"6.5764513","3.3922963","2026-07-07 15:20:45","8","8","7","61","97","Good"
1968079,"6.5764494","3.3922985","2026-07-07 15:20:46","8","8","7","61","97","Good"
1968079,"6.576451","3.3922968","2026-07-07 15:20:47","8","8","7","61","97","Good"
1968079,"6.576451","3.3922975","2026-07-07 15:20:48","8","8","7","61","97","Good"
1968079,"6.576451","3.392297","2026-07-07 15:20:49","8","8","7","61","97","Good"
1968079,"6.576451","3.392297","2026-07-07 15:20:50","8","8","7","61","97","Good"
1968079,"6.5764503","3.3922966","2026-07-07 15:20:51","9","10","8","61","97","Good"
1968079,"6.576451","3.392296","2026-07-07 15:20:52","9","10","8","61","97","Good"
1968079,"6.57645","3.3922966","2026-07-07 15:20:53","9","10","8","61","97","Good"
1968079,"6.576451","3.3922966","2026-07-07 15:20:54","9","10","8","62","97","Good"
1968079,"6.5764503","3.3922975","2026-07-07 15:20:55","9","10","8","62","97","Good"
1968079,"6.5764503","3.3922975","2026-07-07 15:20:56","9","10","8","62","97","Good"
1968079,"6.5764503","3.3922975","2026-07-07 15:20:57","9","10","8","62","97","Good"
1968079,"6.576443","3.3923087","2026-07-07 15:20:58","9","10","8","62","97","Good"
1968079,"6.5764356","3.3923159","2026-07-07 15:20:59","9","10","8","62","97","Good"
1968079,"6.5764337","3.3923082","2026-07-07 15:21:00","9","10","8","62","97","Good"
1968079,"6.576423","3.3923106","2026-07-07 15:21:01","9","10","8","62","97","Good"
1968079,"6.576421","3.392316","2026-07-07 15:21:02","10","11","10","62","97","Good"
1968079,"6.576417","3.392321","2026-07-07 15:21:03","10","11","10","62","97","Good"
1968079,"6.576413","3.3923283","2026-07-07 15:21:04","10","11","10","62","97","Good"
1968079,"6.5764117","3.3923347","2026-07-07 15:21:05","10","11","10","62","97","Good"
1968079,"6.5764112","3.3923385","2026-07-07 15:21:06","10","11","10","62","97","Good"
1968079,"6.5764093","3.3923454","2026-07-07 15:21:07","10","11","10","62","97","Good"
1968079,"6.5764074","3.3923535","2026-07-07 15:21:08","10","11","10","62","97","Good"
1968079,"6.5764065","3.392357","2026-07-07 15:21:09","9","10","8","62","97","Good"
1968079,"6.576405","3.3923633","2026-07-07 15:21:10","10","10","9","62","97","Good"
1968079,"6.5764036","3.3923702","2026-07-07 15:21:11","10","11","10","62","97","Good"
1968079,"6.576403","3.3923771","2026-07-07 15:21:12","10","11","10","62","97","Good"
1968079,"6.576403","3.3923824","2026-07-07 15:21:13","10","11","10","62","97","Good"
1968079,"6.5764008","3.3923893","2026-07-07 15:21:14","10","11","10","62","97","Good"
1968079,"6.576399","3.3923955","2026-07-07 15:21:15","10","11","10","62","97","Good"
1968079,"6.576397","3.3924007","2026-07-07 15:21:16","9","10","8","62","97","Good"
1968079,"6.576395","3.3924067","2026-07-07 15:21:17","9","10","8","62","97","Good"
1968079,"6.576392","3.3924115","2026-07-07 15:21:18","9","10","8","62","97","Good"
1968079,"6.5763893","3.392418","2026-07-07 15:21:19","9","10","8","62","97","Good"
1968079,"6.5763865","3.3924246","2026-07-07 15:21:20","9","10","8","62","97","Good"
1968079,"6.576384","3.3924294","2026-07-07 15:21:21","9","10","8","62","97","Good"
1968079,"6.5763817","3.3924344","2026-07-07 15:21:22","10","11","10","62","97","Good"
1968079,"6.57638","3.3924408","2026-07-07 15:21:23","10","11","10","62","97","Good"
1968079,"6.576377","3.392447","2026-07-07 15:21:24","10","11","10","61","97","Good"
1968079,"6.576373","3.392453","2026-07-07 15:21:25","10","11","10","61","97","Good"
1968079,"6.576371","3.3924568","2026-07-07 15:21:26","10","11","10","61","97","Good"
1968079,"6.57637","3.3924606","2026-07-07 15:21:27","10","11","10","61","97","Good"
1968079,"6.576368","3.3924634","2026-07-07 15:21:28","12","12","11","61","97","Good"
1968079,"6.576367","3.3924675","2026-07-07 15:21:29","12","12","11","61","97","Good"
1968079,"6.5763636","3.3924713","2026-07-07 15:21:30","10","11","10","61","97","Good"
1968079,"6.576357","3.3924773","2026-07-07 15:21:31","10","11","10","61","97","Good"
1968079,"6.576356","3.3924818","2026-07-07 15:21:32","10","11","10","61","97","Good"
1968079,"6.5763555","3.392483","2026-07-07 15:21:33","10","11","10","61","97","Good"
1968079,"6.5763535","3.3924856","2026-07-07 15:21:34","9","10","8","61","97","Good"
1968079,"6.576353","3.3924856","2026-07-07 15:21:35","8","8","7","61","97","Good"
1968079,"6.5763526","3.3924887","2026-07-07 15:21:36","8","8","7","61","97","Good"
1968079,"6.576351","3.3924906","2026-07-07 15:21:37","9","10","8","61","97","Good"
1968079,"6.576349","3.3924932","2026-07-07 15:21:38","9","10","8","61","97","Good"
1968079,"6.576349","3.392495","2026-07-07 15:21:39","10","11","10","61","97","Good"
1968079,"6.5763493","3.3924959","2026-07-07 15:21:40","10","11","10","61","97","Good"
1968079,"6.5763497","3.3924956","2026-07-07 15:21:41","10","11","10","61","97","Good"
1968079,"6.5763497","3.392498","2026-07-07 15:21:42","10","11","10","61","97","Good"
1968079,"6.5763493","3.3924985","2026-07-07 15:21:43","10","11","10","61","97","Good"
1968079,"6.5763474","3.392501","2026-07-07 15:21:44","10","11","10","61","97","Good"
1968079,"6.576344","3.392506","2026-07-07 15:21:45","10","11","10","61","97","Good"
1968079,"6.576338","3.3925104","2026-07-07 15:21:46","8","8","7","61","97","Good"
1968079,"6.576336","3.3925145","2026-07-07 15:21:47","9","10","8","61","97","Good"
1968079,"6.5763326","3.392519","2026-07-07 15:21:48","9","10","8","61","97","Good"
1968079,"6.576325","3.392527","2026-07-07 15:21:49","9","10","8","61","97","Good"
1968079,"6.576324","3.3925276","2026-07-07 15:21:50","9","10","8","61","97","Good"
1968079,"6.576318","3.3925316","2026-07-07 15:21:51","9","10","8","61","97","Good"
1968079,"6.576317","3.3925366","2026-07-07 15:21:52","9","10","8","61","97","Good"
1968079,"6.5763144","3.3925416","2026-07-07 15:21:53","9","10","8","61","97","Good"
1968079,"6.576312","3.3925476","2026-07-07 15:21:54","9","10","8","62","97","Good"
1968079,"6.57631","3.3925567","2026-07-07 15:21:55","9","10","8","62","97","Good"
1968079,"6.576309","3.3925636","2026-07-07 15:21:56","9","10","8","62","97","Good"
1968079,"6.576307","3.392572","2026-07-07 15:21:57","9","10","8","62","97","Good"
1968079,"6.576302","3.3925762","2026-07-07 15:21:58","9","10","8","62","97","Good"
1968079,"6.5762973","3.392582","2026-07-07 15:21:59","9","10","8","62","97","Good"
1968079,"6.5762897","3.3925838","2026-07-07 15:22:00","9","10","8","62","97","Good"
1968079,"6.576281","3.392585","2026-07-07 15:22:01","10","11","10","62","97","Good"
1968079,"6.576273","3.3925867","2026-07-07 15:22:02","10","11","10","62","97","Good"
1968079,"6.5762672","3.3925884","2026-07-07 15:22:03","10","11","10","62","97","Good"
1968079,"6.5762634","3.3925893","2026-07-07 15:22:04","10","11","10","62","97","Good"
1968079,"6.576254","3.3925948","2026-07-07 15:22:05","10","11","10","61","97","Good"
1968079,"6.5762467","3.3925977","2026-07-07 15:22:06","10","11","10","61","97","Good"
1968079,"6.576236","3.392602","2026-07-07 15:22:07","10","11","10","61","97","Good"
1968079,"6.576229","3.3926003","2026-07-07 15:22:08","10","11","10","61","97","Good"
1968079,"6.576222","3.3925996","2026-07-07 15:22:09","10","11","10","61","97","Good"
1968079,"6.576214","3.3925996","2026-07-07 15:22:10","10","11","10","61","97","Good"
1968079,"6.576206","3.392598","2026-07-07 15:22:11","10","11","10","61","97","Good"
1968079,"6.5762","3.3925962","2026-07-07 15:22:12","10","11","10","61","97","Good"
1968079,"6.576194","3.3925939","2026-07-07 15:22:13","10","11","10","61","97","Good"
1968079,"6.576188","3.3925915","2026-07-07 15:22:14","9","10","8","61","97","Good"
1968079,"6.576182","3.3925903","2026-07-07 15:22:15","9","10","8","61","97","Good"
1968079,"6.576177","3.3925884","2026-07-07 15:22:16","10","11","10","61","97","Good"
1968079,"6.576175","3.392589","2026-07-07 15:22:17","10","11","10","61","97","Good"
1968079,"6.576169","3.3925831","2026-07-07 15:22:18","10","11","10","61","97","Good"
1968079,"6.5761614","3.3925855","2026-07-07 15:22:19","10","11","10","61","97","Good"
1968079,"6.5761538","3.3925817","2026-07-07 15:22:20","10","11","10","61","97","Good"
1968079,"6.576146","3.3925793","2026-07-07 15:22:21","10","11","10","61","97","Good"
1968079,"6.5761423","3.392579","2026-07-07 15:22:22","10","11","10","61","97","Good"
1968079,"6.576136","3.3925767","2026-07-07 15:22:23","10","11","10","61","97","Good"
1968079,"6.5761313","3.3925745","2026-07-07 15:22:24","10","11","10","61","97","Good"
1968079,"6.5761285","3.3925722","2026-07-07 15:22:25","10","11","10","61","97","Good"
1968079,"6.576122","3.3925683","2026-07-07 15:22:26","9","10","8","61","97","Good"
1968079,"6.5761175","3.3925664","2026-07-07 15:22:27","9","10","8","61","97","Good"
1968079,"6.5761127","3.3925638","2026-07-07 15:22:28","9","10","8","61","97","Good"
1968079,"6.57611","3.3925614","2026-07-07 15:22:29","9","10","8","61","97","Good"
1968079,"6.576105","3.3925598","2026-07-07 15:22:30","9","10","8","61","97","Good"
1968079,"6.5761023","3.3925595","2026-07-07 15:22:31","10","11","10","61","97","Good"
1968079,"6.576097","3.3925586","2026-07-07 15:22:32","10","11","10","61","97","Good"
1968079,"6.576092","3.3925579","2026-07-07 15:22:33","10","11","10","61","97","Good"
1968079,"6.576084","3.3925538","2026-07-07 15:22:34","10","11","10","61","97","Good"
1968079,"6.576078","3.392549","2026-07-07 15:22:35","10","11","10","61","97","Good"
1968079,"6.576073","3.392547","2026-07-07 15:22:36","10","11","10","61","97","Good"
1968079,"6.5760674","3.392544","2026-07-07 15:22:37","9","10","8","61","97","Good"
1968079,"6.576062","3.3925424","2026-07-07 15:22:38","10","10","9","61","97","Good"
1968079,"6.5760574","3.3925385","2026-07-07 15:22:39","10","11","10","61","97","Good"
1968079,"6.5760527","3.3925338","2026-07-07 15:22:40","9","10","8","61","97","Good"
1968079,"6.576047","3.3925319","2026-07-07 15:22:41","9","10","8","61","97","Good"
1968079,"6.5760417","3.3925302","2026-07-07 15:22:42","10","11","10","61","97","Good"
1968079,"6.576035","3.3925283","2026-07-07 15:22:43","10","11","10","61","97","Good"
1968079,"6.576029","3.3925269","2026-07-07 15:22:44","10","11","10","61","97","Good"
1968079,"6.576023","3.3925245","2026-07-07 15:22:45","10","11","10","61","97","Good"
1968079,"6.576018","3.3925216","2026-07-07 15:22:46","10","11","10","61","97","Good"
1968079,"6.5760164","3.392517","2026-07-07 15:22:47","10","11","10","61","97","Good"
1968079,"6.5760117","3.392508","2026-07-07 15:22:48","10","11","10","61","97","Good"
1968079,"6.576004","3.3925006","2026-07-07 15:22:49","10","11","10","61","97","Good"
1968079,"6.5760064","3.3925004","2026-07-07 15:22:50","10","11","10","61","97","Good"
1968079,"6.575997","3.392493","2026-07-07 15:22:51","12","12","11","61","97","Good"
1968079,"6.575993","3.39249","2026-07-07 15:22:52","12","12","11","62","97","Good"
1968079,"6.575992","3.3924868","2026-07-07 15:22:53","12","12","11","62","97","Good"
1968079,"6.5759864","3.3924804","2026-07-07 15:22:54","12","12","11","62","97","Good"
1968079,"6.575982","3.3924742","2026-07-07 15:22:55","12","12","11","62","97","Good"
1968079,"6.5759788","3.392473","2026-07-07 15:22:56","12","12","11","62","97","Good"
1968079,"6.575972","3.3924687","2026-07-07 15:22:57","12","12","11","62","97","Good"
1968079,"6.575966","3.392465","2026-07-07 15:22:58","12","12","11","62","97","Good"
1968079,"6.5759616","3.3924627","2026-07-07 15:22:59","12","12","11","62","97","Good"
1968079,"6.575957","3.3924572","2026-07-07 15:23:00","12","12","11","62","97","Good"
1968079,"6.575948","3.3924491","2026-07-07 15:23:01","12","12","11","62","97","Good"
1968079,"6.575943","3.3924446","2026-07-07 15:23:02","12","12","11","62","97","Good"
1968079,"6.575945","3.3924444","2026-07-07 15:23:03","9","10","8","62","97","Good"
1968079,"6.5759387","3.3924384","2026-07-07 15:23:04","9","10","8","62","97","Good"
1968079,"6.5759325","3.3924346","2026-07-07 15:23:05","9","10","8","62","97","Good"
1968079,"6.5759277","3.3924313","2026-07-07 15:23:06","9","10","8","62","97","Good"
1968079,"6.575922","3.392426","2026-07-07 15:23:07","10","11","10","62","97","Good"
1968079,"6.5759125","3.3924222","2026-07-07 15:23:08","10","11","10","62","97","Good"
1968079,"6.575908","3.392422","2026-07-07 15:23:09","10","11","10","62","97","Good"
1968079,"6.5759068","3.3924212","2026-07-07 15:23:10","10","11","10","62","97","Good"
1968079,"6.5758986","3.3924174","2026-07-07 15:23:11","10","11","10","62","97","Good"
1968079,"6.5758896","3.3924146","2026-07-07 15:23:12","10","11","10","62","97","Good"
1968079,"6.5758853","3.3924134","2026-07-07 15:23:13","10","11","10","62","97","Good"
1968079,"6.5758796","3.392412","2026-07-07 15:23:14","10","11","10","62","97","Good"
1968079,"6.5758696","3.3924065","2026-07-07 15:23:15","10","11","10","62","97","Good"
1968079,"6.5758653","3.392404","2026-07-07 15:23:16","10","11","10","62","97","Good"
1968079,"6.575859","3.3924015","2026-07-07 15:23:17","10","11","10","62","97","Good"
1968079,"6.5758495","3.3923976","2026-07-07 15:23:18","10","11","10","62","97","Good"
1968079,"6.57584","3.3923945","2026-07-07 15:23:19","9","10","8","62","97","Good"
1968079,"6.575834","3.3923936","2026-07-07 15:23:20","9","10","8","62","97","Good"
1968079,"6.575833","3.392395","2026-07-07 15:23:21","9","10","8","62","97","Good"
1968079,"6.575826","3.392395","2026-07-07 15:23:22","10","11","10","62","97","Good"
1968079,"6.575823","3.392397","2026-07-07 15:23:23","10","11","10","62","97","Good"
1968079,"6.575815","3.392393","2026-07-07 15:23:24","10","11","10","62","97","Good"
1968079,"6.5758057","3.3923876","2026-07-07 15:23:25","10","11","10","62","97","Good"
1968079,"6.5758","3.3923807","2026-07-07 15:23:26","10","11","10","62","97","Good"
1968079,"6.575798","3.3923728","2026-07-07 15:23:27","10","11","10","61","97","Good"
1968079,"6.5757957","3.3923697","2026-07-07 15:23:28","10","11","10","61","97","Good"
1968079,"6.575785","3.3923686","2026-07-07 15:23:29","10","11","10","61","97","Good"
1968079,"6.5757756","3.3923633","2026-07-07 15:23:30","10","11","10","61","97","Good"
1968079,"6.57576","3.3923578","2026-07-07 15:23:32","10",NULL,NULL,NULL,NULL,"Good"
1968079,"6.5757523","3.3923547","2026-07-07 15:23:33","10","11","10","61","97","Good"
1968079,"6.5757427","3.3923478","2026-07-07 15:23:34","10","11","10","61","97","Good"
1968079,"6.5757346","3.392346","2026-07-07 15:23:35","10","11","10","61","97","Good"
1968079,"6.5757303","3.392343","2026-07-07 15:23:36","10","11","10","61","97","Good"
1968079,"6.5757217","3.3923385","2026-07-07 15:23:37","10","11","10","61","97","Good"
1968079,"6.575712","3.3923385","2026-07-07 15:23:38","12","12","11","61","97","Good"
1968079,"6.575706","3.3923364","2026-07-07 15:23:39","10","11","10","61","97","Good"
1968079,"6.575698","3.3923337","2026-07-07 15:23:40","9","10","8","61","97","Good"
1968079,"6.5756874","3.3923306","2026-07-07 15:23:41","9","10","8","61","97","Good"
1968079,"6.5756807","3.3923268","2026-07-07 15:23:42","9","10","8","61","97","Good"
1968079,"6.5756736","3.3923233","2026-07-07 15:23:43","9","10","8","61","97","Good"
1968079,"6.5756664","3.3923209","2026-07-07 15:23:44","9","10","8","61","97","Good"
1968079,"6.57566","3.3923182","2026-07-07 15:23:45","10","11","10","61","97","Good"
1968079,"6.5756516","3.3923166","2026-07-07 15:23:46","10","11","10","61","97","Good"
1968079,"6.5756435","3.392315","2026-07-07 15:23:47","10","11","10","61","97","Good"
1968079,"6.575637","3.3923128","2026-07-07 15:23:48","10","11","10","61","97","Good"
1968079,"6.5756283","3.39231","2026-07-07 15:23:49","10","11","10","61","97","Good"
1968079,"6.575625","3.3923068","2026-07-07 15:23:50","10","11","10","61","97","Good"
1968079,"6.575616","3.3923025","2026-07-07 15:23:51","10","11","10","61","97","Good"
1968079,"6.575609","3.392299","2026-07-07 15:23:52","10","11","10","61","97","Good"
1968079,"6.575606","3.3922987","2026-07-07 15:23:53","10","11","10","61","97","Good"
1968079,"6.5756035","3.3922985","2026-07-07 15:23:54","12","12","11","61","97","Good"
1968079,"6.5755997","3.392298","2026-07-07 15:23:55","12","12","11","61","97","Good"
1968079,"6.575594","3.392298","2026-07-07 15:23:56","10","11","10","61","97","Good"
1968079,"6.5755863","3.3922977","2026-07-07 15:23:57","10","11","10","61","97","Good"
1968079,"6.57558","3.392297","2026-07-07 15:23:58","12","12","11","61","97","Good"
1968079,"6.5755744","3.3922963","2026-07-07 15:23:59","12","12","11","61","97","Good"
1968079,"6.575569","3.3922932","2026-07-07 15:24:00","12","12","11","61","97","Good"
1968079,"6.575564","3.392289","2026-07-07 15:24:01","12","12","11","61","97","Good"
1968079,"6.5755606","3.392287","2026-07-07 15:24:02","12","12","11","61","97","Good"
1968079,"6.575554","3.3922837","2026-07-07 15:24:03","12","12","11","61","97","Good"
1968079,"6.5755515","3.3922813","2026-07-07 15:24:04","12","12","11","61","97","Good"
1968079,"6.5755467","3.3922772","2026-07-07 15:24:05","12","12","11","61","97","Good"
1968079,"6.575544","3.3922734","2026-07-07 15:24:06","12","12","11","61","97","Good"
1968079,"6.5755424","3.3922727","2026-07-07 15:24:07","12","12","11","61","97","Good"
1968079,"6.5755396","3.3922677","2026-07-07 15:24:08","12","12","11","61","97","Good"
1968079,"6.5755367","3.3922637","2026-07-07 15:24:09","12","12","11","61","97","Good"
1968079,"6.5755363","3.3922613","2026-07-07 15:24:10","10","11","10","61","97","Good"
1968079,"6.5755367","3.39226","2026-07-07 15:24:11","10","11","10","61","97","Good"
1968079,"6.5755324","3.392254","2026-07-07 15:24:12","10","11","10","61","97","Good"
1968079,"6.5755286","3.3922505","2026-07-07 15:24:13","10","11","10","61","97","Good"
1968079,"6.5755253","3.3922443","2026-07-07 15:24:14","10","11","10","61","97","Good"
1968079,"6.575522","3.3922417","2026-07-07 15:24:15","9","10","8","61","97","Good"
1968079,"6.5755177","3.3922393","2026-07-07 15:24:16","9","10","8","61","97","Good"
1968079,"6.5755196","3.3922427","2026-07-07 15:24:17","9","10","8","61","97","Good"
1968079,"6.575521","3.3922417","2026-07-07 15:24:18","9","10","8","62","97","Good"
1968079,"6.57552","3.3922422","2026-07-07 15:24:19","10","11","10","62","97","Good"
1968079,"6.5755205","3.3922424","2026-07-07 15:24:20","10","11","10","62","97","Good"
1968079,"6.575521","3.392244","2026-07-07 15:24:21","12","12","11","62","97","Good"
1968079,"6.57552","3.3922446","2026-07-07 15:24:22","10","11","10","62","97","Good"
1968079,"6.5755186","3.3922443","2026-07-07 15:24:23","10","11","10","61","97","Good"
1968079,"6.575514","3.3922431","2026-07-07 15:24:24","10","11","10","61","97","Good"
1968079,"6.5755076","3.392241","2026-07-07 15:24:25","10","11","10","61","97","Good"
1968079,"6.5755014","3.3922381","2026-07-07 15:24:26","10","11","10","61","97","Good"
1968079,"6.575495","3.3922355","2026-07-07 15:24:27","11","11","10","61","97","Good"
1968079,"6.57549","3.392232","2026-07-07 15:24:28","12","12","11","61","97","Good"
1968079,"6.575486","3.3922284","2026-07-07 15:24:29","12","12","11","61","97","Good"
1968079,"6.5754814","3.392224","2026-07-07 15:24:30","10","11","10","61","97","Good"
1968079,"6.575477","3.3922217","2026-07-07 15:24:31","10","11","10","61","97","Good"
1968079,"6.575472","3.3922176","2026-07-07 15:24:32","10","11","10","61","97","Good"
1968079,"6.5754657","3.3922136","2026-07-07 15:24:33","10","11","10","61","97","Good"
1968079,"6.575461","3.3922122","2026-07-07 15:24:34","10","11","10","61","97","Good"
1968079,"6.575455","3.3922102","2026-07-07 15:24:35","10","10","9","61","97","Good"
1968079,"6.5754485","3.3922064","2026-07-07 15:24:36","9","10","8","61","97","Good"
1968079,"6.575445","3.392205","2026-07-07 15:24:37","9","10","8","61","97","Good"
1968079,"6.575439","3.392202","2026-07-07 15:24:38","9","10","8","61","97","Good"
1968079,"6.5754323","3.3921995","2026-07-07 15:24:39","10","11","10","61","97","Good"
1968079,"6.575427","3.3921983","2026-07-07 15:24:40","12","12","11","61","97","Good"
1968079,"6.575422","3.392196","2026-07-07 15:24:41","12","12","11","61","97","Good"
1968079,"6.575416","3.392194","2026-07-07 15:24:42","12","12","11","61","97","Good"
1968079,"6.5754113","3.392192","2026-07-07 15:24:43","12","12","11","61","97","Good"
1968079,"6.5754075","3.39219","2026-07-07 15:24:44","12","12","11","61","97","Good"
1968079,"6.575403","3.3921866","2026-07-07 15:24:45","12","12","11","62","97","Good"
1968079,"6.575398","3.3921866","2026-07-07 15:24:46","12","12","11","62","97","Good"
1968079,"6.5753965","3.3921854","2026-07-07 15:24:47","12","12","11","62","97","Good"
1968079,"6.5753946","3.392184","2026-07-07 15:24:48","12","12","11","62","97","Good"
1968079,"6.5753865","3.3921819","2026-07-07 15:24:49","12","12","11","62","97","Good"
1968079,"6.5753865","3.3921802","2026-07-07 15:24:50","10","11","10","62","97","Good"
1968079,"6.5753756","3.3921788","2026-07-07 15:24:51","10","11","10","62","97","Good"
1968079,"6.5753694","3.3921778","2026-07-07 15:24:52","10","11","10","62","97","Good"
1968079,"6.575363","3.3921738","2026-07-07 15:24:53","10","11","10","62","97","Good"
1968079,"6.5753574","3.3921719","2026-07-07 15:24:54","12","12","11","62","97","Good"
1968079,"6.575351","3.3921664","2026-07-07 15:24:55","12","12","11","62","97","Good"
1968079,"6.5753474","3.3921638","2026-07-07 15:24:56","11","11","10","62","97","Good"
1968079,"6.5753427","3.3921616","2026-07-07 15:24:57","10","11","10","62","97","Good"
1968079,"6.5753365","3.3921614","2026-07-07 15:24:58","10","11","10","62","97","Good"
1968079,"6.575328","3.3921616","2026-07-07 15:24:59","10","11","10","62","97","Good"
1968079,"6.575323","3.3921616","2026-07-07 15:25:00","12","12","11","62","97","Good"
1968079,"6.5753183","3.3921611","2026-07-07 15:25:01","12","12","11","62","97","Good"
1968079,"6.575316","3.3921592","2026-07-07 15:25:02","12","12","11","62","97","Good"
1968079,"6.5753093","3.3921573","2026-07-07 15:25:03","12","12","11","62","97","Good"
1968079,"6.5753036","3.392154","2026-07-07 15:25:04","12","12","11","62","97","Good"
1968079,"6.575299","3.3921502","2026-07-07 15:25:05","10","11","10","62","97","Good"
1968079,"6.5752954","3.3921473","2026-07-07 15:25:06","12","12","11","62","97","Good"
1968079,"6.57529","3.3921432","2026-07-07 15:25:07","12","12","11","62","97","Good"
1968079,"6.5752826","3.3921375","2026-07-07 15:25:08","10","11","10","62","97","Good"
1968079,"6.575278","3.3921347","2026-07-07 15:25:09","10","11","10","62","97","Good"
1968079,"6.575272","3.3921306","2026-07-07 15:25:10","10","11","10","62","97","Good"
1968079,"6.5752664","3.3921282","2026-07-07 15:25:11","10","11","10","62","97","Good"
1968079,"6.5752606","3.3921242","2026-07-07 15:25:12","12","12","11","62","97","Good"
1968079,"6.5752544","3.3921213","2026-07-07 15:25:13","12","12","11","62","97","Good"
1968079,"6.5752473","3.392117","2026-07-07 15:25:14","12","12","11","62","97","Good"
1968079,"6.575241","3.3921134","2026-07-07 15:25:15","10","11","10","62","97","Good"
1968079,"6.575239","3.392112","2026-07-07 15:25:16","10","11","10","62","97","Good"
1968079,"6.575235","3.3921049","2026-07-07 15:25:17","10","11","10","62","97","Good"
1968079,"6.575232","3.3921044","2026-07-07 15:25:18","10","11","10","62","97","Good"
1968079,"6.5752254","3.392102","2026-07-07 15:25:19","10","11","10","62","97","Good"
1968079,"6.575223","3.392102","2026-07-07 15:25:20","12","12","11","62","97","Good"
1968079,"6.5752172","3.3920953","2026-07-07 15:25:21","12","12","11","62","97","Good"
1968079,"6.5752087","3.3920887","2026-07-07 15:25:23","12",NULL,NULL,NULL,"97","Good"
1968079,"6.575205","3.392084","2026-07-07 15:25:24","10","11","10","62","97","Good"
1968079,"6.575201","3.3920774","2026-07-07 15:25:25","10","11","10","62","97","Good"
1968079,"6.5751905","3.3920684","2026-07-07 15:25:26","12","12","11","62","97","Good"
1968079,"6.5751867","3.3920693","2026-07-07 15:25:27","12","12","11","62","97","Good"
1968079,"6.5751815","3.3920662","2026-07-07 15:25:28","12","12","11","62","97","Good"
1968079,"6.5751824","3.3920634","2026-07-07 15:25:29","12","12","11","62","97","Good"
1968079,"6.575171","3.392065","2026-07-07 15:25:30","12","12","11","62","97","Good"
1968079,"6.5751667","3.3920588","2026-07-07 15:25:31","13","13","12","62","97","Moderate"
1968079,"6.575165","3.392057","2026-07-07 15:25:32","13","13","12","62","97","Moderate"
1968079,"6.5751595","3.392056","2026-07-07 15:25:33","13","13","12","62","96","Moderate"
1968079,"6.575149","3.392052","2026-07-07 15:25:34","13","13","12","62","97","Moderate"
1968079,"6.5751414","3.3920493","2026-07-07 15:25:35","13","13","12","62","97","Moderate"
1968079,"6.575138","3.392051","2026-07-07 15:25:36","13","13","12","62","97","Moderate"
1968079,"6.5751314","3.3920498","2026-07-07 15:25:37","13","13","12","62","97","Moderate"
1968079,"6.5751233","3.392046","2026-07-07 15:25:41","13","13","12","62","97","Moderate"
1968079,"6.5751243","3.3920462","2026-07-07 15:25:42","13","13","12","62","97","Moderate"
1968079,"6.5751233","3.3920448","2026-07-07 15:25:43","14","14","13","62","97","Moderate"
1968079,"6.575121","3.3920481","2026-07-07 15:25:44","14","14","13","62","97","Moderate"
1968079,"6.57512","3.3920438","2026-07-07 15:25:45","13","13","12","62","97","Moderate"
1968079,"6.5751204","3.3920445","2026-07-07 15:25:46","13","13","12","62","97","Moderate"
1968079,"6.5751204","3.3920436","2026-07-07 15:25:47","13","13","12","62","97","Moderate"
1968079,"6.575118","3.3920448","2026-07-07 15:25:48","13","14","12","62","97","Moderate"
1968079,"6.575115","3.3920448","2026-07-07 15:25:49","14","14","13","62","97","Moderate"
1968079,"6.5751157","3.3920438","2026-07-07 15:25:50","46","73","40","62","96","Unhealthy for Sensitive Groups"
1968079,"6.575117","3.3920434","2026-07-07 15:25:51","91","164","76","62","96","Unhealthy"
1968079,"6.575116","3.3920424","2026-07-07 15:25:52","138","257","112","62","96","Unhealthy"
1968079,"6.575114","3.392043","2026-07-07 15:25:53","178","337","142","62","96","Very Unhealthy"
1968079,"6.575114","3.392046","2026-07-07 15:25:54","215","411","167","62","97","Very Unhealthy"
1968079,"6.5751095","3.3920443","2026-07-07 15:25:55","293","568","222","62","97","Hazardous"
1968079,"6.5751123","3.392047","2026-07-07 15:25:56","368","717","273","62","97","Hazardous"
1968079,"6.5751123","3.3920445","2026-07-07 15:25:57","428","837","315","62","96","Hazardous"
1968079,"6.5751114","3.392046","2026-07-07 15:25:58","474","930","347","62","97","Hazardous"
1968079,"6.57511","3.392048","2026-07-07 15:25:59","501","982","365","62","97","Hazardous"
1968079,"6.57511","3.3920484","2026-07-07 15:26:00","500","980","365","62","97","Hazardous"
1968079,"6.5751114","3.392045","2026-07-07 15:26:01","494","969","361","62","97","Hazardous"
1968079,"6.575109","3.3920424","2026-07-07 15:26:02","498","976","363","62","97","Hazardous"
1968079,"6.5751095","3.3920422","2026-07-07 15:26:03","459","899","336","62","97","Hazardous"
1968079,"6.575109","3.3920414","2026-07-07 15:26:04","422","825","311","62","97","Hazardous"
1968079,"6.575111","3.3920417","2026-07-07 15:26:05","368","717","273","62","97","Hazardous"
1968079,"6.5751095","3.3920412","2026-07-07 15:26:06","339","659","253","62","97","Hazardous"
1968079,"6.575107","3.3920405","2026-07-07 15:26:07","329","639","246","62","97","Hazardous"
1968079,"6.575106","3.3920445","2026-07-07 15:26:08","291","564","220","62","97","Hazardous"
1968079,"6.575105","3.3920488","2026-07-07 15:26:09","256","492","195","62","97","Hazardous"
1968079,"6.5751023","3.3920555","2026-07-07 15:26:10","236","453","182","62","97","Very Unhealthy"
1968079,"6.5751","3.39206","2026-07-07 15:26:11","240","461","185","62","97","Very Unhealthy"
1968079,"6.575098","3.3920636","2026-07-07 15:26:12","252","484","193","62","97","Hazardous"
1968079,"6.575097","3.3920693","2026-07-07 15:26:13","267","515","203","62","97","Hazardous"
1968079,"6.5750966","3.3920674","2026-07-07 15:26:14","283","546","214","62","97","Hazardous"
1968079,"6.575095","3.3920681","2026-07-07 15:26:15","287","554","217","62","97","Hazardous"
1968079,"6.575095","3.3920689","2026-07-07 15:26:16","259","500","198","62","97","Hazardous"
1968079,"6.575095","3.392069","2026-07-07 15:26:17","256","492","195","62","97","Hazardous"
1968079,"6.5750933","3.3920689","2026-07-07 15:26:18","234","450","181","62","97","Very Unhealthy"
1968079,"6.5750933","3.3920686","2026-07-07 15:26:19","238","457","183","62","97","Very Unhealthy"
1968079,"6.5750914","3.3920684","2026-07-07 15:26:20","239","459","184","62","97","Very Unhealthy"
1968079,"6.5750904","3.3920689","2026-07-07 15:26:21","238","457","183","62","97","Very Unhealthy"
1968079,"6.5750904","3.392069","2026-07-07 15:26:22","242","465","186","62","97","Very Unhealthy"
1968079,"6.5750904","3.392069","2026-07-07 15:26:23","248","477","190","62","97","Very Unhealthy"
1968079,"6.575087","3.3920648","2026-07-07 15:26:24","244","469","187","62","97","Very Unhealthy"
1968079,"6.5750856","3.3920639","2026-07-07 15:26:25","244","469","187","62","97","Very Unhealthy"
1968079,"6.575086","3.3920643","2026-07-07 15:26:26","225","430","174","62","97","Very Unhealthy"
1968079,"6.575086","3.3920643","2026-07-07 15:26:27","221","422","171","62","97","Very Unhealthy"
1968079,"6.5750785","3.392065","2026-07-07 15:26:28","207","395","162","62","97","Very Unhealthy"
1968079,"6.57508","3.392065","2026-07-07 15:26:29","184","349","146","62","97","Very Unhealthy"
1968079,"6.5750804","3.392065","2026-07-07 15:26:30","166","314","134","62","97","Very Unhealthy"
1968079,"6.575079","3.3920648","2026-07-07 15:26:31","145","270","117","62","97","Unhealthy"
1968079,"6.5750794","3.392065","2026-07-07 15:26:32","131","243","107","62","97","Unhealthy"
1968079,"6.5750794","3.392065","2026-07-07 15:26:33","121","222","99","62","97","Unhealthy"
1968079,"6.575077","3.392065","2026-07-07 15:26:34","112","205","92","62","97","Unhealthy"
1968079,"6.575077","3.392065","2026-07-07 15:26:35","115","212","95","62","97","Unhealthy"
1968079,"6.575077","3.392065","2026-07-07 15:26:36","121","222","99","62","97","Unhealthy"
1968079,"6.575077","3.392065","2026-07-07 15:26:37","124","229","101","62","97","Unhealthy"
1968079,"6.5750737","3.3920665","2026-07-07 15:26:38","126","233","103","62","97","Unhealthy"
1968079,"6.575074","3.3920672","2026-07-07 15:26:39","129","239","105","62","97","Unhealthy"
1968079,"6.575074","3.3920672","2026-07-07 15:26:40","134","248","109","62","97","Unhealthy"
1968079,"6.5750747","3.3920615","2026-07-07 15:26:41","145","270","117","62","97","Unhealthy"
1968079,"6.575077","3.3920586","2026-07-07 15:26:42","146","274","119","62","97","Unhealthy"
1968079,"6.57508","3.3920555","2026-07-07 15:26:43","150","281","121","62","97","Unhealthy"
1968079,"6.575085","3.3920557","2026-07-07 15:26:44","146","274","119","62","97","Unhealthy"
1968079,"6.575091","3.392054","2026-07-07 15:26:45","146","274","119","62","97","Unhealthy"
1968079,"6.5750923","3.3920548","2026-07-07 15:26:50","141","264","115","62","97","Unhealthy"
1968079,"6.5750923","3.3920548","2026-07-07 15:26:51","116","214","95","62","97","Unhealthy"
1968079,"6.5750947","3.392051","2026-07-07 15:26:52","107","195","88","62","97","Unhealthy"
1968079,"6.575095","3.3920503","2026-07-07 15:26:53","100","181","82","62","97","Unhealthy"
1968079,"6.5750957","3.3920503","2026-07-07 15:26:54","98","177","81","62","97","Unhealthy"
1968079,"6.575096","3.3920472","2026-07-07 15:26:55","95","170","78","62","97","Unhealthy"
1968079,"6.575098","3.392045","2026-07-07 15:26:56","88","157","73","62","97","Unhealthy"
1968079,"6.5750985","3.3920436","2026-07-07 15:26:57","84","150","70","62","97","Unhealthy"
1968079,"6.5750985","3.3920438","2026-07-07 15:26:58","83","146","69","62","97","Unhealthy"
1968079,"6.5751004","3.3920443","2026-07-07 15:26:59","77","136","65","62","97","Unhealthy"
1968079,"6.5751004","3.3920445","2026-07-07 15:27:00","76","133","64","62","97","Unhealthy"
1968079,"6.5751004","3.3920457","2026-07-07 15:27:01","71","123","60","62","97","Unhealthy"
1968079,"6.5751","3.392047","2026-07-07 15:27:02","62","104","53","62","97","Unhealthy"
1968079,"6.575097","3.3920493","2026-07-07 15:27:03","62","104","53","62","97","Unhealthy"
1968079,"6.575098","3.3920522","2026-07-07 15:27:05","58","98","50","62","97","Unhealthy"
1968079,"6.575098","3.3920524","2026-07-07 15:27:06","49","79","43","62","97","Unhealthy for Sensitive Groups"
1968079,"6.5750976","3.3920531","2026-07-07 15:27:07","46","73","40","62","97","Unhealthy for Sensitive Groups"
1968079,"6.575098","3.3920538","2026-07-07 15:27:08","43","66","38","62","97","Unhealthy for Sensitive Groups"
1968079,"6.575098","3.3920538","2026-07-07 15:27:09","39","60","35","62","97","Unhealthy for Sensitive Groups"
1968079,"6.5750976","3.3920538","2026-07-07 15:27:10","36","54","33","62","97","Unhealthy for Sensitive Groups"
1968079,"6.5750976","3.392054","2026-07-07 15:27:11","36","54","33","62","97","Unhealthy for Sensitive Groups"
1968079,"6.575097","3.392054","2026-07-07 15:27:13","36","54","33","62","97","Unhealthy for Sensitive Groups"
1968079,"6.575096","3.3920534","2026-07-07 15:27:14","36","54","33","62","97","Unhealthy for Sensitive Groups"
1968079,"6.5750966","3.3920534","2026-07-07 15:27:16","36","54","33","62","97","Unhealthy for Sensitive Groups"
1968079,"6.575097","3.392054","2026-07-07 15:27:17","30","42","28","62","97","Moderate"
1968079,"6.575097","3.3920538","2026-07-07 15:27:18","30","42","28","62","97","Moderate"
1968079,"6.5750976","3.392054","2026-07-07 15:27:19","30","42","28","62","97","Moderate"
1968079,"6.575097","3.3920555","2026-07-07 15:27:21","30","34","24","62","97","Moderate"
1968079,"6.5750976","3.392054","2026-07-07 15:27:22","24","29","22","62","97","Moderate"
1968079,"6.5750976","3.3920543","2026-07-07 15:27:23","22","25","20","62","97","Moderate"
1968079,"6.5750966","3.3920534","2026-07-07 15:27:24","22","25","20","62","97","Moderate"
1968079,"6.5750966","3.3920524","2026-07-07 15:27:25","22","25","20","62","97","Moderate"
1968079,"6.5750966","3.392052","2026-07-07 15:27:26","22","25","20","62","97","Moderate"
1968079,"6.575096","3.3920522","2026-07-07 15:27:27","23","27","21","62","97","Moderate"
1968079,"6.5750966","3.3920548","2026-07-07 15:27:28","22","25","20","62","97","Moderate"
1968079,"6.5750947","3.3920584","2026-07-07 15:27:29","21","22","19","62","97","Moderate"
1968079,"6.575093","3.3920627","2026-07-07 15:27:30","22","25","20","62","97","Moderate"
1968079,"6.5750933","3.3920658","2026-07-07 15:27:31","22","25","20","62","97","Moderate"
1968079,"6.5750947","3.3920705","2026-07-07 15:27:32","22","25","20","62","97","Moderate"
1968079,"6.5750914","3.39207","2026-07-07 15:27:33","22","25","20","62","97","Moderate"
1968079,"6.575087","3.3920705","2026-07-07 15:27:34","22","25","20","62","97","Moderate"
1968079,"6.5750895","3.3920753","2026-07-07 15:27:35","22","25","20","62","97","Moderate"
1968079,"6.5750875","3.3920736","2026-07-07 15:27:36","22","25","20","62","97","Moderate"
1968079,"6.575082","3.3920734","2026-07-07 15:27:37","22","25","20","62","97","Moderate"
1968079,"6.575083","3.3920755","2026-07-07 15:27:39","22",NULL,"20","62",NULL,"Moderate"
1968079,"6.5750847","3.3920758","2026-07-07 15:27:40","22","25","20","62","97","Moderate"
1968079,"6.5750856","3.3920753","2026-07-07 15:27:41","22","25","20","62","97","Moderate"
1968079,"6.575085","3.392077","2026-07-07 15:27:42","22","25","20","62","97","Moderate"
1968079,"6.5750837","3.3920774","2026-07-07 15:27:43","21","22","19","62","97","Moderate"
1968079,"6.5750837","3.3920767","2026-07-07 15:27:44","21","22","19","61","97","Moderate"
1968079,"6.575083","3.392078","2026-07-07 15:27:45","21","22","19","61","97","Moderate"
1968079,"6.575084","3.3920782","2026-07-07 15:27:46","21","22","19","61","97","Moderate"
1968079,"6.575084","3.3920782","2026-07-07 15:27:47","20","21","18","61","97","Moderate"
1968079,"6.575084","3.3920782","2026-07-07 15:27:48","20","21","18","61","97","Moderate"
1968079,"6.575083","3.3920789","2026-07-07 15:27:49","21","22","19","61","97","Moderate"
1968079,"6.575081","3.39208","2026-07-07 15:27:50","21","22","19","61","97","Moderate"
1968079,"6.575081","3.392081","2026-07-07 15:27:51","20","21","18","61","97","Moderate"
1968079,"6.5750804","3.3920817","2026-07-07 15:27:52","20","21","18","61","97","Moderate"
1968079,"6.5750804","3.3920803","2026-07-07 15:27:53","20","21","18","61","97","Moderate"
1968079,"6.5750813","3.39208","2026-07-07 15:27:54","20","21","18","61","97","Moderate"
1968079,"6.5750804","3.392081","2026-07-07 15:27:55","21","22","19","61","97","Moderate"
1968079,"6.5750804","3.3920808","2026-07-07 15:27:56","20","21","18","61","97","Moderate"
1968079,"6.575079","3.3920813","2026-07-07 15:27:58","20","21","18",NULL,NULL,"Moderate"
1968079,"6.575078","3.3920805","2026-07-07 15:27:59","20","21","18","61","97","Moderate"
1968079,"6.575078","3.3920803","2026-07-07 15:28:00","20","21","18","61","97","Moderate"
1968079,"6.575078","3.3920803","2026-07-07 15:28:01","20","21","18","61","97","Moderate"
1968079,"6.575078","3.3920803","2026-07-07 15:28:02","20","21","18","61","97","Moderate"
1968079,"6.575078","3.3920803","2026-07-07 15:28:03","20","21","18","61","97","Moderate"
1968079,"6.575078","3.3920803","2026-07-07 15:28:04","20","21","18","61","97","Moderate"
1968079,"6.575073","3.3920782","2026-07-07 15:28:05","20","21","18","61","97","Moderate"
1968079,"6.5750604","3.3920758","2026-07-07 15:28:06","20","21","18","61","97","Moderate"
1968079,"6.575045","3.3920689","2026-07-07 15:28:07","18","19","17","61","97","Moderate"
1968079,"6.575029","3.392062","2026-07-07 15:28:08","17","18","16","61","97","Moderate"
1968079,"6.575016","3.3920486","2026-07-07 15:28:09","17","18","16","61","97","Moderate"
1968079,"6.57501","3.3920424","2026-07-07 15:28:10","17","18","16","61","97","Moderate"
1968079,"6.575006","3.392042","2026-07-07 15:28:11","17","18","16","61","97","Moderate"
1968079,"6.5750065","3.3920438","2026-07-07 15:28:12","16","17","15","61","97","Moderate"
1968079,"6.5750003","3.3920438","2026-07-07 15:28:14","16",NULL,"15","61",NULL,"Moderate"
1968079,"6.5749965","3.3920438","2026-07-07 15:28:15","16","17","15","61","97","Moderate"
1968079,"6.574996","3.3920426","2026-07-07 15:28:16","16","17","15","61","97","Moderate"
1968079,"6.5749936","3.3920426","2026-07-07 15:28:17","16","17","15","61","97","Moderate"
1968079,"6.5749946","3.392042","2026-07-07 15:28:18","16","17","15","61","97","Moderate"
1968079,"6.574992","3.392044","2026-07-07 15:28:19","16","17","15","61","97","Moderate"
1968079,"6.574992","3.3920426","2026-07-07 15:28:20","16","17","15","61","97","Moderate"
1968079,"6.5749917","3.3920429","2026-07-07 15:28:21","15","16","14","61","97","Moderate"
1968079,"6.5749917","3.392043","2026-07-07 15:28:22","15","16","14","61","97","Moderate"
1968079,"6.574991","3.3920429","2026-07-07 15:28:24","14","14",NULL,"61",NULL,"Moderate"
1968079,"6.574991","3.3920429","2026-07-07 15:28:25","14","14","13","61","97","Moderate"
1968079,"6.574991","3.3920429","2026-07-07 15:28:26","17","18","15","61","97","Moderate"
1968079,"6.574991","3.3920429","2026-07-07 15:28:27","21","22","19","61","97","Moderate"
1968079,"6.574991","3.3920429","2026-07-07 15:28:28","23","27","21","61","97","Moderate"
1968079,"6.574992","3.392043","2026-07-07 15:28:29","25","32","23","61","97","Moderate"
1968079,"6.574992","3.392043","2026-07-07 15:28:30","28","37","26","61","97","Moderate"
1968079,"6.574992","3.392043","2026-07-07 15:28:32","28","37","26","61","97","Moderate"
1968079,"6.57499","3.3920429","2026-07-07 15:28:33","30","42","28","61","97","Moderate"
1968079,"6.57499","3.3920429","2026-07-07 15:28:34","33","47","30","61","97","Moderate"
1968079,"6.57499","3.3920429","2026-07-07 15:28:35","36","54","33","61","97","Unhealthy for Sensitive Groups"
1968079,"6.57499","3.3920429","2026-07-07 15:28:36","30","42","28","61","97","Moderate"
1968079,"6.5749784","3.392038","2026-07-07 15:28:37","30","42","28","61","97","Moderate"
1968079,"6.5749598","3.3920288","2026-07-07 15:28:38","25","32","23","61","97","Moderate"
1968079,"6.574943","3.3920138","2026-07-07 15:28:39","23","27","21","61","97","Moderate"
1968079,"6.5749316","3.3919995","2026-07-07 15:28:40","22","25","20","61","97","Moderate"
1968079,"6.574929","3.3919952","2026-07-07 15:28:41","21","22","19","61","97","Moderate"
1968079,"6.5749326","3.391988","2026-07-07 15:28:42","21","22","19","62","97","Moderate"
1968079,"6.574935","3.3919804","2026-07-07 15:28:43","21","22","19","62","97","Moderate"
1968079,"6.5749397","3.391978","2026-07-07 15:28:44","21","22","19","62","97","Moderate"
1968079,"6.5749397","3.3919744","2026-07-07 15:28:45","21","22","19","62","97","Moderate"
1968079,"6.574939","3.3919754","2026-07-07 15:28:47","21","22","19",NULL,"97","Moderate"
1968079,"6.5749383","3.391974","2026-07-07 15:28:48","21","22","19","62","97","Moderate"
1968079,"6.5749383","3.3919756","2026-07-07 15:28:49","21","22","19","62","97","Moderate"
1968079,"6.5749383","3.3919756","2026-07-07 15:28:50","18","19","17","62","97","Moderate"
1968079,"6.574937","3.3919747","2026-07-07 15:28:51","18","19","17","62","97","Moderate"
1968079,"6.5749364","3.391975","2026-07-07 15:28:52","17","18","15","62","97","Moderate"
1968079,"6.5749364","3.391975","2026-07-07 15:28:53","15","16","14","62","97","Moderate"
1968079,"6.5749364","3.391975","2026-07-07 15:28:54","15","16","14","62","97","Moderate"
1968079,"6.5749364","3.391975","2026-07-07 15:28:55","13","13","12","62","97","Moderate"
1968079,"6.5749364","3.391975","2026-07-07 15:28:56","13","13","12","62","97","Moderate"
1968079,"6.5749364","3.391975","2026-07-07 15:28:57","13","13","12","62","97","Moderate"
1968079,"6.5749354","3.3919778","2026-07-07 15:28:59","13",NULL,NULL,"62",NULL,"Moderate"
1968079,"6.5749354","3.3919783","2026-07-07 15:29:00","12","12","11","62","97","Good"
1968079,"6.574936","3.391977","2026-07-07 15:29:01","12","12","11","62","97","Good"
1968079,"6.5749354","3.3919768","2026-07-07 15:29:02","12","12","11","62","97","Good"
1968079,"6.5749497","3.391964","2026-07-07 15:29:03","12","12","11","62","97","Good"
1968079,"6.574949","3.391953","2026-07-07 15:29:04","10","11","10","62","97","Good"
1968079,"6.574953","3.3919532","2026-07-07 15:29:05","10","11","10","62","97","Good"
1968079,"6.574955","3.3919523","2026-07-07 15:29:06","10","11","10","62","97","Good"
1968079,"6.574957","3.3919516","2026-07-07 15:29:07","13","13","12","62","97","Moderate"
1968079,"6.574962","3.3919463","2026-07-07 15:29:08","13","13","12","62","97","Moderate"
1968079,"6.5749607","3.391943","2026-07-07 15:29:09","13","13","12","62","97","Moderate"
1968079,"6.5749607","3.3919377","2026-07-07 15:29:10","13","13","12","62","97","Moderate"
1968079,"6.5749617","3.3919325","2026-07-07 15:29:11","13","13","12","62","97","Moderate"
1968079,"6.5749626","3.3919294","2026-07-07 15:29:12","13","13","12","62","97","Moderate"
1968079,"6.57496","3.3919253","2026-07-07 15:29:13","14","14","13","62","97","Moderate"
1968079,"6.5749617","3.3919227","2026-07-07 15:29:14","13","14","12","62","97","Moderate"
1968079,"6.5749636","3.3919206","2026-07-07 15:29:15","14","14","13","62","97","Moderate"
1968079,"6.574964","3.3919148","2026-07-07 15:29:17","14","14",NULL,NULL,"97","Moderate"
1968079,"6.5749645","3.391911","2026-07-07 15:29:18","14","14","13","62","97","Moderate"
1968079,"6.574966","3.3919086","2026-07-07 15:29:19","14","14","13","62","97","Moderate"
1968079,"6.5749655","3.3919094","2026-07-07 15:29:20","14","14","13","62","97","Moderate"
1968079,"6.574967","3.3919024","2026-07-07 15:29:21","14","14","13","62","97","Moderate"
1968079,"6.5749683","3.3918993","2026-07-07 15:29:22","14","14","13","62","97","Moderate"
1968079,"6.574969","3.3918955","2026-07-07 15:29:23","14","14","13","62","97","Moderate"
1968079,"6.5749693","3.3918924","2026-07-07 15:29:24","13","13","12","62","97","Moderate"
1968079,"6.574973","3.3918855","2026-07-07 15:29:25","13","13","12","62","97","Moderate"
1968079,"6.574976","3.391886","2026-07-07 15:29:26","13","13","12","62","97","Moderate"
1968079,"6.5749726","3.3918877","2026-07-07 15:29:27","13","13","12","62","97","Moderate"
1968079,"6.5749726","3.3918877","2026-07-07 15:29:28","13","13","12","61","97","Moderate"
1968079,"6.5749726","3.3918881","2026-07-07 15:29:29","13","13","12","62","97","Moderate"
1968079,"6.574973","3.3918893","2026-07-07 15:29:30","13","13","12","61","97","Moderate"
1968079,"6.574974","3.3918893","2026-07-07 15:29:31","13","13","12","61","97","Moderate"
1968079,"6.574974","3.3918889","2026-07-07 15:29:32","12","13","11","61","97","Good"
1968079,"6.5749745","3.391888","2026-07-07 15:29:33","12","12","11","61","97","Good"
1968079,"6.574975","3.3918867","2026-07-07 15:29:35","12","12","11","62","97","Good"
1968079,"6.5749764","3.3918853","2026-07-07 15:29:36","12","12","11","62","97","Good"
1968079,"6.574977","3.3918817","2026-07-07 15:29:37","12","12","11","61","97","Good"
1968079,"6.5749745","3.3918774","2026-07-07 15:29:39","12",NULL,"11","61",NULL,"Good"
1968079,"6.5749655","3.3918583","2026-07-07 15:29:40","10","11","10","61","97","Good"
1968079,"6.574971","3.391849","2026-07-07 15:29:41","10","11","10","61","97","Good"
1968079,"6.574976","3.3918438","2026-07-07 15:29:42","10","11","10","61","97","Good"
1968079,"6.5749803","3.3918395","2026-07-07 15:29:43","9","10","8","61","97","Good"
1968079,"6.574987","3.3918273","2026-07-07 15:29:44","9","10","8","61","97","Good"
1968079,"6.5749936","3.3918223","2026-07-07 15:29:45","9","10","8","61","97","Good"
1968079,"6.575002","3.3918133","2026-07-07 15:29:46","10","11","10","61","97","Good"
1968079,"6.575008","3.3918066","2026-07-07 15:29:48","10","11","10","61","97","Good"
1968079,"6.5750184","3.3917909","2026-07-07 15:29:49","10","11","10","61","97","Good"
1968079,"6.5750237","3.3917875","2026-07-07 15:29:50","12","12","11","61","97","Good"
1968079,"6.575029","3.3917851","2026-07-07 15:29:51","12","12","11","61","97","Good"
1968079,"6.575036","3.391781","2026-07-07 15:29:52","12","12","11","61","97","Good"
1968079,"6.5750375","3.3917797","2026-07-07 15:29:53","12","12","11","61","97","Good"
1968079,"6.5750384","3.3917766","2026-07-07 15:29:54","10","11","10","61","97","Good"
1968079,"6.5750375","3.3917778","2026-07-07 15:29:56","13",NULL,"12",NULL,NULL,"Moderate"
1968079,"6.575038","3.3917778","2026-07-07 15:29:57","13","13","12","62","97","Moderate"
1968079,"6.575038","3.391779","2026-07-07 15:29:58","12","12","11","62","97","Good"
1968079,"6.575038","3.3917792","2026-07-07 15:29:59","13","13","12","62","97","Moderate"
1968079,"6.575038","3.3917792","2026-07-07 15:30:00","13","13","12","62","97","Moderate"
1968079,"6.57504","3.3917792","2026-07-07 15:30:02","14",NULL,NULL,"62",NULL,"Moderate"
1968079,"6.5750394","3.3917794","2026-07-07 15:30:03","15","16","14","62","97","Moderate"
1968079,"6.5750403","3.3917809","2026-07-07 15:30:04","15","16","14","62","97","Moderate"
1968079,"6.5750403","3.3917801","2026-07-07 15:30:05","14","14","13","62","97","Moderate"
1968079,"6.5750413","3.3917794","2026-07-07 15:30:07","15","16",NULL,NULL,"97","Moderate"
1968079,"6.5750427","3.3917775","2026-07-07 15:30:08","18","19","17","62","97","Moderate"
1968079,"6.5750446","3.3917766","2026-07-07 15:30:09","18","19","17","62","97","Moderate"
1968079,"6.5750465","3.3917775","2026-07-07 15:30:10","17","18","16","62","97","Moderate"
1968079,"6.5750465","3.3917775","2026-07-07 15:30:11","17","18","16","62","97","Moderate"
1968079,"6.575044","3.3917737","2026-07-07 15:30:13","17",NULL,"16","62","97","Moderate"
1968079,"6.575044","3.3917754","2026-07-07 15:30:14","16","17","15","62","97","Moderate"
1968079,"6.575044","3.3917754","2026-07-07 15:30:15","15","16","14","62","97","Moderate"
1968079,"6.575044","3.391772","2026-07-07 15:30:16","16","17","15","62","97","Moderate"
1968079,"6.5750427","3.3917668","2026-07-07 15:30:18","15","16","14","62","97","Moderate"
1968079,"6.5750494","3.3917618","2026-07-07 15:30:19","16",NULL,"15","62",NULL,"Moderate"
1968079,"6.5750527","3.3917565","2026-07-07 15:30:20","16","17","15","62","97","Moderate"
1968079,"6.575051","3.3917508","2026-07-07 15:30:21","16","17","15","62","97","Moderate"
1968079,"6.5750537","3.391748","2026-07-07 15:30:22","15","16","14","62","97","Moderate"
1968079,"6.5750556","3.3917432","2026-07-07 15:30:23","15","16","14","62","97","Moderate"
1968079,"6.575058","3.3917367","2026-07-07 15:30:24","14","14","13","61","97","Moderate"
1968079,"6.5750594","3.3917325","2026-07-07 15:30:25","14","14","13","61","97","Moderate"
1968079,"6.5750623","3.391728","2026-07-07 15:30:26","14","14","13","61","97","Moderate"
1968079,"6.575065","3.3917227","2026-07-07 15:30:27","15","16","14","61","97","Moderate"
1968079,"6.5750685","3.391718","2026-07-07 15:30:28","18","19","17","61","97","Moderate"
1968079,"6.5750704","3.3917167","2026-07-07 15:30:29","21","22","19","61","97","Moderate"
1968079,"6.575072","3.3917155","2026-07-07 15:30:30","22","25","20","61","97","Moderate"
1968079,"6.5750747","3.391709","2026-07-07 15:30:31","24","29","22","61","97","Moderate"
1968079,"6.575079","3.3917038","2026-07-07 15:30:32","25","32","23","61","97","Moderate"
1968079,"6.5750794","3.391699","2026-07-07 15:30:33","25","32","23","61","97","Moderate"
1968079,"6.575081","3.3916945","2026-07-07 15:30:34","28","37","26","61","97","Moderate"
1968079,"6.575085","3.3916895","2026-07-07 15:30:35","28","37","26","61","97","Moderate"
1968079,"6.5750885","3.3916864","2026-07-07 15:30:36","28","37","26","61","98","Moderate"
1968079,"6.5750895","3.3916829","2026-07-07 15:30:37","28","37","26","61","97","Moderate"
1968079,"6.5750937","3.3916767","2026-07-07 15:30:38","28","37","26","61","97","Moderate"
1968079,"6.5750947","3.3916714","2026-07-07 15:30:39","25","32","23","61","97","Moderate"
1968079,"6.5750937","3.39167","2026-07-07 15:30:40","25","32","23","61","97","Moderate"
1968079,"6.575097","3.3916621","2026-07-07 15:30:41","25","32","23","61","97","Moderate"
1968079,"6.5751004","3.3916533","2026-07-07 15:30:42","25","32","23","61","97","Moderate"
1968079,"6.5751047","3.3916464","2026-07-07 15:30:43","25","32","23","61","97","Moderate"
1968079,"6.575106","3.3916428","2026-07-07 15:30:44","25","32","23","61","97","Moderate"
1968079,"6.575107","3.3916397","2026-07-07 15:30:45","25","32","23","61","97","Moderate"
1968079,"6.5751057","3.391636","2026-07-07 15:30:46","25","32","23","61","97","Moderate"
1968079,"6.575108","3.3916218","2026-07-07 15:30:47","25","32","23","61","97","Moderate"
1968079,"6.575111","3.391615","2026-07-07 15:30:48","25","32","23","61","97","Moderate"
1968079,"6.5751185","3.391606","2026-07-07 15:30:50","25","32","23","61","97","Moderate"
1968079,"6.5751224","3.3916028","2026-07-07 15:30:51","28","37","26","61","97","Moderate"
1968079,"6.575125","3.3916008","2026-07-07 15:30:52","30",NULL,NULL,"61","97","Moderate"
1968079,"6.575121","3.3916063","2026-07-07 15:30:54","33",NULL,"30","61",NULL,"Moderate"
1968079,"6.575126","3.3916068","2026-07-07 15:30:56","33",NULL,NULL,"61",NULL,"Moderate"
1968079,"6.5751247","3.3916118","2026-07-07 15:30:58","28",NULL,NULL,"61",NULL,"Moderate"
1968079,"6.5751247","3.3916118","2026-07-07 15:31:00","28","37","26","61","97","Moderate"
1968079,"6.5751247","3.3916128","2026-07-07 15:31:02","30",NULL,"28","61","97","Moderate"
1968079,"6.5751243","3.3916154","2026-07-07 15:31:04","28","37","26","61","98","Moderate"
1968079,"6.5751276","3.3916166","2026-07-07 15:31:05","25",NULL,NULL,"61",NULL,"Moderate"
1968079,"6.575127","3.3916206","2026-07-07 15:31:07","24",NULL,NULL,"61",NULL,"Moderate"
1968079,"6.5751276","3.3916223","2026-07-07 15:31:09","24",NULL,"22",NULL,NULL,"Moderate"
1968079,"6.575126","3.3916233","2026-07-07 15:31:11","23","27",NULL,NULL,NULL,"Moderate"
1968079,"6.5751185","3.3916326","2026-07-07 15:31:13","22",NULL,NULL,"61",NULL,"Moderate"
1968079,"6.575118","3.3916364","2026-07-07 15:31:15","23","27","21","61","97","Moderate"
1968079,"6.5751176","3.391636","2026-07-07 15:31:16","24","29","22","61","98","Moderate"
1968079,"6.5751214","3.391634","2026-07-07 15:31:17","24","29","22","61","98","Moderate"
1968079,"6.5751257","3.3916287","2026-07-07 15:31:18","24","29","22","61","98","Moderate"
1968079,"6.5751224","3.391627","2026-07-07 15:31:19","23","27","21","61","98","Moderate"
1968079,"6.5751224","3.391627","2026-07-07 15:31:20","23","27","21","61","98","Moderate"
1968079,"6.5751257","3.391628","2026-07-07 15:31:21","23","27","21","61","98","Moderate"
1968079,"6.5751257","3.3916283","2026-07-07 15:31:22","23","25","20","61","98","Moderate"
1968079,"6.5751257","3.3916283","2026-07-07 15:31:24","23","27","21","61","98","Moderate"
1968079,"6.575126","3.3916261","2026-07-07 15:31:25","22","25","20","61","98","Moderate"
1968079,"6.5751266","3.3916264","2026-07-07 15:31:26","21","22","19","61","98","Moderate"
1968079,"6.5751266","3.3916264","2026-07-07 15:31:27","21","22","19","61","98","Moderate"
1968079,"6.5751266","3.3916264","2026-07-07 15:31:28","23","27","21","61","98","Moderate"
1968079,"6.5751266","3.3916264","2026-07-07 15:31:29","23","27","21","61","98","Moderate"
1968079,"6.5751266","3.3916264","2026-07-07 15:31:30","22","25","20","61","98","Moderate"
1968079,"6.5751314","3.3916261","2026-07-07 15:31:31","22","25","20","61","98","Moderate"
1968079,"6.575131","3.3916266","2026-07-07 15:31:32","22",NULL,NULL,"61","98","Moderate"
1968079,"6.5751333","3.391625","2026-07-07 15:31:34","22","25","20","61","98","Moderate"
1968079,"6.5751343","3.3916256","2026-07-07 15:31:35","21","22","19","61","98","Moderate"
1968079,"6.575135","3.391627","2026-07-07 15:31:37","22","25","20","61","98","Moderate"
1968079,"6.5751357","3.3916264","2026-07-07 15:31:38","23","27","21","61","98","Moderate"
1968079,"6.5751357","3.3916264","2026-07-07 15:31:39","24","29","22","61","98","Moderate"
1968079,"6.575135","3.3916264","2026-07-07 15:31:40","23","27","21","61","98","Moderate"
1968079,"6.575135","3.3916268","2026-07-07 15:31:41","23","27","21","61","98","Moderate"
1968079,"6.575136","3.3916256","2026-07-07 15:31:42","25","32","23","61","98","Moderate"
1968079,"6.575136","3.3916266","2026-07-07 15:31:43","24","29","22","61","98","Moderate"
1968079,"6.5751357","3.3916268","2026-07-07 15:31:45","26","34","24","61","98","Moderate"
1968079,"6.575135","3.3916278","2026-07-07 15:31:46","25","32","23","61","98","Moderate"
1968079,"6.575135","3.3916204","2026-07-07 15:31:47","25","32","23","61","98","Moderate"
1968079,"6.575135","3.3916204","2026-07-07 15:31:48","24","29","22","61","98","Moderate"
1968079,"6.575139","3.3916128","2026-07-07 15:31:49","24","29","22","61","98","Moderate"
1968079,"6.5751414","3.3916113","2026-07-07 15:31:50","24","29","22","61","98","Moderate"
1968079,"6.5751414","3.3916113","2026-07-07 15:31:51","24","29","22","61","98","Moderate"
1968079,"6.5751457","3.3916106","2026-07-07 15:31:52","24","29","22","61","98","Moderate"
1968079,"6.575146","3.3916123","2026-07-07 15:31:53","24","29","22","61","98","Moderate"
1968079,"6.575149","3.3916037","2026-07-07 15:31:54","24","29","22","61","98","Moderate"
1968079,"6.575149","3.3916037","2026-07-07 15:31:55","23","27","21","61","98","Moderate"
1968079,"6.5751557","3.3915877","2026-07-07 15:31:56","23","27","21","61","98","Moderate"
1968079,"6.5751557","3.3915877","2026-07-07 15:31:57","22","25","20","61","98","Moderate"
1968079,"6.57516","3.3915806","2026-07-07 15:31:58","23","27","21","61","98","Moderate"
1968079,"6.5751643","3.3915727","2026-07-07 15:31:59","24","29","22","60","97","Moderate"
1968079,"6.5751686","3.391562","2026-07-07 15:32:00","24","28","22","60","98","Moderate"
1968079,"6.5751686","3.391562","2026-07-07 15:32:01","22","25","20","60","98","Moderate"
1968079,"6.575175","3.3915467","2026-07-07 15:32:02","22","25","20","60","98","Moderate"
1968079,"6.575175","3.3915467","2026-07-07 15:32:03","22","25","20","60","98","Moderate"
1968079,"6.57518","3.3915308","2026-07-07 15:32:04","23","27","21","60","97","Moderate"
1968079,"6.5751805","3.3915207","2026-07-07 15:32:05","23","27","21","60","97","Moderate"
1968079,"6.5751805","3.3915207","2026-07-07 15:32:06","23","27","21","60","97","Moderate"
1968079,"6.575183","3.3915007","2026-07-07 15:32:07","24","29","22","60","97","Moderate"
1968079,"6.575183","3.3915007","2026-07-07 15:32:08","23","27","21","60","97","Moderate"
1968079,"6.575192","3.3914883","2026-07-07 15:32:09","23","27","21","60","97","Moderate"
1968079,"6.575192","3.3914883","2026-07-07 15:32:10","25","32","23","60","97","Moderate"
1968079,"6.575197","3.3914838","2026-07-07 15:32:11","24","29","22","60","97","Moderate"
1968079,"6.575202","3.3914797","2026-07-07 15:32:12","24","29","22","61","97","Moderate"
1968079,"6.575207","3.3914726","2026-07-07 15:32:13","28","37","26","61","97","Moderate"
1968079,"6.575211","3.3914685","2026-07-07 15:32:14","30","42","28","61","97","Moderate"
1968079,"6.5752144","3.391459","2026-07-07 15:32:15","36","54","33","61","97","Unhealthy for Sensitive Groups"
1968079,"6.5752144","3.391459","2026-07-07 15:32:16","39","60","35","61","97","Unhealthy for Sensitive Groups"
1968079,"6.5752163","3.3914542","2026-07-07 15:32:17","49","79","43","61","97","Unhealthy for Sensitive Groups"
1968079,"6.5752187","3.391452","2026-07-07 15:32:18","55","91","48","61","97","Unhealthy for Sensitive Groups"
1968079,"6.575222","3.3914409","2026-07-07 15:32:19","62","104","53","61","97","Unhealthy"
1968079,"6.575222","3.3914409","2026-07-07 15:32:20","65","110","55","61","97","Unhealthy"
1968079,"6.575222","3.3914347","2026-07-07 15:32:21","73","126","61","61","97","Unhealthy"
1968079,"6.5752244","3.3914306","2026-07-07 15:32:22","79","139","66","61","97","Unhealthy"
1968079,"6.5752244","3.391423","2026-07-07 15:32:23","81","143","68","61","97","Unhealthy"
1968079,"6.575232","3.3914106","2026-07-07 15:32:24","79","139","66","61","97","Unhealthy"
1968079,"6.5752373","3.391403","2026-07-07 15:32:25","77","136","65","61","97","Unhealthy"
1968079,"6.5752406","3.3913996","2026-07-07 15:32:26","68","117","57","61","97","Unhealthy"
1968079,"6.5752406","3.3913996","2026-07-07 15:32:27","68","117","57","61","97","Unhealthy"
1968079,"6.575249","3.3913877","2026-07-07 15:32:28","65","110","55","61","97","Unhealthy"
1968079,"6.575249","3.3913877","2026-07-07 15:32:29","65","110","55","61","97","Unhealthy"
1968079,"6.575256","3.3913724","2026-07-07 15:32:30","62","104","53","61","97","Unhealthy"
1968079,"6.5752587","3.3913682","2026-07-07 15:32:31","62","104","53","61","97","Unhealthy"
1968079,"6.575264","3.3913617","2026-07-07 15:32:32","62","104","53","61","97","Unhealthy"
1968079,"6.575264","3.3913617","2026-07-07 15:32:33","62","104","53","61","97","Unhealthy"
1968079,"6.575272","3.39135","2026-07-07 15:32:34","55","91","48","61","97","Unhealthy for Sensitive Groups"
1968079,"6.5752788","3.3913438","2026-07-07 15:32:35","55","91","48","61","97","Unhealthy for Sensitive Groups"
1968079,"6.5752788","3.3913438","2026-07-07 15:32:36","55","91","48","61","97","Unhealthy for Sensitive Groups"
1968079,"6.5752897","3.391334","2026-07-07 15:32:37","52","85","45","61","97","Unhealthy for Sensitive Groups"
1968079,"6.5752897","3.391334","2026-07-07 15:32:38","55","91","48","61","97","Unhealthy for Sensitive Groups"
1968079,"6.575299","3.3913229","2026-07-07 15:32:39","55","91","48","61","97","Unhealthy for Sensitive Groups"
1968079,"6.575299","3.3913229","2026-07-07 15:32:40","65","110","55","61","97","Unhealthy"
1968079,"6.575306","3.3913121","2026-07-07 15:32:41","65","110","55","61","97","Unhealthy"
1968079,"6.575306","3.3913121","2026-07-07 15:32:42","65","110","55","61","97","Unhealthy"
1968079,"6.5753136","3.3912983","2026-07-07 15:32:43","65","110","55","61","97","Unhealthy"
1968079,"6.5753136","3.3912983","2026-07-07 15:32:44","65","110","55","61","97","Unhealthy"
1968079,"6.575323","3.3912904","2026-07-07 15:32:45","68","117","57","61","97","Unhealthy"
1968079,"6.575323","3.3912904","2026-07-07 15:32:46","71","123","60","61","97","Unhealthy"
1968079,"6.575335","3.3912868","2026-07-07 15:32:47","76","133","64","61","97","Unhealthy"
1968079,"6.575335","3.3912868","2026-07-07 15:32:48","77","134","64","61","97","Unhealthy"
1968079,"6.575348","3.3912735","2026-07-07 15:32:49","77","136","65","61","97","Unhealthy"
1968079,"6.5753517","3.391263","2026-07-07 15:32:50","77","136","65","61","97","Unhealthy"
1968079,"6.5753517","3.391263","2026-07-07 15:32:51","79","139","66","61","97","Unhealthy"
1968079,"6.5753517","3.3912466","2026-07-07 15:32:52","79","139","66","61","97","Unhealthy"
1968079,"6.5753517","3.3912466","2026-07-07 15:32:53","79","139","66","61","97","Unhealthy"
1968079,"6.5753465","3.3912363","2026-07-07 15:32:54","79","139","66","61","97","Unhealthy"
1968079,"6.5753465","3.3912363","2026-07-07 15:32:55","81","143","68","61","97","Unhealthy"
1968079,"6.575347","3.391226","2026-07-07 15:32:56","88","157","73","61","97","Unhealthy"
1968079,"6.5753474","3.3912191","2026-07-07 15:32:57","93","167","77","61","97","Unhealthy"
1968079,"6.575351","3.3912163","2026-07-07 15:32:58","96","174","80","61","97","Unhealthy"
1968079,"6.575354","3.3912058","2026-07-07 15:32:59","103","188","85","61","97","Unhealthy"
1968079,"6.575356","3.3912008","2026-07-07 15:33:00","109","198","89","61","97","Unhealthy"
1968079,"6.575358","3.3911948","2026-07-07 15:33:01","112","205","92","61","97","Unhealthy"
1968079,"6.5753613","3.391191","2026-07-07 15:33:02","112","205","92","61","97","Unhealthy"
1968079,"6.575364","3.3911867","2026-07-07 15:33:03","114","208","93","61","97","Unhealthy"
1968079,"6.575366","3.3911788","2026-07-07 15:33:04","115","212","95","61","97","Unhealthy"
1968079,"6.5753694","3.3911734","2026-07-07 15:33:05","112","205","92","61","97","Unhealthy"
1968079,"6.575368","3.3911726","2026-07-07 15:33:06","110","201","91","61","97","Unhealthy"
1968079,"6.5753703","3.391165","2026-07-07 15:33:07","108","196","88","61","97","Unhealthy"
1968079,"6.575371","3.3911557","2026-07-07 15:33:08","105","191","86","61","97","Unhealthy"
1968079,"6.575375","3.3911479","2026-07-07 15:33:09","103","188","85","61","97","Unhealthy"
1968079,"6.5753803","3.3911407","2026-07-07 15:33:10","100","181","82","61","97","Unhealthy"
1968079,"6.5753856","3.3911345","2026-07-07 15:33:11","98","177","81","61","97","Unhealthy"
1968079,"6.575391","3.3911252","2026-07-07 15:33:12","103","188","85","61","97","Unhealthy"
1968079,"6.5753956","3.3911204","2026-07-07 15:33:13","110","201","91","61","97","Unhealthy"
1968079,"6.5753956","3.3911204","2026-07-07 15:33:14","115","212","95","61","97","Unhealthy"
1968079,"6.575401","3.3911078","2026-07-07 15:33:15","117","215","96","61","97","Unhealthy"
1968079,"6.5754046","3.391103","2026-07-07 15:33:16","121","222","99","61","97","Unhealthy"
1968079,"6.575405","3.3910959","2026-07-07 15:33:17","123","227","101","61","97","Unhealthy"
1968079,"6.57541","3.391091","2026-07-07 15:33:18","127","236","104","61","97","Unhealthy"
1968079,"6.5754128","3.3910909","2026-07-07 15:33:19","131","243","107","61","97","Unhealthy"
1968079,"6.5754123","3.391091","2026-07-07 15:33:20","131","243","107","61","97","Unhealthy"
1968079,"6.5754175","3.3910866","2026-07-07 15:33:21","131","243","107","61","97","Unhealthy"
1968079,"6.57542","3.391085","2026-07-07 15:33:22","129","239","105","61","97","Unhealthy"
1968079,"6.57542","3.391085","2026-07-07 15:33:23","127","236","104","61","97","Unhealthy"
1968079,"6.575421","3.391067","2026-07-07 15:33:24","127","236","104","61","97","Unhealthy"
1968079,"6.575418","3.3910604","2026-07-07 15:33:25","136","253","111","61","97","Unhealthy"
1968079,"6.5754204","3.391051","2026-07-07 15:33:26","145","270","117","61","97","Unhealthy"
1968079,"6.575425","3.3910437","2026-07-07 15:33:27","178","337","142","61","97","Very Unhealthy"
1968079,"6.5754256","3.3910317","2026-07-07 15:33:29","204","389","160","61","97","Very Unhealthy"
1968079,"6.5754266","3.3910263","2026-07-07 15:33:30","205","391","160","61","97","Very Unhealthy"
1968079,"6.57543","3.3910182","2026-07-07 15:33:31","211","403","164","61","97","Very Unhealthy"
1968079,"6.575435","3.3910112","2026-07-07 15:33:32","223","426","173","61","97","Very Unhealthy"
1968079,"6.5754385","3.3910046","2026-07-07 15:33:33","258","496","197","61","97","Hazardous"
1968079,"6.57544","3.3909974","2026-07-07 15:33:34","290","562","220","61","97","Hazardous"
1968079,"6.575443","3.3909879","2026-07-07 15:33:35","331","643","248","61","97","Hazardous"
1968079,"6.5754447","3.3909783","2026-07-07 15:33:36","343","666","256","61","97","Hazardous"
1968079,"6.5754457","3.3909729","2026-07-07 15:33:37","329","639","246","61","97","Hazardous"
1968079,"6.575447","3.3909664","2026-07-07 15:33:38","321","624","241","61","97","Hazardous"
1968079,"6.5754495","3.3909585","2026-07-07 15:33:39","314","608","236","61","97","Hazardous"
1968079,"6.5754514","3.3909516","2026-07-07 15:33:40","306","593","230","61","97","Hazardous"
1968079,"6.57545","3.3909461","2026-07-07 15:33:41","304","589","229","61","97","Hazardous"
1968079,"6.5754523","3.3909373","2026-07-07 15:33:42","263","508","201","61","97","Hazardous"
1968079,"6.5754533","3.3909273","2026-07-07 15:33:43","242","465","186","61","97","Very Unhealthy"
1968079,"6.5754614","3.3909178","2026-07-07 15:33:44","196","372","154","61","97","Very Unhealthy"
1968079,"6.575466","3.3909132","2026-07-07 15:33:45","148","277","120","61","97","Unhealthy"
1968079,"6.575467","3.390904","2026-07-07 15:33:46","123","227","101","61","97","Unhealthy"
1968079,"6.5754747","3.3909037","2026-07-07 15:33:47","114","208","93","61","97","Unhealthy"
1968079,"6.575479","3.3909","2026-07-07 15:33:48","109","198","89","61","97","Unhealthy"
1968079,"6.5754805","3.3908982","2026-07-07 15:33:49","100","181","82","61","97","Unhealthy"
1968079,"6.575484","3.390894","2026-07-07 15:33:50","86","153","72","61","97","Unhealthy"
1968079,"6.5754876","3.3908935","2026-07-07 15:33:51","79","139","66","61","97","Unhealthy"
1968079,"6.5754905","3.3908906","2026-07-07 15:33:52","71","123","60","61","97","Unhealthy"
1968079,"6.5754933","3.3908956","2026-07-07 15:33:53","65","110","55","61","97","Unhealthy"
1968079,"6.5754957","3.3908918","2026-07-07 15:33:54","62","104","53","61","97","Unhealthy"
1968079,"6.5755014","3.3908863","2026-07-07 15:33:55","46","73","40","61","97","Unhealthy for Sensitive Groups"
1968079,"6.5755","3.3908842","2026-07-07 15:33:56","46","73","40","61","97","Unhealthy for Sensitive Groups"
1968079,"6.575505","3.3908796","2026-07-07 15:33:57","43","66","38","61","97","Unhealthy for Sensitive Groups"
1968079,"6.5755005","3.3908823","2026-07-07 15:33:58","39","60","35","61","97","Unhealthy for Sensitive Groups"
1968079,"6.5754986","3.3908837","2026-07-07 15:33:59","43","66","38","61","97","Unhealthy for Sensitive Groups"
1968079,"6.5754976","3.3908863","2026-07-07 15:34:00","43","66","38","61","97","Unhealthy for Sensitive Groups"
1968079,"6.5755","3.3908856","2026-07-07 15:34:01","46","73","40","61","97","Unhealthy for Sensitive Groups"
1968079,"6.5755","3.3908858","2026-07-07 15:34:02","49","79","43","61","97","Unhealthy for Sensitive Groups"
1968079,"6.575501","3.390885","2026-07-07 15:34:03","49","79","43","61","98","Unhealthy for Sensitive Groups"
1968079,"6.5755005","3.3908963","2026-07-07 15:34:04","49","79","43","61","97","Unhealthy for Sensitive Groups"
1968079,"6.5755014","3.3908925","2026-07-07 15:34:05","49","79","43","61","97","Unhealthy for Sensitive Groups"
1968079,"6.5755","3.3908956","2026-07-07 15:34:06","58","98","50","61","98","Unhealthy"
1968079,"6.575497","3.390898","2026-07-07 15:34:07","79","139","66","61","97","Unhealthy"
1968079,"6.5754943","3.3909066","2026-07-07 15:34:08","98","177","81","61","97","Unhealthy"
1968079,"6.5754895","3.3909032","2026-07-07 15:34:09","146","274","119","61","97","Unhealthy"
1968079,"6.5754886","3.3909109","2026-07-07 15:34:10","190","360","150","61","97","Very Unhealthy"
1968079,"6.5754848","3.3909209","2026-07-07 15:34:11","284","548","215","61","98","Hazardous"
1968079,"6.5754857","3.3909295","2026-07-07 15:34:12","387","756","287","61","98","Hazardous"
1968079,"6.575494","3.3909283","2026-07-07 15:34:13","491","963","359","61","98","Hazardous"
1968079,"6.5754952","3.3909307","2026-07-07 15:34:14","581","1143","421","61","97","Hazardous"
1968079,"6.575496","3.3909242","2026-07-07 15:34:15","643","1267","464","61","97","Hazardous"
1968079,"6.575496","3.3909256","2026-07-07 15:34:16","677","1335","488","61","97","Hazardous"
1968079,"6.5755005","3.3909252","2026-07-07 15:34:17","705","1391","507","61","97","Hazardous"
1968079,"6.5755033","3.3909242","2026-07-07 15:34:18","701","1383","505","61","97","Hazardous"
1968079,"6.5755076","3.3909194","2026-07-07 15:34:19","680","1341","490","61","98","Hazardous"
1968079,"6.5755067","3.3909202","2026-07-07 15:34:20","627","1236","453","61","97","Hazardous"
1968079,"6.5755105","3.3909206","2026-07-07 15:34:21","583","1147","423","61","98","Hazardous"
1968079,"6.57551","3.39092","2026-07-07 15:34:22","564","1108","409","61","98","Hazardous"
1968079,"6.57551","3.390922","2026-07-07 15:34:23","505","992","369","61","98","Hazardous"
1968079,"6.5755134","3.3909197","2026-07-07 15:34:24","408","796","301","61","97","Hazardous"
1968079,"6.5755186","3.3909152","2026-07-07 15:34:25","300","581","226","61","98","Hazardous"
1968079,"6.575515","3.3909109","2026-07-07 15:34:26","238","457","183","61","98","Very Unhealthy"
1968079,"6.5755134","3.390908","2026-07-07 15:34:27","182","345","144","61","98","Very Unhealthy"
1968079,"6.5755157","3.3909025","2026-07-07 15:34:28","157","295","127","61","98","Very Unhealthy"
1968079,"6.575517","3.3908958","2026-07-07 15:34:29","150","281","121","61","98","Unhealthy"
1968079,"6.575518","3.3908918","2026-07-07 15:34:30","141","264","115","61","98","Unhealthy"
1968079,"6.575514","3.3908944","2026-07-07 15:34:31","141","264","115","61","98","Unhealthy"
1968079,"6.5755115","3.3908894","2026-07-07 15:34:32","134","250","109","61","98","Unhealthy"
1968079,"6.5755095","3.3908868","2026-07-07 15:34:33","129","239","105","61","98","Unhealthy"
1968079,"6.5755024","3.3908784","2026-07-07 15:34:34","141","264","115","61","98","Unhealthy"
1968079,"6.5754995","3.3908722","2026-07-07 15:34:35","148","277","120","61","98","Unhealthy"
1968079,"6.575499","3.3908715","2026-07-07 15:34:36","159","298","128","61","98","Very Unhealthy"
1968079,"6.575501","3.3908656","2026-07-07 15:34:37","159","298","128","61","98","Very Unhealthy"
1968079,"6.575503","3.3908594","2026-07-07 15:34:38","172","326","138","61","98","Very Unhealthy"
1968079,"6.575503","3.390862","2026-07-07 15:34:39","168","318","135","61","98","Very Unhealthy"
1968079,"6.575504","3.3908608","2026-07-07 15:34:40","180","341","143","61","98","Very Unhealthy"
1968079,"6.5755057","3.390856","2026-07-07 15:34:41","180","341","143","61","98","Very Unhealthy"
1968079,"6.5755076","3.3908465","2026-07-07 15:34:42","184","349","146","61","98","Very Unhealthy"
1968079,"6.575512","3.390844","2026-07-07 15:34:43","199","380","156","61","98","Very Unhealthy"
1968079,"6.5755167","3.3908412","2026-07-07 15:34:44","230","442","178","61","98","Very Unhealthy"
1968079,"6.575523","3.3908348","2026-07-07 15:34:45","236","453","182","61","98","Very Unhealthy"
1968079,"6.5755253","3.3908293","2026-07-07 15:34:46","248","477","190","61","98","Very Unhealthy"
1968079,"6.5755296","3.3908267","2026-07-07 15:34:47","261","504","199","61","98","Hazardous"
1968079,"6.575531","3.390825","2026-07-07 15:34:48","285","550","216","61","98","Hazardous"
1968079,"6.575532","3.3908286","2026-07-07 15:34:49","283","546","214","61","98","Hazardous"
1968079,"6.5755363","3.390829","2026-07-07 15:34:50","281","543","213","61","98","Hazardous"
1968079,"6.5755405","3.3908305","2026-07-07 15:34:51","300","581","226","61","98","Hazardous"
1968079,"6.5755415","3.3908317","2026-07-07 15:34:52","318","616","238","61","98","Hazardous"
1968079,"6.575545","3.3908317","2026-07-07 15:34:53","316","612","237","61","98","Hazardous"
1968079,"6.5755444","3.3908343","2026-07-07 15:34:54","341","663","255","61","98","Hazardous"
1968079,"6.5755477","3.3908334","2026-07-07 15:34:55","341","663","255","61","98","Hazardous"
1968079,"6.575549","3.3908317","2026-07-07 15:34:56","343","666","256","61","98","Hazardous"
1968079,"6.575552","3.3908296","2026-07-07 15:34:57","345","670","257","61","98","Hazardous"
1968079,"6.575558","3.3908255","2026-07-07 15:34:58","380","740","281","61","98","Hazardous"
1968079,"6.575562","3.3908226","2026-07-07 15:34:59","399","779","295","61","98","Hazardous"
1968079,"6.5755634","3.3908148","2026-07-07 15:35:00","387","756","287","61","98","Hazardous"
1968079,"6.575564","3.3908057","2026-07-07 15:35:01","385","752","285","61","98","Hazardous"
1968079,"6.5755653","3.3908","2026-07-07 15:35:02","374","728","277","61","98","Hazardous"
1968079,"6.5755672","3.3907955","2026-07-07 15:35:03","354","690","264","61","98","Hazardous"
1968079,"6.57557","3.3907864","2026-07-07 15:35:04","323","628","242","61","98","Hazardous"
1968079,"6.5755696","3.39078","2026-07-07 15:35:05","306","593","230","61","98","Hazardous"
1968079,"6.575575","3.3907747","2026-07-07 15:35:06","277","535","210","61","98","Hazardous"
1968079,"6.5755763","3.3907661","2026-07-07 15:35:07","215","411","167","61","98","Very Unhealthy"
1968079,"6.575582","3.3907588","2026-07-07 15:35:08","215","411","167","61","98","Very Unhealthy"
1968079,"6.575584","3.3907528","2026-07-07 15:35:09","155","291","125","61","98","Very Unhealthy"
1968079,"6.5755844","3.3907516","2026-07-07 15:35:10","122","226","100","61","98","Unhealthy"
1968079,"6.5755854","3.390743","2026-07-07 15:35:11","98","177","81","61","98","Unhealthy"
1968079,"6.5755887","3.390737","2026-07-07 15:35:12","77","136","65","61","98","Unhealthy"
1968079,"6.575588","3.3907316","2026-07-07 15:35:13","52","85","45","61","98","Unhealthy for Sensitive Groups"
1968079,"6.5755897","3.3907297","2026-07-07 15:35:14","43","66","38","61","98","Unhealthy for Sensitive Groups"
1968079,"6.575595","3.390723","2026-07-07 15:35:15","25","32","23","61","98","Moderate"
1968079,"6.5755987","3.3907177","2026-07-07 15:35:16","23","27","21","61","98","Moderate"
1968079,"6.575602","3.3907135","2026-07-07 15:35:17","22","25","20","61","98","Moderate"
1968079,"6.5756044","3.3907106","2026-07-07 15:35:18","21","22","19","60","98","Moderate"
1968079,"6.575608","3.3907046","2026-07-07 15:35:19","21","22","19","60","98","Moderate"
1968079,"6.5756125","3.3906984","2026-07-07 15:35:20","20","21","18","60","98","Moderate"
1968079,"6.5756154","3.3906963","2026-07-07 15:35:21","20","21","18","60","98","Moderate"
1968079,"6.575617","3.390694","2026-07-07 15:35:22","20","21","18","60","98","Moderate"
1968079,"6.575621","3.390687","2026-07-07 15:35:23","21","22","19","60","98","Moderate"
1968079,"6.5756216","3.3906853","2026-07-07 15:35:24","21","22","19","60","98","Moderate"
1968079,"6.575627","3.390679","2026-07-07 15:35:25","20","21","18","60","98","Moderate"
1968079,"6.57563","3.3906739","2026-07-07 15:35:26","20","21","18","60","98","Moderate"
1968079,"6.575633","3.3906739","2026-07-07 15:35:27","22","25","20","60","98","Moderate"
1968079,"6.5756316","3.3906772","2026-07-07 15:35:28","30","42","28","60","98","Moderate"
1968079,"6.575633","3.3906777","2026-07-07 15:35:29","38","57","34","60","98","Unhealthy for Sensitive Groups"
1968079,"6.575634","3.3906767","2026-07-07 15:35:30","43","66","38","60","98","Unhealthy for Sensitive Groups"
1968079,"6.5756335","3.3906775","2026-07-07 15:35:31","52","85","45","60","98","Unhealthy for Sensitive Groups"
1968079,"6.575634","3.3906777","2026-07-07 15:35:32","52","85","45","60","98","Unhealthy for Sensitive Groups"
1968079,"6.575634","3.3906777","2026-07-07 15:35:33","58","98","50","60","98","Unhealthy"
1968079,"6.5756354","3.3906784","2026-07-07 15:35:34","65","110","55","60","98","Unhealthy"
1968079,"6.575635","3.390679","2026-07-07 15:35:35","79","139","66","60","98","Unhealthy"
1968079,"6.575635","3.390679","2026-07-07 15:35:36","100","181","82","61","98","Unhealthy"
1968079,"6.575635","3.390679","2026-07-07 15:35:37","100","181","82","61","98","Unhealthy"
1968079,"6.575638","3.3906724","2026-07-07 15:35:38","98","177","81","60","98","Unhealthy"
1968079,"6.575643","3.3906682","2026-07-07 15:35:39","98","177","81","60","98","Unhealthy"
1968079,"6.5756435","3.3906617","2026-07-07 15:35:40","96","172","79","60","98","Unhealthy"
1968079,"6.575644","3.3906562","2026-07-07 15:35:41","95","170","78","60","98","Unhealthy"
1968079,"6.5756464","3.390646","2026-07-07 15:35:42","95","170","78","60","98","Unhealthy"
1968079,"6.575643","3.390644","2026-07-07 15:35:43","90","160","74","60","98","Unhealthy"
1968079,"6.575644","3.3906422","2026-07-07 15:35:44","77","136","65","60","97","Unhealthy"
1968079,"6.575645","3.3906348","2026-07-07 15:35:45","49","79","43","60","97","Unhealthy for Sensitive Groups"
1968079,"6.5756464","3.3906326","2026-07-07 15:35:46","39","60","35","60","97","Unhealthy for Sensitive Groups"
1968079,"6.575648","3.3906243","2026-07-07 15:35:47","39","60","35","60","97","Unhealthy for Sensitive Groups"
1968079,"6.5756516","3.3906207","2026-07-07 15:35:48","101","183","83","60","97","Unhealthy"
1968079,"6.575649","3.3906238","2026-07-07 15:35:49","119","219","97","60","97","Unhealthy"
1968079,"6.575647","3.3906238","2026-07-07 15:35:50","122","226","100","60","97","Unhealthy"
1968079,"6.5756464","3.390623","2026-07-07 15:35:51","119","219","97","60","97","Unhealthy"
1968079,"6.575645","3.3906221","2026-07-07 15:35:52","124","229","101","60","97","Unhealthy"
1968079,"6.575644","3.3906217","2026-07-07 15:35:53","127","236","104","60","97","Unhealthy"
1968079,"6.5756426","3.3906214","2026-07-07 15:35:54","153","288","124","60","97","Very Unhealthy"
1968079,"6.575641","3.3906205","2026-07-07 15:35:55","163","306","131","60","97","Very Unhealthy"
1968079,"6.575641","3.3906183","2026-07-07 15:35:56","165","310","132","60","97","Very Unhealthy"
1968079,"6.5756435","3.3906136","2026-07-07 15:35:57","166","314","134","60","97","Very Unhealthy"
1968079,"6.575645","3.3906012","2026-07-07 15:35:58","117","215","96","60","97","Unhealthy"
1968079,"6.5756483","3.3906014","2026-07-07 15:35:59","89","158","74","60","97","Unhealthy"
1968079,"6.5756507","3.3906002","2026-07-07 15:36:00","81","143","68","60","97","Unhealthy"
1968079,"6.575659","3.3905957","2026-07-07 15:36:01","77","136","65","60","97","Unhealthy"
1968079,"6.5756593","3.3905892","2026-07-07 15:36:02","68","117","57","60","97","Unhealthy"
1968079,"6.5756636","3.3905861","2026-07-07 15:36:03","46","73","40","60","97","Unhealthy for Sensitive Groups"
1968079,"6.575663","3.3905838","2026-07-07 15:36:04","46","73","40","60","97","Unhealthy for Sensitive Groups"
1968079,"6.575667","3.3905811","2026-07-07 15:36:05","36","54","33","61","97","Unhealthy for Sensitive Groups"
1968079,"6.575672","3.3905709","2026-07-07 15:36:06","30","42","28","61","97","Moderate"
1968079,"6.575671","3.3905685","2026-07-07 15:36:07","25","32","23","61","97","Moderate"
1968079,"6.575672","3.3905635","2026-07-07 15:36:08","25","32","23","61","97","Moderate"
1968079,"6.5756745","3.3905575","2026-07-07 15:36:09","25","32","23","61","97","Moderate"
1968079,"6.575679","3.3905563","2026-07-07 15:36:10","24","29","22","61","97","Moderate"
1968079,"6.575682","3.3905463","2026-07-07 15:36:11","24","29","22","61","97","Moderate"
1968079,"6.575683","3.3905394","2026-07-07 15:36:12","24","29","22","61","97","Moderate"
1968079,"6.575687","3.390534","2026-07-07 15:36:13","24","29","22","61","97","Moderate"
1968079,"6.575688","3.3905265","2026-07-07 15:36:14","20","21","18","61","97","Moderate"
1968079,"6.57569","3.3905199","2026-07-07 15:36:15","18","19","17","61","97","Moderate"
1968079,"6.575694","3.3905127","2026-07-07 15:36:16","18","19","17","61","97","Moderate"
1968079,"6.5757003","3.3905008","2026-07-07 15:36:17","17","18","16","61","97","Moderate"
1968079,"6.575704","3.3904939","2026-07-07 15:36:18","17","18","16","61","97","Moderate"
1968079,"6.5757065","3.3904862","2026-07-07 15:36:19","17","18","16","61","97","Moderate"
1968079,"6.5757103","3.3904767","2026-07-07 15:36:20","17","18","16","61","97","Moderate"
1968079,"6.5757113","3.39047","2026-07-07 15:36:21","17","18","16","61","97","Moderate"
1968079,"6.5757155","3.3904607","2026-07-07 15:36:22","17","18","15","61","97","Moderate"
1968079,"6.5757217","3.3904514","2026-07-07 15:36:23","16","17","15","61","97","Moderate"
1968079,"6.5757256","3.3904452","2026-07-07 15:36:24","16","17","15","61","97","Moderate"
1968079,"6.5757294","3.3904386","2026-07-07 15:36:25","15","16","14","61","97","Moderate"
1968079,"6.575737","3.390429","2026-07-07 15:36:26","15","16","14","61","97","Moderate"
1968079,"6.575742","3.390423","2026-07-07 15:36:27","15","16","14","61","98","Moderate"
1968079,"6.5757475","3.3904164","2026-07-07 15:36:28","15","16","14","61","97","Moderate"
1968079,"6.575751","3.3904104","2026-07-07 15:36:29","14","14","13","61","98","Moderate"
1968079,"6.575757","3.390407","2026-07-07 15:36:30","14","14","13","61","98","Moderate"
1968079,"6.575761","3.3904018","2026-07-07 15:36:31","13","13","12","61","98","Moderate"
1968079,"6.5757656","3.390398","2026-07-07 15:36:32","13","13","12","61","98","Moderate"
1968079,"6.5757723","3.3903937","2026-07-07 15:36:33","13","13","12","61","98","Moderate"
1968079,"6.575774","3.3903906","2026-07-07 15:36:34","12","12","11","61","98","Good"
1968079,"6.575779","3.3903856","2026-07-07 15:36:35","10","11","10","61","98","Good"
1968079,"6.5757804","3.3903809","2026-07-07 15:36:36","10","11","10","61","98","Good"
1968079,"6.575781","3.390374","2026-07-07 15:36:37","10","11","10","61","98","Good"
1968079,"6.5757804","3.3903716","2026-07-07 15:36:38","10","11","10","61","98","Good"
1968079,"6.575782","3.3903656","2026-07-07 15:36:39","12","12","11","61","98","Good"
1968079,"6.5757837","3.390357","2026-07-07 15:36:40","12","12","11","61","98","Good"
1968079,"6.575785","3.3903522","2026-07-07 15:36:41","12","12","11","61","98","Good"
1968079,"6.5757866","3.3903487","2026-07-07 15:36:42","10","11","10","61","98","Good"
1968079,"6.57579","3.3903432","2026-07-07 15:36:43","10","11","10","61","98","Good"
1968079,"6.575791","3.3903415","2026-07-07 15:36:44","12","12","11","61","98","Good"
1968079,"6.575789","3.3903403","2026-07-07 15:36:45","12","12","11","61","98","Good"
1968079,"6.5757895","3.390334","2026-07-07 15:36:46","12","12","11","61","98","Good"
1968079,"6.575792","3.39034","2026-07-07 15:36:47","12","12","11","61","98","Good"
1968079,"6.5757923","3.3903415","2026-07-07 15:36:48","10","11","10","61","98","Good"
1968079,"6.5757933","3.3903446","2026-07-07 15:36:49","12","12","11","61","98","Good"
1968079,"6.5757923","3.3903468","2026-07-07 15:36:50","12","12","11","61","98","Good"
1968079,"6.575791","3.3903468","2026-07-07 15:36:51","10","11","10","61","98","Good"
1968079,"6.575794","3.3903494","2026-07-07 15:36:52","10","11","10","61","97","Good"
1968079,"6.5757957","3.3903508","2026-07-07 15:36:53","10","11","10","60","98","Good"
1968079,"6.575797","3.3903508","2026-07-07 15:36:54","10","11","10","60","98","Good"
1968079,"6.5757976","3.3903522","2026-07-07 15:36:55","9","10","8","60","98","Good"
1968079,"6.5757985","3.3903494","2026-07-07 15:36:56","10","11","10","60","98","Good"
1968079,"6.5757995","3.3903508","2026-07-07 15:36:57","10","11","10","60","98","Good"
1968079,"6.5757995","3.3903491","2026-07-07 15:36:58","10","11","10","60","98","Good"
1968079,"6.5757985","3.390353","2026-07-07 15:36:59","10","11","10","60","98","Good"
1968079,"6.575798","3.3903527","2026-07-07 15:37:00","9","10","8","60","98","Good"
1968079,"6.575798","3.390353","2026-07-07 15:37:01","9","10","8","60","98","Good"
1968079,"6.5757966","3.3903525","2026-07-07 15:37:02","10","10","9","60","98","Good"
1968079,"6.575796","3.3903525","2026-07-07 15:37:03","10","11","10","61","98","Good"
1968079,"6.5757957","3.3903518","2026-07-07 15:37:04","10","11","10","61","98","Good"
1968079,"6.575795","3.3903534","2026-07-07 15:37:05","10","11","10","61","98","Good"
1968079,"6.575795","3.3903527","2026-07-07 15:37:06","10","11","10","61","98","Good"
1968079,"6.575795","3.390353","2026-07-07 15:37:07","10","11","10","61","98","Good"
1968079,"6.575795","3.390353","2026-07-07 15:37:08","10","11","10","61","98","Good"
1968079,"6.575795","3.390353","2026-07-07 15:37:09","12","12","11","61","98","Good"
1968079,"6.575795","3.390353","2026-07-07 15:37:10","12","12","11","61","98","Good"
1968079,"6.575793","3.3903534","2026-07-07 15:37:11","12","12","11","61","98","Good"
1968079,"6.575791","3.390354","2026-07-07 15:37:12","12","12","11","61","98","Good"
1968079,"6.57579","3.3903513","2026-07-07 15:37:13","12","12","11","61","98","Good"
1968079,"6.5757895","3.3903503","2026-07-07 15:37:14","10","11","10","61","98","Good"
1968079,"6.575789","3.3903527","2026-07-07 15:37:15","10","11","10","61","98","Good"
1968079,"6.575788","3.3903525","2026-07-07 15:37:16","10","11","10","61","98","Good"
1968079,"6.575788","3.3903525","2026-07-07 15:37:17","11","11","10","61","98","Good"
1968079,"6.575788","3.3903532","2026-07-07 15:37:18","12","12","11","61","98","Good"
1968079,"6.575788","3.3903525","2026-07-07 15:37:19","12","12","11","61","98","Good"
1968079,"6.5757875","3.3903527","2026-07-07 15:37:20","12","12","11","61","98","Good"
1968079,"6.5757885","3.3903532","2026-07-07 15:37:21","10","11","10","61","98","Good"
1968079,"6.575789","3.3903534","2026-07-07 15:37:22","10","11","10","61","98","Good"
1968079,"6.575788","3.3903544","2026-07-07 15:37:23","10","11","10","61","98","Good"
1968079,"6.5757885","3.3903546","2026-07-07 15:37:24","12","12","11","61","98","Good"
1968079,"6.5757885","3.3903532","2026-07-07 15:37:25","12","12","11","61","98","Good"
1968079,"6.575789","3.3903556","2026-07-07 15:37:26","12","12","11","61","98","Good"
1968079,"6.5757885","3.3903549","2026-07-07 15:37:27","10","11","10","61","98","Good"
1968079,"6.5757895","3.3903563","2026-07-07 15:37:28","10","11","10","61","98","Good"
1968079,"6.57579","3.3903565","2026-07-07 15:37:29","10","11","10","61","98","Good"
1968079,"6.57579","3.3903577","2026-07-07 15:37:30","9","10","8","61","98","Good"
1968079,"6.5757904","3.390358","2026-07-07 15:37:31","9","10","8","61","98","Good"
1968079,"6.5757904","3.3903582","2026-07-07 15:37:32","9","10","8","61","98","Good"
1968079,"6.5757914","3.390359","2026-07-07 15:37:33","10","11","10","61","98","Good"
1968079,"6.575792","3.3903587","2026-07-07 15:37:34","10","11","10","61","98","Good"
1968079,"6.575792","3.3903582","2026-07-07 15:37:35","11","11","10","61","98","Good"
1968079,"6.575792","3.3903592","2026-07-07 15:37:36","12","12","11","61","98","Good"
1968079,"6.575792","3.3903582","2026-07-07 15:37:37","12","12","11","61","98","Good"
1968079,"6.575792","3.3903587","2026-07-07 15:37:38","12","12","11","61","98","Good"
1968079,"6.575792","3.390359","2026-07-07 15:37:39","12","12","11","61","98","Good"
1968079,"6.5757914","3.390358","2026-07-07 15:37:40","12","12","11","61","98","Good"
1968079,"6.575792","3.3903537","2026-07-07 15:37:41","12","12","11","61","98","Good"
1968079,"6.575792","3.3903527","2026-07-07 15:37:42","12","12","11","61","98","Good"
1968079,"6.575794","3.3903506","2026-07-07 15:37:43","12","12","11","61","98","Good"
1968079,"6.575797","3.3903446","2026-07-07 15:37:44","10","11","10","61","98","Good"
1968079,"6.5758014","3.3903403","2026-07-07 15:37:45","10","11","10","61","98","Good"
1968079,"6.5758057","3.390334","2026-07-07 15:37:46","10","11","10","61","98","Good"
1968079,"6.575812","3.3903294","2026-07-07 15:37:47","10","11","10","61","98","Good"
1968079,"6.5758157","3.3903236","2026-07-07 15:37:48","12","12","11","61","98","Good"
1968079,"6.5758204","3.3903205","2026-07-07 15:37:49","12","12","11","61","98","Good"
1968079,"6.5758247","3.390316","2026-07-07 15:37:50","12","12","11","61","98","Good"
1968079,"6.57583","3.3903086","2026-07-07 15:37:51","10","11","10","61","98","Good"
1968079,"6.5758324","3.3903036","2026-07-07 15:37:52","10","11","10","60","98","Good"
1968079,"6.5758367","3.3902977","2026-07-07 15:37:53","12","12","11","60","98","Good"
1968079,"6.5758414","3.3902907","2026-07-07 15:37:54","12","12","11","60","98","Good"
1968079,"6.575846","3.3902838","2026-07-07 15:37:55","10","11","10","60","98","Good"
1968079,"6.5758514","3.3902783","2026-07-07 15:37:56","10","11","10","60","98","Good"
1968079,"6.575856","3.390273","2026-07-07 15:37:57","12","12","11","60","98","Good"
1968079,"6.575862","3.3902683","2026-07-07 15:37:58","12","12","11","60","98","Good"
1968079,"6.5758677","3.390263","2026-07-07 15:37:59","12","12","11","60","98","Good"
1968079,"6.5758715","3.3902571","2026-07-07 15:38:00","13","13","12","60","98","Moderate"
1968079,"6.575877","3.39025","2026-07-07 15:38:01","13","13","12","60","98","Moderate"
1968079,"6.57588","3.3902445","2026-07-07 15:38:02","14","14","13","60","98","Moderate"
1968079,"6.575884","3.3902373","2026-07-07 15:38:03","14","14","13","60","98","Moderate"
1968079,"6.575888","3.39023","2026-07-07 15:38:04","13","13","12","60","98","Moderate"
1968079,"6.5758924","3.390222","2026-07-07 15:38:05","13","13","12","60","98","Moderate"
1968079,"6.5758967","3.390215","2026-07-07 15:38:06","13","13","12","60","97","Moderate"
1968079,"6.575899","3.3902097","2026-07-07 15:38:07","13","13","12","60","97","Moderate"
1968079,"6.5759034","3.390205","2026-07-07 15:38:08","13","13","12","60","97","Moderate"
1968079,"6.5759077","3.3902004","2026-07-07 15:38:09","14","14","13","60","98","Moderate"
1968079,"6.575913","3.390195","2026-07-07 15:38:10","14","14","13","60","97","Moderate"
1968079,"6.575916","3.3901923","2026-07-07 15:38:11","14","14","13","60","97","Moderate"
1968079,"6.5759206","3.3901892","2026-07-07 15:38:12","14","15","13","60","98","Moderate"
1968079,"6.5759234","3.3901887","2026-07-07 15:38:13","15","16","14","60","97","Moderate"
1968079,"6.575926","3.3901858","2026-07-07 15:38:14","15","16","14","60","98","Moderate"
1968079,"6.5759277","3.3901863","2026-07-07 15:38:15","15","16","14","61","98","Moderate"
1968079,"6.5759277","3.3901863","2026-07-07 15:38:16","14","14","13","61","98","Moderate"
1968079,"6.5759306","3.390184","2026-07-07 15:38:17","14","14","13","61","98","Moderate"
1968079,"6.5759335","3.390183","2026-07-07 15:38:18","15","16","14","61","98","Moderate"
1968079,"6.5759425","3.3901796","2026-07-07 15:38:19","15","16","14","61","97","Moderate"
1968079,"6.575951","3.3901808","2026-07-07 15:38:20","15","16","14","61","98","Moderate"
1968079,"6.575964","3.3901827","2026-07-07 15:38:21","15","16","14","61","97","Moderate"
1968079,"6.57598","3.390191","2026-07-07 15:38:22","15","16","14","61","98","Moderate"
1968079,"6.5759883","3.3902037","2026-07-07 15:38:23","15","16","14","61","98","Moderate"
1968079,"6.5759964","3.3902102","2026-07-07 15:38:24","15","16","14","61","98","Moderate"
1968079,"6.576002","3.3902178","2026-07-07 15:38:25","15","16","14","61","98","Moderate"
1968079,"6.5760117","3.3902247","2026-07-07 15:38:26","15","16","14","61","97","Moderate"
1968079,"6.5760255","3.3902328","2026-07-07 15:38:27","15","16","14","61","98","Moderate"
1968079,"6.5760417","3.3902454","2026-07-07 15:38:28","15","16","14","61","97","Moderate"
1968079,"6.576058","3.390261","2026-07-07 15:38:29","15","16","14","61","97","Moderate"
1968079,"6.5760646","3.390274","2026-07-07 15:38:30","14","14","13","61","98","Moderate"
1968079,"6.5760636","3.390282","2026-07-07 15:38:31","14","14","13","61","98","Moderate"
1968079,"6.576065","3.3902903","2026-07-07 15:38:32","14","14","13","60","97","Moderate"
1968079,"6.576064","3.3902986","2026-07-07 15:38:33","14","14","13","60","98","Moderate"
1968079,"6.576061","3.3903062","2026-07-07 15:38:34","14","14","13","60","98","Moderate"
1968079,"6.576058","3.390313","2026-07-07 15:38:35","13","13","12","60","98","Moderate"
1968079,"6.576061","3.3903089","2026-07-07 15:38:36","13","13","12","60","98","Moderate"
1968079,"6.5760593","3.390318","2026-07-07 15:38:37","13","13","12","60","98","Moderate"
1968079,"6.5760603","3.390317","2026-07-07 15:38:38","13","13","12","60","98","Moderate"
1968079,"6.5760617","3.390323","2026-07-07 15:38:39","13","13","12","60","98","Moderate"
1968079,"6.576061","3.3903222","2026-07-07 15:38:40","13","13","12","60","98","Moderate"
1968079,"6.576062","3.3903236","2026-07-07 15:38:41","14","14","13","60","98","Moderate"
1968079,"6.5760593","3.3903267","2026-07-07 15:38:42","13","13","12","60","98","Moderate"
1968079,"6.576056","3.3903239","2026-07-07 15:38:43","13","13","12","60","98","Moderate"
1968079,"6.57606","3.390329","2026-07-07 15:38:44","13","13","12","60","98","Moderate"
1968079,"6.5760593","3.390327","2026-07-07 15:38:45","13","13","12","61","98","Moderate"
1968079,"6.576058","3.3903265","2026-07-07 15:38:46","13","13","12","61","98","Moderate"
1968079,"6.576058","3.390328","2026-07-07 15:38:47","13","13","12","61","98","Moderate"
1968079,"6.5760584","3.3903282","2026-07-07 15:38:48","12","12","11","61","98","Good"
1968079,"6.5760584","3.390329","2026-07-07 15:38:49","12","12","11","61","98","Good"
1968079,"6.5760574","3.3903284","2026-07-07 15:38:50","12","12","11","61","98","Good"
1968079,"6.5760565","3.3903315","2026-07-07 15:38:51","13","13","12","61","98","Moderate"
1968079,"6.576053","3.390337","2026-07-07 15:38:52","13","13","12","61","98","Moderate"
1968079,"6.5760508","3.390328","2026-07-07 15:38:53","14","14","13","61","98","Moderate"
1968079,"6.5760536","3.3903375","2026-07-07 15:38:54","14","14","13","61","98","Moderate"
1968079,"6.576048","3.39034","2026-07-07 15:38:55","14","14","13","61","98","Moderate"
1968079,"6.57605","3.3903415","2026-07-07 15:38:56","14","14","13","61","98","Moderate"
1968079,"6.57605","3.3903444","2026-07-07 15:38:57","14","14","13","61","98","Moderate"
1968079,"6.5760493","3.390349","2026-07-07 15:38:58","14","14","13","61","98","Moderate"
1968079,"6.5760484","3.390354","2026-07-07 15:38:59","14","14","13","61","98","Moderate"
1968079,"6.5760474","3.3903587","2026-07-07 15:39:00","14","14","13","61","98","Moderate"
1968079,"6.576048","3.3903627","2026-07-07 15:39:01","14","14","13","61","98","Moderate"
1968079,"6.5760474","3.3903666","2026-07-07 15:39:02","14","14","13","61","98","Moderate"
1968079,"6.576045","3.3903718","2026-07-07 15:39:03","14","14","13","61","98","Moderate"
1968079,"6.5760446","3.3903744","2026-07-07 15:39:04","14","14","13","61","98","Moderate"
1968079,"6.5760446","3.3903763","2026-07-07 15:39:05","15","16","14","61","98","Moderate"
1968079,"6.576043","3.3903794","2026-07-07 15:39:06","15","16","14","61","98","Moderate"
1968079,"6.5760427","3.3903813","2026-07-07 15:39:07","14","14","13","61","98","Moderate"
1968079,"6.576039","3.3903856","2026-07-07 15:39:08","14","14","13","61","98","Moderate"
1968079,"6.576041","3.390383","2026-07-07 15:39:09","14","14","13","61","98","Moderate"
1968079,"6.5760393","3.390385","2026-07-07 15:39:10","14","14","13","61","98","Moderate"
1968079,"6.5760393","3.390385","2026-07-07 15:39:11","14","14","13","61","98","Moderate"
1968079,"6.5760393","3.390385","2026-07-07 15:39:12","14","14","13","60","98","Moderate"
1968079,"6.5760336","3.3903885","2026-07-07 15:39:13","14","14","13","61","98","Moderate"
1968079,"6.576033","3.3903902","2026-07-07 15:39:14","14","14","13","60","98","Moderate"
1968079,"6.5760283","3.3903959","2026-07-07 15:39:15","14","14","13","60","98","Moderate"
1968079,"6.5760283","3.3903944","2026-07-07 15:39:16","14","14","13","61","98","Moderate"
1968079,"6.576027","3.3903956","2026-07-07 15:39:17","14","14","13","60","98","Moderate"
1968079,"6.576026","3.3903942","2026-07-07 15:39:18","14","14","13","61","98","Moderate"
1968079,"6.576026","3.390394","2026-07-07 15:39:19","15","16","14","61","98","Moderate"
1968079,"6.576026","3.390394","2026-07-07 15:39:20","15","16","14","61","98","Moderate"
1968079,"6.576026","3.390394","2026-07-07 15:39:21","15","16","14","61","98","Moderate"
1968079,"6.576026","3.390394","2026-07-07 15:39:22","15","16","14","61","98","Moderate"
1968079,"6.576026","3.390394","2026-07-07 15:39:23","16","17","15","61","98","Moderate"
1968079,"6.576026","3.390394","2026-07-07 15:39:24","16","17","15","61","98","Moderate"
1968079,"6.576026","3.390394","2026-07-07 15:39:25","16","17","15","61","98","Moderate"
1968079,"6.576026","3.390394","2026-07-07 15:39:26","16","17","15","61","98","Moderate"
1968079,"6.5760193","3.3903944","2026-07-07 15:39:27","16","17","15","61","98","Moderate"
1968079,"6.5760193","3.3903944","2026-07-07 15:39:28","17","18","16","61","98","Moderate"
1968079,"6.5760193","3.3903935","2026-07-07 15:39:29","17","18","16","61","98","Moderate"
1968079,"6.5760193","3.3903935","2026-07-07 15:39:30","17","18","16","61","98","Moderate"
1968079,"6.5760193","3.3903935","2026-07-07 15:39:31","17","18","16","61","98","Moderate"
1968079,"6.576019","3.390393","2026-07-07 15:39:32","17","18","16","61","98","Moderate"
1968079,"6.576014","3.3903973","2026-07-07 15:39:33","17","18","16","61","98","Moderate"
1968079,"6.5760098","3.3904023","2026-07-07 15:39:34","16","17","15","61","98","Moderate"
1968079,"6.5760074","3.390403","2026-07-07 15:39:35","16","17","15","61","98","Moderate"
1968079,"6.576001","3.3904047","2026-07-07 15:39:36","16","17","15","61","98","Moderate"
1968079,"6.5759935","3.3904088","2026-07-07 15:39:37","15","16","14","61","98","Moderate"
1968079,"6.575988","3.3904064","2026-07-07 15:39:38","15","16","14","60","98","Moderate"
1968079,"6.5759797","3.3904078","2026-07-07 15:39:39","16","17","15","60","98","Moderate"
1968079,"6.575974","3.3904128","2026-07-07 15:39:40","16","17","15","60","98","Moderate"
1968079,"6.575972","3.3904183","2026-07-07 15:39:41","16","17","15","60","98","Moderate"
1968079,"6.5759673","3.3904245","2026-07-07 15:39:42","17","18","16","60","97","Moderate"
1968079,"6.5759635","3.3904285","2026-07-07 15:39:43","18","19","17","60","97","Moderate"
1968079,"6.575961","3.3904321","2026-07-07 15:39:44","18","19","17","60","97","Moderate"
1968079,"6.575961","3.3904357","2026-07-07 15:39:45","18","19","17","60","97","Moderate"
1968079,"6.575961","3.3904457","2026-07-07 15:39:46","17","18","16","60","97","Moderate"
1968079,"6.5759616","3.3904493","2026-07-07 15:39:47","17","18","16","60","98","Moderate"
1968079,"6.575961","3.390457","2026-07-07 15:39:48","17","18","16","60","98","Moderate"
1968079,"6.575959","3.3904588","2026-07-07 15:39:49","18","19","17","60","98","Moderate"
1968079,"6.575957","3.3904617","2026-07-07 15:39:50","18","19","17","60","98","Moderate"
1968079,"6.5759525","3.3904648","2026-07-07 15:39:51","20","21","18","60","98","Moderate"
1968079,"6.5759463","3.3904698","2026-07-07 15:39:52","20","21","18","60","98","Moderate"
1968079,"6.5759387","3.3904796","2026-07-07 15:39:53","18","19","17","60","98","Moderate"
1968079,"6.575937","3.3904848","2026-07-07 15:39:54","18","19","17","60","98","Moderate"
1968079,"6.5759387","3.3904932","2026-07-07 15:39:55","18","19","17","60","98","Moderate"
1968079,"6.575947","3.3904948","2026-07-07 15:39:56","18","19","17","60","98","Moderate"
1968079,"6.575946","3.3905072","2026-07-07 15:39:57","18","19","17","60","98","Moderate"
1968079,"6.5759416","3.3905191","2026-07-07 15:39:58","18","19","17","60","98","Moderate"
1968079,"6.575936","3.390528","2026-07-07 15:39:59","18","19","17","60","98","Moderate"
1968079,"6.5759315","3.3905358","2026-07-07 15:40:00","17","18","16","60","98","Moderate"
1968079,"6.5759296","3.3905349","2026-07-07 15:40:01","17","18","16","60","98","Moderate"
1968079,"6.575923","3.3905444","2026-07-07 15:40:02","18","19","17","60","98","Moderate"
1968079,"6.5759234","3.390545","2026-07-07 15:40:03","18","19","17","60","98","Moderate"
1968079,"6.5759206","3.390555","2026-07-07 15:40:04","20","21","18","60","98","Moderate"
1968079,"6.575919","3.3905568","2026-07-07 15:40:05","20","21","18","61","98","Moderate"
1968079,"6.575918","3.390568","2026-07-07 15:40:06","20","21","18","61","98","Moderate"
1968079,"6.5759134","3.3905754","2026-07-07 15:40:07","18","19","17","61","98","Moderate"
1968079,"6.5759096","3.3905842","2026-07-07 15:40:08","18","19","17","61","98","Moderate"
1968079,"6.5759096","3.3905852","2026-07-07 15:40:09","17","18","16","61","98","Moderate"
1968079,"6.5759087","3.3905861","2026-07-07 15:40:10","17","18","15","61","98","Moderate"
1968079,"6.575909","3.3905919","2026-07-07 15:40:11","16","17","15","61","98","Moderate"
1968079,"6.575907","3.3905907","2026-07-07 15:40:12","17","18","16","61","98","Moderate"
1968079,"6.575906","3.390594","2026-07-07 15:40:13","17","18","16","61","98","Moderate"
1968079,"6.5759044","3.3905952","2026-07-07 15:40:14","17","18","16","61","98","Moderate"
1968079,"6.5759034","3.390597","2026-07-07 15:40:15","17","18","16","61","98","Moderate"
1968079,"6.575902","3.3905985","2026-07-07 15:40:16","17","18","16","61","98","Moderate"
1968079,"6.5759025","3.3905985","2026-07-07 15:40:17","17","18","16","61","98","Moderate"
1968079,"6.5758986","3.3905983","2026-07-07 15:40:18","17","18","16","61","98","Moderate"
1968079,"6.575894","3.390602","2026-07-07 15:40:19","17","18","16","61","98","Moderate"
1968079,"6.5758867","3.3906069","2026-07-07 15:40:20","17","18","16","61","98","Moderate"
1968079,"6.5758867","3.3906162","2026-07-07 15:40:21","17","18","16","61","98","Moderate"
1968079,"6.5758867","3.3906183","2026-07-07 15:40:22","16","17","15","61","98","Moderate"
1968079,"6.575884","3.390622","2026-07-07 15:40:23","17","18","16","61","98","Moderate"
1968079,"6.5758834","3.3906205","2026-07-07 15:40:24","20","21","18","61","98","Moderate"
1968079,"6.575883","3.3906236","2026-07-07 15:40:25","24","28","22","61","98","Moderate"
1968079,"6.575885","3.390626","2026-07-07 15:40:26","25","32","23","61","98","Moderate"
1968079,"6.575886","3.3906288","2026-07-07 15:40:27","28","37","26","61","98","Moderate"
1968079,"6.5758867","3.3906288","2026-07-07 15:40:28","36","54","33","61","98","Unhealthy for Sensitive Groups"
1968079,"6.575888","3.3906286","2026-07-07 15:40:29","39","60","35","61","98","Unhealthy for Sensitive Groups"
1968079,"6.5758877","3.3906312","2026-07-07 15:40:30","43","66","38","61","98","Unhealthy for Sensitive Groups"
1968079,"6.575888","3.390635","2026-07-07 15:40:31","46","73","40","61","98","Unhealthy for Sensitive Groups"
1968079,"6.5758877","3.3906398","2026-07-07 15:40:32","49","79","43","61","98","Unhealthy for Sensitive Groups"
1968079,"6.575886","3.3906436","2026-07-07 15:40:33","49","79","43","61","98","Unhealthy for Sensitive Groups"
1968079,"6.5758824","3.390653","2026-07-07 15:40:34","46","73","40","61","98","Unhealthy for Sensitive Groups"
1968079,"6.575877","3.3906608","2026-07-07 15:40:35","46","73","40","61","98","Unhealthy for Sensitive Groups"
1968079,"6.5758724","3.3906686","2026-07-07 15:40:36","46","73","40","61","98","Unhealthy for Sensitive Groups"
1968079,"6.5758677","3.390674","2026-07-07 15:40:37","39","60","35","61","98","Unhealthy for Sensitive Groups"
1968079,"6.5758634","3.390679","2026-07-07 15:40:38","39","60","35","61","98","Unhealthy for Sensitive Groups"
1968079,"6.5758595","3.3906863","2026-07-07 15:40:39","39","60","35","61","98","Unhealthy for Sensitive Groups"
1968079,"6.57586","3.3907","2026-07-07 15:40:40","36","54","33","61","98","Unhealthy for Sensitive Groups"
1968079,"6.5758505","3.3906991","2026-07-07 15:40:41","36","54","33","61","98","Unhealthy for Sensitive Groups"
1968079,"6.575841","3.3906984","2026-07-07 15:40:42","36","54","33","61","98","Unhealthy for Sensitive Groups"
1968079,"6.5758405","3.3907058","2026-07-07 15:40:43","36","54","33","60","98","Unhealthy for Sensitive Groups"
1968079,"6.575838","3.390712","2026-07-07 15:40:44","36","54","33","60","98","Unhealthy for Sensitive Groups"
1968079,"6.5758367","3.3907163","2026-07-07 15:40:45","39","60","35","60","98","Unhealthy for Sensitive Groups"
1968079,"6.5758357","3.3907208","2026-07-07 15:40:46","38","57","34","60","98","Unhealthy for Sensitive Groups"
1968079,"6.575833","3.3907285","2026-07-07 15:40:47","39","60","35","60","98","Unhealthy for Sensitive Groups"
1968079,"6.575833","3.390723","2026-07-07 15:40:48","39","60","35","60","98","Unhealthy for Sensitive Groups"
1968079,"6.5758314","3.390725","2026-07-07 15:40:49","39","60","35","60","98","Unhealthy for Sensitive Groups"
1968079,"6.5758295","3.3907251","2026-07-07 15:40:50","39","60","35","60","98","Unhealthy for Sensitive Groups"
1968079,"6.5758286","3.3907244","2026-07-07 15:40:51","39","60","35","60","98","Unhealthy for Sensitive Groups"
1968079,"6.5758276","3.3907237","2026-07-07 15:40:52","39","60","35","60","98","Unhealthy for Sensitive Groups"
1968079,"6.575826","3.3907254","2026-07-07 15:40:53","39","60","35","60","98","Unhealthy for Sensitive Groups"
1968079,"6.5758243","3.3907266","2026-07-07 15:40:54","39","60","35","60","98","Unhealthy for Sensitive Groups"
1968079,"6.575825","3.390723","2026-07-07 15:40:55","43","66","38","60","98","Unhealthy for Sensitive Groups"
1968079,"6.575824","3.3907251","2026-07-07 15:40:56","43","66","38","60","98","Unhealthy for Sensitive Groups"
1968079,"6.575824","3.390725","2026-07-07 15:40:57","43","66","38","60","98","Unhealthy for Sensitive Groups"
1968079,"6.575824","3.390724","2026-07-07 15:40:58","46","73","40","60","98","Unhealthy for Sensitive Groups"
1968079,"6.575823","3.390724","2026-07-07 15:40:59","46","73","40","60","98","Unhealthy for Sensitive Groups"
1968079,"6.5758224","3.390724","2026-07-07 15:41:00","46","73","40","60","98","Unhealthy for Sensitive Groups"
1968079,"6.575823","3.3907235","2026-07-07 15:41:01","46","73","40","60","98","Unhealthy for Sensitive Groups"
1968079,"6.5758204","3.3907247","2026-07-07 15:41:02","46","73","40","60","98","Unhealthy for Sensitive Groups"
1968079,"6.575823","3.3907235","2026-07-07 15:41:03","49","79","43","60","98","Unhealthy for Sensitive Groups"
1968079,"6.5758204","3.3907235","2026-07-07 15:41:04","52","85","45","60","98","Unhealthy for Sensitive Groups"
1968079,"6.5758195","3.3907323","2026-07-07 15:41:05","52","85","45","60","98","Unhealthy for Sensitive Groups"
1968079,"6.575817","3.3907366","2026-07-07 15:41:06","52","85","45","60","98","Unhealthy for Sensitive Groups"
1968079,"6.5758166","3.3907433","2026-07-07 15:41:07","49","79","43","60","98","Unhealthy for Sensitive Groups"
1968079,"6.5758142","3.390749","2026-07-07 15:41:08","49","79","43","60","98","Unhealthy for Sensitive Groups"
1968079,"6.575813","3.3907542","2026-07-07 15:41:09","49","79","43","60","98","Unhealthy for Sensitive Groups"
1968079,"6.575811","3.39076","2026-07-07 15:41:10","46","73","40","60","98","Unhealthy for Sensitive Groups"
1968079,"6.575807","3.3907657","2026-07-07 15:41:11","46","73","40","60","98","Unhealthy for Sensitive Groups"
1968079,"6.575805","3.390767","2026-07-07 15:41:12","46","73","40","60","98","Unhealthy for Sensitive Groups"
1968079,"6.575803","3.3907719","2026-07-07 15:41:13","46","73","40","60","98","Unhealthy for Sensitive Groups"
1968079,"6.5758004","3.3907769","2026-07-07 15:41:14","46","73","40","60","98","Unhealthy for Sensitive Groups"
1968079,"6.5757985","3.3907819","2026-07-07 15:41:15","46","73","40","60","98","Unhealthy for Sensitive Groups"
1968079,"6.575796","3.3907864","2026-07-07 15:41:16","46","73","40","60","98","Unhealthy for Sensitive Groups"
1968079,"6.5757947","3.3907914","2026-07-07 15:41:17","49","79","43","60","98","Unhealthy for Sensitive Groups"
1968079,"6.5757937","3.3907955","2026-07-07 15:41:18","52","85","45","60","98","Unhealthy for Sensitive Groups"
1968079,"6.575792","3.3907993","2026-07-07 15:41:19","49","79","43","60","98","Unhealthy for Sensitive Groups"
1968079,"6.575791","3.3908029","2026-07-07 15:41:20","49","79","43","60","98","Unhealthy for Sensitive Groups"
1968079,"6.5757885","3.3908076","2026-07-07 15:41:21","55","91","48","60","98","Unhealthy for Sensitive Groups"
1968079,"6.5757875","3.3908136","2026-07-07 15:41:22","58","98","50","60","98","Unhealthy"
1968079,"6.575785","3.390816","2026-07-07 15:41:23","62","104","53","60","98","Unhealthy"
1968079,"6.575784","3.3908165","2026-07-07 15:41:24","62","104","53","60","98","Unhealthy"
1968079,"6.5757794","3.390819","2026-07-07 15:41:25","58","98","50","60","98","Unhealthy"
1968079,"6.575776","3.3908222","2026-07-07 15:41:26","62","104","53","60","98","Unhealthy"
1968079,"6.575772","3.3908284","2026-07-07 15:41:27","62","104","53","60","98","Unhealthy"
1968079,"6.5757713","3.3908277","2026-07-07 15:41:28","58","98","50","60","98","Unhealthy"
1968079,"6.575768","3.3908322","2026-07-07 15:41:29","58","98","50","60","98","Unhealthy"
1968079,"6.5757647","3.3908398","2026-07-07 15:41:30","62","104","53","60","98","Unhealthy"
1968079,"6.5757604","3.3908446","2026-07-07 15:41:31","62","104","53","60","98","Unhealthy"
1968079,"6.575756","3.3908465","2026-07-07 15:41:32","62","104","53","61","98","Unhealthy"
1968079,"6.5757513","3.390852","2026-07-07 15:41:33","58","98","50","61","98","Unhealthy"
1968079,"6.57575","3.390857","2026-07-07 15:41:34","58","98","50","61","98","Unhealthy"
1968079,"6.5757465","3.3908634","2026-07-07 15:41:35","58","98","50","61","98","Unhealthy"
1968079,"6.5757422","3.39087","2026-07-07 15:41:36","58","98","50","61","98","Unhealthy"
1968079,"6.5757403","3.3908753","2026-07-07 15:41:37","55","91","48","61","98","Unhealthy for Sensitive Groups"
1968079,"6.5757356","3.390881","2026-07-07 15:41:38","52","85","45","61","98","Unhealthy for Sensitive Groups"
1968079,"6.5757327","3.3908858","2026-07-07 15:41:39","49","79","43","61","98","Unhealthy for Sensitive Groups"
1968079,"6.57573","3.3908908","2026-07-07 15:41:40","52","85","45","61","98","Unhealthy for Sensitive Groups"
1968079,"6.5757256","3.3908954","2026-07-07 15:41:41","49","79","43","61","98","Unhealthy for Sensitive Groups"
1968079,"6.575718","3.3908975","2026-07-07 15:41:42","44","69","39","61","98","Unhealthy for Sensitive Groups"
1968079,"6.575713","3.3909037","2026-07-07 15:41:43","43","66","38","61","98","Unhealthy for Sensitive Groups"
1968079,"6.57571","3.3909078","2026-07-07 15:41:44","39","60","35","61","98","Unhealthy for Sensitive Groups"
1968079,"6.575705","3.3909128","2026-07-07 15:41:45","39","60","35","61","98","Unhealthy for Sensitive Groups"
1968079,"6.5757008","3.3909218","2026-07-07 15:41:46","43","66","38","61","98","Unhealthy for Sensitive Groups"
1968079,"6.575698","3.3909276","2026-07-07 15:41:47","43","66","38","61","98","Unhealthy for Sensitive Groups"
1968079,"6.5756946","3.3909342","2026-07-07 15:41:48","39","60","35","61","97","Unhealthy for Sensitive Groups"
1968079,"6.575691","3.3909428","2026-07-07 15:41:49","39","60","35","61","98","Unhealthy for Sensitive Groups"
1968079,"6.5756917","3.3909442","2026-07-07 15:41:50","36","54","33","61","98","Unhealthy for Sensitive Groups"
1968079,"6.575689","3.3909523","2026-07-07 15:41:51","36","54","33","61","98","Unhealthy for Sensitive Groups"
1968079,"6.5756874","3.390958","2026-07-07 15:41:52","33","47","30","61","98","Moderate"
1968079,"6.5756855","3.3909678","2026-07-07 15:41:53","30","42","28","61","98","Moderate"
1968079,"6.5756855","3.3909776","2026-07-07 15:41:54","28","37","26","61","98","Moderate"
1968079,"6.575682","3.3909836","2026-07-07 15:41:55","28","37","26","61","98","Moderate"
1968079,"6.575676","3.3909864","2026-07-07 15:41:56","25","32","23","61","98","Moderate"
1968079,"6.5756702","3.3909967","2026-07-07 15:41:57","25","32","23","60","98","Moderate"
1968079,"6.5756636","3.39101","2026-07-07 15:41:58","24","29","22","60","98","Moderate"
1968079,"6.5756617","3.3910139","2026-07-07 15:41:59","24","29","22","61","98","Moderate"
1968079,"6.575657","3.3910193","2026-07-07 15:42:00","25","30","23","60","98","Moderate"
1968079,"6.5756555","3.3910253","2026-07-07 15:42:01","23","27","21","61","98","Moderate"
1968079,"6.5756516","3.3910346","2026-07-07 15:42:02","23","27","21","61","98","Moderate"
1968079,"6.57565","3.3910472","2026-07-07 15:42:03","23","27","21","61","98","Moderate"
1968079,"6.575649","3.3910465","2026-07-07 15:42:04","23","27","21","61","98","Moderate"
1968079,"6.5756435","3.3910477","2026-07-07 15:42:05","23","27","21","61","98","Moderate"
1968079,"6.5756397","3.3910453","2026-07-07 15:42:06","23","27","21","61","98","Moderate"
1968079,"6.575634","3.3910542","2026-07-07 15:42:07","23","27","21","61","98","Moderate"
1968079,"6.5756297","3.3910594","2026-07-07 15:42:08","23","27","21","61","98","Moderate"
1968079,"6.5756264","3.3910663","2026-07-07 15:42:09","23","27","21","61","98","Moderate"
1968079,"6.575624","3.3910737","2026-07-07 15:42:10","23","27","21","61","98","Moderate"
1968079,"6.575624","3.3910782","2026-07-07 15:42:11","23","27","21","61","98","Moderate"
1968079,"6.5756207","3.3910904","2026-07-07 15:42:12","23","27","21","61","98","Moderate"
1968079,"6.575617","3.3910995","2026-07-07 15:42:13","23","27","21","61","98","Moderate"
1968079,"6.575608","3.3910995","2026-07-07 15:42:14","23","27","21","61","98","Moderate"
1968079,"6.575601","3.3911076","2026-07-07 15:42:15","23","27","21","61","98","Moderate"
1968079,"6.575602","3.3911147","2026-07-07 15:42:16","25","32","23","61","98","Moderate"
1968079,"6.575595","3.3911245","2026-07-07 15:42:17","28","37","26","61","98","Moderate"
1968079,"6.5755887","3.3911371","2026-07-07 15:42:18","28","37","26","61","98","Moderate"
1968079,"6.575583","3.391143","2026-07-07 15:42:19","28","37","26","61","98","Moderate"
1968079,"6.5755796","3.3911526","2026-07-07 15:42:20","30","42","28","61","98","Moderate"
1968079,"6.5755754","3.3911638","2026-07-07 15:42:21","33","47","30","61","98","Moderate"
1968079,"6.575572","3.3911736","2026-07-07 15:42:22","39","60","35","61","98","Unhealthy for Sensitive Groups"
1968079,"6.575569","3.3911786","2026-07-07 15:42:23","43","66","38","61","98","Unhealthy for Sensitive Groups"
1968079,"6.5755672","3.3911874","2026-07-07 15:42:24","43","66","38","61","98","Unhealthy for Sensitive Groups"
1968079,"6.5755644","3.3912022","2026-07-07 15:42:25","49","79","43","61","98","Unhealthy for Sensitive Groups"
1968079,"6.575563","3.3912168","2026-07-07 15:42:26","43","66","38","61","98","Unhealthy for Sensitive Groups"
1968079,"6.575557","3.3912172","2026-07-07 15:42:27","39","60","35","60","98","Unhealthy for Sensitive Groups"
1968079,"6.5755515","3.3912208","2026-07-07 15:42:28","39","60","35","60","98","Unhealthy for Sensitive Groups"
1968079,"6.575549","3.3912373","2026-07-07 15:42:29","39","60","35","60","98","Unhealthy for Sensitive Groups"
1968079,"6.5755444","3.3912454","2026-07-07 15:42:30","39","60","35","61","98","Unhealthy for Sensitive Groups"
1968079,"6.5755434","3.3912535","2026-07-07 15:42:31","43","66","38","61","98","Unhealthy for Sensitive Groups"
1968079,"6.575539","3.3912604","2026-07-07 15:42:32","43","66","38","61","98","Unhealthy for Sensitive Groups"
1968079,"6.575534","3.391269","2026-07-07 15:42:33","39","60","35","61","98","Unhealthy for Sensitive Groups"
1968079,"6.575529","3.3912797","2026-07-07 15:42:34","39","60","35","61","98","Unhealthy for Sensitive Groups"
1968079,"6.5755277","3.391287","2026-07-07 15:42:35","39","60","35","61","98","Unhealthy for Sensitive Groups"
1968079,"6.5755243","3.3912904","2026-07-07 15:42:36","36","54","33","61","98","Unhealthy for Sensitive Groups"
1968079,"6.5755205","3.3912995","2026-07-07 15:42:37","36","54","33","61","97","Unhealthy for Sensitive Groups"
1968079,"6.5755153","3.3913088","2026-07-07 15:42:38","33","47","30","61","98","Moderate"
1968079,"6.57551","3.3913128","2026-07-07 15:42:39","33","47","30","61","97","Moderate"
1968079,"6.5755076","3.391322","2026-07-07 15:42:40","28","37","26","61","97","Moderate"
1968079,"6.575504","3.3913312","2026-07-07 15:42:41","26","34","24","61","98","Moderate"
1968079,"6.5755024","3.3913407","2026-07-07 15:42:42","25","32","23","61","98","Moderate"
1968079,"6.5755005","3.3913486","2026-07-07 15:42:43","24","29","22","61","98","Moderate"
1968079,"6.575498","3.3913555","2026-07-07 15:42:44","24","29","22","61","98","Moderate"
1968079,"6.5754943","3.3913622","2026-07-07 15:42:45","24","29","22","61","98","Moderate"
1968079,"6.5754886","3.3913682","2026-07-07 15:42:46","24","29","22","60","98","Moderate"
1968079,"6.5754805","3.3913813","2026-07-07 15:42:47","22","25","20","60","98","Moderate"
1968079,"6.575476","3.3913891","2026-07-07 15:42:48","22","26","21","60","98","Moderate"
1968079,"6.575471","3.3913932","2026-07-07 15:42:49","23","27","21","60","98","Moderate"
1968079,"6.575466","3.391406","2026-07-07 15:42:50","22","25","20","60","98","Moderate"
1968079,"6.57546","3.3914137","2026-07-07 15:42:51","21","22","19","60","98","Moderate"
1968079,"6.5754557","3.3914142","2026-07-07 15:42:52","18","19","17","60","98","Moderate"
1968079,"6.575452","3.391421","2026-07-07 15:42:53","18","19","17","60","98","Moderate"
1968079,"6.5754466","3.3914292","2026-07-07 15:42:54","17","18","16","60","98","Moderate"
1968079,"6.575442","3.3914356","2026-07-07 15:42:55","17","18","16","60","98","Moderate"
1968079,"6.575438","3.3914423","2026-07-07 15:42:56","17","18","16","60","98","Moderate"
1968079,"6.575437","3.3914518","2026-07-07 15:42:57","20","21","18","60","98","Moderate"
1968079,"6.575433","3.3914626","2026-07-07 15:42:58","20","21","18","60","98","Moderate"
1968079,"6.575431","3.391469","2026-07-07 15:42:59","18","19","17","60","98","Moderate"
1968079,"6.575428","3.391476","2026-07-07 15:43:00","17","18","16","60","98","Moderate"
1968079,"6.575424","3.3914847","2026-07-07 15:43:01","18","19","17","60","98","Moderate"
1968079,"6.575421","3.3914928","2026-07-07 15:43:02","18","19","17","60","98","Moderate"
1968079,"6.57542","3.3914988","2026-07-07 15:43:03","17","18","16","61","98","Moderate"
1968079,"6.5754194","3.3915112","2026-07-07 15:43:04","17","18","16","61","98","Moderate"
1968079,"6.575416","3.391517","2026-07-07 15:43:05","17","18","16","61","98","Moderate"
1968079,"6.5754147","3.3915298","2026-07-07 15:43:06","16","17","15","61","98","Moderate"
1968079,"6.5754113","3.391538","2026-07-07 15:43:07","16","17","15","61","98","Moderate"
1968079,"6.57541","3.3915467","2026-07-07 15:43:08","17","18","16","61","98","Moderate"
1968079,"6.575407","3.391559","2026-07-07 15:43:09","17","18","16","61","98","Moderate"
1968079,"6.575401","3.3915656","2026-07-07 15:43:10","16","17","15","61","98","Moderate"
1968079,"6.5753927","3.3915741","2026-07-07 15:43:11","16","17","15","61","98","Moderate"
1968079,"6.575388","3.3915818","2026-07-07 15:43:12","16","17","15","61","98","Moderate"
1968079,"6.5753865","3.3915963","2026-07-07 15:43:13","15","16","14","61","98","Moderate"
1968079,"6.5753803","3.3916025","2026-07-07 15:43:14","15","16","14","61","98","Moderate"
1968079,"6.575375","3.3916109","2026-07-07 15:43:15","15","16","14","61","98","Moderate"
1968079,"6.5753717","3.3916168","2026-07-07 15:43:16","15","16","14","61","98","Moderate"
1968079,"6.575367","3.391625","2026-07-07 15:43:17","15","16","14","61","98","Moderate"
1968079,"6.575365","3.3916352","2026-07-07 15:43:18","15","16","14","61","98","Moderate"
1968079,"6.5753617","3.391643","2026-07-07 15:43:19","15","16","14","61","98","Moderate"
1968079,"6.575358","3.391649","2026-07-07 15:43:20","15","16","14","61","98","Moderate"
1968079,"6.5753546","3.3916564","2026-07-07 15:43:21","15","16","14","61","98","Moderate"
1968079,"6.57535","3.3916602","2026-07-07 15:43:22","15","16","14","61","98","Moderate"
1968079,"6.575346","3.3916662","2026-07-07 15:43:23","15","16","14","61","98","Moderate"
1968079,"6.5753427","3.3916745","2026-07-07 15:43:24","15","16","14","61","98","Moderate"
1968079,"6.5753374","3.3916814","2026-07-07 15:43:25","13","14","12","61","98","Moderate"
1968079,"6.5753345","3.3916886","2026-07-07 15:43:26","13","13","12","61","98","Moderate"
1968079,"6.5753293","3.3916998","2026-07-07 15:43:27","13","13","12","61","98","Moderate"
1968079,"6.575329","3.391707","2026-07-07 15:43:28","13","13","12","61","98","Moderate"
1968079,"6.5753255","3.3917165","2026-07-07 15:43:29","14","14","13","61","98","Moderate"
1968079,"6.575323","3.3917243","2026-07-07 15:43:30","15","16","14","60","98","Moderate"
1968079,"6.5753207","3.3917305","2026-07-07 15:43:31","14","14","13","60","98","Moderate"
1968079,"6.5753183","3.3917406","2026-07-07 15:43:32","14","14","13","60","98","Moderate"
1968079,"6.575313","3.3917468","2026-07-07 15:43:33","14","14","13","60","98","Moderate"
1968079,"6.5753093","3.3917534","2026-07-07 15:43:34","14","14","13","60","98","Moderate"
1968079,"6.5753045","3.3917592","2026-07-07 15:43:35","14","14","13","60","98","Moderate"
1968079,"6.5753007","3.3917646","2026-07-07 15:43:36","13","13","12","61","98","Moderate"
1968079,"6.575295","3.391768","2026-07-07 15:43:37","13","13","12","61","98","Moderate"
1968079,"6.5752907","3.3917737","2026-07-07 15:43:38","14","14","13","61","98","Moderate"
1968079,"6.5752883","3.3917778","2026-07-07 15:43:39","14","14","13","61","98","Moderate"
1968079,"6.575284","3.3917828","2026-07-07 15:43:40","13","13","12","61","98","Moderate"
1968079,"6.575279","3.3917904","2026-07-07 15:43:41","12","12","11","61","98","Good"
1968079,"6.575276","3.3917959","2026-07-07 15:43:42","13","13","12","61","98","Moderate"
1968079,"6.5752716","3.3918018","2026-07-07 15:43:43","14","14","13","61","98","Moderate"
1968079,"6.5752697","3.3918066","2026-07-07 15:43:44","14","14","13","61","98","Moderate"
1968079,"6.575266","3.391813","2026-07-07 15:43:45","14","14","13","61","98","Moderate"
1968079,"6.5752625","3.3918178","2026-07-07 15:43:46","14","14","13","61","98","Moderate"
1968079,"6.575258","3.391823","2026-07-07 15:43:47","14","14","13","61","98","Moderate"
1968079,"6.575252","3.3918254","2026-07-07 15:43:48","15","16","14","61","98","Moderate"
1968079,"6.575247","3.3918355","2026-07-07 15:43:49","15","16","14","61","97","Moderate"
1968079,"6.5752435","3.3918421","2026-07-07 15:43:50","15","16","14","60","98","Moderate"
1968079,"6.5752387","3.3918536","2026-07-07 15:43:51","15","16","14","61","98","Moderate"
1968079,"6.575233","3.3918612","2026-07-07 15:43:52","15","16","14","61","98","Moderate"
1968079,"6.575228","3.39187","2026-07-07 15:43:53","15","16","14","61","98","Moderate"
1968079,"6.575224","3.3918774","2026-07-07 15:43:54","15","16","14","61","98","Moderate"
1968079,"6.575219","3.3918865","2026-07-07 15:43:55","15","16","14","61","98","Moderate"
1968079,"6.575215","3.3918939","2026-07-07 15:43:56","15","16","14","61","97","Moderate"
1968079,"6.575207","3.3919024","2026-07-07 15:43:57","15","16","14","60","98","Moderate"
1968079,"6.5752006","3.3919063","2026-07-07 15:43:58","15","16","14","61","98","Moderate"
1968079,"6.575199","3.391914","2026-07-07 15:43:59","16","17","15","61","98","Moderate"
1968079,"6.5751944","3.3919234","2026-07-07 15:44:00","16","17","15","61","98","Moderate"
1968079,"6.575192","3.3919353","2026-07-07 15:44:01","15","16","14","61","98","Moderate"
1968079,"6.575188","3.391943","2026-07-07 15:44:02","16","16","14","61","98","Moderate"
1968079,"6.575186","3.391953","2026-07-07 15:44:03","16","17","15","60","98","Moderate"
1968079,"6.575181","3.3919606","2026-07-07 15:44:04","18","19","17","60","98","Moderate"
1968079,"6.5751777","3.3919663","2026-07-07 15:44:05","18","19","17","60","97","Moderate"
1968079,"6.5751753","3.391974","2026-07-07 15:44:06","18","19","17","60","97","Moderate"
1968079,"6.575173","3.3919778","2026-07-07 15:44:07","18","19","17","61","97","Moderate"
1968079,"6.5751715","3.391985","2026-07-07 15:44:08","20","21","18","61","98","Moderate"
1968079,"6.5751705","3.3919904","2026-07-07 15:44:09","20","21","18","61","97","Moderate"
1968079,"6.5751696","3.3919976","2026-07-07 15:44:10","21","22","19","61","98","Moderate"
1968079,"6.5751715","3.3920054","2026-07-07 15:44:11","22","25","20","61","97","Moderate"
1968079,"6.5751734","3.3920166","2026-07-07 15:44:12","24","29","22","61","98","Moderate"
1968079,"6.5751734","3.3920236","2026-07-07 15:44:13","24","29","22","61","98","Moderate"
1968079,"6.5751734","3.3920288","2026-07-07 15:44:14","24","29","22","61","97","Moderate"
1968079,"6.575172","3.3920376","2026-07-07 15:44:15","24","29","22","61","98","Moderate"
1968079,"6.5751724","3.3920455","2026-07-07 15:44:16","24","29","22","61","98","Moderate"
1968079,"6.5751705","3.392054","2026-07-07 15:44:17","23","27","21","61","97","Moderate"
1968079,"6.575168","3.3920581","2026-07-07 15:44:18","22","25","20","61","97","Moderate"
1968079,"6.575166","3.39206","2026-07-07 15:44:19","22","25","20","61","97","Moderate"
1968079,"6.5751686","3.3920577","2026-07-07 15:44:20","20","21","18","61","97","Moderate"
1968079,"6.5751715","3.3920546","2026-07-07 15:44:21","18","19","17","61","97","Moderate"
1968079,"6.5751734","3.3920543","2026-07-07 15:44:22","18","19","17","61","97","Moderate"
1968079,"6.575176","3.3920574","2026-07-07 15:44:23","18","19","17","61","97","Moderate"
1968079,"6.575181","3.3920596","2026-07-07 15:44:24","18","19","17","61","97","Moderate"
1968079,"6.575186","3.392057","2026-07-07 15:44:25","18","19","17","61","97","Moderate"
1968079,"6.5751896","3.392058","2026-07-07 15:44:26","18","19","17","61","98","Moderate"
1968079,"6.575195","3.3920593","2026-07-07 15:44:27","19","20","17","61","97","Moderate"
1968079,"6.5751996","3.392061","2026-07-07 15:44:28","20","21","18","61","97","Moderate"
1968079,"6.575208","3.3920631","2026-07-07 15:44:29","18","19","17","61","98","Moderate"
1968079,"6.5752172","3.392071","2026-07-07 15:44:30","18","19","17","61","97","Moderate"
1968079,"6.575223","3.392075","2026-07-07 15:44:31","18","19","17","61","97","Moderate"
1968079,"6.575226","3.392079","2026-07-07 15:44:32","18","19","17","61","98","Moderate"
1968079,"6.575227","3.3920784","2026-07-07 15:44:33","17","18","16","61","98","Moderate"
1968079,"6.5752273","3.3920827","2026-07-07 15:44:34","17","18","16","61","98","Moderate"
1968079,"6.575231","3.3920796","2026-07-07 15:44:35","17","18","15","61","98","Moderate"
1968079,"6.575228","3.3920789","2026-07-07 15:44:36","18","19","17","61","98","Moderate"
1968079,"6.5752287","3.3920765","2026-07-07 15:44:37","18","19","17","61","97","Moderate"
1968079,"6.5752296","3.3920753","2026-07-07 15:44:38","18","19","17","61","98","Moderate"
1968079,"6.5752306","3.3920755","2026-07-07 15:44:39","18","19","17","61","98","Moderate"
1968079,"6.5752306","3.392075","2026-07-07 15:44:40","17","18","16","61","97","Moderate"
1968079,"6.575229","3.3920763","2026-07-07 15:44:41","17","18","16","61","97","Moderate"
1968079,"6.57523","3.392077","2026-07-07 15:44:42","17","18","16","61","97","Moderate"
1968079,"6.575233","3.3920808","2026-07-07 15:44:43","16","17","15","61","97","Moderate"
1968079,"6.575235","3.3920817","2026-07-07 15:44:44","16","17","15","61","98","Moderate"
1968079,"6.5752363","3.3920805","2026-07-07 15:44:45","16","17","15","61","97","Moderate"
1968079,"6.575239","3.392083","2026-07-07 15:44:46","16","17","15","61","98","Moderate"
1968079,"6.575241","3.392082","2026-07-07 15:44:47","17","18","16","62","98","Moderate"
1968079,"6.5752435","3.3920834","2026-07-07 15:44:48","17","18","16","62","98","Moderate"
1968079,"6.575244","3.392085","2026-07-07 15:44:49","17","18","16","62","98","Moderate"
1968079,"6.5752463","3.3920827","2026-07-07 15:44:50","17","18","16","62","98","Moderate"
1968079,"6.5752473","3.392081","2026-07-07 15:44:51","17","18","16","62","98","Moderate"
1968079,"6.57525","3.3920825","2026-07-07 15:44:52","17","18","16","62","98","Moderate"
1968079,"6.575254","3.392087","2026-07-07 15:44:53","17","18","16","62","98","Moderate"
1968079,"6.5752563","3.3920858","2026-07-07 15:44:54","16","17","15","61","98","Moderate"
1968079,"6.5752616","3.392087","2026-07-07 15:44:55","16","17","15","62","98","Moderate"
1968079,"6.575267","3.3920915","2026-07-07 15:44:56","16","17","15","61","97","Moderate"
1968079,"6.575275","3.392094","2026-07-07 15:44:57","16","17","15","61","98","Moderate"
1968079,"6.575283","3.392096","2026-07-07 15:44:58","16","17","15","61","98","Moderate"
1968079,"6.5752873","3.3920968","2026-07-07 15:44:59","17","18","16","61","97","Moderate"
1968079,"6.5752954","3.392099","2026-07-07 15:45:00","17","18","16","61","97","Moderate"
1968079,"6.575302","3.3921053","2026-07-07 15:45:01","18","19","17","61","98","Moderate"
1968079,"6.575306","3.392107","2026-07-07 15:45:02","18","19","17","61","98","Moderate"
1968079,"6.5753136","3.39211","2026-07-07 15:45:03","17","18","16","61","98","Moderate"
1968079,"6.575316","3.3921125","2026-07-07 15:45:04","18","19","16","61","98","Moderate"
1968079,"6.5753183","3.3921144","2026-07-07 15:45:05","20","21","18","61","98","Moderate"
1968079,"6.57532","3.3921158","2026-07-07 15:45:06","18","19","17","61","98","Moderate"
1968079,"6.5753226","3.392118","2026-07-07 15:45:07","18","19","17","61","98","Moderate"
1968079,"6.5753264","3.3921206","2026-07-07 15:45:08","18","19","17","61","98","Moderate"
1968079,"6.5753293","3.392121","2026-07-07 15:45:09","18","19","17","61","97","Moderate"
1968079,"6.575331","3.3921218","2026-07-07 15:45:10","18","19","17","61","98","Moderate"
1968079,"6.5753307","3.3921266","2026-07-07 15:45:11","18","19","16","61","98","Moderate"
1968079,"6.5753427","3.3921282","2026-07-07 15:45:12","17","18","16","61","98","Moderate"
1968079,"6.5753508","3.3921318","2026-07-07 15:45:13","17","18","16","61","98","Moderate"
1968079,"6.575353","3.3921359","2026-07-07 15:45:14","17","18","16","61","98","Moderate"
1968079,"6.575359","3.3921404","2026-07-07 15:45:15","16","17","15","61","98","Moderate"
1968079,"6.5753627","3.3921454","2026-07-07 15:45:16","16","17","15","61","98","Moderate"
1968079,"6.5753694","3.3921483","2026-07-07 15:45:17","16","17","15","61","98","Moderate"
1968079,"6.575375","3.392149","2026-07-07 15:45:18","16","17","15","61","98","Moderate"
1968079,"6.5753827","3.3921523","2026-07-07 15:45:19","15","16","14","61","98","Moderate"
1968079,"6.575385","3.3921537","2026-07-07 15:45:20","16","17","15","61","98","Moderate"
1968079,"6.5753856","3.392153","2026-07-07 15:45:21","16","17","15","61","98","Moderate"
1968079,"6.5753884","3.3921568","2026-07-07 15:45:22","15","16","14","61","98","Moderate"
1968079,"6.5753837","3.3921585","2026-07-07 15:45:23","15","16","14","61","98","Moderate"
1968079,"6.5753846","3.3921618","2026-07-07 15:45:24","15","16","14","61","98","Moderate"
1968079,"6.575386","3.3921628","2026-07-07 15:45:25","15","16","14","61","98","Moderate"
1968079,"6.575386","3.3921628","2026-07-07 15:45:26","14","15","13","61","98","Moderate"
1968079,"6.57539","3.392167","2026-07-07 15:45:27","15","16","14","61","98","Moderate"
1968079,"6.575396","3.3921695","2026-07-07 15:45:28","15","16","14","61","98","Moderate"
1968079,"6.5754027","3.39217","2026-07-07 15:45:29","14","14","13","61","98","Moderate"
1968079,"6.575411","3.3921728","2026-07-07 15:45:30","14","14","13","61","98","Moderate"
1968079,"6.5754147","3.3921766","2026-07-07 15:45:31","14","14","13","61","98","Moderate"
1968079,"6.575421","3.3921802","2026-07-07 15:45:32","14","14","13","61","98","Moderate"
1968079,"6.575426","3.392184","2026-07-07 15:45:33","14","14","13","61","98","Moderate"
1968079,"6.575432","3.3921893","2026-07-07 15:45:34","15","16","14","61","98","Moderate"
1968079,"6.5754395","3.3921938","2026-07-07 15:45:35","15","16","14","61","98","Moderate"
1968079,"6.575446","3.392198","2026-07-07 15:45:36","14","14","13","61","98","Moderate"
1968079,"6.5754504","3.3922","2026-07-07 15:45:37","14","14","13","61","98","Moderate"
1968079,"6.5754576","3.3922033","2026-07-07 15:45:38","14","14","13","61","98","Moderate"
1968079,"6.5754647","3.392207","2026-07-07 15:45:39","14","14","13","61","98","Moderate"
1968079,"6.575471","3.392209","2026-07-07 15:45:40","13","13","12","61","98","Moderate"
1968079,"6.5754776","3.392212","2026-07-07 15:45:41","13","14","12","60","98","Moderate"
1968079,"6.5754843","3.392215","2026-07-07 15:45:42","14","14","13","60","98","Moderate"
1968079,"6.5754924","3.3922195","2026-07-07 15:45:43","14","14","13","60","98","Moderate"
1968079,"6.5755033","3.3922246","2026-07-07 15:45:44","14","14","13","60","98","Moderate"
1968079,"6.5755043","3.3922281","2026-07-07 15:45:45","14","14","13","61","98","Moderate"
1968079,"6.5755076","3.392231","2026-07-07 15:45:46","14","14","13","61","98","Moderate"
1968079,"6.575517","3.3922315","2026-07-07 15:45:47","15","16","14","61","98","Moderate"
1968079,"6.575525","3.3922336","2026-07-07 15:45:48","14","14","13","61","98","Moderate"
1968079,"6.5755324","3.3922377","2026-07-07 15:45:49","14","14","13","61","98","Moderate"
1968079,"6.575537","3.3922408","2026-07-07 15:45:50","15","16","14","60","98","Moderate"
1968079,"6.5755444","3.3922446","2026-07-07 15:45:51","15","16","14","60","98","Moderate"
1968079,"6.575549","3.3922486","2026-07-07 15:45:53","15","16","14","60","98","Moderate"
1968079,"6.575557","3.3922582","2026-07-07 15:45:54","15","16","14","61","98","Moderate"
1968079,"6.57556","3.3922646","2026-07-07 15:45:55","15","16","14","61","98","Moderate"
1968079,"6.5755663","3.3922682","2026-07-07 15:45:56","15","16","14","61","98","Moderate"
1968079,"6.5755754","3.3922708","2026-07-07 15:45:57","15","16","14","61","98","Moderate"
1968079,"6.575584","3.3922772","2026-07-07 15:45:58","15","16","14","61","98","Moderate"
1968079,"6.575587","3.392282","2026-07-07 15:45:59","15","16","14","60","98","Moderate"
1968079,"6.575604","3.3922882","2026-07-07 15:46:01","15","16","14","60","98","Moderate"
1968079,"6.575609","3.3922918","2026-07-07 15:46:02","15","16","14","61","98","Moderate"
1968079,"6.5756187","3.392294","2026-07-07 15:46:04","15","16","14","60","98","Moderate"
1968079,"6.575629","3.3922997","2026-07-07 15:46:05","15","16","14","60","98","Moderate"
1968079,"6.575638","3.3923063","2026-07-07 15:46:06","16","17","15","60","98","Moderate"
1968079,"6.5756497","3.392311","2026-07-07 15:46:07","16","17","15","60","98","Moderate"
1968079,"6.5756497","3.3923042","2026-07-07 15:46:08","16","17","15","61","98","Moderate"
1968079,"6.5756545","3.392309","2026-07-07 15:46:09","16","17","15","61","98","Moderate"
1968079,"6.5756626","3.3923125","2026-07-07 15:46:10","17","18","16","61","98","Moderate"
1968079,"6.575673","3.392315","2026-07-07 15:46:11","20","21","18","61","98","Moderate"
1968079,"6.575679","3.3923168","2026-07-07 15:46:12","20","21","18","61","98","Moderate"
1968079,"6.575684","3.3923182","2026-07-07 15:46:13","20","21","18","60","98","Moderate"
1968079,"6.5756874","3.3923209","2026-07-07 15:46:14","20","21","18","60","98","Moderate"
1968079,"6.5756927","3.3923218","2026-07-07 15:46:15","21","22","19","60","98","Moderate"
1968079,"6.5756993","3.3923247","2026-07-07 15:46:16","21","22","19","60","98","Moderate"
1968079,"6.5757036","3.3923247","2026-07-07 15:46:17","22","25","20","60","98","Moderate"
1968079,"6.5757065","3.3923273","2026-07-07 15:46:18","22","25","20","60","97","Moderate"
1968079,"6.575712","3.392333","2026-07-07 15:46:19","22","25","20","60","97","Moderate"
1968079,"6.5757174","3.392334","2026-07-07 15:46:20","23","27","21","61","97","Moderate"
1968079,"6.575718","3.3923407","2026-07-07 15:46:21","23","27","21","61","98","Moderate"
1968079,"6.575728","3.392342","2026-07-07 15:46:22","23","27","21","61","98","Moderate"
1968079,"6.575731","3.3923435","2026-07-07 15:46:24","23","27","21","61","98","Moderate"
1968079,"6.5757318","3.3923442","2026-07-07 15:46:25","22","26","21","61","97","Moderate"
1968079,"6.5757346","3.3923438","2026-07-07 15:46:26","22","25","20","61","98","Moderate"
1968079,"6.5757337","3.3923433","2026-07-07 15:46:27","21","22","19","61","98","Moderate"
1968079,"6.5757337","3.3923433","2026-07-07 15:46:28","21","22","19","61","98","Moderate"
1968079,"6.5757337","3.3923433","2026-07-07 15:46:29","20","21","18","61","98","Moderate"
1968079,"6.5757337","3.3923433","2026-07-07 15:46:30","20","21","18","61","98","Moderate"
1968079,"6.5757337","3.3923433","2026-07-07 15:46:31","20","21","18","61","98","Moderate"
1968079,"6.5757337","3.3923433","2026-07-07 15:46:32","20","21","18","61","98","Moderate"
1968079,"6.5757337","3.3923433","2026-07-07 15:46:33","18","19","17","61","98","Moderate"
1968079,"6.5757337","3.3923433","2026-07-07 15:46:34","18","19","17","61","98","Moderate"
1968079,"6.5757337","3.3923433","2026-07-07 15:46:35","18","19","17","61","98","Moderate"
1968079,"6.5757337","3.3923433","2026-07-07 15:46:36","17","18","16","61","98","Moderate"
1968079,"6.5757337","3.3923433","2026-07-07 15:46:37","17","18","16","61","98","Moderate"
1968079,"6.5757337","3.3923433","2026-07-07 15:46:38","16","17","15","61","98","Moderate"
1968079,"6.5757337","3.3923433","2026-07-07 15:46:39","16","17","15","61","98","Moderate"
1968079,"6.5757337","3.3923433","2026-07-07 15:46:40","15","16","14","62","98","Moderate"
1968079,"6.5757337","3.3923433","2026-07-07 15:46:41","15","16","14","62","98","Moderate"
1968079,"6.5757313","3.392337","2026-07-07 15:46:42","15","16","14","62","98","Moderate"
1968079,"6.5757327","3.3923364","2026-07-07 15:46:43","14","14","13","62","98","Moderate"
1968079,"6.5757356","3.392337","2026-07-07 15:46:44","14","14","13","62","98","Moderate"
1968079,"6.575735","3.3923368","2026-07-07 15:46:45","15","16","14","62","98","Moderate"
1968079,"6.575735","3.3923368","2026-07-07 15:46:46","15","16","14","62","98","Moderate"
1968079,"6.5757384","3.3923357","2026-07-07 15:46:47","15","16","14","62","98","Moderate"
1968079,"6.5757413","3.392336","2026-07-07 15:46:48","15","16","14","62","98","Moderate"
1968079,"6.575747","3.392338","2026-07-07 15:46:49","15","16","14","62","98","Moderate"
1968079,"6.5757546","3.3923395","2026-07-07 15:46:50","16","17","15","62","98","Moderate"
1968079,"6.575764","3.392341","2026-07-07 15:46:51","16","17","15","61","98","Moderate"
1968079,"6.575772","3.3923433","2026-07-07 15:46:52","15","16","14","61","98","Moderate"
1968079,"6.57578","3.392349","2026-07-07 15:46:53","14","14","13","61","98","Moderate"
1968079,"6.5757866","3.392353","2026-07-07 15:46:54","15","16","14","61","98","Moderate"
1968079,"6.575792","3.3923552","2026-07-07 15:46:56","16","17","15","61","98","Moderate"
1968079,"6.5757995","3.3923569","2026-07-07 15:46:57","16","17","15","61","98","Moderate"
1968079,"6.5758104","3.3923602","2026-07-07 15:46:58","16","17","15","61","98","Moderate"
1968079,"6.5758133","3.3923643","2026-07-07 15:46:59","16","17","15","61","98","Moderate"
1968079,"6.5758157","3.3923662","2026-07-07 15:47:00","16","17","15","61","98","Moderate"
1968079,"6.57582","3.3923683","2026-07-07 15:47:01","17","18","16","61","98","Moderate"
1968079,"6.5758233","3.3923705","2026-07-07 15:47:02","17","18","16","61","98","Moderate"
1968079,"6.5758257","3.3923726","2026-07-07 15:47:03","17","18","16","61","98","Moderate"
1968079,"6.5758314","3.392376","2026-07-07 15:47:04","17","18","16","61","98","Moderate"
1968079,"6.5758343","3.3923783","2026-07-07 15:47:05","17","18","16","61","98","Moderate"
1968079,"6.575841","3.3923821","2026-07-07 15:47:06","17","18","16","61","98","Moderate"
1968079,"6.5758467","3.3923855","2026-07-07 15:47:07","17","18","16","61","98","Moderate"
1968079,"6.5758467","3.3923872","2026-07-07 15:47:09","18","19","17","61","98","Moderate"
1968079,"6.5758615","3.3923943","2026-07-07 15:47:10","18","19","17","61","98","Moderate"
1968079,"6.5758677","3.3923965","2026-07-07 15:47:11","17","18","16","61","98","Moderate"
1968079,"6.575874","3.3924","2026-07-07 15:47:12","17","18","16","61","98","Moderate"
1968079,"6.5758815","3.3924024","2026-07-07 15:47:13","17","18","16","61","98","Moderate"
1968079,"6.5758915","3.3924057","2026-07-07 15:47:14","17","18","16","61","98","Moderate"
1968079,"6.575896","3.3924077","2026-07-07 15:47:15","16","17","15","61","98","Moderate"
1968079,"6.5758967","3.3924196","2026-07-07 15:47:16","16","17","15","61","98","Moderate"
1968079,"6.5759","3.3924272","2026-07-07 15:47:17","16","17","15","61","98","Moderate"
1968079,"6.575903","3.3924284","2026-07-07 15:47:18","16","17","15","61","98","Moderate"
1968079,"6.575913","3.3924496","2026-07-07 15:47:19","16","17","15","61","98","Moderate"
1968079,"6.5759263","3.3924413","2026-07-07 15:47:20","15","16","14","61","98","Moderate"
1968079,"6.575928","3.392433","2026-07-07 15:47:21","15","16","14","61","98","Moderate"
1968079,"6.5759363","3.3924406","2026-07-07 15:47:22","15","16","14","61","98","Moderate"
1968079,"6.5759363","3.3924465","2026-07-07 15:47:23","15","16","14","61","98","Moderate"
1968079,"6.575938","3.3924475","2026-07-07 15:47:24","15","16","14","61","98","Moderate"
1968079,"6.575946","3.3924458","2026-07-07 15:47:25","15","16","14","61","98","Moderate"
1968079,"6.575948","3.3924477","2026-07-07 15:47:26","15","16","14","61","98","Moderate"
1968079,"6.575953","3.3924515","2026-07-07 15:47:27","15","16","14","61","98","Moderate"
1968079,"6.5759597","3.3924568","2026-07-07 15:47:28","15","16","14","61","98","Moderate"
1968079,"6.5759625","3.3924642","2026-07-07 15:47:29","15","16","14","61","98","Moderate"
1968079,"6.5759654","3.392468","2026-07-07 15:47:30","15","16","14","61","98","Moderate"
1968079,"6.5759716","3.3924713","2026-07-07 15:47:32","16","16","14",NULL,"98","Moderate"
1968079,"6.5759783","3.3924773","2026-07-07 15:47:33","16","17","15","61","98","Moderate"
1968079,"6.5759835","3.3924828","2026-07-07 15:47:34","15","16","14","61","98","Moderate"
1968079,"6.5759897","3.392487","2026-07-07 15:47:35","16","17","15","61","98","Moderate"
1968079,"6.5759945","3.392492","2026-07-07 15:47:36","16","17","15","61","98","Moderate"
1968079,"6.575998","3.3924963","2026-07-07 15:47:37","16","17","15","61","98","Moderate"
1968079,"6.576008","3.392503","2026-07-07 15:47:38","15","16","14","61","98","Moderate"
1968079,"6.5760136","3.392508","2026-07-07 15:47:39","14","14","13","62","98","Moderate"
1968079,"6.5760155","3.3925104","2026-07-07 15:47:40","15","16","14","62","98","Moderate"
1968079,"6.5760226","3.392517","2026-07-07 15:47:41","15","16","14","62","98","Moderate"
1968079,"6.5760317","3.392524","2026-07-07 15:47:42","15","16","14","62","98","Moderate"
1968079,"6.5760365","3.392526","2026-07-07 15:47:43","15","16","14","61","98","Moderate"
1968079,"6.5760427","3.3925273","2026-07-07 15:47:44","15","16","14","61","98","Moderate"
1968079,"6.5760465","3.3925319","2026-07-07 15:47:45","15","16","14","61","98","Moderate"
1968079,"6.5760484","3.3925366","2026-07-07 15:47:46","15","16","14","61","98","Moderate"
1968079,"6.576052","3.392538","2026-07-07 15:47:47","15","16","14","61","98","Moderate"
1968079,"6.576058","3.3925421","2026-07-07 15:47:48","13","13","12","61","98","Moderate"
1968079,"6.576062","3.3925455","2026-07-07 15:47:49","13","13","12","61","98","Moderate"
1968079,"6.5760655","3.3925526","2026-07-07 15:47:50","13","13","12","61","98","Moderate"
1968079,"6.576071","3.3925579","2026-07-07 15:47:51","13","13","12","61","98","Moderate"
1968079,"6.5760727","3.3925574","2026-07-07 15:47:52","12","12","11","61","98","Good"
1968079,"6.5760756","3.3925612","2026-07-07 15:47:53","12","13","11","61","98","Good"
1968079,"6.5760837","3.3925657","2026-07-07 15:47:54","13","13","12","61","98","Moderate"
1968079,"6.5760894","3.39257","2026-07-07 15:47:55","12","12","11","61","98","Good"
1968079,"6.5760922","3.3925774","2026-07-07 15:47:56","12","12","11","61","98","Good"
1968079,"6.576106","3.3925815","2026-07-07 15:47:58","12",NULL,NULL,"61",NULL,"Good"
1968079,"6.576112","3.3925843","2026-07-07 15:47:59","13","13","12","61","98","Moderate"
1968079,"6.576117","3.3925836","2026-07-07 15:48:00","13","13","12","61","98","Moderate"
1968079,"6.5761366","3.392594","2026-07-07 15:48:01","13","14","12","61","98","Moderate"
1968079,"6.5761423","3.3926003","2026-07-07 15:48:02","13","13","12","61","98","Moderate"
1968079,"6.576142","3.392601","2026-07-07 15:48:03","13","13","12","61","98","Moderate"
1968079,"6.5761547","3.3926053","2026-07-07 15:48:04","13","13","12","61","98","Moderate"
1968079,"6.5761695","3.39261","2026-07-07 15:48:05","13","13","12","61","98","Moderate"
1968079,"6.5761776","3.392614","2026-07-07 15:48:06","13","13","12","61","98","Moderate"
1968079,"6.5761843","3.392611","2026-07-07 15:48:07","13","13","12","61","98","Moderate"
1968079,"6.5761895","3.3926096","2026-07-07 15:48:08","13","13","12","61","98","Moderate"
1968079,"6.576208","3.3926134","2026-07-07 15:48:09","13","13","12","61","98","Moderate"
1968079,"6.5762057","3.3926122","2026-07-07 15:48:10","14","14","13","61","98","Moderate"
1968079,"6.576209","3.3926127","2026-07-07 15:48:11","14","14","13","61","98","Moderate"
1968079,"6.5762186","3.3926127","2026-07-07 15:48:12","14","14","13","61","98","Moderate"
1968079,"6.576229","3.392614","2026-07-07 15:48:13","13","13","12","61","98","Moderate"
1968079,"6.576234","3.3926108","2026-07-07 15:48:14","13","13","12","61","98","Moderate"
1968079,"6.5762434","3.3926117","2026-07-07 15:48:15","13","13","12","61","98","Moderate"
1968079,"6.5762544","3.392609","2026-07-07 15:48:16","13","13","12","61","98","Moderate"
1968079,"6.576262","3.392607","2026-07-07 15:48:17","13","13","12","61","98","Moderate"
1968079,"6.57627","3.392608","2026-07-07 15:48:18","13","13","12","61","98","Moderate"
1968079,"6.5762815","3.3926015","2026-07-07 15:48:19","13","13","12","61","98","Moderate"
1968079,"6.576295","3.3925931","2026-07-07 15:48:20","13","13","12","61","98","Moderate"
1968079,"6.5762978","3.3925898","2026-07-07 15:48:21","13","13","12","61","98","Moderate"
1968079,"6.5763063","3.3925838","2026-07-07 15:48:22","13","13","12","61","98","Moderate"
1968079,"6.5763097","3.3925784","2026-07-07 15:48:23","13","13","12","61","98","Moderate"
1968079,"6.5763164","3.3925714","2026-07-07 15:48:24","13","13","12","61","98","Moderate"
1968079,"6.5763216","3.3925653","2026-07-07 15:48:25","12","12","11","61","98","Good"
1968079,"6.5763264","3.3925602","2026-07-07 15:48:26","12","12","11","61","98","Good"
1968079,"6.5763288","3.392554","2026-07-07 15:48:27","12","12","11","61","98","Good"
1968079,"6.5763288","3.3925464","2026-07-07 15:48:28","12","12","11","61","98","Good"
1968079,"6.5763354","3.3925393","2026-07-07 15:48:29","12","12","11","61","98","Good"
1968079,"6.5763392","3.392534","2026-07-07 15:48:30","12","13","11","61","98","Good"
1968079,"6.5763426","3.3925269","2026-07-07 15:48:31","12","12","11","61","98","Good"
1968079,"6.5763483","3.3925176","2026-07-07 15:48:32","12","12","11","60","98","Good"
1968079,"6.5763516","3.3925111","2026-07-07 15:48:33","12","12","11","60","98","Good"
1968079,"6.5763516","3.3925035","2026-07-07 15:48:34","13","13","12","60","98","Moderate"
1968079,"6.5763564","3.3924923","2026-07-07 15:48:35","13","13","12","61","98","Moderate"
1968079,"6.5763597","3.3924904","2026-07-07 15:48:36","13","13","12","61","98","Moderate"
1968079,"6.5763617","3.3924854","2026-07-07 15:48:37","14","14","13","61","98","Moderate"
1968079,"6.5763674","3.3924758","2026-07-07 15:48:38","14","14","13","61","98","Moderate"
1968079,"6.5763726","3.392463","2026-07-07 15:48:39","14","14","13","61","98","Moderate"
1968079,"6.5763755","3.392461","2026-07-07 15:48:40","13","13","12","61","98","Moderate"
1968079,"6.576376","3.3924608","2026-07-07 15:48:41","13","13","12","61","98","Moderate"
1968079,"6.576379","3.3924525","2026-07-07 15:48:42","13","13","12","61","98","Moderate"
1968079,"6.5763855","3.3924475","2026-07-07 15:48:43","12","12","11","61","98","Good"
1968079,"6.5763917","3.3924503","2026-07-07 15:48:44","12","12","11","61","98","Good"
1968079,"6.5763884","3.3924422","2026-07-07 15:48:45","12","12","11","61","98","Good"
1968079,"6.5763936","3.3924332","2026-07-07 15:48:46","12","12","11","61","98","Good"
1968079,"6.576398","3.3924313","2026-07-07 15:48:47","13","13","12","61","98","Moderate"
1968079,"6.5764065","3.3924315","2026-07-07 15:48:48","13","13","12","61","98","Moderate"
1968079,"6.5764112","3.3924255","2026-07-07 15:48:49","13","13","12","61","98","Moderate"
1968079,"6.576418","3.3924227","2026-07-07 15:48:50","14","14","13","61","98","Moderate"
1968079,"6.576424","3.3924148","2026-07-07 15:48:51","14","14","13","61","98","Moderate"
1968079,"6.5764256","3.3924086","2026-07-07 15:48:52","14","14","13","61","98","Moderate"
1968079,"6.576429","3.3924046","2026-07-07 15:48:53","14","14","13","61","98","Moderate"
1968079,"6.5764318","3.3924007","2026-07-07 15:48:54","13","13","12","61","98","Moderate"
1968079,"6.576433","3.392388","2026-07-07 15:48:55","13","13","12","61","98","Moderate"
1968079,"6.5764394","3.3923717","2026-07-07 15:48:56","13","13","12","61","98","Moderate"
1968079,"6.57644","3.3923547","2026-07-07 15:48:58","14",NULL,"13","62",NULL,"Moderate"
1968079,"6.5764346","3.3923464","2026-07-07 15:49:00","14",NULL,NULL,"62","98","Moderate"
1968079,"6.5764346","3.3923144","2026-07-07 15:49:01","15","16","14","62","98","Moderate"
1968079,"6.5764394","3.3923123","2026-07-07 15:49:02","15","16","14","62","98","Moderate"
1968079,"6.5764403","3.3923087","2026-07-07 15:49:03","14","14","13","62","98","Moderate"
1968079,"6.5764427","3.3922956","2026-07-07 15:49:04","15","16","14","62","98","Moderate"
1968079,"6.5764503","3.392286","2026-07-07 15:49:05","15","16","14","62","98","Moderate"
1968079,"6.5764523","3.3922853","2026-07-07 15:49:06","15","16","14","62","98","Moderate"
1968079,"6.5764546","3.3922782","2026-07-07 15:49:07","14","14","13","62","98","Moderate"
1968079,"6.5764594","3.3922615","2026-07-07 15:49:09","14",NULL,NULL,"62","98","Moderate"
1968079,"6.5764627","3.3922527","2026-07-07 15:49:10","14","15","13","62","98","Moderate"
1968079,"6.5764623","3.392245","2026-07-07 15:49:11","16","17","15","62","98","Moderate"
1968079,"6.576466","3.392239","2026-07-07 15:49:12","16","17","15","63","98","Moderate"
1968079,"6.576471","3.3922331","2026-07-07 15:49:13","16","17","15","62","98","Moderate"
1968079,"6.5764794","3.3922176","2026-07-07 15:49:15","16","17",NULL,NULL,"98","Moderate"
1968079,"6.576482","3.392205","2026-07-07 15:49:16","15","16","14","62","98","Moderate"
1968079,"6.5764856","3.3921988","2026-07-07 15:49:17","15","16","14","62","98","Moderate"
1968079,"6.576487","3.3921943","2026-07-07 15:49:18","14","14","13","62","98","Moderate"
1968079,"6.57649","3.3921883","2026-07-07 15:49:19","14","14","13","62","98","Moderate"
1968079,"6.576494","3.3921824","2026-07-07 15:49:20","15","16","14","62","98","Moderate"
1968079,"6.5764995","3.3921793","2026-07-07 15:49:21","15","16","14","62","98","Moderate"
1968079,"6.5765066","3.3921683","2026-07-07 15:49:22","14","14","13","62","98","Moderate"
1968079,"6.5765123","3.3921585","2026-07-07 15:49:23","14","14","13","62","98","Moderate"
1968079,"6.576515","3.392155","2026-07-07 15:49:24","14","14","13","62","98","Moderate"
1968079,"6.576515","3.392143","2026-07-07 15:49:25","14","14","13","61","98","Moderate"
1968079,"6.5765214","3.392138","2026-07-07 15:49:26","14","14","13","61","98","Moderate"
1968079,"6.5765276","3.3921382","2026-07-07 15:49:27","15","16","14","61","98","Moderate"
1968079,"6.5765357","3.3921278","2026-07-07 15:49:28","14","14","13","61","98","Moderate"
1968079,"6.576549","3.3921065","2026-07-07 15:49:30","13",NULL,"12","61",NULL,"Moderate"
1968079,"6.576552","3.3920996","2026-07-07 15:49:32","13","13","12",NULL,NULL,"Moderate"
1968079,"6.5765576","3.392095","2026-07-07 15:49:34","13",NULL,NULL,"61","98","Moderate"
1968079,"6.576562","3.3920753","2026-07-07 15:49:36","14","14","13","61","98","Moderate"
1968079,"6.576566","3.3920662","2026-07-07 15:49:37","13","13",NULL,NULL,"98","Moderate"
1968079,"6.5765743","3.3920546","2026-07-07 15:49:39","12","12",NULL,NULL,NULL,"Good"
1968079,"6.57659","3.3920393","2026-07-07 15:49:41","12","12","11",NULL,NULL,"Good"
1968079,"6.5765934","3.3920362","2026-07-07 15:49:43","12",NULL,NULL,"61","98","Good"
1968079,"6.576612","3.3920116","2026-07-07 15:49:45","13","13","12","61","98","Moderate"
1968079,"6.576625","3.3920074","2026-07-07 15:49:47","13",NULL,"12","61",NULL,"Moderate"
1968079,"6.5766487","3.392003","2026-07-07 15:49:49","14","14","13","61",NULL,"Moderate"
1968079,"6.576659","3.392006","2026-07-07 15:49:51","14","14","13","61","98","Moderate"
1968079,"6.5766606","3.3920114","2026-07-07 15:49:52","14","14","13","61","98","Moderate"
1968079,"6.576681","3.3920143","2026-07-07 15:49:54","14","14","13",NULL,NULL,"Moderate"
1968079,"6.5766892","3.3920164","2026-07-07 15:49:55","14","14","13","61","98","Moderate"
1968079,"6.576696","3.3920183","2026-07-07 15:49:56","14","14","13","61","98","Moderate"
1968079,"6.576718","3.3920212","2026-07-07 15:49:58","15","16",NULL,NULL,NULL,"Moderate"
1968079,"6.5767217","3.3920217","2026-07-07 15:50:00","15","16","14","61","98","Moderate"
1968079,"6.576724","3.3920226","2026-07-07 15:50:01","15","16","14","61","98","Moderate"
1968079,"6.5767317","3.3920295","2026-07-07 15:50:02","16","17","15","61",NULL,"Moderate"
1968079,"6.576749","3.3920305","2026-07-07 15:50:04","17","18","16","61",NULL,"Moderate"
1968079,"6.5767593","3.3920393","2026-07-07 15:50:06","17","18","16","61","98","Moderate"
1968079,"6.576782","3.3920393","2026-07-07 15:50:07","17",NULL,"16","61",NULL,"Moderate"
1968079,"6.576792","3.3920422","2026-07-07 15:50:09","17","18","16","61","98","Moderate"
1968079,"6.5767903","3.3920472","2026-07-07 15:50:10","17","18","16","61","98","Moderate"
1968079,"6.576807","3.392058","2026-07-07 15:50:11","17","18","16",NULL,"97","Moderate"
1968079,"6.576818","3.3920608","2026-07-07 15:50:13","17",NULL,NULL,"61",NULL,"Moderate"
1968079,"6.5768266","3.3920593","2026-07-07 15:50:15","17","18","16","61","98","Moderate"
1968079,"6.5768394","3.3920617","2026-07-07 15:50:16","16","17","15","61","98","Moderate"
1968079,"6.57685","3.3920681","2026-07-07 15:50:17","16","17","15","61",NULL,"Moderate"
1968079,"6.576869","3.3920765","2026-07-07 15:50:19","15",NULL,"14","61","98","Moderate"
1968079,"6.576886","3.3920882","2026-07-07 15:50:21","14","15","13","61","97","Moderate"
1968079,"6.576906","3.3920994","2026-07-07 15:50:22","13","13","12",NULL,"97","Moderate"
1968079,"6.576908","3.3921044","2026-07-07 15:50:24","13","13","12","61","97","Moderate"
1968079,"6.576917","3.392113","2026-07-07 15:50:25","14","14","13","61","97","Moderate"
1968079,"6.576929","3.3921266","2026-07-07 15:50:26","14","14","13",NULL,"98","Moderate"
1968079,"6.5769367","3.3921342","2026-07-07 15:50:28","14","14","13","61","97","Moderate"
1968079,"6.576945","3.39214","2026-07-07 15:50:29","14","14","13","61","98","Moderate"
1968079,"6.576949","3.3921444","2026-07-07 15:50:30","14","14","13","61","97","Moderate"
1968079,"6.5769596","3.3921494","2026-07-07 15:50:31","14","14","13","61","98","Moderate"
1968079,"6.576968","3.3921533","2026-07-07 15:50:32","15","16","14","61","97","Moderate"
1968079,"6.576978","3.392157","2026-07-07 15:50:33","15","16","14","61","97","Moderate"
1968079,"6.5769854","3.3921614","2026-07-07 15:50:34","15","16","14","61","97","Moderate"
1968079,"6.5769877","3.3921595","2026-07-07 15:50:35","15","16","14","61","97","Moderate"
1968079,"6.5769944","3.3921611","2026-07-07 15:50:36","15","16","14","61","98","Moderate"
1968079,"6.576998","3.3921704","2026-07-07 15:50:37","14","14","13","61","97","Moderate"
1968079,"6.5770044","3.3921697","2026-07-07 15:50:38","14","14","13","61","97","Moderate"
1968079,"6.5770135","3.3921735","2026-07-07 15:50:39","14","14","13","61","97","Moderate"
1968079,"6.5770235","3.3921754","2026-07-07 15:50:40","14","14","13","61","97","Moderate"
1968079,"6.5770307","3.392181","2026-07-07 15:50:41","15","16","14","61","97","Moderate"
1968079,"6.5770383","3.3921897","2026-07-07 15:50:42","15","16","14","61","97","Moderate"
1968079,"6.5770464","3.3921907","2026-07-07 15:50:43","16","17","15","61","97","Moderate"
1968079,"6.5770535","3.3921933","2026-07-07 15:50:44","15","16","14","61","97","Moderate"
1968079,"6.5770617","3.3921964","2026-07-07 15:50:45","15","16","14","61","97","Moderate"
1968079,"6.5770674","3.3921995","2026-07-07 15:50:46","16","17","15","61","97","Moderate"
1968079,"6.577076","3.3922038","2026-07-07 15:50:47","15","16","14","61","97","Moderate"
1968079,"6.57708","3.3922093","2026-07-07 15:50:48","15","16","14","61","98","Moderate"
1968079,"6.577087","3.3922164","2026-07-07 15:50:49","15","16","14","61","98","Moderate"
1968079,"6.577094","3.3922212","2026-07-07 15:50:50","16","17","15","61","97","Moderate"
1968079,"6.577102","3.3922255","2026-07-07 15:50:51","16","17","15","61","97","Moderate"
1968079,"6.5771165","3.3922315","2026-07-07 15:50:52","15","16","14","61","97","Moderate"
1968079,"6.5771165","3.3922315","2026-07-07 15:50:53","14","14","13","61","97","Moderate"
1968079,"6.577124","3.392234","2026-07-07 15:50:54","14","14","13","61","97","Moderate"
1968079,"6.5771294","3.3922405","2026-07-07 15:50:55","15","16","14","61","97","Moderate"
1968079,"6.5771346","3.3922448","2026-07-07 15:50:56","16","17","15","61","97","Moderate"
1968079,"6.5771422","3.3922486","2026-07-07 15:50:57","16","17","15","61","97","Moderate"
1968079,"6.577152","3.3922539","2026-07-07 15:50:58","16","17","15","61","97","Moderate"
1968079,"6.5771604","3.3922625","2026-07-07 15:50:59","16","17","15","61","97","Moderate"
1968079,"6.577165","3.3922656","2026-07-07 15:51:00","15","16","14","61","97","Moderate"
1968079,"6.5771704","3.3922744","2026-07-07 15:51:01","15","16","14","61","97","Moderate"
1968079,"6.5771747","3.3922806","2026-07-07 15:51:02","15","16","14","61","97","Moderate"
1968079,"6.57718","3.3922908","2026-07-07 15:51:03","15","16","14","62","97","Moderate"
1968079,"6.577184","3.3922997","2026-07-07 15:51:04","15","16","14","62","97","Moderate"
1968079,"6.577185","3.3923082","2026-07-07 15:51:05","15","16","14","62","97","Moderate"
1968079,"6.5771847","3.3923233","2026-07-07 15:51:06","15","16","14","62","97","Moderate"
1968079,"6.5771885","3.3923316","2026-07-07 15:51:07","15","16","14","62","97","Moderate"
1968079,"6.5771885","3.3923316","2026-07-07 15:51:08","15","16","14","62","97","Moderate"
1968079,"6.5771875","3.3923512","2026-07-07 15:51:09","14","14","13","62","97","Moderate"
1968079,"6.5771875","3.3923512","2026-07-07 15:51:10","14","14","13","62","97","Moderate"
1968079,"6.5771837","3.3923695","2026-07-07 15:51:11","15","16","14","62","97","Moderate"
1968079,"6.5771837","3.3923695","2026-07-07 15:51:12","15","16","14","62","97","Moderate"
1968079,"6.5771813","3.3923726","2026-07-07 15:51:13","15","16","14","62","97","Moderate"
1968079,"6.5771804","3.3923802","2026-07-07 15:51:14","15","16","14","62","97","Moderate"
1968079,"6.577171","3.3923948","2026-07-07 15:51:15","15","16","14","61","97","Moderate"
1968079,"6.577171","3.3923948","2026-07-07 15:51:16","14","14","13","61","97","Moderate"
1968079,"6.5771666","3.3924015","2026-07-07 15:51:17","14","14","13","61","97","Moderate"
1968079,"6.577163","3.3924043","2026-07-07 15:51:18","14","14","13","61","97","Moderate"
1968079,"6.5771604","3.392416","2026-07-07 15:51:19","14","14","13","61","97","Moderate"
1968079,"6.5771604","3.392416","2026-07-07 15:51:20","15","16","14","61","97","Moderate"
1968079,"6.5771585","3.3924282","2026-07-07 15:51:21","15","16","14","61","97","Moderate"
1968079,"6.5771556","3.3924348","2026-07-07 15:51:22","15","16","14","61","97","Moderate"
1968079,"6.5771556","3.3924348","2026-07-07 15:51:23","15","16","14","61","97","Moderate"
1968079,"6.5771523","3.3924456","2026-07-07 15:51:24","15","16","14","61","97","Moderate"
1968079,"6.577147","3.3924541","2026-07-07 15:51:25","15","16","14","61","97","Moderate"
1968079,"6.577147","3.3924541","2026-07-07 15:51:26","14","14","13","61","97","Moderate"
1968079,"6.5771437","3.392461","2026-07-07 15:51:27","14","14","13","61","97","Moderate"
1968079,"6.577142","3.3924642","2026-07-07 15:51:28","15","16","14","62","97","Moderate"
1968079,"6.577141","3.39247","2026-07-07 15:51:29","15","16","14","62","97","Moderate"
1968079,"6.5771313","3.3924854","2026-07-07 15:51:30","14","14","13","62","97","Moderate"
1968079,"6.5771313","3.3924854","2026-07-07 15:51:31","14","14","13","62","97","Moderate"
1968079,"6.577128","3.3924947","2026-07-07 15:51:32","15","16","14","62","97","Moderate"
1968079,"6.5771265","3.392504","2026-07-07 15:51:33","15","16","14","62","97","Moderate"
1968079,"6.577122","3.3925095","2026-07-07 15:51:34","14","14","13","62","97","Moderate"
1968079,"6.577117","3.3925161","2026-07-07 15:51:35","15","16","14","62","97","Moderate"
1968079,"6.5771112","3.3925316","2026-07-07 15:51:36","15","16","14","62","97","Moderate"
1968079,"6.577108","3.392533","2026-07-07 15:51:37","13","13","12","62","97","Moderate"
1968079,"6.577108","3.392533","2026-07-07 15:51:38","13","13","12","62","97","Moderate"
1968079,"6.5771","3.392547","2026-07-07 15:51:39","13","13","12","62","97","Moderate"
1968079,"6.5771","3.392547","2026-07-07 15:51:40","13","13","12","62","97","Moderate"
1968079,"6.5770917","3.3925602","2026-07-07 15:51:41","12","12","11","61","97","Good"
1968079,"6.5770917","3.3925602","2026-07-07 15:51:42","13","13","12","61","97","Moderate"
1968079,"6.5770836","3.392574","2026-07-07 15:51:43","13","13","12","61","97","Moderate"
1968079,"6.5770836","3.392574","2026-07-07 15:51:44","12","12","11","61","97","Good"
1968079,"6.577075","3.3925858","2026-07-07 15:51:45","12","12","11","61","97","Good"
1968079,"6.577075","3.3925858","2026-07-07 15:51:46","14","14","13","61","97","Moderate"
1968079,"6.577068","3.3926017","2026-07-07 15:51:47","14","14","13","61","97","Moderate"
1968079,"6.577068","3.3926017","2026-07-07 15:51:48","14","14","13","61","97","Moderate"
1968079,"6.577061","3.3926082","2026-07-07 15:51:49","14","14","13","61","97","Moderate"
1968079,"6.577061","3.3926082","2026-07-07 15:51:50","14","14","13","61","97","Moderate"
1968079,"6.57705","3.3926253","2026-07-07 15:51:51","13","13","12","61","97","Moderate"
1968079,"6.577048","3.3926308","2026-07-07 15:51:52","13","13","12","61","97","Moderate"
1968079,"6.577048","3.3926308","2026-07-07 15:51:53","14","14","13","61","97","Moderate"
1968079,"6.5770426","3.3926425","2026-07-07 15:51:54","14","14","13","61","97","Moderate"
1968079,"6.5770426","3.3926425","2026-07-07 15:51:55","14","14","13","61","97","Moderate"
1968079,"6.5770392","3.3926551","2026-07-07 15:51:56","14","15","13","61","97","Moderate"
1968079,"6.5770392","3.3926551","2026-07-07 15:51:57","15","16","14","61","97","Moderate"
1968079,"6.577033","3.3926635","2026-07-07 15:51:58","15","16","14","61","97","Moderate"
1968079,"6.577033","3.3926635","2026-07-07 15:51:59","15","16","14","61","97","Moderate"
1968079,"6.577031","3.3926756","2026-07-07 15:52:00","14","14","13","61","97","Moderate"
1968079,"6.577031","3.3926756","2026-07-07 15:52:01","14","14","13","61","97","Moderate"
1968079,"6.577028","3.3926883","2026-07-07 15:52:02","14","14","13","61","97","Moderate"
1968079,"6.577028","3.3926883","2026-07-07 15:52:03","14","14","13","61","97","Moderate"
1968079,"6.577025","3.3926969","2026-07-07 15:52:04","14","14","13","61","97","Moderate"
1968079,"6.577022","3.3927026","2026-07-07 15:52:05","13","13","12","61","97","Moderate"
1968079,"6.577016","3.3927164","2026-07-07 15:52:06","13","13","12","61","97","Moderate"
1968079,"6.577014","3.3927233","2026-07-07 15:52:07","12","12","11","61","97","Good"
1968079,"6.577011","3.3927293","2026-07-07 15:52:08","12","12","11","61","97","Good"
1968079,"6.5770073","3.392738","2026-07-07 15:52:09","12","12","11","61","97","Good"
1968079,"6.577004","3.392747","2026-07-07 15:52:10","12","12","11","61","97","Good"
1968079,"6.577002","3.3927526","2026-07-07 15:52:11","12","12","11","61","97","Good"
1968079,"6.577002","3.3927526","2026-07-07 15:52:12","12","12","11","61","97","Good"
1968079,"6.576995","3.3927705","2026-07-07 15:52:13","12","12","11","61","97","Good"
1968079,"6.576995","3.3927705","2026-07-07 15:52:14","12","12","11","61","97","Good"
1968079,"6.576989","3.3927863","2026-07-07 15:52:15","12","12","11","61","97","Good"
1968079,"6.5769863","3.3927941","2026-07-07 15:52:16","12","12","11","61","97","Good"
1968079,"6.5769835","3.3928025","2026-07-07 15:52:17","12","12","11","61","97","Good"
1968079,"6.576979","3.392812","2026-07-07 15:52:18","12","12","11","61","97","Good"
1968079,"6.5769763","3.3928156","2026-07-07 15:52:19","13","13","12","61","97","Moderate"
1968079,"6.5769763","3.3928156","2026-07-07 15:52:20","13","13","12","61","97","Moderate"
1968079,"6.5769706","3.3928285","2026-07-07 15:52:21","13","13","12","62","97","Moderate"
1968079,"6.576967","3.392836","2026-07-07 15:52:22","13","13","12","62","97","Moderate"
1968079,"6.576967","3.392836","2026-07-07 15:52:23","13","13","12","62","97","Moderate"
1968079,"6.5769625","3.3928497","2026-07-07 15:52:24","13","13","12","62","97","Moderate"
1968079,"6.5769625","3.3928497","2026-07-07 15:52:25","13","13","12","62","97","Moderate"
1968079,"6.5769567","3.3928645","2026-07-07 15:52:26","13","13","12","61","97","Moderate"
1968079,"6.5769567","3.3928645","2026-07-07 15:52:27","13","13","12","61","97","Moderate"
1968079,"6.5769486","3.3928788","2026-07-07 15:52:28","13","13","12","61","97","Moderate"
1968079,"6.5769486","3.3928788","2026-07-07 15:52:29","13","13","12","61","97","Moderate"
1968079,"6.5769434","3.3928921","2026-07-07 15:52:30","13","13","12","61","97","Moderate"
1968079,"6.5769396","3.3928988","2026-07-07 15:52:31","13","13","12","61","97","Moderate"
1968079,"6.576932","3.3929055","2026-07-07 15:52:32","13","13","12","61","97","Moderate"
1968079,"6.576932","3.3929055","2026-07-07 15:52:33","13","14","12","61","97","Moderate"
1968079,"6.5769258","3.3929198","2026-07-07 15:52:34","14","14","13","61","97","Moderate"
1968079,"6.5769258","3.3929198","2026-07-07 15:52:35","14","14","13","61","97","Moderate"
1968079,"6.57692","3.3929346","2026-07-07 15:52:36","14","14","13","61","97","Moderate"
1968079,"6.576917","3.392941","2026-07-07 15:52:37","15","16","14","61","97","Moderate"
1968079,"6.5769143","3.3929472","2026-07-07 15:52:39","14","15","13","61","97","Moderate"
1968079,"6.576909","3.3929663","2026-07-07 15:52:40","14","14","13","61","97","Moderate"
1968079,"6.576909","3.3929663","2026-07-07 15:52:41","14","14","13","61","97","Moderate"
1968079,"6.5769014","3.3929768","2026-07-07 15:52:42","14","14","13","61","97","Moderate"
1968079,"6.5769014","3.3929768","2026-07-07 15:52:43","14","14","13","61","97","Moderate"
1968079,"6.5768976","3.3929918","2026-07-07 15:52:44","14","14","13","61","97","Moderate"
1968079,"6.5768976","3.3929918","2026-07-07 15:52:45","14","14","13","61","97","Moderate"
1968079,"6.5768924","3.3930056","2026-07-07 15:52:46","14","14","13","61","97","Moderate"
1968079,"6.5768924","3.3930056","2026-07-07 15:52:47","14","14","13","61","97","Moderate"
1968079,"6.5768867","3.3930154","2026-07-07 15:52:48","14","14","13","61","97","Moderate"
1968079,"6.5768867","3.3930154","2026-07-07 15:52:49","14","14","13","61","97","Moderate"
1968079,"6.5768805","3.3930311","2026-07-07 15:52:50","14","14","13","61","97","Moderate"
1968079,"6.5768805","3.3930311","2026-07-07 15:52:51","14","14","13","61","97","Moderate"
1968079,"6.576876","3.3930466","2026-07-07 15:52:52","14","14","13","61","97","Moderate"
1968079,"6.576874","3.393054","2026-07-07 15:52:53","13","13","12","61","97","Moderate"
1968079,"6.576874","3.393054","2026-07-07 15:52:54","13","13","12","61","97","Moderate"
1968079,"6.5768685","3.3930666","2026-07-07 15:52:55","13","13","12","61","97","Moderate"
1968079,"6.5768685","3.3930666","2026-07-07 15:52:56","14","14","13","61","97","Moderate"
1968079,"6.57686","3.3930786","2026-07-07 15:52:57","14","14","13","61","97","Moderate"
1968079,"6.57686","3.3930786","2026-07-07 15:52:58","14","14","13","61","97","Moderate"
1968079,"6.576853","3.393091","2026-07-07 15:52:59","14","14","13","61","97","Moderate"
1968079,"6.576849","3.3930974","2026-07-07 15:53:00","16","17","15","61","97","Moderate"
1968079,"6.5768476","3.3931057","2026-07-07 15:53:01","15","16","14","61","97","Moderate"
1968079,"6.5768476","3.3931057","2026-07-07 15:53:02","14","14","13","61","97","Moderate"
1968079,"6.5768394","3.3931205","2026-07-07 15:53:03","13","14","12","61","97","Moderate"
1968079,"6.576837","3.3931272","2026-07-07 15:53:04","13","13","12","61","97","Moderate"
1968079,"6.576835","3.393135","2026-07-07 15:53:05","14","14","13","61","97","Moderate"
1968079,"6.5768332","3.39314","2026-07-07 15:53:06","14","14","13","61","97","Moderate"
1968079,"6.57683","3.393148","2026-07-07 15:53:07","15","16","14","61","97","Moderate"
1968079,"6.5768266","3.3931546","2026-07-07 15:53:08","15","16","14","61","97","Moderate"
1968079,"6.5768247","3.393162","2026-07-07 15:53:09","14","15","13","61","97","Moderate"
1968079,"6.5768223","3.3931677","2026-07-07 15:53:10","15","16","14","61","97","Moderate"
1968079,"6.576819","3.3931723","2026-07-07 15:53:11","15","16","14","61","97","Moderate"
1968079,"6.5768147","3.3931758","2026-07-07 15:53:12","15","16","14","61","97","Moderate"
1968079,"6.5768094","3.3931851","2026-07-07 15:53:13","15","16","14","61","97","Moderate"
1968079,"6.576803","3.3931928","2026-07-07 15:53:14","14","14","13","61","97","Moderate"
1968079,"6.5767984","3.3931978","2026-07-07 15:53:15","14","14","13","61","97","Moderate"
1968079,"6.576796","3.3932047","2026-07-07 15:53:16","14","14","13","61","97","Moderate"
1968079,"6.5767922","3.3932166","2026-07-07 15:53:17","14","14","13","61","97","Moderate"
1968079,"6.5767875","3.3932235","2026-07-07 15:53:18","14","14","13","61","97","Moderate"
1968079,"6.5767837","3.3932276","2026-07-07 15:53:19","14","14","13","61","97","Moderate"
1968079,"6.576779","3.3932362","2026-07-07 15:53:20","14","14","13","61","97","Moderate"
1968079,"6.5767746","3.3932402","2026-07-07 15:53:21","14","14","13","61","97","Moderate"
1968079,"6.5767703","3.3932438","2026-07-07 15:53:22","14","14","13","61","97","Moderate"
1968079,"6.576765","3.3932526","2026-07-07 15:53:23","14","14","13","61","97","Moderate"
1968079,"6.576762","3.3932583","2026-07-07 15:53:24","14","14","13","61","97","Moderate"
1968079,"6.576757","3.3932657","2026-07-07 15:53:25","14","14","13","61","97","Moderate"
1968079,"6.576753","3.3932679","2026-07-07 15:53:26","14","14","13","61","97","Moderate"
1968079,"6.5767508","3.3932743","2026-07-07 15:53:27","14","14","13","61","97","Moderate"
1968079,"6.5767508","3.3932743","2026-07-07 15:53:28","14","14","13","61","97","Moderate"
1968079,"6.576742","3.3932858","2026-07-07 15:53:29","14","14","13","61","97","Moderate"
1968079,"6.5767384","3.3932927","2026-07-07 15:53:30","14","14","13","61","97","Moderate"
1968079,"6.576735","3.3932967","2026-07-07 15:53:31","14","14","13","61","97","Moderate"
1968079,"6.57673","3.3933036","2026-07-07 15:53:32","14","14","13","61","97","Moderate"
1968079,"6.5767293","3.3933105","2026-07-07 15:53:33","15","16","14","61","97","Moderate"
1968079,"6.5767283","3.3933215","2026-07-07 15:53:34","15","16","14","61","97","Moderate"
1968079,"6.5767264","3.39333","2026-07-07 15:53:35","14","14","13","61","97","Moderate"
1968079,"6.5767264","3.3933363","2026-07-07 15:53:36","14","14","13","61","97","Moderate"
1968079,"6.5767236","3.393346","2026-07-07 15:53:37","14","14","13","61","97","Moderate"
1968079,"6.5767198","3.3933532","2026-07-07 15:53:38","14","14","13","61","97","Moderate"
1968079,"6.576715","3.3933592","2026-07-07 15:53:39","14","14","13","61","97","Moderate"
1968079,"6.576713","3.393363","2026-07-07 15:53:40","13","14","12","61","97","Moderate"
1968079,"6.5767093","3.3933713","2026-07-07 15:53:41","13","13","12","61","97","Moderate"
1968079,"6.576705","3.3933778","2026-07-07 15:53:42","13","13","12","61","97","Moderate"
1968079,"6.5767","3.3933804","2026-07-07 15:53:43","13","13","12","61","97","Moderate"
1968079,"6.5766983","3.3933856","2026-07-07 15:53:44","14","14","13","61","97","Moderate"
1968079,"6.5766926","3.3933933","2026-07-07 15:53:45","14","14","13","61","97","Moderate"
1968079,"6.576688","3.3933995","2026-07-07 15:53:46","14","14","13","61","97","Moderate"
1968079,"6.5766845","3.393406","2026-07-07 15:53:47","14","14","13","61","97","Moderate"
1968079,"6.576681","3.393413","2026-07-07 15:53:48","14","14","13","61","97","Moderate"
1968079,"6.576679","3.393422","2026-07-07 15:53:49","14","14","13","61","97","Moderate"
1968079,"6.5766764","3.3934276","2026-07-07 15:53:50","14","14","13","61","97","Moderate"
1968079,"6.576674","3.3934343","2026-07-07 15:53:51","14","14","13","61","97","Moderate"
1968079,"6.5766706","3.3934426","2026-07-07 15:53:52","14","14","13","61","97","Moderate"
1968079,"6.576667","3.3934445","2026-07-07 15:53:53","14","14","13","61","97","Moderate"
1968079,"6.5766625","3.3934479","2026-07-07 15:53:54","14","14","13","61","97","Moderate"
1968079,"6.576659","3.3934538","2026-07-07 15:53:55","14","15","13","61","97","Moderate"
1968079,"6.576655","3.3934612","2026-07-07 15:53:56","16","17","15","61","97","Moderate"
1968079,"6.576652","3.3934693","2026-07-07 15:53:57","15","16","14","61","97","Moderate"
1968079,"6.576649","3.3934746","2026-07-07 15:53:58","15","16","14","61","97","Moderate"
1968079,"6.576643","3.3934844","2026-07-07 15:53:59","15","16","14","61","97","Moderate"
1968079,"6.57664","3.39349","2026-07-07 15:54:00","15","16","14","61","97","Moderate"
1968079,"6.576637","3.3934982","2026-07-07 15:54:01","15","16","14","61","97","Moderate"
1968079,"6.5766325","3.3935044","2026-07-07 15:54:02","16","17","15","61","97","Moderate"
1968079,"6.5766315","3.3935113","2026-07-07 15:54:03","15","16","14","61","97","Moderate"
1968079,"6.5766273","3.3935192","2026-07-07 15:54:04","16","17","15","61","97","Moderate"
1968079,"6.5766225","3.393524","2026-07-07 15:54:05","15","16","14","61","97","Moderate"
1968079,"6.5766187","3.3935306","2026-07-07 15:54:06","15","16","14","61","97","Moderate"
1968079,"6.5766144","3.3935385","2026-07-07 15:54:07","15","16","14","61","97","Moderate"
1968079,"6.57661","3.393545","2026-07-07 15:54:08","15","16","14","61","97","Moderate"
1968079,"6.5766068","3.3935528","2026-07-07 15:54:09","15","16","14","61","97","Moderate"
1968079,"6.5766034","3.3935587","2026-07-07 15:54:10","15","16","14","61","97","Moderate"
1968079,"6.5765963","3.3935747","2026-07-07 15:54:11","15","16","14","61","97","Moderate"
1968079,"6.5765953","3.3935757","2026-07-07 15:54:12","15","16","14","61","97","Moderate"
1968079,"6.576592","3.3935812","2026-07-07 15:54:13","15","16","14","61","97","Moderate"
1968079,"6.576586","3.3935866","2026-07-07 15:54:14","14","14","13","61","97","Moderate"
1968079,"6.576586","3.3935964","2026-07-07 15:54:15","14","14","13","61","97","Moderate"
1968079,"6.5765824","3.393604","2026-07-07 15:54:16","13","13","12","61","97","Moderate"
1968079,"6.576579","3.393609","2026-07-07 15:54:17","13","13","12","61","97","Moderate"
1968079,"6.5765743","3.3936164","2026-07-07 15:54:18","13","13","12","61","97","Moderate"
1968079,"6.5765696","3.3936198","2026-07-07 15:54:19","13","13","12","61","97","Moderate"
1968079,"6.576566","3.3936267","2026-07-07 15:54:20","13","13","12","61","97","Moderate"
1968079,"6.5765615","3.3936353","2026-07-07 15:54:21","14","14","13","61","97","Moderate"
1968079,"6.5765576","3.3936417","2026-07-07 15:54:22","14","14","13","61","97","Moderate"
1968079,"6.576556","3.3936462","2026-07-07 15:54:23","14","14","13","61","97","Moderate"
1968079,"6.5765486","3.3936436","2026-07-07 15:54:24","14","14","13","61","97","Moderate"
1968079,"6.5765424","3.3936505","2026-07-07 15:54:25","14","14","13","61","97","Moderate"
1968079,"6.5765405","3.3936625","2026-07-07 15:54:26","14","14","13","61","97","Moderate"
1968079,"6.576547","3.3936667","2026-07-07 15:54:27","14","14","13","61","97","Moderate"
1968079,"6.5765433","3.3936768","2026-07-07 15:54:28","13","13","12","61","97","Moderate"
1968079,"6.576539","3.3936849","2026-07-07 15:54:29","13","13","12","61","97","Moderate"
1968079,"6.576534","3.39369","2026-07-07 15:54:30","14","14","13","61","97","Moderate"
1968079,"6.576531","3.3936982","2026-07-07 15:54:31","14","14","13","61","97","Moderate"
1968079,"6.576524","3.3937056","2026-07-07 15:54:32","14","14","13","61","97","Moderate"
1968079,"6.576523","3.3937082","2026-07-07 15:54:33","14","14","13","61","97","Moderate"
1968079,"6.576519","3.3937154","2026-07-07 15:54:34","14","14","13","61","97","Moderate"
1968079,"6.576515","3.3937209","2026-07-07 15:54:35","14","14","13","61","97","Moderate"
1968079,"6.5765166","3.3937232","2026-07-07 15:54:36","14","14","13","61","97","Moderate"
1968079,"6.576511","3.3937292","2026-07-07 15:54:37","14","14","13","62","97","Moderate"
1968079,"6.5765176","3.3937337","2026-07-07 15:54:38","14","14","13","62","97","Moderate"
1968079,"6.5765123","3.39374","2026-07-07 15:54:39","14","14","13","62","97","Moderate"
1968079,"6.5765114","3.3937466","2026-07-07 15:54:40","14","14","13","61","97","Moderate"
1968079,"6.57651","3.393751","2026-07-07 15:54:41","13","13","12","61","97","Moderate"
1968079,"6.576505","3.3937588","2026-07-07 15:54:42","13","13","12","61","97","Moderate"
1968079,"6.576502","3.3937676","2026-07-07 15:54:43","13","13","12","61","97","Moderate"
1968079,"6.5764995","3.3937786","2026-07-07 15:54:44","13","13","12","61","97","Moderate"
1968079,"6.5764976","3.3937836","2026-07-07 15:54:45","13","13","12","61","97","Moderate"
1968079,"6.5764923","3.3937924","2026-07-07 15:54:46","13","13","12","61","97","Moderate"
1968079,"6.5764866","3.3937948","2026-07-07 15:54:47","13","13","12","61","97","Moderate"
1968079,"6.576484","3.3937976","2026-07-07 15:54:48","13","13","12","61","97","Moderate"
1968079,"6.5764794","3.3938038","2026-07-07 15:54:49","13","13","12","61","97","Moderate"
1968079,"6.5764813","3.3938038","2026-07-07 15:54:50","13","13","12","61","97","Moderate"
1968079,"6.576485","3.3938076","2026-07-07 15:54:51","14","14","13","61","97","Moderate"
1968079,"6.576483","3.3938105","2026-07-07 15:54:52","14","14","13","61","97","Moderate"
1968079,"6.576486","3.3938131","2026-07-07 15:54:53","14","14","13","61","97","Moderate"
1968079,"6.576487","3.3938131","2026-07-07 15:54:54","14","14","13","61","97","Moderate"
1968079,"6.576485","3.393815","2026-07-07 15:54:55","14","14","13","61","97","Moderate"
1968079,"6.5764856","3.3938143","2026-07-07 15:54:56","14","14","13","61","97","Moderate"
1968079,"6.5764856","3.3938143","2026-07-07 15:54:57","14","14","13","61","97","Moderate"
1968079,"6.576487","3.3938162","2026-07-07 15:54:58","14","14","13","61","97","Moderate"
1968079,"6.576488","3.3938165","2026-07-07 15:54:59","14","14","13","61","97","Moderate"
1968079,"6.57649","3.393819","2026-07-07 15:55:00","14","14","13","61","97","Moderate"
1968079,"6.5764923","3.3938248","2026-07-07 15:55:01","14","14","13","61","97","Moderate"
1968079,"6.576495","3.3938315","2026-07-07 15:55:02","14","14","13","61","97","Moderate"
1968079,"6.576497","3.3938353","2026-07-07 15:55:03","14","14","13","61","97","Moderate"
1968079,"6.576498","3.3938422","2026-07-07 15:55:04","13","13","12","61","97","Moderate"
1968079,"6.576502","3.3938477","2026-07-07 15:55:05","13","13","12","61","97","Moderate"
1968079,"6.576505","3.3938487","2026-07-07 15:55:06","14","14","13","61","97","Moderate"
1968079,"6.5765057","3.3938487","2026-07-07 15:55:07","14","14","13","61","97","Moderate"
1968079,"6.576505","3.393848","2026-07-07 15:55:08","14","14","13","61","97","Moderate"
1968079,"6.5765047","3.3938448","2026-07-07 15:55:09","12","12","11","61","97","Good"
1968079,"6.576506","3.3938448","2026-07-07 15:55:10","12","12","11","61","97","Good"
1968079,"6.5765047","3.3938434","2026-07-07 15:55:11","12","12","11","61","97","Good"
1968079,"6.5765033","3.3938422","2026-07-07 15:55:12","12","12","11","61","97","Good"
1968079,"6.5765014","3.393842","2026-07-07 15:55:13","12","12","11","61","97","Good"
1968079,"6.5765014","3.393842","2026-07-07 15:55:14","12","12","11","61","97","Good"
1968079,"6.5765014","3.393842","2026-07-07 15:55:15","12","12","11","61","97","Good"
1968079,"6.5765014","3.393842","2026-07-07 15:55:16","12","12","11","61","97","Good"
1968079,"6.5764976","3.3938417","2026-07-07 15:55:17","12","12","11","61","97","Good"
1968079,"6.5764947","3.3938425","2026-07-07 15:55:18","12","12","11","61","97","Good"
1968079,"6.5764937","3.3938415","2026-07-07 15:55:19","12","12","11","61","97","Good"
1968079,"6.5764933","3.393841","2026-07-07 15:55:20","12","12","11","61","97","Good"
1968079,"6.5764923","3.3938408","2026-07-07 15:55:21","13","13","12","61","97","Moderate"
1968079,"6.5764923","3.3938408","2026-07-07 15:55:22","13","13","12","61","97","Moderate"
1968079,"6.576493","3.393842","2026-07-07 15:55:23","13","13","12","61","97","Moderate"
1968079,"6.576493","3.3938417","2026-07-07 15:55:24","13","13","12","61","97","Moderate"
1968079,"6.576493","3.3938446","2026-07-07 15:55:25","13","13","12","61","97","Moderate"
1968079,"6.5764914","3.3938463","2026-07-07 15:55:26","13","13","12","61","97","Moderate"
1968079,"6.5764904","3.3938446","2026-07-07 15:55:27","13","13","12","61","97","Moderate"
1968079,"6.57649","3.3938448","2026-07-07 15:55:28","13","13","12","61","97","Moderate"
1968079,"6.5764875","3.393845","2026-07-07 15:55:29","13","13","12","61","97","Moderate"
1968079,"6.5764837","3.393848","2026-07-07 15:55:30","12","12","11","61","97","Good"
1968079,"6.576481","3.3938544","2026-07-07 15:55:31","12","12","11","61","97","Good"
1968079,"6.5764785","3.3938603","2026-07-07 15:55:32","12","12","11","61","97","Good"
1968079,"6.5764794","3.393865","2026-07-07 15:55:33","12","12","11","61","97","Good"
1968079,"6.576475","3.3938766","2026-07-07 15:55:34","12","12","11","61","97","Good"
1968079,"6.576476","3.3938751","2026-07-07 15:55:35","12","12","11","61","97","Good"
1968079,"6.5764785","3.3938696","2026-07-07 15:55:36","10","11","10","61","97","Good"
1968079,"6.5764813","3.3938673","2026-07-07 15:55:37","10","11","10","61","97","Good"
1968079,"6.5764832","3.3938637","2026-07-07 15:55:38","10","11","10","61","97","Good"
1968079,"6.576486","3.3938565","2026-07-07 15:55:39","10","11","10","61","97","Good"
1968079,"6.5764866","3.3938556","2026-07-07 15:55:40","10","11","10","61","97","Good"
1968079,"6.5764885","3.393856","2026-07-07 15:55:41","10","11","10","61","97","Good"
1968079,"6.576489","3.3938546","2026-07-07 15:55:42","10","11","10","61","97","Good"
1968079,"6.5764866","3.3938546","2026-07-07 15:55:43","10","11","10","61","97","Good"
1968079,"6.5764885","3.3938506","2026-07-07 15:55:44","10","11","10","61","97","Good"
1968079,"6.57649","3.3938522","2026-07-07 15:55:45","10","11","10","61","97","Good"
1968079,"6.5764904","3.3938515","2026-07-07 15:55:46","12","12","11","61","97","Good"
1968079,"6.5764914","3.39385","2026-07-07 15:55:47","12","12","11","61","97","Good"
1968079,"6.576492","3.3938496","2026-07-07 15:55:48","14","14","13","61","97","Moderate"
1968079,"6.5764947","3.393851","2026-07-07 15:55:49","13","13","12","61","97","Moderate"
1968079,"6.576494","3.3938525","2026-07-07 15:55:50","13","13","12","61","97","Moderate"
1968079,"6.576494","3.3938518","2026-07-07 15:55:51","14","14","13","61","97","Moderate"
1968079,"6.576494","3.3938582","2026-07-07 15:55:52","14","14","13","61","97","Moderate"
1968079,"6.5764956","3.3938534","2026-07-07 15:55:53","14","14","13","61","97","Moderate"
1968079,"6.576497","3.3938534","2026-07-07 15:55:54","14","14","13","61","97","Moderate"
1968079,"6.576497","3.3938503","2026-07-07 15:55:55","14","14","13","61","97","Moderate"
1968079,"6.5764995","3.3938482","2026-07-07 15:55:56","14","14","13","61","97","Moderate"
1968079,"6.5764985","3.3938484","2026-07-07 15:55:57","14","14","13","61","97","Moderate"
1968079,"6.576499","3.3938484","2026-07-07 15:55:58","14","14","13","61","97","Moderate"
1968079,"6.576501","3.3938494","2026-07-07 15:55:59","14","14","13","62","97","Moderate"
1968079,"6.576502","3.3938503","2026-07-07 15:56:00","15","16","14","62","97","Moderate"
1968079,"6.5765033","3.3938503","2026-07-07 15:56:01","15","16","14","62","97","Moderate"
1968079,"6.5765033","3.3938498","2026-07-07 15:56:02","16","17","15","62","97","Moderate"
1968079,"6.5765033","3.3938498","2026-07-07 15:56:03","16","16","14","62","97","Moderate"
1968079,"6.5765033","3.3938498","2026-07-07 15:56:04","15","16","14","62","97","Moderate"
1968079,"6.5765033","3.3938498","2026-07-07 15:56:05","15","16","14","62","97","Moderate"
1968079,"6.5765033","3.3938498","2026-07-07 15:56:06","15","16","14","62","97","Moderate"
1968079,"6.5765033","3.3938498","2026-07-07 15:56:07","15","16","14","62","97","Moderate"
1968079,"6.5765066","3.3938565","2026-07-07 15:56:08","15","16","14","62","97","Moderate"
1968079,"6.5765066","3.3938565","2026-07-07 15:56:09","14","14","13","62","97","Moderate"
1968079,"6.5765066","3.3938565","2026-07-07 15:56:10","14","15","13","62","97","Moderate"
1968079,"6.5765066","3.3938565","2026-07-07 15:56:11","15","16","14","62","97","Moderate"
1968079,"6.5765066","3.3938565","2026-07-07 15:56:12","15","16","14","62","97","Moderate"
1968079,"6.5765066","3.3938582","2026-07-07 15:56:13","15","16","14","62","97","Moderate"
1968079,"6.5765066","3.3938591","2026-07-07 15:56:14","15","16","14","61","97","Moderate"
1968079,"6.576506","3.3938591","2026-07-07 15:56:15","15","16","14","61","97","Moderate"
1968079,"6.5765066","3.393859","2026-07-07 15:56:16","14","14","13","61","97","Moderate"
1968079,"6.5765057","3.3938603","2026-07-07 15:56:17","14","14","13","61","97","Moderate"
1968079,"6.576505","3.393861","2026-07-07 15:56:18","14","14","13","61","97","Moderate"
1968079,"6.5765057","3.393861","2026-07-07 15:56:19","14","14","13","61","97","Moderate"
1968079,"6.576505","3.3938613","2026-07-07 15:56:20","14","14","13","61","97","Moderate"
1968079,"6.5765057","3.393861","2026-07-07 15:56:21","13","13","12","62","97","Moderate"
1968079,"6.576506","3.3938608","2026-07-07 15:56:22","13","13","12","62","97","Moderate"
1968079,"6.576506","3.393862","2026-07-07 15:56:23","13","13","12","62","97","Moderate"
1968079,"6.576506","3.3938637","2026-07-07 15:56:24","13","13","12","62","97","Moderate"
1968079,"6.576507","3.3938634","2026-07-07 15:56:25","13","13","12","62","97","Moderate"
1968079,"6.576508","3.393863","2026-07-07 15:56:26","13","13","12","62","97","Moderate"
1968079,"6.576511","3.3938634","2026-07-07 15:56:27","13","13","12","62","97","Moderate"
1968079,"6.5765142","3.3938622","2026-07-07 15:56:28","13","13","12","62","97","Moderate"
1968079,"6.5765085","3.3938599","2026-07-07 15:56:29","13","13","12","62","97","Moderate"
1968079,"6.5765095","3.3938568","2026-07-07 15:56:30","13","13","12","62","97","Moderate"
1968079,"6.5765104","3.3938532","2026-07-07 15:56:31","13","13","12","62","97","Moderate"
1968079,"6.5765085","3.3938487","2026-07-07 15:56:32","13","13","12","62","97","Moderate"
1968079,"6.576509","3.3938437","2026-07-07 15:56:33","13","13","12","62","97","Moderate"
1968079,"6.5765104","3.3938406","2026-07-07 15:56:34","13","13","12","62","97","Moderate"
1968079,"6.5765114","3.3938394","2026-07-07 15:56:35","13","13","12","62","97","Moderate"
1968079,"6.5765114","3.3938391","2026-07-07 15:56:36","13","13","12","62","97","Moderate"
1968079,"6.5765085","3.39384","2026-07-07 15:56:37","12","12","11","62","97","Good"
1968079,"6.576509","3.393838","2026-07-07 15:56:38","12","12","11","61","97","Good"
1968079,"6.5765076","3.3938377","2026-07-07 15:56:39","13","13","12","61","97","Moderate"
1968079,"6.576508","3.3938375","2026-07-07 15:56:40","13","13","12","61","97","Moderate"
1968079,"6.576508","3.3938375","2026-07-07 15:56:41","13","13","12","61","97","Moderate"
1968079,"6.576508","3.3938375","2026-07-07 15:56:42","13","13","12","61","97","Moderate"
1968079,"6.576508","3.3938375","2026-07-07 15:56:43","13","13","12","61","97","Moderate"
1968079,"6.576508","3.3938375","2026-07-07 15:56:44","13","13","12","61","97","Moderate"
1968079,"6.576508","3.3938375","2026-07-07 15:56:45","13","13","12","62","97","Moderate"
1968079,"6.576508","3.3938375","2026-07-07 15:56:46","13","13","12","62","97","Moderate"
1968079,"6.576508","3.3938375","2026-07-07 15:56:47","13","13","12","61","97","Moderate"
1968079,"6.576508","3.3938375","2026-07-07 15:56:48","13","13","12","61","97","Moderate"
1968079,"6.576508","3.3938375","2026-07-07 15:56:49","13","13","12","62","97","Moderate"
1968079,"6.576508","3.3938375","2026-07-07 15:56:50","13","13","12","62","97","Moderate"
1968079,"6.576508","3.3938375","2026-07-07 15:56:51","13","13","12","62","97","Moderate"
1968079,"6.5765047","3.3938267","2026-07-07 15:56:52","13","13","12","62","97","Moderate"
1968079,"6.576504","3.3938272","2026-07-07 15:56:53","13","13","12","62","97","Moderate"
1968079,"6.5765047","3.393831","2026-07-07 15:56:54","13","14","12","62","97","Moderate"
1968079,"6.5765057","3.393831","2026-07-07 15:56:55","14","14","13","62","97","Moderate"
1968079,"6.5765057","3.393831","2026-07-07 15:56:56","14","14","13","62","97","Moderate"
1968079,"6.576505","3.3938298","2026-07-07 15:56:57","14","14","13","62","97","Moderate"
1968079,"6.576505","3.3938293","2026-07-07 15:56:58","14","14","13","62","97","Moderate"
1968079,"6.576505","3.3938293","2026-07-07 15:56:59","14","14","13","62","97","Moderate"
1968079,"6.5765066","3.3938286","2026-07-07 15:57:00","14","14","13","61","97","Moderate"
1968079,"6.5765076","3.3938282","2026-07-07 15:57:01","14","14","13","62","97","Moderate"
1968079,"6.5765076","3.393828","2026-07-07 15:57:02","14","14","13","61","97","Moderate"
1968079,"6.5765076","3.393828","2026-07-07 15:57:03","14","14","13","62","97","Moderate"
1968079,"6.5765076","3.393828","2026-07-07 15:57:04","14","14","13","61","97","Moderate"
1968079,"6.576506","3.3938274","2026-07-07 15:57:05","12","12","11","62","97","Good"
1968079,"6.5765066","3.3938274","2026-07-07 15:57:06","12","12","11","62","97","Good"
1968079,"6.5765066","3.3938274","2026-07-07 15:57:07","12","12","11","62","97","Good"
1968079,"6.5765066","3.3938274","2026-07-07 15:57:08","12","12","11","62","97","Good"
1968079,"6.576505","3.3938267","2026-07-07 15:57:09","13","13","12","62","97","Moderate"
1968079,"6.5765047","3.3938262","2026-07-07 15:57:10","13","13","12","62","97","Moderate"
1968079,"6.5765047","3.3938262","2026-07-07 15:57:11","13","13","12","62","97","Moderate"
1968079,"6.5765033","3.393825","2026-07-07 15:57:12","13","13","12","62","97","Moderate"
1968079,"6.5765033","3.393825","2026-07-07 15:57:13","13","13","12","62","97","Moderate"
1968079,"6.5765033","3.393825","2026-07-07 15:57:14","13","13","12","62","97","Moderate"
1968079,"6.5765014","3.3938248","2026-07-07 15:57:15","12","12","11","62","97","Good"
1968079,"6.576501","3.3938246","2026-07-07 15:57:16","12","12","11","62","97","Good"
1968079,"6.5765014","3.3938246","2026-07-07 15:57:17","13","13","12","62","97","Moderate"
1968079,"6.5765014","3.3938246","2026-07-07 15:57:18","13","13","12","62","97","Moderate"
1968079,"6.5765014","3.3938246","2026-07-07 15:57:19","13","13","12","62","97","Moderate"
1968079,"6.576497","3.3938265","2026-07-07 15:57:20","14","14","13","62","97","Moderate"
1968079,"6.5764976","3.3938258","2026-07-07 15:57:21","15","16","14","62","97","Moderate"
1968079,"6.5764966","3.393826","2026-07-07 15:57:22","15","16","14","62","97","Moderate"
1968079,"6.5764966","3.393826","2026-07-07 15:57:23","15","16","14","62","97","Moderate"
1968079,"6.5764966","3.393826","2026-07-07 15:57:24","15","16","14","62","97","Moderate"
1968079,"6.576499","3.393827","2026-07-07 15:57:25","15","16","14","62","97","Moderate"
1968079,"6.576501","3.3938282","2026-07-07 15:57:26","15","16","14","62","97","Moderate"
1968079,"6.576495","3.3938286","2026-07-07 15:57:27","15","16","14","62","97","Moderate"
1968079,"6.5764985","3.3938313","2026-07-07 15:57:28","14","14","13","62","97","Moderate"
1968079,"6.5764914","3.3938475","2026-07-07 15:57:29","14","14","13","62","97","Moderate"
1968079,"6.576485","3.393863","2026-07-07 15:57:30","14","14","13","62","97","Moderate"
1968079,"6.576479","3.3938737","2026-07-07 15:57:31","14","14","13","62","97","Moderate"
1968079,"6.576474","3.3938842","2026-07-07 15:57:32","14","14","13","62","97","Moderate"
1968079,"6.5764704","3.393895","2026-07-07 15:57:33","14","14","13","62","97","Moderate"
1968079,"6.5764656","3.3939035","2026-07-07 15:57:34","14","14","13","62","97","Moderate"
1968079,"6.5764556","3.393908","2026-07-07 15:57:35","14","14","13","62","97","Moderate"
1968079,"6.5764494","3.393918","2026-07-07 15:57:36","14","14","13","62","97","Moderate"
1968079,"6.576445","3.393929","2026-07-07 15:57:37","14","14","13","62","97","Moderate"
1968079,"6.576441","3.3939383","2026-07-07 15:57:38","14","14","13","62","97","Moderate"
1968079,"6.576433","3.393947","2026-07-07 15:57:39","13","13","12","62","97","Moderate"
1968079,"6.576428","3.3939576","2026-07-07 15:57:40","13","13","12","62","97","Moderate"
1968079,"6.5764236","3.3939664","2026-07-07 15:57:41","13","13","12","62","97","Moderate"
1968079,"6.5764184","3.393974","2026-07-07 15:57:42","12","12","11","62","97","Good"
1968079,"6.576413","3.3939836","2026-07-07 15:57:43","12","12","11","62","97","Good"
1968079,"6.576409","3.3939943","2026-07-07 15:57:44","13","13","12","62","97","Moderate"
1968079,"6.5764036","3.394004","2026-07-07 15:57:45","13","13","12","62","97","Moderate"
1968079,"6.576397","3.3940115","2026-07-07 15:57:46","13","13","12","62","97","Moderate"
1968079,"6.576392","3.3940198","2026-07-07 15:57:47","12","12","11","62","97","Good"
1968079,"6.576387","3.394028","2026-07-07 15:57:48","13","13","12","62","97","Moderate"
1968079,"6.5763817","3.3940375","2026-07-07 15:57:49","13","13","12","62","97","Moderate"
1968079,"6.5763774","3.3940456","2026-07-07 15:57:50","13","13","12","62","97","Moderate"
1968079,"6.576371","3.3940513","2026-07-07 15:57:51","14","14","13","62","97","Moderate"
1968079,"6.576366","3.394062","2026-07-07 15:57:52","14","14","13","62","97","Moderate"
1968079,"6.576362","3.3940752","2026-07-07 15:57:53","13","13","12","62","97","Moderate"
1968079,"6.5763574","3.3940814","2026-07-07 15:57:54","13","13","12","62","97","Moderate"
1968079,"6.5763516","3.3940856","2026-07-07 15:57:55","13","13","12","62","97","Moderate"
1968079,"6.5763497","3.3940892","2026-07-07 15:57:56","13","13","12","62","97","Moderate"
1968079,"6.576348","3.3940902","2026-07-07 15:57:57","14","14","13","62","97","Moderate"
1968079,"6.576343","3.3940942","2026-07-07 15:57:58","13","13","12","62","97","Moderate"
1968079,"6.576337","3.3941002","2026-07-07 15:57:59","13","13","12","62","97","Moderate"
1968079,"6.576332","3.3941085","2026-07-07 15:58:00","14","14","13","62","97","Moderate"
1968079,"6.576327","3.394118","2026-07-07 15:58:01","14","14","13","62","97","Moderate"
1968079,"6.576323","3.3941257","2026-07-07 15:58:02","14","14","13","62","97","Moderate"
1968079,"6.57632","3.3941357","2026-07-07 15:58:03","14","14","13","62","97","Moderate"
1968079,"6.5763173","3.394144","2026-07-07 15:58:04","14","14","13","62","97","Moderate"
1968079,"6.5763164","3.3941522","2026-07-07 15:58:05","14","14","13","62","97","Moderate"
1968079,"6.5763144","3.3941615","2026-07-07 15:58:06","14","14","13","62","97","Moderate"
1968079,"6.576312","3.394169","2026-07-07 15:58:07","14","14","13","62","97","Moderate"
1968079,"6.5763073","3.394177","2026-07-07 15:58:08","14","14","13","62","97","Moderate"
1968079,"6.5763016","3.394183","2026-07-07 15:58:09","14","14","13","62","97","Moderate"
1968079,"6.5762963","3.3941932","2026-07-07 15:58:10","14","14","13","62","97","Moderate"
1968079,"6.5762916","3.3941998","2026-07-07 15:58:11","14","14","13","62","97","Moderate"
1968079,"6.576286","3.394208","2026-07-07 15:58:12","14","14","13","62","97","Moderate"
1968079,"6.5762825","3.3942156","2026-07-07 15:58:13","14","14","13","63","97","Moderate"
1968079,"6.5762773","3.3942213","2026-07-07 15:58:14","14","14","13","63","97","Moderate"
1968079,"6.5762715","3.3942285","2026-07-07 15:58:15","14","14","13","63","97","Moderate"
1968079,"6.5762653","3.3942335","2026-07-07 15:58:16","14","14","13","63","97","Moderate"
1968079,"6.5762587","3.3942397","2026-07-07 15:58:17","14","14","13","63","97","Moderate"
1968079,"6.57625","3.3942444","2026-07-07 15:58:18","14","14","13","63","97","Moderate"
1968079,"6.576241","3.3942497","2026-07-07 15:58:19","14","14","13","63","97","Moderate"
1968079,"6.576233","3.3942566","2026-07-07 15:58:20","14","14","13","63","97","Moderate"
1968079,"6.5762267","3.3942611","2026-07-07 15:58:21","13","13","12","63","97","Moderate"
1968079,"6.576221","3.394267","2026-07-07 15:58:22","13","13","12","63","97","Moderate"
1968079,"6.576213","3.3942747","2026-07-07 15:58:23","13","13","12","63","97","Moderate"
1968079,"6.576207","3.3942797","2026-07-07 15:58:24","13","13","12","63","97","Moderate"
1968079,"6.5762005","3.3942857","2026-07-07 15:58:25","13","13","12","62","97","Moderate"
1968079,"6.5761943","3.394292","2026-07-07 15:58:26","13","13","12","62","97","Moderate"
1968079,"6.5761886","3.3943","2026-07-07 15:58:27","13","13","12","62","97","Moderate"
1968079,"6.5761824","3.3943086","2026-07-07 15:58:28","13","13","12","62","97","Moderate"
1968079,"6.576176","3.3943162","2026-07-07 15:58:29","13","13","12","62","97","Moderate"
1968079,"6.576171","3.3943238","2026-07-07 15:58:30","13","13","12","62","97","Moderate"
1968079,"6.576166","3.3943312","2026-07-07 15:58:31","13","13","12","62","97","Moderate"
1968079,"6.576162","3.3943415","2026-07-07 15:58:32","13","13","12","62","97","Moderate"
1968079,"6.576157","3.3943503","2026-07-07 15:58:33","13","13","12","62","97","Moderate"
1968079,"6.5761533","3.3943594","2026-07-07 15:58:34","13","13","12","62","97","Moderate"
1968079,"6.5761495","3.3943677","2026-07-07 15:58:35","13","13","12","63","97","Moderate"
1968079,"6.5761447","3.3943777","2026-07-07 15:58:36","13","13","12","63","97","Moderate"
1968079,"6.5761437","3.394386","2026-07-07 15:58:37","14","14","13","63","97","Moderate"
1968079,"6.5761385","3.394393","2026-07-07 15:58:38","14","14","13","63","97","Moderate"
1968079,"6.5761347","3.3943992","2026-07-07 15:58:39","14","14","13","63","97","Moderate"
1968079,"6.5761294","3.3944073","2026-07-07 15:58:40","14","14","13","63","97","Moderate"
1968079,"6.5761237","3.3944147","2026-07-07 15:58:41","14","14","13","63","97","Moderate"
1968079,"6.5761185","3.3944206","2026-07-07 15:58:42","14","14","13","63","97","Moderate"
1968079,"6.576114","3.3944278","2026-07-07 15:58:43","14","14","13","63","97","Moderate"
1968079,"6.5761094","3.3944345","2026-07-07 15:58:44","15","16","14","63","97","Moderate"
1968079,"6.576104","3.3944438","2026-07-07 15:58:45","15","16","14","63","97","Moderate"
1968079,"6.5761","3.3944514","2026-07-07 15:58:46","15","16","14","63","97","Moderate"
1968079,"6.5760956","3.394458","2026-07-07 15:58:47","15","16","14","63","97","Moderate"
1968079,"6.5760913","3.3944654","2026-07-07 15:58:48","15","16","14","63","97","Moderate"
1968079,"6.5760865","3.3944752","2026-07-07 15:58:49","15","16","14","63","97","Moderate"
1968079,"6.576082","3.394483","2026-07-07 15:58:50","15","16","14","63","97","Moderate"
1968079,"6.576079","3.3944893","2026-07-07 15:58:51","15","16","14","63","97","Moderate"
1968079,"6.5760746","3.3944986","2026-07-07 15:58:52","15","16","14","63","97","Moderate"
1968079,"6.5760703","3.3945074","2026-07-07 15:58:53","15","16","14","63","97","Moderate"
1968079,"6.5760646","3.3945172","2026-07-07 15:58:54","15","16","14","63","97","Moderate"
1968079,"6.5760612","3.3945246","2026-07-07 15:58:55","15","16","14","63","97","Moderate"
1968079,"6.5760574","3.3945317","2026-07-07 15:58:56","14","14","13","63","97","Moderate"
1968079,"6.576055","3.3945413","2026-07-07 15:58:57","14","14","13","63","97","Moderate"
1968079,"6.5760503","3.394548","2026-07-07 15:58:58","14","14","13","63","97","Moderate"
1968079,"6.576046","3.3945558","2026-07-07 15:58:59","14","14","13","63","97","Moderate"
1968079,"6.576042","3.394563","2026-07-07 15:59:00","14","14","13","63","97","Moderate"
1968079,"6.576038","3.3945708","2026-07-07 15:59:01","14","14","13","63","97","Moderate"
1968079,"6.5760345","3.3945773","2026-07-07 15:59:02","13","13","12","63","97","Moderate"
1968079,"6.5760317","3.3945868","2026-07-07 15:59:03","13","13","12","63","97","Moderate"
1968079,"6.5760274","3.394596","2026-07-07 15:59:04","13","13","12","63","97","Moderate"
1968079,"6.576023","3.3946037","2026-07-07 15:59:05","13","13","12","63","97","Moderate"
1968079,"6.5760207","3.3946118","2026-07-07 15:59:06","13","13","12","63","97","Moderate"
1968079,"6.576018","3.3946202","2026-07-07 15:59:07","14","14","13","63","97","Moderate"
1968079,"6.5760126","3.394626","2026-07-07 15:59:08","14","14","13","63","97","Moderate"
1968079,"6.5760093","3.3946347","2026-07-07 15:59:09","14","14","13","63","97","Moderate"
1968079,"6.576005","3.3946424","2026-07-07 15:59:10","14","14","13","63","97","Moderate"
1968079,"6.576001","3.3946493","2026-07-07 15:59:11","14","14","13","63","97","Moderate"
1968079,"6.5759974","3.3946579","2026-07-07 15:59:12","14","14","13","63","97","Moderate"
1968079,"6.5759935","3.3946648","2026-07-07 15:59:13","15","16","14","63","97","Moderate"
1968079,"6.57599","3.3946738","2026-07-07 15:59:14","15","16","14","63","97","Moderate"
1968079,"6.575987","3.394683","2026-07-07 15:59:15","15","16","14","63","97","Moderate"
1968079,"6.5759835","3.3946908","2026-07-07 15:59:16","15","16","14","63","97","Moderate"
1968079,"6.57598","3.3946989","2026-07-07 15:59:17","15","16","14","63","97","Moderate"
1968079,"6.5759773","3.3947053","2026-07-07 15:59:18","14","14","13","63","97","Moderate"
1968079,"6.575973","3.394712","2026-07-07 15:59:19","14","14","13","63","97","Moderate"
1968079,"6.5759683","3.3947191","2026-07-07 15:59:20","14","14","13","63","97","Moderate"
1968079,"6.5759645","3.394727","2026-07-07 15:59:21","14","14","13","63","97","Moderate"
1968079,"6.575962","3.3947315","2026-07-07 15:59:22","14","14","13","63","97","Moderate"
1968079,"6.5759583","3.3947377","2026-07-07 15:59:23","15","16","14","63","97","Moderate"
1968079,"6.5759554","3.394744","2026-07-07 15:59:24","15","16","14","63","97","Moderate"
1968079,"6.5759554","3.394748","2026-07-07 15:59:25","15","16","14","63","97","Moderate"
1968079,"6.5759583","3.39475","2026-07-07 15:59:26","15","16","14","63","97","Moderate"
1968079,"6.5759587","3.3947525","2026-07-07 15:59:27","15","16","14","63","97","Moderate"
1968079,"6.5759597","3.3947551","2026-07-07 15:59:28","15","16","14","63","97","Moderate"
1968079,"6.5759597","3.394753","2026-07-07 15:59:29","14","14","13","63","97","Moderate"
1968079,"6.5759563","3.3947651","2026-07-07 15:59:30","15","16","14","63","97","Moderate"
1968079,"6.5759525","3.394773","2026-07-07 15:59:31","15","16","14","63","97","Moderate"
1968079,"6.5759516","3.3947825","2026-07-07 15:59:32","15","16","14","63","97","Moderate"
1968079,"6.575951","3.3947878","2026-07-07 15:59:33","15","16","14","63","97","Moderate"
1968079,"6.57595","3.394799","2026-07-07 15:59:34","15","16","14","63","97","Moderate"
1968079,"6.5759497","3.394805","2026-07-07 15:59:35","14","14","13","63","97","Moderate"
1968079,"6.5759487","3.394816","2026-07-07 15:59:36","14","14","13","63","97","Moderate"
1968079,"6.575947","3.39482","2026-07-07 15:59:37","14","14","13","63","97","Moderate"
1968079,"6.5759435","3.394832","2026-07-07 15:59:38","14","14","13","63","97","Moderate"
1968079,"6.5759387","3.394839","2026-07-07 15:59:39","14","14","13","63","97","Moderate"
1968079,"6.57594","3.39485","2026-07-07 15:59:40","14","14","13","63","97","Moderate"
1968079,"6.5759377","3.3948584","2026-07-07 15:59:41","14","14","13","63","97","Moderate"
1968079,"6.5759344","3.3948681","2026-07-07 15:59:42","14","14","13","63","97","Moderate"
1968079,"6.5759287","3.3948789","2026-07-07 15:59:43","15","16","14","63","97","Moderate"
1968079,"6.5759244","3.3948834","2026-07-07 15:59:44","15","16","14","63","97","Moderate"
1968079,"6.5759187","3.3948898","2026-07-07 15:59:45","15","16","14","63","97","Moderate"
1968079,"6.5759106","3.3948963","2026-07-07 15:59:46","14","14","13","63","97","Moderate"
1968079,"6.575906","3.3949015","2026-07-07 15:59:47","14","14","13","63","97","Moderate"
1968079,"6.5759","3.39491","2026-07-07 15:59:48","14","14","13","63","96","Moderate"
1968079,"6.5758953","3.3949187","2026-07-07 15:59:49","14","14","13","63","97","Moderate"
1968079,"6.5758944","3.39493","2026-07-07 15:59:50","15","16","14","63","97","Moderate"
1968079,"6.575892","3.3949401","2026-07-07 15:59:51","15","16","14","64","97","Moderate"
1968079,"6.575888","3.3949492","2026-07-07 15:59:52","15","16","14","64","97","Moderate"
1968079,"6.575886","3.3949568","2026-07-07 15:59:53","14","14","13","64","96","Moderate"
1968079,"6.5758824","3.3949637","2026-07-07 15:59:54","14","14","13","64","97","Moderate"
1968079,"6.575881","3.3949714","2026-07-07 15:59:55","15","16","14","64","96","Moderate"
1968079,"6.575877","3.3949797","2026-07-07 15:59:56","15","16","14","64","96","Moderate"
1968079,"6.575871","3.3949835","2026-07-07 15:59:57","15","16","14","64","96","Moderate"
1968079,"6.575867","3.3949919","2026-07-07 15:59:58","15","16","14","63","96","Moderate"
1968079,"6.575863","3.3949983","2026-07-07 15:59:59","15","16","14","63","96","Moderate"
1968079,"6.575857","3.395004","2026-07-07 16:00:00","14","14","13","63","96","Moderate"
1968079,"6.575855","3.3950088","2026-07-07 16:00:01","14","14","13","63","97","Moderate"
1968079,"6.575848","3.3950179","2026-07-07 16:00:02","14","14","13","63","96","Moderate"
1968079,"6.5758433","3.3950243","2026-07-07 16:00:03","14","14","13","63","96","Moderate"
1968079,"6.5758324","3.395029","2026-07-07 16:00:04","15","16","14","63","96","Moderate"
1968079,"6.575825","3.3950348","2026-07-07 16:00:05","15","16","14","63","96","Moderate"
1968079,"6.5758185","3.3950422","2026-07-07 16:00:06","15","16","14","63","96","Moderate"
1968079,"6.575811","3.3950477","2026-07-07 16:00:07","14","14","13","63","96","Moderate"
1968079,"6.575805","3.3950508","2026-07-07 16:00:08","14","14","13","63","96","Moderate"
1968079,"6.5758004","3.3950558","2026-07-07 16:00:09","14","14","13","63","96","Moderate"
1968079,"6.5757937","3.3950613","2026-07-07 16:00:10","14","14","13","64","96","Moderate"
1968079,"6.5757875","3.3950706","2026-07-07 16:00:11","14","14","13","64","96","Moderate"
1968079,"6.575783","3.3950741","2026-07-07 16:00:12","14","15","13","64","96","Moderate"
1968079,"6.5757766","3.395079","2026-07-07 16:00:13","15","16","14","64","96","Moderate"
1968079,"6.575769","3.3950849","2026-07-07 16:00:14","14","14","13","64","96","Moderate"
1968079,"6.5757627","3.3950887","2026-07-07 16:00:15","14","14","13","64","96","Moderate"
1968079,"6.575759","3.3950927","2026-07-07 16:00:16","14","14","13","64","96","Moderate"
1968079,"6.5757513","3.3950984","2026-07-07 16:00:17","14","14","13","64","96","Moderate"
1968079,"6.5757437","3.3951035","2026-07-07 16:00:18","15","16","14","64","96","Moderate"
1968079,"6.5757394","3.3951063","2026-07-07 16:00:19","15","16","14","64","96","Moderate"
1968079,"6.5757313","3.395111","2026-07-07 16:00:20","15","16","14","64","96","Moderate"
1968079,"6.575722","3.3951151","2026-07-07 16:00:21","15","16","14","64","96","Moderate"
1968079,"6.5757165","3.3951209","2026-07-07 16:00:22","15","16","14","64","96","Moderate"
1968079,"6.575711","3.395127","2026-07-07 16:00:23","15","16","14","64","96","Moderate"
1968079,"6.575702","3.3951313","2026-07-07 16:00:24","15","16","14","64","96","Moderate"
1968079,"6.575693","3.3951356","2026-07-07 16:00:25","16","17","15","64","96","Moderate"
1968079,"6.5756874","3.3951406","2026-07-07 16:00:26","16","17","15","64","96","Moderate"
1968079,"6.5756793","3.3951466","2026-07-07 16:00:27","16","17","15","64","96","Moderate"
1968079,"6.575671","3.3951497","2026-07-07 16:00:28","17","18","16","64","96","Moderate"
1968079,"6.5756645","3.3951523","2026-07-07 16:00:29","17","18","16","64","96","Moderate"
1968079,"6.5756555","3.395153","2026-07-07 16:00:30","16","17","15","64","96","Moderate"
1968079,"6.575647","3.3951554","2026-07-07 16:00:31","15","16","14","64","96","Moderate"
1968079,"6.575639","3.3951583","2026-07-07 16:00:32","16","17","15","64","96","Moderate"
1968079,"6.5756316","3.3951592","2026-07-07 16:00:33","16","17","15","64","96","Moderate"
1968079,"6.5756226","3.3951604","2026-07-07 16:00:34","16","16","14","64","96","Moderate"
1968079,"6.5756135","3.395161","2026-07-07 16:00:35","17","18","16","64","96","Moderate"
1968079,"6.575609","3.3951643","2026-07-07 16:00:36","17","18","16","64","96","Moderate"
1968079,"6.575602","3.3951683","2026-07-07 16:00:37","16","17","15","64","96","Moderate"
1968079,"6.5755935","3.3951697","2026-07-07 16:00:38","16","17","15","64","96","Moderate"
1968079,"6.575586","3.3951719","2026-07-07 16:00:39","17","18","16","64","96","Moderate"
1968079,"6.575578","3.3951738","2026-07-07 16:00:40","16","17","15","65","96","Moderate"
1968079,"6.5755696","3.3951735","2026-07-07 16:00:41","16","17","15","65","96","Moderate"
1968079,"6.5755653","3.3951738","2026-07-07 16:00:42","16","17","15","65","96","Moderate"
1968079,"6.5755563","3.3951728","2026-07-07 16:00:43","17","18","16","65","96","Moderate"
1968079,"6.575548","3.3951688","2026-07-07 16:00:44","17","18","16","65","96","Moderate"
1968079,"6.575543","3.3951688","2026-07-07 16:00:45","17","18","16","65","96","Moderate"
1968079,"6.5755363","3.3951705","2026-07-07 16:00:46","16","17","15","65","96","Moderate"
1968079,"6.575531","3.3951726","2026-07-07 16:00:47","17","18","16","65","96","Moderate"
1968079,"6.5755258","3.3951755","2026-07-07 16:00:48","17","18","16","65","96","Moderate"
1968079,"6.5755205","3.3951805","2026-07-07 16:00:49","17","18","16","65","96","Moderate"
1968079,"6.5755134","3.395186","2026-07-07 16:00:50","17","18","15","65","96","Moderate"
1968079,"6.57551","3.3951912","2026-07-07 16:00:51","16","17","15","65","96","Moderate"
1968079,"6.575509","3.3951962","2026-07-07 16:00:52","17","18","16","65","96","Moderate"
1968079,"6.5755076","3.395204","2026-07-07 16:00:53","17","18","16","64","96","Moderate"
1968079,"6.5755076","3.3952074","2026-07-07 16:00:54","17","18","16","64","96","Moderate"
1968079,"6.5755043","3.3952134","2026-07-07 16:00:55","16","17","15","64","96","Moderate"
1968079,"6.575498","3.395219","2026-07-07 16:00:56","16","17","15","64","96","Moderate"
1968079,"6.5754943","3.3952231","2026-07-07 16:00:57","16","17","15","64","96","Moderate"
1968079,"6.5754876","3.3952277","2026-07-07 16:00:58","16","17","15","64","96","Moderate"
1968079,"6.5754805","3.3952303","2026-07-07 16:00:59","16","17","15","64","96","Moderate"
1968079,"6.5754766","3.395233","2026-07-07 16:01:00","17","18","15","64","96","Moderate"
1968079,"6.5754704","3.395239","2026-07-07 16:01:01","18","19","17","64","96","Moderate"
1968079,"6.575466","3.3952446","2026-07-07 16:01:02","17","18","16","64","96","Moderate"
1968079,"6.575459","3.3952491","2026-07-07 16:01:03","17","18","16","64","96","Moderate"
1968079,"6.5754523","3.3952537","2026-07-07 16:01:04","17","18","16","64","96","Moderate"
1968079,"6.575448","3.395258","2026-07-07 16:01:05","17","18","16","64","96","Moderate"
1968079,"6.575442","3.3952656","2026-07-07 16:01:06","17","18","16","64","96","Moderate"
1968079,"6.5754366","3.3952692","2026-07-07 16:01:07","17","18","15","64","96","Moderate"
1968079,"6.575433","3.3952727","2026-07-07 16:01:08","16","17","15","64","96","Moderate"
1968079,"6.5754266","3.39528","2026-07-07 16:01:09","15","16","14","64","96","Moderate"
1968079,"6.5754213","3.395284","2026-07-07 16:01:10","15","16","14","64","96","Moderate"
1968079,"6.5754175","3.3952866","2026-07-07 16:01:11","15","16","14","64","96","Moderate"
1968079,"6.5754123","3.3952878","2026-07-07 16:01:12","15","16","14","64","96","Moderate"
1968079,"6.5754085","3.3952904","2026-07-07 16:01:13","14","14","13","64","96","Moderate"
1968079,"6.5754013","3.3952937","2026-07-07 16:01:14","14","14","13","64","96","Moderate"
1968079,"6.5753956","3.3952951","2026-07-07 16:01:15","14","14","13","64","96","Moderate"
1968079,"6.5753903","3.3952966","2026-07-07 16:01:16","14","14","13","64","96","Moderate"
1968079,"6.5753837","3.3952987","2026-07-07 16:01:17","14","14","13","64","96","Moderate"
1968079,"6.5753784","3.395301","2026-07-07 16:01:18","15","16","14","64","96","Moderate"
1968079,"6.575374","3.3953023","2026-07-07 16:01:19","15","16","14","64","96","Moderate"
1968079,"6.5753684","3.3953037","2026-07-07 16:01:20","15","16","14","64","96","Moderate"
1968079,"6.575364","3.3953047","2026-07-07 16:01:21","15","16","14","64","96","Moderate"
1968079,"6.5753603","3.3953063","2026-07-07 16:01:22","15","16","14","64","96","Moderate"
1968079,"6.5753574","3.395308","2026-07-07 16:01:23","15","16","14","64","96","Moderate"
1968079,"6.575353","3.395309","2026-07-07 16:01:24","15","16","14","64","96","Moderate"
1968079,"6.5753493","3.3953085","2026-07-07 16:01:25","16","17","15","64","96","Moderate"
1968079,"6.575349","3.3953063","2026-07-07 16:01:26","16","17","15","64","96","Moderate"
1968079,"6.5753484","3.3953023","2026-07-07 16:01:27","17","18","16","64","96","Moderate"
1968079,"6.575349","3.395301","2026-07-07 16:01:28","17","18","16","64","96","Moderate"
1968079,"6.575349","3.395301","2026-07-07 16:01:29","18","19","17","64","96","Moderate"
1968079,"6.575349","3.395301","2026-07-07 16:01:30","18","19","17","64","96","Moderate"
1968079,"6.575349","3.395301","2026-07-07 16:01:31","17","18","16","64","96","Moderate"
1968079,"6.575349","3.395301","2026-07-07 16:01:32","17","18","16","64","96","Moderate"
1968079,"6.575349","3.395301","2026-07-07 16:01:33","17","18","16","64","96","Moderate"
1968079,"6.575349","3.395301","2026-07-07 16:01:34","18","19","17","64","96","Moderate"
1968079,"6.575349","3.395301","2026-07-07 16:01:35","18","19","17","64","96","Moderate"
1968079,"6.575349","3.395301","2026-07-07 16:01:36","20","21","18","64","96","Moderate"
1968079,"6.575349","3.395301","2026-07-07 16:01:37","19","20","17","64","96","Moderate"
1968079,"6.575349","3.395301","2026-07-07 16:01:38","18","19","17","64","96","Moderate"
1968079,"6.575349","3.395301","2026-07-07 16:01:39","20","21","18","64","96","Moderate"
1968079,"6.5753517","3.3952916","2026-07-07 16:01:40","20","21","18","64","96","Moderate"
1968079,"6.5753517","3.395291","2026-07-07 16:01:41","18","19","17","64","96","Moderate"
1968079,"6.5753508","3.3952937","2026-07-07 16:01:42","18","19","17","64","96","Moderate"
1968079,"6.575352","3.395297","2026-07-07 16:01:43","17","18","16","64","96","Moderate"
1968079,"6.5753493","3.395297","2026-07-07 16:01:44","17","18","16","63","96","Moderate"
1968079,"6.5753493","3.3952982","2026-07-07 16:01:45","18","19","17","63","96","Moderate"
1968079,"6.5753493","3.3952982","2026-07-07 16:01:46","18","19","17","63","96","Moderate"
1968079,"6.5753493","3.395298","2026-07-07 16:01:47","18","19","17","63","96","Moderate"
1968079,"6.5753493","3.395298","2026-07-07 16:01:48","18","19","17","63","96","Moderate"
1968079,"6.5753484","3.3952963","2026-07-07 16:01:49","17","18","16","63","96","Moderate"
1968079,"6.5753484","3.395296","2026-07-07 16:01:50","16","17","15","64","96","Moderate"
1968079,"6.5753517","3.3952963","2026-07-07 16:01:51","16","17","15","64","96","Moderate"
1968079,"6.575351","3.3952982","2026-07-07 16:01:52","16","17","15","64","96","Moderate"
1968079,"6.575351","3.3952975","2026-07-07 16:01:53","16","17","15","64","96","Moderate"
1968079,"6.575351","3.3952973","2026-07-07 16:01:54","16","17","15","64","96","Moderate"
1968079,"6.5753503","3.3952978","2026-07-07 16:01:55","15","16","14","64","96","Moderate"
1968079,"6.5753508","3.3952975","2026-07-07 16:01:56","15","16","14","64","96","Moderate"
1968079,"6.5753484","3.3952978","2026-07-07 16:01:57","14","14","13","64","96","Moderate"
1968079,"6.575346","3.395298","2026-07-07 16:01:58","14","14","13","64","96","Moderate"
1968079,"6.575348","3.395297","2026-07-07 16:01:59","13","13","12","64","96","Moderate"
1968079,"6.575349","3.395297","2026-07-07 16:02:00","13","13","12","64","96","Moderate"
1968079,"6.5753484","3.3952992","2026-07-07 16:02:01","13","13","12","64","96","Moderate"
1968079,"6.575349","3.3952987","2026-07-07 16:02:02","12","12","11","64","96","Good"
1968079,"6.575351","3.3953004","2026-07-07 16:02:03","12","12","11","64","96","Good"
1968079,"6.575353","3.395299","2026-07-07 16:02:04","10","11","10","64","96","Good"
1968079,"6.575355","3.3952994","2026-07-07 16:02:05","10","11","10","64","96","Good"
1968079,"6.575356","3.395298","2026-07-07 16:02:06","10","11","10","64","96","Good"
1968079,"6.575357","3.3952987","2026-07-07 16:02:07","10","11","10","64","96","Good"
1968079,"6.575355","3.3952994","2026-07-07 16:02:08","10","11","10","64","96","Good"
1968079,"6.5753555","3.3952992","2026-07-07 16:02:09","10","11","10","64","96","Good"
1968079,"6.575354","3.3953001","2026-07-07 16:02:10","10","11","10","64","96","Good"
1968079,"6.5753536","3.3953001","2026-07-07 16:02:11","10","11","10","64","96","Good"
1968079,"6.575354","3.3953001","2026-07-07 16:02:12","10","11","10","64","96","Good"
1968079,"6.5753536","3.3952982","2026-07-07 16:02:13","9","10","8","64","96","Good"
1968079,"6.575354","3.3952978","2026-07-07 16:02:14","9","10","8","64","96","Good"
1968079,"6.575354","3.3952978","2026-07-07 16:02:15","10","11","10","64","96","Good"
1968079,"6.575354","3.3952978","2026-07-07 16:02:16","10","11","10","64","96","Good"
1968079,"6.575354","3.3952978","2026-07-07 16:02:17","10","11","10","64","96","Good"
1968079,"6.575354","3.3952978","2026-07-07 16:02:18","9","10","8","64","96","Good"
1968079,"6.575354","3.3952978","2026-07-07 16:02:19","9","10","8","64","96","Good"
1968079,"6.575354","3.3952978","2026-07-07 16:02:20","9","10","8","64","96","Good"
1968079,"6.575354","3.3952978","2026-07-07 16:02:21","9","10","8","64","96","Good"
1968079,"6.5753508","3.3952944","2026-07-07 16:02:22","9","10","8","64","96","Good"
1968079,"6.575352","3.3952944","2026-07-07 16:02:23","9","10","8","64","96","Good"
1968079,"6.5753527","3.3952947","2026-07-07 16:02:24","10","11","10","64","96","Good"
1968079,"6.5753527","3.395295","2026-07-07 16:02:25","12","12","11","64","96","Good"
1968079,"6.575351","3.3952951","2026-07-07 16:02:26","12","12","11","64","96","Good"
1968079,"6.575352","3.3952951","2026-07-07 16:02:27","12","12","11","64","96","Good"
1968079,"6.5753527","3.3952954","2026-07-07 16:02:28","12","12","11","64","96","Good"
1968079,"6.5753527","3.3952951","2026-07-07 16:02:29","12","12","11","64","96","Good"
1968079,"6.5753527","3.3952951","2026-07-07 16:02:30","12","12","11","64","96","Good"
1968079,"6.5753536","3.3952951","2026-07-07 16:02:31","13","13","12","64","96","Moderate"
1968079,"6.5753536","3.3952954","2026-07-07 16:02:32","13","13","12","64","96","Moderate"
1968079,"6.5753546","3.3952951","2026-07-07 16:02:33","13","13","12","64","96","Moderate"
1968079,"6.575354","3.3952963","2026-07-07 16:02:34","12","12","11","64","96","Good"
1968079,"6.5753546","3.3952963","2026-07-07 16:02:35","12","12","11","64","96","Good"
1968079,"6.5753546","3.3952963","2026-07-07 16:02:36","12","12","11","64","96","Good"
1968079,"6.5753546","3.3952963","2026-07-07 16:02:37","12","12","11","64","96","Good"
1968079,"6.575352","3.3952956","2026-07-07 16:02:38","13","13","12","64","96","Moderate"
1968079,"6.5753527","3.3952959","2026-07-07 16:02:39","13","13","12","64","96","Moderate"
1968079,"6.575353","3.3952959","2026-07-07 16:02:40","13","13","12","64","96","Moderate"
1968079,"6.575353","3.3952959","2026-07-07 16:02:41","12","12","11","64","96","Good"
1968079,"6.575353","3.3952959","2026-07-07 16:02:42","12","12","11","64","96","Good"
1968079,"6.575353","3.3952959","2026-07-07 16:02:43","10","11","10","64","96","Good"
1968079,"6.575353","3.3952959","2026-07-07 16:02:44","10","11","10","64","96","Good"
1968079,"6.5753517","3.3953","2026-07-07 16:02:45","9","10","8","63","96","Good"
1968079,"6.5753493","3.3952982","2026-07-07 16:02:46","7","8","7","63","96","Good"
1968079,"6.5753503","3.395298","2026-07-07 16:02:47","7","7","6","63","96","Good"
1968079,"6.575352","3.3952954","2026-07-07 16:02:48","7","7","6","63","96","Good"
1968079,"6.5753484","3.395298","2026-07-07 16:02:49","7","7","6","63","96","Good"
1968079,"6.5753427","3.3952982","2026-07-07 16:02:50","7","7","6","63","96","Good"
1968079,"6.575339","3.3952985","2026-07-07 16:02:51","7","7","6","63","96","Good"
1968079,"6.5753345","3.3953009","2026-07-07 16:02:52","7","7","6","63","96","Good"
1968079,"6.575331","3.3953037","2026-07-07 16:02:53","7","7","6","63","96","Good"
1968079,"6.5753274","3.395303","2026-07-07 16:02:54","7","7","6","63","96","Good"
1968079,"6.575324","3.3953044","2026-07-07 16:02:55","7","7","6","63","96","Good"
1968079,"6.5753183","3.3953042","2026-07-07 16:02:56","7","7","6","63","96","Good"
1968079,"6.575313","3.3953037","2026-07-07 16:02:57","7","7","6","63","96","Good"
1968079,"6.5753055","3.3953044","2026-07-07 16:02:58","7","7","6","63","96","Good"
1968079,"6.5752997","3.3953063","2026-07-07 16:02:59","7","7","6","63","96","Good"
1968079,"6.5752916","3.395307","2026-07-07 16:03:00","7","7","6","63","96","Good"
1968079,"6.5752864","3.3953106","2026-07-07 16:03:01","8","8","7","63","96","Good"
1968079,"6.575282","3.3953114","2026-07-07 16:03:02","7","7","6","63","96","Good"
1968079,"6.5752735","3.3953145","2026-07-07 16:03:03","7","7","6","63","96","Good"
1968079,"6.575265","3.3953192","2026-07-07 16:03:04","7","7","6","63","96","Good"
1968079,"6.5752573","3.3953257","2026-07-07 16:03:05","7","7","6","63","96","Good"
1968079,"6.5752497","3.3953283","2026-07-07 16:03:06","6","6","5","63","96","Good"
1968079,"6.5752454","3.3953278","2026-07-07 16:03:07","6","6","5","63","96","Good"
1968079,"6.575243","3.395326","2026-07-07 16:03:08","6","6","5","63","96","Good"
1968079,"6.5752363","3.3953264","2026-07-07 16:03:09","6","6","5","63","96","Good"
1968079,"6.575229","3.3953304","2026-07-07 16:03:10","6","6","5","63","96","Good"
1968079,"6.575227","3.395335","2026-07-07 16:03:11","6","6","5","63","96","Good"
1968079,"6.5752244","3.3953347","2026-07-07 16:03:12","6","6","5","63","96","Good"
1968079,"6.575221","3.3953366","2026-07-07 16:03:13","7","7","6","63","96","Good"
1968079,"6.575213","3.3953445","2026-07-07 16:03:14","7","7","6","63","96","Good"
1968079,"6.575215","3.39534","2026-07-07 16:03:15","7","7","6","63","96","Good"
1968079,"6.5752144","3.3953402","2026-07-07 16:03:16","7","7","6","63","96","Good"
1968079,"6.575217","3.3953354","2026-07-07 16:03:17","7","7","6","63","96","Good"
1968079,"6.575216","3.3953397","2026-07-07 16:03:18","7","7","6","63","96","Good"
1968079,"6.575212","3.3953369","2026-07-07 16:03:19","7","7","6","63","95","Good"
1968079,"6.5752134","3.395335","2026-07-07 16:03:20","8","8","7","63","96","Good"
1968079,"6.575215","3.3953345","2026-07-07 16:03:21","8","8","7","63","96","Good"
1968079,"6.5752163","3.3953347","2026-07-07 16:03:22","8","8","7","63","95","Good"
1968079,"6.5752163","3.3953347","2026-07-07 16:03:23","8","8","7","63","96","Good"
1968079,"6.575216","3.3953304","2026-07-07 16:03:24","8","8","7","63","96","Good"
1968079,"6.575216","3.3953304","2026-07-07 16:03:25","8","8","7","63","96","Good"
1968079,"6.575216","3.3953283","2026-07-07 16:03:26","8","8","7","63","96","Good"
